product_a,product_b,orders_together,count_a,count_b,support_pct,confidence_a_to_b,confidence_b_to_a,lift,desc_a,desc_b
22386,85099B,1428,2241,3979,3.9337,0.6372,0.3589,5.8136,JUMBO BAG PINK POLKADOT,JUMBO BAG RED RETROSPOT
21931,85099B,1328,2326,3979,3.6582,0.5709,0.3338,5.2089,JUMBO STORAGE BAG SUKI,JUMBO BAG RED RETROSPOT
21733,85123A,1242,1755,5410,3.4213,0.7077,0.2296,4.7487,RED HANGING HEART T-LIGHT HOLDER,WHITE HANGING HEART T-LIGHT HOLDER
20725,20727,1202,3055,2345,3.3111,0.3935,0.5126,6.0909,LUNCH BAG RED RETROSPOT,LUNCH BAG BLACK SKULL.
21212,84991,1197,3116,2126,3.2973,0.3841,0.563,6.5594,PACK OF 72 RETROSPOT CAKE CASES,60 TEATIME FAIRY CAKE CASES
85099B,85099F,1189,3979,1854,3.2753,0.2988,0.6413,5.851,JUMBO BAG RED RETROSPOT,JUMBO BAG STRAWBERRY
20725,22383,1177,3055,2397,3.2422,0.3853,0.491,5.8348,LUNCH BAG RED RETROSPOT,LUNCH BAG SUKI DESIGN
22411,85099B,1163,2190,3979,3.2037,0.5311,0.2923,4.845,JUMBO SHOPPER VINTAGE RED PAISLEY,JUMBO BAG RED RETROSPOT
20725,22384,1156,3055,2101,3.1844,0.3784,0.5502,6.5381,LUNCH BAG RED RETROSPOT,LUNCH BAG PINK POLKADOT
82482,82494L,1114,1999,2055,3.0687,0.5573,0.5421,9.8444,WOODEN PICTURE FRAME WHITE FINISH,WOODEN FRAME ANTIQUE WHITE
85099B,85099C,1113,3979,1867,3.0659,0.2797,0.5961,5.4389,JUMBO BAG RED RETROSPOT,JUMBO BAG BAROQUE BLACK WHITE
21212,21977,1111,3116,1992,3.0604,0.3565,0.5577,6.4977,PACK OF 72 RETROSPOT CAKE CASES,PACK OF 60 PINK PAISLEY CAKE CASES
21231,21232,1109,1480,2426,3.0549,0.7493,0.4571,11.2127,SWEETHEART CERAMIC TRINKET BOX,STRAWBERRY CERAMIC TRINKET BOX
20725,85099B,1105,3055,3979,3.0439,0.3617,0.2777,3.3,LUNCH BAG RED RETROSPOT,JUMBO BAG RED RETROSPOT
20724,22356,1077,2035,1584,2.9668,0.5292,0.6799,12.129,RED RETROSPOT CHARLOTTE BAG,CHARLOTTE BAG PINK POLKADOT
20725,20728,1046,3055,2063,2.8814,0.3424,0.507,6.0249,LUNCH BAG RED RETROSPOT,LUNCH BAG CARS BLUE
22697,22699,1034,1352,1420,2.8483,0.7648,0.7282,19.5518,GREEN REGENCY TEACUP AND SAUCER,ROSES REGENCY TEACUP AND SAUCER
20725,20726,1030,3055,1922,2.8373,0.3372,0.5359,6.368,LUNCH BAG RED RETROSPOT,LUNCH BAG WOODLAND
22382,22383,1025,2153,2397,2.8235,0.4761,0.4276,7.2101,LUNCH BAG SPACEBOY DESIGN,LUNCH BAG SUKI DESIGN
20727,22383,1012,2345,2397,2.7877,0.4316,0.4222,6.5358,LUNCH BAG BLACK SKULL.,LUNCH BAG SUKI DESIGN
20725,22382,1005,3055,2153,2.7684,0.329,0.4668,5.5468,LUNCH BAG RED RETROSPOT,LUNCH BAG SPACEBOY DESIGN
22469,22470,1001,2141,1947,2.7574,0.4675,0.5141,8.7173,HEART OF WICKER SMALL,HEART OF WICKER LARGE
20724,22355,960,2035,1735,2.6445,0.4717,0.5533,9.8705,RED RETROSPOT CHARLOTTE BAG,CHARLOTTE BAG SUKI DESIGN
20727,22384,954,2345,2101,2.628,0.4068,0.4541,7.0293,LUNCH BAG BLACK SKULL.,LUNCH BAG PINK POLKADOT
20728,22383,942,2063,2397,2.5949,0.4566,0.393,6.9154,LUNCH BAG CARS BLUE,LUNCH BAG SUKI DESIGN
85099B,85123A,929,3979,5410,2.5591,0.2335,0.1717,1.5667,JUMBO BAG RED RETROSPOT,WHITE HANGING HEART T-LIGHT HOLDER
21977,84991,926,1992,2126,2.5508,0.4649,0.4356,7.9376,PACK OF 60 PINK PAISLEY CAKE CASES,60 TEATIME FAIRY CAKE CASES
20719,20724,926,1572,2035,2.5508,0.5891,0.455,10.5081,WOODLAND CHARLOTTE BAG,RED RETROSPOT CHARLOTTE BAG
21928,85099B,922,1538,3979,2.5398,0.5995,0.2317,5.4693,JUMBO BAG SCANDINAVIAN PAISLEY,JUMBO BAG RED RETROSPOT
22383,22384,916,2397,2101,2.5233,0.3821,0.436,6.6029,LUNCH BAG SUKI DESIGN,LUNCH BAG PINK POLKADOT
21929,85099B,916,1612,3979,2.5233,0.5682,0.2302,5.1843,JUMBO BAG PINK VINTAGE PAISLEY,JUMBO BAG RED RETROSPOT
20727,22382,901,2345,2153,2.482,0.3842,0.4185,6.4784,LUNCH BAG BLACK SKULL.,LUNCH BAG SPACEBOY DESIGN
20728,22384,900,2063,2101,2.4792,0.4363,0.4284,7.5379,LUNCH BAG CARS BLUE,LUNCH BAG PINK POLKADOT
21931,22386,900,2326,2241,2.4792,0.3869,0.4016,6.2679,JUMBO STORAGE BAG SUKI,JUMBO BAG PINK POLKADOT
21931,22411,897,2326,2190,2.4709,0.3856,0.4096,6.3925,JUMBO STORAGE BAG SUKI,JUMBO SHOPPER VINTAGE RED PAISLEY
20723,20724,896,1379,2035,2.4682,0.6497,0.4403,11.5907,STRAWBERRY CHARLOTTE BAG,RED RETROSPOT CHARLOTTE BAG
20727,20728,884,2345,2063,2.4351,0.377,0.4285,6.6335,LUNCH BAG BLACK SKULL.,LUNCH BAG CARS BLUE
21754,21755,866,2061,1692,2.3855,0.4202,0.5118,9.0151,HOME BUILDING BLOCK WORD,LOVE BUILDING BLOCK WORD
22697,22698,864,1352,1028,2.38,0.6391,0.8405,22.567,GREEN REGENCY TEACUP AND SAUCER,PINK REGENCY TEACUP AND SAUCER
21212,21213,862,3116,1477,2.3745,0.2766,0.5836,6.7992,PACK OF 72 RETROSPOT CAKE CASES,PACK OF 72 SKULL CAKE CASES
20712,85099B,853,1410,3979,2.3497,0.605,0.2144,5.5193,JUMBO BAG WOODLAND ANIMALS,JUMBO BAG RED RETROSPOT
22386,22411,843,2241,2190,2.3222,0.3762,0.3849,6.2355,JUMBO BAG PINK POLKADOT,JUMBO SHOPPER VINTAGE RED PAISLEY
22382,22384,842,2153,2101,2.3194,0.3911,0.4008,6.7573,LUNCH BAG SPACEBOY DESIGN,LUNCH BAG PINK POLKADOT
82494L,85123A,841,2055,5410,2.3167,0.4092,0.1555,2.7461,WOODEN FRAME ANTIQUE WHITE,WHITE HANGING HEART T-LIGHT HOLDER
22086,22910,839,2000,1418,2.3112,0.4195,0.5917,10.7396,PAPER CHAIN KIT 50'S CHRISTMAS,PAPER CHAIN KIT VINTAGE CHRISTMAS
20719,22355,838,1572,1735,2.3084,0.5331,0.483,11.1538,WOODLAND CHARLOTTE BAG,CHARLOTTE BAG SUKI DESIGN
22726,22727,836,1266,1362,2.3029,0.6603,0.6138,17.6005,ALARM CLOCK BAKELIKE GREEN,ALARM CLOCK BAKELIKE RED
22355,22356,833,1735,1584,2.2946,0.4801,0.5259,11.0032,CHARLOTTE BAG SUKI DESIGN,CHARLOTTE BAG PINK POLKADOT
82482,85123A,833,1999,5410,2.2946,0.4167,0.154,2.7962,WOODEN PICTURE FRAME WHITE FINISH,WHITE HANGING HEART T-LIGHT HOLDER
20726,22382,832,1922,2153,2.2919,0.4329,0.3864,7.2989,LUNCH BAG WOODLAND,LUNCH BAG SPACEBOY DESIGN
22629,22630,829,1367,1333,2.2836,0.6064,0.6219,16.5153,SPACEBOY LUNCH BOX,DOLLY GIRL LUNCH BOX
20726,20727,825,1922,2345,2.2726,0.4292,0.3518,6.6449,LUNCH BAG WOODLAND,LUNCH BAG BLACK SKULL.
20726,20728,822,1922,2063,2.2643,0.4277,0.3984,7.5257,LUNCH BAG WOODLAND,LUNCH BAG CARS BLUE
20726,22383,821,1922,2397,2.2616,0.4272,0.3425,6.4692,LUNCH BAG WOODLAND,LUNCH BAG SUKI DESIGN
20728,22382,820,2063,2153,2.2588,0.3975,0.3809,6.7019,LUNCH BAG CARS BLUE,LUNCH BAG SPACEBOY DESIGN
20724,85099B,818,2035,3979,2.2533,0.402,0.2056,3.6673,RED RETROSPOT CHARLOTTE BAG,JUMBO BAG RED RETROSPOT
22698,22699,812,1028,1420,2.2368,0.7899,0.5718,20.1932,PINK REGENCY TEACUP AND SAUCER,ROSES REGENCY TEACUP AND SAUCER
21212,84992,802,3116,1459,2.2092,0.2574,0.5497,6.404,PACK OF 72 RETROSPOT CAKE CASES,72 SWEETHEART FAIRY CAKE CASES
21931,85099C,784,2326,1867,2.1597,0.3371,0.4199,6.5538,JUMBO STORAGE BAG SUKI,JUMBO BAG BAROQUE BLACK WHITE
22469,85123A,783,2141,5410,2.1569,0.3657,0.1447,2.454,HEART OF WICKER SMALL,WHITE HANGING HEART T-LIGHT HOLDER
20713,85099B,783,1304,3979,2.1569,0.6005,0.1968,5.4782,JUMBO BAG OWLS,JUMBO BAG RED RETROSPOT
21232,85123A,782,2426,5410,2.1542,0.3223,0.1445,2.163,STRAWBERRY CERAMIC TRINKET BOX,WHITE HANGING HEART T-LIGHT HOLDER
22112,22114,776,1713,1578,2.1376,0.453,0.4918,10.4214,CHOCOLATE HOT WATER BOTTLE,HOT WATER BOTTLE TEA AND SYMPATHY
20725,21212,770,3055,3116,2.1211,0.252,0.2471,2.9364,LUNCH BAG RED RETROSPOT,PACK OF 72 RETROSPOT CAKE CASES
21212,85099B,768,3116,3979,2.1156,0.2465,0.193,2.2486,PACK OF 72 RETROSPOT CAKE CASES,JUMBO BAG RED RETROSPOT
20724,20725,767,2035,3055,2.1128,0.3769,0.2511,4.4787,RED RETROSPOT CHARLOTTE BAG,LUNCH BAG RED RETROSPOT
22379,85099B,767,1567,3979,2.1128,0.4895,0.1928,4.4656,RECYCLING BAG RETROSPOT,JUMBO BAG RED RETROSPOT
21790,21791,766,1885,1312,2.1101,0.4064,0.5838,11.2438,VINTAGE SNAP CARDS,VINTAGE HEADS AND TAILS CARD GAME
22423,85123A,766,3860,5410,2.1101,0.1984,0.1416,1.3316,REGENCY CAKESTAND 3 TIER,WHITE HANGING HEART T-LIGHT HOLDER
22470,85123A,765,1947,5410,2.1073,0.3929,0.1414,2.6365,HEART OF WICKER LARGE,WHITE HANGING HEART T-LIGHT HOLDER
20719,22356,764,1572,1584,2.1046,0.486,0.4823,11.1382,WOODLAND CHARLOTTE BAG,CHARLOTTE BAG PINK POLKADOT
22386,85099F,760,2241,1854,2.0935,0.3391,0.4099,6.6404,JUMBO BAG PINK POLKADOT,JUMBO BAG STRAWBERRY
20725,85123A,759,3055,5410,2.0908,0.2484,0.1403,1.6671,LUNCH BAG RED RETROSPOT,WHITE HANGING HEART T-LIGHT HOLDER
21928,21929,757,1538,1612,2.0853,0.4922,0.4696,11.0842,JUMBO BAG SCANDINAVIAN PAISLEY,JUMBO BAG PINK VINTAGE PAISLEY
21080,21212,757,2119,3116,2.0853,0.3572,0.2429,4.162,SET/20 RED RETROSPOT PAPER NAPKINS,PACK OF 72 RETROSPOT CAKE CASES
21212,85123A,755,3116,5410,2.0798,0.2423,0.1396,1.6259,PACK OF 72 RETROSPOT CAKE CASES,WHITE HANGING HEART T-LIGHT HOLDER
21931,85099F,754,2326,1854,2.077,0.3242,0.4067,6.3472,JUMBO STORAGE BAG SUKI,JUMBO BAG STRAWBERRY
20726,22384,753,1922,2101,2.0743,0.3918,0.3584,6.7693,LUNCH BAG WOODLAND,LUNCH BAG PINK POLKADOT
21212,21975,752,3116,1302,2.0715,0.2413,0.5776,6.7288,PACK OF 72 RETROSPOT CAKE CASES,PACK OF 60 DINOSAUR CAKE CASES
22383,85099B,749,2397,3979,2.0632,0.3125,0.1882,2.8508,LUNCH BAG SUKI DESIGN,JUMBO BAG RED RETROSPOT
84879,85123A,748,2796,5410,2.0605,0.2675,0.1383,1.7951,ASSORTED COLOUR BIRD ORNAMENT,WHITE HANGING HEART T-LIGHT HOLDER
21754,85123A,744,2061,5410,2.0495,0.361,0.1375,2.4223,HOME BUILDING BLOCK WORD,WHITE HANGING HEART T-LIGHT HOLDER
22423,22699,744,3860,1420,2.0495,0.1927,0.5239,4.9275,REGENCY CAKESTAND 3 TIER,ROSES REGENCY TEACUP AND SAUCER
20723,22355,741,1379,1735,2.0412,0.5373,0.4271,11.2431,STRAWBERRY CHARLOTTE BAG,CHARLOTTE BAG SUKI DESIGN
22385,85099B,738,1246,3979,2.0329,0.5923,0.1855,5.4037,JUMBO BAG SPACEBOY DESIGN,JUMBO BAG RED RETROSPOT
20723,22356,734,1379,1584,2.0219,0.5323,0.4634,12.1985,STRAWBERRY CHARLOTTE BAG,CHARLOTTE BAG PINK POLKADOT
84991,84992,732,2126,1459,2.0164,0.3443,0.5017,8.5669,60 TEATIME FAIRY CAKE CASES,72 SWEETHEART FAIRY CAKE CASES
21930,85099B,727,1317,3979,2.0026,0.552,0.1827,5.0362,JUMBO STORAGE BAG SKULLS,JUMBO BAG RED RETROSPOT
21931,22383,724,2326,2397,1.9944,0.3113,0.302,4.714,JUMBO STORAGE BAG SUKI,LUNCH BAG SUKI DESIGN
22423,22697,721,3860,1352,1.9861,0.1868,0.5333,5.0154,REGENCY CAKESTAND 3 TIER,GREEN REGENCY TEACUP AND SAUCER
22386,85099C,716,2241,1867,1.9723,0.3195,0.3835,6.2124,JUMBO BAG PINK POLKADOT,JUMBO BAG BAROQUE BLACK WHITE
22411,85099C,715,2190,1867,1.9696,0.3265,0.383,6.3482,JUMBO SHOPPER VINTAGE RED PAISLEY,JUMBO BAG BAROQUE BLACK WHITE
84997C,84997D,714,1021,1165,1.9668,0.6993,0.6129,21.791,BLUE 3 PIECE MINI DOTS CUTLERY SET,PINK 3 PIECE MINI DOTS CUTLERY SET
22457,85123A,707,2031,5410,1.9476,0.3481,0.1307,2.3358,NATURAL SLATE HEART CHALKBOARD,WHITE HANGING HEART T-LIGHT HOLDER
21928,22411,694,1538,2190,1.9117,0.4512,0.3169,7.4798,JUMBO BAG SCANDINAVIAN PAISLEY,JUMBO SHOPPER VINTAGE RED PAISLEY
20719,20723,693,1572,1379,1.909,0.4408,0.5025,11.605,WOODLAND CHARLOTTE BAG,STRAWBERRY CHARLOTTE BAG
21212,22423,689,3116,3860,1.898,0.2211,0.1785,2.0795,PACK OF 72 RETROSPOT CAKE CASES,REGENCY CAKESTAND 3 TIER
20725,21931,689,3055,2326,1.898,0.2255,0.2962,3.5199,LUNCH BAG RED RETROSPOT,JUMBO STORAGE BAG SUKI
21930,21931,688,1317,2326,1.8952,0.5224,0.2958,8.1531,JUMBO STORAGE BAG SKULLS,JUMBO STORAGE BAG SUKI
47566,85123A,685,2648,5410,1.8869,0.2587,0.1266,1.7358,PARTY BUNTING,WHITE HANGING HEART T-LIGHT HOLDER
21080,21094,685,2119,984,1.8869,0.3233,0.6961,11.926,SET/20 RED RETROSPOT PAPER NAPKINS,SET/6 RED SPOTTY PAPER PLATES
21929,22411,685,1612,2190,1.8869,0.4249,0.3128,7.0439,JUMBO BAG PINK VINTAGE PAISLEY,JUMBO SHOPPER VINTAGE RED PAISLEY
20724,21212,685,2035,3116,1.8869,0.3366,0.2198,3.9216,RED RETROSPOT CHARLOTTE BAG,PACK OF 72 RETROSPOT CAKE CASES
22384,85099B,683,2101,3979,1.8814,0.3251,0.1717,2.9659,LUNCH BAG PINK POLKADOT,JUMBO BAG RED RETROSPOT
84970L,84970S,681,1142,1520,1.8759,0.5963,0.448,14.2419,SINGLE HEART ZINC T-LIGHT HOLDER,HANGING HEART ZINC T-LIGHT HOLDER
20727,85099B,679,2345,3979,1.8704,0.2896,0.1706,2.6417,LUNCH BAG BLACK SKULL.,JUMBO BAG RED RETROSPOT
20712,21931,676,1410,2326,1.8622,0.4794,0.2906,7.4825,JUMBO BAG WOODLAND ANIMALS,JUMBO STORAGE BAG SUKI
21755,85123A,674,1692,5410,1.8566,0.3983,0.1246,2.673,LOVE BUILDING BLOCK WORD,WHITE HANGING HEART T-LIGHT HOLDER
21975,84991,673,1302,2126,1.8539,0.5169,0.3166,8.8262,PACK OF 60 DINOSAUR CAKE CASES,60 TEATIME FAIRY CAKE CASES
82580,82581,662,1336,912,1.8236,0.4955,0.7259,19.7236,BATHROOM METAL SIGN,TOILET METAL SIGN
21166,21175,658,1420,1656,1.8126,0.4634,0.3973,10.158,COOK WITH WINE METAL SIGN,GIN + TONIC DIET METAL SIGN
21929,21931,655,1612,2326,1.8043,0.4063,0.2816,6.3416,JUMBO BAG PINK VINTAGE PAISLEY,JUMBO STORAGE BAG SUKI
20971,20972,653,1143,1394,1.7988,0.5713,0.4684,14.8777,PINK BLUE FELT CRAFT TRINKET BOX,PINK CREAM FELT CRAFT TRINKET BOX
21086,21094,651,841,984,1.7933,0.7741,0.6616,28.5575,SET/6 RED SPOTTY PAPER CUPS,SET/6 RED SPOTTY PAPER PLATES
21175,21181,651,1656,1796,1.7933,0.3931,0.3625,7.9459,GIN + TONIC DIET METAL SIGN,PLEASE ONE PERSON METAL SIGN
20713,21931,649,1304,2326,1.7878,0.4977,0.279,7.7676,JUMBO BAG OWLS,JUMBO STORAGE BAG SUKI
22865,22866,649,1211,1081,1.7878,0.5359,0.6004,17.9972,HAND WARMER OWL DESIGN,HAND WARMER SCOTTY DOG DESIGN
21928,22386,644,1538,2241,1.774,0.4187,0.2874,6.7829,JUMBO BAG SCANDINAVIAN PAISLEY,JUMBO BAG PINK POLKADOT
85099C,85099F,642,1867,1854,1.7685,0.3439,0.3463,6.733,JUMBO BAG BAROQUE BLACK WHITE,JUMBO BAG STRAWBERRY
21928,21931,640,1538,2326,1.763,0.4161,0.2752,6.4945,JUMBO BAG SCANDINAVIAN PAISLEY,JUMBO STORAGE BAG SUKI
84997B,84997C,639,1102,1021,1.7602,0.5799,0.6259,20.6169,RED 3 PIECE MINI DOTS CUTLERY SET,BLUE 3 PIECE MINI DOTS CUTLERY SET
21977,84992,637,1992,1459,1.7547,0.3198,0.4366,7.9566,PACK OF 60 PINK PAISLEY CAKE CASES,72 SWEETHEART FAIRY CAKE CASES
21212,21232,636,3116,2426,1.752,0.2041,0.2622,3.0542,PACK OF 72 RETROSPOT CAKE CASES,STRAWBERRY CERAMIC TRINKET BOX
22423,47566,631,3860,2648,1.7382,0.1635,0.2383,2.2411,REGENCY CAKESTAND 3 TIER,PARTY BUNTING
20711,85099B,630,1052,3979,1.7354,0.5989,0.1583,5.4636,JUMBO BAG TOYS,JUMBO BAG RED RETROSPOT
20725,22355,629,3055,1735,1.7327,0.2059,0.3625,4.3079,LUNCH BAG RED RETROSPOT,CHARLOTTE BAG SUKI DESIGN
21929,22386,629,1612,2241,1.7327,0.3902,0.2807,6.3208,JUMBO BAG PINK VINTAGE PAISLEY,JUMBO BAG PINK POLKADOT
22379,22381,628,1567,1099,1.7299,0.4008,0.5714,13.238,RECYCLING BAG RETROSPOT,TOY TIDY PINK POLKADOT
21931,22385,623,2326,1246,1.7162,0.2678,0.5,7.8035,JUMBO STORAGE BAG SUKI,JUMBO BAG SPACEBOY DESIGN
22865,22867,623,1211,1052,1.7162,0.5145,0.5922,17.7525,HAND WARMER OWL DESIGN,HAND WARMER BIRD DESIGN
20725,22356,623,3055,1584,1.7162,0.2039,0.3933,4.6736,LUNCH BAG RED RETROSPOT,CHARLOTTE BAG PINK POLKADOT
22385,22386,623,1246,2241,1.7162,0.5,0.278,8.0995,JUMBO BAG SPACEBOY DESIGN,JUMBO BAG PINK POLKADOT
22551,22554,621,1299,1275,1.7106,0.4781,0.4871,13.6114,PLASTERS IN TIN SPACEBOY,PLASTERS IN TIN WOODLAND ANIMALS
22111,22112,620,1683,1713,1.7079,0.3684,0.3619,7.8069,SCOTTIE DOG HOT WATER BOTTLE,CHOCOLATE HOT WATER BOTTLE
21212,22417,619,3116,1102,1.7051,0.1987,0.5617,6.544,PACK OF 72 RETROSPOT CAKE CASES,PACK OF 60 SPACEBOY CAKE CASES
21213,84991,617,1477,2126,1.6996,0.4177,0.2902,7.133,PACK OF 72 SKULL CAKE CASES,60 TEATIME FAIRY CAKE CASES
82483,82486,617,1120,1268,1.6996,0.5509,0.4866,15.7717,WOOD 2 DRAWER CABINET WHITE FINISH,WOOD S/3 CABINET ANT WHITE FINISH
22384,22386,616,2101,2241,1.6969,0.2932,0.2749,4.7495,LUNCH BAG PINK POLKADOT,JUMBO BAG PINK POLKADOT
22197,85099B,613,2278,3979,1.6886,0.2691,0.1541,2.4551,SMALL POPCORN HOLDER,JUMBO BAG RED RETROSPOT
22355,85099B,613,1735,3979,1.6886,0.3533,0.1541,3.2234,CHARLOTTE BAG SUKI DESIGN,JUMBO BAG RED RETROSPOT
20725,22386,612,3055,2241,1.6859,0.2003,0.2731,3.2451,LUNCH BAG RED RETROSPOT,JUMBO BAG PINK POLKADOT
21210,21212,612,1159,3116,1.6859,0.528,0.1964,6.1518,SET OF 72 RETROSPOT PAPER DOILIES,PACK OF 72 RETROSPOT CAKE CASES
22112,22835,612,1713,1010,1.6859,0.3573,0.6059,12.8411,CHOCOLATE HOT WATER BOTTLE,HOT WATER BOTTLE I AM SO POORLY
20728,85099B,609,2063,3979,1.6776,0.2952,0.1531,2.6932,LUNCH BAG CARS BLUE,JUMBO BAG RED RETROSPOT
21931,85123A,608,2326,5410,1.6748,0.2614,0.1124,1.754,JUMBO STORAGE BAG SUKI,WHITE HANGING HEART T-LIGHT HOLDER
84991,85123A,607,2126,5410,1.6721,0.2855,0.1122,1.9158,60 TEATIME FAIRY CAKE CASES,WHITE HANGING HEART T-LIGHT HOLDER
21931,22355,604,2326,1735,1.6638,0.2597,0.3481,5.4332,JUMBO STORAGE BAG SUKI,CHARLOTTE BAG SUKI DESIGN
84997B,84997D,604,1102,1165,1.6638,0.5481,0.5185,17.0789,RED 3 PIECE MINI DOTS CUTLERY SET,PINK 3 PIECE MINI DOTS CUTLERY SET
22355,22383,603,1735,2397,1.6611,0.3476,0.2516,5.2636,CHARLOTTE BAG SUKI DESIGN,LUNCH BAG SUKI DESIGN
21929,85099F,602,1612,1854,1.6583,0.3734,0.3247,7.3123,JUMBO BAG PINK VINTAGE PAISLEY,JUMBO BAG STRAWBERRY
22356,85099B,599,1584,3979,1.65,0.3782,0.1505,3.4501,CHARLOTTE BAG PINK POLKADOT,JUMBO BAG RED RETROSPOT
22727,22728,594,1362,968,1.6363,0.4361,0.6136,16.3555,ALARM CLOCK BAKELIKE RED,ALARM CLOCK BAKELIKE PINK
20712,22386,594,1410,2241,1.6363,0.4213,0.2651,6.8243,JUMBO BAG WOODLAND ANIMALS,JUMBO BAG PINK POLKADOT
20724,20727,593,2035,2345,1.6335,0.2914,0.2529,4.5111,RED RETROSPOT CHARLOTTE BAG,LUNCH BAG BLACK SKULL.
84836,85123A,591,1406,5410,1.628,0.4203,0.1092,2.8206,ZINC METAL HEART DECORATION,WHITE HANGING HEART T-LIGHT HOLDER
84970S,85123A,591,1520,5410,1.628,0.3888,0.1092,2.609,HANGING HEART ZINC T-LIGHT HOLDER,WHITE HANGING HEART T-LIGHT HOLDER
21485,22111,588,1383,1683,1.6197,0.4252,0.3494,9.1707,RETROSPOT HEART HOT WATER BOTTLE,SCOTTIE DOG HOT WATER BOTTLE
21975,21977,587,1302,1992,1.617,0.4508,0.2947,8.2161,PACK OF 60 DINOSAUR CAKE CASES,PACK OF 60 PINK PAISLEY CAKE CASES
21930,22386,587,1317,2241,1.617,0.4457,0.2619,7.2201,JUMBO STORAGE BAG SKULLS,JUMBO BAG PINK POLKADOT
22178,85123A,586,1802,5410,1.6142,0.3252,0.1083,2.1821,VICTORIAN GLASS HANGING T-LIGHT,WHITE HANGING HEART T-LIGHT HOLDER
22423,85099B,584,3860,3979,1.6087,0.1513,0.1468,1.3803,REGENCY CAKESTAND 3 TIER,JUMBO BAG RED RETROSPOT
21166,21181,584,1420,1796,1.6087,0.4113,0.3252,8.3128,COOK WITH WINE METAL SIGN,PLEASE ONE PERSON METAL SIGN
21175,85152,582,1656,1455,1.6032,0.3514,0.4,8.7686,GIN + TONIC DIET METAL SIGN,HAND OVER THE CHOCOLATE SIGN
22189,85123A,582,1296,5410,1.6032,0.4491,0.1076,3.0134,CREAM HEART CARD HOLDER,WHITE HANGING HEART T-LIGHT HOLDER
21212,21976,579,3116,950,1.595,0.1858,0.6095,7.1005,PACK OF 72 RETROSPOT CAKE CASES,PACK OF 60 MUSHROOM CAKE CASES
21080,85099B,579,2119,3979,1.595,0.2732,0.1455,2.4929,SET/20 RED RETROSPOT PAPER NAPKINS,JUMBO BAG RED RETROSPOT
20727,85123A,578,2345,5410,1.5922,0.2465,0.1068,1.6539,LUNCH BAG BLACK SKULL.,WHITE HANGING HEART T-LIGHT HOLDER
21181,85123A,578,1796,5410,1.5922,0.3218,0.1068,2.1595,PLEASE ONE PERSON METAL SIGN,WHITE HANGING HEART T-LIGHT HOLDER
23203,85099B,577,1230,3979,1.5894,0.4691,0.145,4.2798,JUMBO BAG VINTAGE DOILY,JUMBO BAG RED RETROSPOT
22411,85099F,576,2190,1854,1.5867,0.263,0.3107,5.1499,JUMBO SHOPPER VINTAGE RED PAISLEY,JUMBO BAG STRAWBERRY
20726,85099B,573,1922,3979,1.5784,0.2981,0.144,2.7199,LUNCH BAG WOODLAND,JUMBO BAG RED RETROSPOT
20718,85099B,573,1212,3979,1.5784,0.4728,0.144,4.3133,RED RETROSPOT SHOPPER BAG,JUMBO BAG RED RETROSPOT
21928,85099C,572,1538,1867,1.5757,0.3719,0.3064,7.2315,JUMBO BAG SCANDINAVIAN PAISLEY,JUMBO BAG BAROQUE BLACK WHITE
22383,85123A,570,2397,5410,1.5702,0.2378,0.1054,1.5957,LUNCH BAG SUKI DESIGN,WHITE HANGING HEART T-LIGHT HOLDER
21232,85099B,570,2426,3979,1.5702,0.235,0.1433,2.1436,STRAWBERRY CERAMIC TRINKET BOX,JUMBO BAG RED RETROSPOT
22138,22617,569,1896,941,1.5674,0.3001,0.6047,11.5775,BAKING SET 9 PIECE RETROSPOT,BAKING SET SPACEBOY DESIGN
20724,22383,568,2035,2397,1.5647,0.2791,0.237,4.2271,RED RETROSPOT CHARLOTTE BAG,LUNCH BAG SUKI DESIGN
22326,22328,566,1390,1152,1.5591,0.4072,0.4913,12.8316,ROUND SNACK BOXES SET OF4 WOODLAND,ROUND SNACK BOXES SET OF 4 FRUITS
22551,22556,565,1299,1196,1.5564,0.4349,0.4724,13.202,PLASTERS IN TIN SPACEBOY,PLASTERS IN TIN CIRCUS PARADE
21212,22355,560,3116,1735,1.5426,0.1797,0.3228,3.7603,PACK OF 72 RETROSPOT CAKE CASES,CHARLOTTE BAG SUKI DESIGN
21928,85099F,559,1538,1854,1.5399,0.3635,0.3015,7.1167,JUMBO BAG SCANDINAVIAN PAISLEY,JUMBO BAG STRAWBERRY
20914,21212,558,2019,3116,1.5371,0.2764,0.1791,3.2198,SET/5 RED RETROSPOT LID GLASS BOWLS,PACK OF 72 RETROSPOT CAKE CASES
22745,22748,557,703,742,1.5344,0.7923,0.7507,38.7638,POPPY'S PLAYHOUSE BEDROOM,POPPY'S PLAYHOUSE KITCHEN
21080,21086,557,2119,841,1.5344,0.2629,0.6623,11.3464,SET/20 RED RETROSPOT PAPER NAPKINS,SET/6 RED SPOTTY PAPER CUPS
21212,47566,557,3116,2648,1.5344,0.1788,0.2103,2.4506,PACK OF 72 RETROSPOT CAKE CASES,PARTY BUNTING
20723,20725,556,1379,3055,1.5316,0.4032,0.182,4.791,STRAWBERRY CHARLOTTE BAG,LUNCH BAG RED RETROSPOT
21212,22197,556,3116,2278,1.5316,0.1784,0.2441,2.8435,PACK OF 72 RETROSPOT CAKE CASES,SMALL POPCORN HOLDER
47566,85099B,555,2648,3979,1.5288,0.2096,0.1395,1.9122,PARTY BUNTING,JUMBO BAG RED RETROSPOT
22866,22867,555,1081,1052,1.5288,0.5134,0.5276,17.7167,HAND WARMER SCOTTY DOG DESIGN,HAND WARMER BIRD DESIGN
22423,22698,554,3860,1028,1.5261,0.1435,0.5389,5.0683,REGENCY CAKESTAND 3 TIER,PINK REGENCY TEACUP AND SAUCER
22197,85123A,553,2278,5410,1.5233,0.2428,0.1022,1.6289,SMALL POPCORN HOLDER,WHITE HANGING HEART T-LIGHT HOLDER
20724,85123A,552,2035,5410,1.5206,0.2713,0.102,1.8202,RED RETROSPOT CHARLOTTE BAG,WHITE HANGING HEART T-LIGHT HOLDER
22577,22578,552,832,767,1.5206,0.6635,0.7197,31.4015,WOODEN HEART CHRISTMAS SCANDINAVIAN,WOODEN STAR CHRISTMAS SCANDINAVIAN
22382,22662,550,2153,993,1.5151,0.2555,0.5539,9.339,LUNCH BAG SPACEBOY DESIGN,LUNCH BAG DOLLY GIRL DESIGN
21166,85152,549,1420,1455,1.5123,0.3866,0.3773,9.6461,COOK WITH WINE METAL SIGN,HAND OVER THE CHOCOLATE SIGN
21212,22356,548,3116,1584,1.5096,0.1759,0.346,4.0305,PACK OF 72 RETROSPOT CAKE CASES,CHARLOTTE BAG PINK POLKADOT
20724,21931,547,2035,2326,1.5068,0.2688,0.2352,4.1951,RED RETROSPOT CHARLOTTE BAG,JUMBO STORAGE BAG SUKI
22384,85123A,546,2101,5410,1.504,0.2599,0.1009,1.7438,LUNCH BAG PINK POLKADOT,WHITE HANGING HEART T-LIGHT HOLDER
23199,85099B,546,976,3979,1.504,0.5594,0.1372,5.1039,JUMBO BAG APPLES,JUMBO BAG RED RETROSPOT
23300,23301,546,757,912,1.504,0.7213,0.5987,28.71,GARDENERS KNEELING PAD CUP OF TEA,GARDENERS KNEELING PAD KEEP CALM
21175,85123A,545,1656,5410,1.5013,0.3291,0.1007,2.2084,GIN + TONIC DIET METAL SIGN,WHITE HANGING HEART T-LIGHT HOLDER
20719,85099B,544,1572,3979,1.4985,0.3461,0.1367,3.1572,WOODLAND CHARLOTTE BAG,JUMBO BAG RED RETROSPOT
20719,21212,544,1572,3116,1.4985,0.3461,0.1746,4.0316,WOODLAND CHARLOTTE BAG,PACK OF 72 RETROSPOT CAKE CASES
20914,85123A,544,2019,5410,1.4985,0.2694,0.1006,1.808,SET/5 RED RETROSPOT LID GLASS BOWLS,WHITE HANGING HEART T-LIGHT HOLDER
20719,20725,541,1572,3055,1.4903,0.3441,0.1771,4.0894,WOODLAND CHARLOTTE BAG,LUNCH BAG RED RETROSPOT
84946,85123A,538,1756,5410,1.482,0.3064,0.0994,2.0558,ANTIQUE SILVER TEA GLASS ETCHED,WHITE HANGING HEART T-LIGHT HOLDER
20725,22411,538,3055,2190,1.482,0.1761,0.2457,2.9192,LUNCH BAG RED RETROSPOT,JUMBO SHOPPER VINTAGE RED PAISLEY
20712,22411,538,1410,2190,1.482,0.3816,0.2457,6.3248,JUMBO BAG WOODLAND ANIMALS,JUMBO SHOPPER VINTAGE RED PAISLEY
22382,85099B,537,2153,3979,1.4793,0.2494,0.135,2.2756,LUNCH BAG SPACEBOY DESIGN,JUMBO BAG RED RETROSPOT
20711,21931,536,1052,2326,1.4765,0.5095,0.2304,7.9519,JUMBO BAG TOYS,JUMBO STORAGE BAG SUKI
20727,22355,536,2345,1735,1.4765,0.2286,0.3089,4.7825,LUNCH BAG BLACK SKULL.,CHARLOTTE BAG SUKI DESIGN
21181,85152,534,1796,1455,1.471,0.2973,0.367,7.4183,PLEASE ONE PERSON METAL SIGN,HAND OVER THE CHOCOLATE SIGN
22554,22556,534,1275,1196,1.471,0.4188,0.4465,12.7125,PLASTERS IN TIN WOODLAND ANIMALS,PLASTERS IN TIN CIRCUS PARADE
22726,22728,533,1266,968,1.4682,0.421,0.5506,15.7888,ALARM CLOCK BAKELIKE GREEN,ALARM CLOCK BAKELIKE PINK
20725,85099F,531,3055,1854,1.4627,0.1738,0.2864,3.4033,LUNCH BAG RED RETROSPOT,JUMBO BAG STRAWBERRY
20727,21931,530,2345,2326,1.46,0.226,0.2279,3.5274,LUNCH BAG BLACK SKULL.,JUMBO STORAGE BAG SUKI
21213,21977,530,1477,1992,1.46,0.3588,0.2661,6.5394,PACK OF 72 SKULL CAKE CASES,PACK OF 60 PINK PAISLEY CAKE CASES
21136,84879,529,739,2796,1.4572,0.7158,0.1892,9.294,PAINTED METAL PEARS ASSORTED,ASSORTED COLOUR BIRD ORNAMENT
22909,22952,529,1086,1139,1.4572,0.4871,0.4644,15.525,SET OF 20 VINTAGE CHRISTMAS NAPKINS,60 CAKE CASES VINTAGE CHRISTMAS
20727,21212,528,2345,3116,1.4545,0.2252,0.1694,2.6232,LUNCH BAG BLACK SKULL.,PACK OF 72 RETROSPOT CAKE CASES
84378,84380,528,1246,1113,1.4545,0.4238,0.4744,13.8214,SET OF 3 HEART COOKIE CUTTERS,SET OF 3 BUTTERFLY COOKIE CUTTERS
21975,84992,526,1302,1459,1.449,0.404,0.3605,10.0519,PACK OF 60 DINOSAUR CAKE CASES,72 SWEETHEART FAIRY CAKE CASES
21232,84991,526,2426,2126,1.449,0.2168,0.2474,3.7022,STRAWBERRY CERAMIC TRINKET BOX,60 TEATIME FAIRY CAKE CASES
21080,85123A,525,2119,5410,1.4462,0.2478,0.097,1.6625,SET/20 RED RETROSPOT PAPER NAPKINS,WHITE HANGING HEART T-LIGHT HOLDER
22138,22139,524,1896,2087,1.4434,0.2764,0.2511,4.8073,BAKING SET 9 PIECE RETROSPOT,RETROSPOT TEA SET CERAMIC 11 PC
21232,22423,524,2426,3860,1.4434,0.216,0.1358,2.0313,STRAWBERRY CERAMIC TRINKET BOX,REGENCY CAKESTAND 3 TIER
22219,85123A,521,1149,5410,1.4352,0.4534,0.0963,3.0426,LOVEBIRD HANGING DECORATION WHITE,WHITE HANGING HEART T-LIGHT HOLDER
21239,21240,521,750,769,1.4352,0.6947,0.6775,32.793,PINK POLKADOT CUP,BLUE POLKADOT CUP
22417,84991,520,1102,2126,1.4324,0.4719,0.2446,8.0573,PACK OF 60 SPACEBOY CAKE CASES,60 TEATIME FAIRY CAKE CASES
21929,85099C,518,1612,1867,1.4269,0.3213,0.2775,6.2481,JUMBO BAG PINK VINTAGE PAISLEY,JUMBO BAG BAROQUE BLACK WHITE
22383,22386,518,2397,2241,1.4269,0.2161,0.2311,3.5007,LUNCH BAG SUKI DESIGN,JUMBO BAG PINK POLKADOT
20724,20728,517,2035,2063,1.4242,0.2541,0.2506,4.4705,RED RETROSPOT CHARLOTTE BAG,LUNCH BAG CARS BLUE
23202,23203,516,879,1230,1.4214,0.587,0.4195,17.3255,JUMBO BAG VINTAGE LEAF,JUMBO BAG VINTAGE DOILY
84978,85123A,515,1417,5410,1.4187,0.3634,0.0952,2.4388,HANGING HEART JAR T-LIGHT HOLDER,WHITE HANGING HEART T-LIGHT HOLDER
20723,85099B,515,1379,3979,1.4187,0.3735,0.1294,3.4072,STRAWBERRY CHARLOTTE BAG,JUMBO BAG RED RETROSPOT
21977,85123A,514,1992,5410,1.4159,0.258,0.095,1.7314,PACK OF 60 PINK PAISLEY CAKE CASES,WHITE HANGING HEART T-LIGHT HOLDER
21212,22383,512,3116,2397,1.4104,0.1643,0.2136,2.4885,PACK OF 72 RETROSPOT CAKE CASES,LUNCH BAG SUKI DESIGN
82578,82580,510,703,1336,1.4049,0.7255,0.3817,19.7124,KITCHEN METAL SIGN,BATHROOM METAL SIGN
20712,20713,509,1410,1304,1.4021,0.361,0.3903,10.0497,JUMBO BAG WOODLAND ANIMALS,JUMBO BAG OWLS
22385,22411,509,1246,2190,1.4021,0.4085,0.2324,6.7715,JUMBO BAG SPACEBOY DESIGN,JUMBO SHOPPER VINTAGE RED PAISLEY
20725,22423,509,3055,3860,1.4021,0.1666,0.1319,1.5669,LUNCH BAG RED RETROSPOT,REGENCY CAKESTAND 3 TIER
20724,21232,508,2035,2426,1.3994,0.2496,0.2094,3.7354,RED RETROSPOT CHARLOTTE BAG,STRAWBERRY CERAMIC TRINKET BOX
20725,22662,506,3055,993,1.3939,0.1656,0.5096,6.0551,LUNCH BAG RED RETROSPOT,LUNCH BAG DOLLY GIRL DESIGN
23203,23209,504,1230,1096,1.3884,0.4098,0.4599,13.572,JUMBO BAG VINTAGE DOILY,LUNCH BAG VINTAGE DOILY
20914,85099B,503,2019,3979,1.3856,0.2491,0.1264,2.2729,SET/5 RED RETROSPOT LID GLASS BOWLS,JUMBO BAG RED RETROSPOT
21213,21975,503,1477,1302,1.3856,0.3406,0.3863,9.4953,PACK OF 72 SKULL CAKE CASES,PACK OF 60 DINOSAUR CAKE CASES
22727,22730,502,1362,744,1.3828,0.3686,0.6747,17.9839,ALARM CLOCK BAKELIKE RED,ALARM CLOCK BAKELIKE IVORY
21531,21535,502,776,1108,1.3828,0.6469,0.4531,21.195,RED RETROSPOT SUGAR JAM BOWL,RED RETROSPOT SMALL MILK JUG
82486,82494L,502,1268,2055,1.3828,0.3959,0.2443,6.9936,WOOD S/3 CABINET ANT WHITE FINISH,WOODEN FRAME ANTIQUE WHITE
20728,85123A,502,2063,5410,1.3828,0.2433,0.0928,1.6328,LUNCH BAG CARS BLUE,WHITE HANGING HEART T-LIGHT HOLDER
21930,22411,500,1317,2190,1.3773,0.3797,0.2283,6.2932,JUMBO STORAGE BAG SKULLS,JUMBO SHOPPER VINTAGE RED PAISLEY
22379,22386,500,1567,2241,1.3773,0.3191,0.2231,5.1688,RECYCLING BAG RETROSPOT,JUMBO BAG PINK POLKADOT
22386,85123A,499,2241,5410,1.3746,0.2227,0.0922,1.4941,JUMBO BAG PINK POLKADOT,WHITE HANGING HEART T-LIGHT HOLDER
22383,22411,498,2397,2190,1.3718,0.2078,0.2274,3.4439,LUNCH BAG SUKI DESIGN,JUMBO SHOPPER VINTAGE RED PAISLEY
22077,85123A,498,1751,5410,1.3718,0.2844,0.0921,1.9084,6 RIBBONS RUSTIC CHARM,WHITE HANGING HEART T-LIGHT HOLDER
82580,85123A,498,1336,5410,1.3718,0.3728,0.0921,2.5012,BATHROOM METAL SIGN,WHITE HANGING HEART T-LIGHT HOLDER
20725,85099C,497,3055,1867,1.3691,0.1627,0.2662,3.1632,LUNCH BAG RED RETROSPOT,JUMBO BAG BAROQUE BLACK WHITE
22910,22952,497,1418,1139,1.3691,0.3505,0.4363,11.1709,PAPER CHAIN KIT VINTAGE CHRISTMAS,60 CAKE CASES VINTAGE CHRISTMAS
21931,22379,497,2326,1567,1.3691,0.2137,0.3172,4.95,JUMBO STORAGE BAG SUKI,RECYCLING BAG RETROSPOT
21212,22090,497,3116,1698,1.3691,0.1595,0.2927,3.41,PACK OF 72 RETROSPOT CAKE CASES,PAPER BUNTING RETROSPOT
20725,21232,497,3055,2426,1.3691,0.1627,0.2049,2.4344,LUNCH BAG RED RETROSPOT,STRAWBERRY CERAMIC TRINKET BOX
21668,21669,497,825,804,1.3691,0.6024,0.6182,27.2005,RED STRIPE CERAMIC DRAWER KNOB,BLUE STRIPE CERAMIC DRAWER KNOB
20719,20726,497,1572,1922,1.3691,0.3162,0.2586,5.9715,WOODLAND CHARLOTTE BAG,LUNCH BAG WOODLAND
20727,22356,494,2345,1584,1.3608,0.2107,0.3119,4.8279,LUNCH BAG BLACK SKULL.,CHARLOTTE BAG PINK POLKADOT
20725,47566,494,3055,2648,1.3608,0.1617,0.1866,2.2168,LUNCH BAG RED RETROSPOT,PARTY BUNTING
85099F,85123A,494,1854,5410,1.3608,0.2665,0.0913,1.7879,JUMBO BAG STRAWBERRY,WHITE HANGING HEART T-LIGHT HOLDER
20724,22384,494,2035,2101,1.3608,0.2428,0.2351,4.1944,RED RETROSPOT CHARLOTTE BAG,LUNCH BAG PINK POLKADOT
20726,85123A,494,1922,5410,1.3608,0.257,0.0913,1.7247,LUNCH BAG WOODLAND,WHITE HANGING HEART T-LIGHT HOLDER
22381,85099B,493,1099,3979,1.3581,0.4486,0.1239,4.0927,TOY TIDY PINK POLKADOT,JUMBO BAG RED RETROSPOT
20724,20726,493,2035,1922,1.3581,0.2423,0.2565,4.5757,RED RETROSPOT CHARLOTTE BAG,LUNCH BAG WOODLAND
22383,22662,492,2397,993,1.3553,0.2053,0.4955,7.5038,LUNCH BAG SUKI DESIGN,LUNCH BAG DOLLY GIRL DESIGN
22569,22570,491,784,807,1.3525,0.6263,0.6084,28.1723,FELTCRAFT CUSHION BUTTERFLY,FELTCRAFT CUSHION RABBIT
21931,22384,490,2326,2101,1.3498,0.2107,0.2332,3.6399,JUMBO STORAGE BAG SUKI,LUNCH BAG PINK POLKADOT
22355,85123A,490,1735,5410,1.3498,0.2824,0.0906,1.8951,CHARLOTTE BAG SUKI DESIGN,WHITE HANGING HEART T-LIGHT HOLDER
21231,85123A,490,1480,5410,1.3498,0.3311,0.0906,2.2216,SWEETHEART CERAMIC TRINKET BOX,WHITE HANGING HEART T-LIGHT HOLDER
22411,85123A,489,2190,5410,1.347,0.2233,0.0904,1.4983,JUMBO SHOPPER VINTAGE RED PAISLEY,WHITE HANGING HEART T-LIGHT HOLDER
21790,21889,489,1885,1121,1.347,0.2594,0.4362,8.4008,VINTAGE SNAP CARDS,WOODEN BOX OF DOMINOES
22960,22961,489,1157,1188,1.347,0.4226,0.4116,12.9149,JAM MAKING SET WITH JARS,JAM MAKING SET PRINTED
21122,21124,488,807,628,1.3443,0.6047,0.7771,34.9556,SET/10 PINK POLKADOT PARTY CANDLES,SET/10 BLUE SPOTTY PARTY CANDLES
20725,23206,487,3055,1035,1.3415,0.1594,0.4705,5.5912,LUNCH BAG RED RETROSPOT,LUNCH BAG APPLE DESIGN
20725,20914,486,3055,2019,1.3388,0.1591,0.2407,2.8604,LUNCH BAG RED RETROSPOT,SET/5 RED RETROSPOT LID GLASS BOWLS
22111,22114,486,1683,1578,1.3388,0.2888,0.308,6.6432,SCOTTIE DOG HOT WATER BOTTLE,HOT WATER BOTTLE TEA AND SYMPATHY
21930,85099C,484,1317,1867,1.3333,0.3675,0.2592,7.1457,JUMBO STORAGE BAG SKULLS,JUMBO BAG BAROQUE BLACK WHITE
20725,22379,484,3055,1567,1.3333,0.1584,0.3089,3.6703,LUNCH BAG RED RETROSPOT,RECYCLING BAG RETROSPOT
20725,21080,483,3055,2119,1.3305,0.1581,0.2279,2.7085,LUNCH BAG RED RETROSPOT,SET/20 RED RETROSPOT PAPER NAPKINS
23298,47566,483,1142,2648,1.3305,0.4229,0.1824,5.7982,SPOTTY BUNTING,PARTY BUNTING
21977,22423,483,1992,3860,1.3305,0.2425,0.1251,2.2803,PACK OF 60 PINK PAISLEY CAKE CASES,REGENCY CAKESTAND 3 TIER
22555,22556,482,966,1196,1.3278,0.499,0.403,15.145,PLASTERS IN TIN STRONGMAN,PLASTERS IN TIN CIRCUS PARADE
22139,85123A,482,2087,5410,1.3278,0.231,0.0891,1.5497,RETROSPOT TEA SET CERAMIC 11 PC,WHITE HANGING HEART T-LIGHT HOLDER
21900,21901,481,835,687,1.325,0.576,0.7001,30.4391,"KEY FOB , SHED","KEY FOB , BACK DOOR"
82483,82494L,481,1120,2055,1.325,0.4295,0.2341,7.5866,WOOD 2 DRAWER CABINET WHITE FINISH,WOODEN FRAME ANTIQUE WHITE
85099C,85123A,481,1867,5410,1.325,0.2576,0.0889,1.7288,JUMBO BAG BAROQUE BLACK WHITE,WHITE HANGING HEART T-LIGHT HOLDER
84991,85099B,480,2126,3979,1.3222,0.2258,0.1206,2.0598,60 TEATIME FAIRY CAKE CASES,JUMBO BAG RED RETROSPOT
21977,85099B,480,1992,3979,1.3222,0.241,0.1206,2.1984,PACK OF 60 PINK PAISLEY CAKE CASES,JUMBO BAG RED RETROSPOT
22624,22625,480,1214,942,1.3222,0.3954,0.5096,15.2371,IVORY KITCHEN SCALES,RED KITCHEN SCALES
21212,21931,479,3116,2326,1.3195,0.1537,0.2059,2.3992,PACK OF 72 RETROSPOT CAKE CASES,JUMBO STORAGE BAG SUKI
22423,84879,478,3860,2796,1.3167,0.1238,0.171,1.6078,REGENCY CAKESTAND 3 TIER,ASSORTED COLOUR BIRD ORNAMENT
82482,82483,478,1999,1120,1.3167,0.2391,0.4268,7.7505,WOODEN PICTURE FRAME WHITE FINISH,WOOD 2 DRAWER CABINET WHITE FINISH
22804,85123A,477,669,5410,1.314,0.713,0.0882,4.7844,CANDLEHOLDER PINK HANGING HEART,WHITE HANGING HEART T-LIGHT HOLDER
82486,85123A,477,1268,5410,1.314,0.3762,0.0882,2.5243,WOOD S/3 CABINET ANT WHITE FINISH,WHITE HANGING HEART T-LIGHT HOLDER
22147,22149,477,1131,1380,1.314,0.4218,0.3457,11.0945,FELTCRAFT BUTTERFLY HEARTS,FELTCRAFT 6 FLOWER FRIENDS
20728,21931,476,2063,2326,1.3112,0.2307,0.2046,3.601,LUNCH BAG CARS BLUE,JUMBO STORAGE BAG SUKI
15056BL,15056N,476,941,1139,1.3112,0.5058,0.4179,16.1222,EDWARDIAN PARASOL BLACK,EDWARDIAN PARASOL NATURAL
20728,22355,475,2063,1735,1.3085,0.2302,0.2738,4.8175,LUNCH BAG CARS BLUE,CHARLOTTE BAG SUKI DESIGN
21533,21535,475,954,1108,1.3085,0.4979,0.4287,16.3131,RETRO SPOT LARGE MILK JUG,RED RETROSPOT SMALL MILK JUG
20726,22355,474,1922,1735,1.3057,0.2466,0.2732,5.1601,LUNCH BAG WOODLAND,CHARLOTTE BAG SUKI DESIGN
20724,22382,474,2035,2153,1.3057,0.2329,0.2202,3.9274,RED RETROSPOT CHARLOTTE BAG,LUNCH BAG SPACEBOY DESIGN
22746,22748,474,564,742,1.3057,0.8404,0.6388,41.1174,POPPY'S PLAYHOUSE LIVINGROOM,POPPY'S PLAYHOUSE KITCHEN
20713,22386,474,1304,2241,1.3057,0.3635,0.2115,5.8883,JUMBO BAG OWLS,JUMBO BAG PINK POLKADOT
21238,21240,473,902,769,1.303,0.5244,0.6151,24.7548,RED RETROSPOT CUP,BLUE POLKADOT CUP
21914,21915,473,963,1015,1.303,0.4912,0.466,17.5671,BLUE HARMONICA IN BOX,RED HARMONICA IN BOX
20711,22386,472,1052,2241,1.3002,0.4487,0.2106,7.268,JUMBO BAG TOYS,JUMBO BAG PINK POLKADOT
20726,21212,471,1922,3116,1.2974,0.2451,0.1512,2.855,LUNCH BAG WOODLAND,PACK OF 72 RETROSPOT CAKE CASES
20713,85099C,470,1304,1867,1.2947,0.3604,0.2517,7.0082,JUMBO BAG OWLS,JUMBO BAG BAROQUE BLACK WHITE
20685,85123A,469,1717,5410,1.2919,0.2732,0.0867,1.8329,DOORMAT RED RETROSPOT,WHITE HANGING HEART T-LIGHT HOLDER
21731,85099B,468,1525,3979,1.2892,0.3069,0.1176,2.7998,RED TOADSTOOL LED NIGHT LIGHT,JUMBO BAG RED RETROSPOT
20723,21212,468,1379,3116,1.2892,0.3394,0.1502,3.9538,STRAWBERRY CHARLOTTE BAG,PACK OF 72 RETROSPOT CAKE CASES
85123A,85152,468,5410,1455,1.2892,0.0865,0.3216,2.1583,WHITE HANGING HEART T-LIGHT HOLDER,HAND OVER THE CHOCOLATE SIGN
20685,85099B,467,1717,3979,1.2864,0.272,0.1174,2.4814,DOORMAT RED RETROSPOT,JUMBO BAG RED RETROSPOT
21899,21900,467,622,835,1.2864,0.7508,0.5593,32.6415,"KEY FOB , GARAGE DESIGN","KEY FOB , SHED"
21843,22423,466,1521,3860,1.2837,0.3064,0.1207,2.8814,RED RETROSPOT CAKE STAND,REGENCY CAKESTAND 3 TIER
82482,82486,464,1999,1268,1.2782,0.2321,0.3659,6.6453,WOODEN PICTURE FRAME WHITE FINISH,WOOD S/3 CABINET ANT WHITE FINISH
21232,22355,464,2426,1735,1.2782,0.1913,0.2674,4.0018,STRAWBERRY CERAMIC TRINKET BOX,CHARLOTTE BAG SUKI DESIGN
21976,21977,464,950,1992,1.2782,0.4884,0.2329,8.9009,PACK OF 60 MUSHROOM CAKE CASES,PACK OF 60 PINK PAISLEY CAKE CASES
21559,22352,464,1219,1117,1.2782,0.3806,0.4154,12.3706,STRAWBERRY LUNCH BOX WITH CUTLERY,LUNCH BOX WITH CUTLERY RETROSPOT
20719,20727,463,1572,2345,1.2754,0.2945,0.1974,4.5595,WOODLAND CHARLOTTE BAG,LUNCH BAG BLACK SKULL.
20725,22197,463,3055,2278,1.2754,0.1516,0.2032,2.4152,LUNCH BAG RED RETROSPOT,SMALL POPCORN HOLDER
22356,22383,463,1584,2397,1.2754,0.2923,0.1932,4.4268,CHARLOTTE BAG PINK POLKADOT,LUNCH BAG SUKI DESIGN
20725,23209,462,3055,1096,1.2727,0.1512,0.4215,5.009,LUNCH BAG RED RETROSPOT,LUNCH BAG VINTAGE DOILY
21790,85123A,462,1885,5410,1.2727,0.2451,0.0854,1.6446,VINTAGE SNAP CARDS,WHITE HANGING HEART T-LIGHT HOLDER
21931,22356,462,2326,1584,1.2727,0.1986,0.2917,4.5521,JUMBO STORAGE BAG SUKI,CHARLOTTE BAG PINK POLKADOT
20727,21930,461,2345,1317,1.2699,0.1966,0.35,5.4188,LUNCH BAG BLACK SKULL.,JUMBO STORAGE BAG SKULLS
22745,22746,461,703,564,1.2699,0.6558,0.8174,42.2082,POPPY'S PLAYHOUSE BEDROOM,POPPY'S PLAYHOUSE LIVINGROOM
20675,20677,460,692,760,1.2671,0.6647,0.6053,31.7518,BLUE POLKADOT BOWL,PINK POLKADOT BOWL
22382,85123A,460,2153,5410,1.2671,0.2137,0.085,1.4337,LUNCH BAG SPACEBOY DESIGN,WHITE HANGING HEART T-LIGHT HOLDER
22379,85123A,459,1567,5410,1.2644,0.2929,0.0848,1.9655,RECYCLING BAG RETROSPOT,WHITE HANGING HEART T-LIGHT HOLDER
21485,22112,459,1383,1713,1.2644,0.3319,0.268,7.0334,RETROSPOT HEART HOT WATER BOTTLE,CHOCOLATE HOT WATER BOTTLE
82483,85123A,459,1120,5410,1.2644,0.4098,0.0848,2.75,WOOD 2 DRAWER CABINET WHITE FINISH,WHITE HANGING HEART T-LIGHT HOLDER
22423,84991,458,3860,2126,1.2616,0.1187,0.2154,2.026,REGENCY CAKESTAND 3 TIER,60 TEATIME FAIRY CAKE CASES
22356,22384,458,1584,2101,1.2616,0.2891,0.218,4.9959,CHARLOTTE BAG PINK POLKADOT,LUNCH BAG PINK POLKADOT
84596B,84596F,457,733,614,1.2589,0.6235,0.7443,36.8616,SMALL DOLLY MIX DESIGN ORANGE BOWL,SMALL MARSHMALLOWS PINK BOWL
21181,85150,456,1796,1109,1.2561,0.2539,0.4112,8.3111,PLEASE ONE PERSON METAL SIGN,LADIES & GENTLEMEN METAL SIGN
21212,22077,456,3116,1751,1.2561,0.1463,0.2604,3.034,PACK OF 72 RETROSPOT CAKE CASES,6 RIBBONS RUSTIC CHARM
22568,22570,456,875,807,1.2561,0.5211,0.5651,23.443,FELTCRAFT CUSHION OWL,FELTCRAFT CUSHION RABBIT
22367,47591D,455,1156,1210,1.2534,0.3936,0.376,11.8086,CHILDRENS APRON SPACEBOY DESIGN,PINK FAIRY CAKE CHILDRENS APRON
20726,21931,455,1922,2326,1.2534,0.2367,0.1956,3.6947,LUNCH BAG WOODLAND,JUMBO STORAGE BAG SUKI
20725,84991,455,3055,2126,1.2534,0.1489,0.214,2.5431,LUNCH BAG RED RETROSPOT,60 TEATIME FAIRY CAKE CASES
21975,22417,455,1302,1102,1.2534,0.3495,0.4129,11.512,PACK OF 60 DINOSAUR CAKE CASES,PACK OF 60 SPACEBOY CAKE CASES
20713,22411,455,1304,2190,1.2534,0.3489,0.2078,5.7839,JUMBO BAG OWLS,JUMBO SHOPPER VINTAGE RED PAISLEY
84970L,85123A,454,1142,5410,1.2506,0.3975,0.0839,2.6676,SINGLE HEART ZINC T-LIGHT HOLDER,WHITE HANGING HEART T-LIGHT HOLDER
22356,85123A,454,1584,5410,1.2506,0.2866,0.0839,1.9232,CHARLOTTE BAG PINK POLKADOT,WHITE HANGING HEART T-LIGHT HOLDER
22111,85123A,454,1683,5410,1.2506,0.2698,0.0839,1.8101,SCOTTIE DOG HOT WATER BOTTLE,WHITE HANGING HEART T-LIGHT HOLDER
21936,85099B,453,1043,3979,1.2479,0.4343,0.1138,3.9625,RED RETROSPOT PICNIC BAG,JUMBO BAG RED RETROSPOT
22195,22196,452,811,981,1.2451,0.5573,0.4608,20.6243,LARGE HEART MEASURING SPOONS,SMALL HEART MEASURING SPOONS
22457,85099B,452,2031,3979,1.2451,0.2226,0.1136,2.0304,NATURAL SLATE HEART CHALKBOARD,JUMBO BAG RED RETROSPOT
21668,21671,451,825,726,1.2424,0.5467,0.6212,27.3348,RED STRIPE CERAMIC DRAWER KNOB,RED SPOT CERAMIC DRAWER KNOB
21080,22090,451,2119,1698,1.2424,0.2128,0.2656,4.5503,SET/20 RED RETROSPOT PAPER NAPKINS,PAPER BUNTING RETROSPOT
22551,22557,451,1299,1125,1.2424,0.3472,0.4009,11.2033,PLASTERS IN TIN SPACEBOY,PLASTERS IN TIN VINTAGE PAISLEY
21181,82600,449,1796,1200,1.2368,0.25,0.3742,7.5629,PLEASE ONE PERSON METAL SIGN,NO SINGING METAL SIGN
21976,84991,449,950,2126,1.2368,0.4726,0.2112,8.0703,PACK OF 60 MUSHROOM CAKE CASES,60 TEATIME FAIRY CAKE CASES
22383,23206,449,2397,1035,1.2368,0.1873,0.4338,6.57,LUNCH BAG SUKI DESIGN,LUNCH BAG APPLE DESIGN
20727,22386,449,2345,2241,1.2368,0.1915,0.2004,3.1016,LUNCH BAG BLACK SKULL.,JUMBO BAG PINK POLKADOT
20723,20727,449,1379,2345,1.2368,0.3256,0.1915,5.0405,STRAWBERRY CHARLOTTE BAG,LUNCH BAG BLACK SKULL.
21213,84992,448,1477,1459,1.2341,0.3033,0.3071,7.547,PACK OF 72 SKULL CAKE CASES,72 SWEETHEART FAIRY CAKE CASES
47590A,47590B,448,682,880,1.2341,0.6569,0.5091,27.0983,BLUE HAPPY BIRTHDAY BUNTING,PINK HAPPY BIRTHDAY BUNTING
22178,84946,448,1802,1756,1.2341,0.2486,0.2551,5.1396,VICTORIAN GLASS HANGING T-LIGHT,ANTIQUE SILVER TEA GLASS ETCHED
22379,22411,448,1567,2190,1.2341,0.2859,0.2046,4.7391,RECYCLING BAG RETROSPOT,JUMBO SHOPPER VINTAGE RED PAISLEY
22077,22423,448,1751,3860,1.2341,0.2559,0.1161,2.4062,6 RIBBONS RUSTIC CHARM,REGENCY CAKESTAND 3 TIER
22197,22423,448,2278,3860,1.2341,0.1967,0.1161,1.8496,SMALL POPCORN HOLDER,REGENCY CAKESTAND 3 TIER
21238,21239,447,902,750,1.2313,0.4956,0.596,23.9867,RED RETROSPOT CUP,PINK POLKADOT CUP
84992,85123A,447,1459,5410,1.2313,0.3064,0.0826,2.0558,72 SWEETHEART FAIRY CAKE CASES,WHITE HANGING HEART T-LIGHT HOLDER
22423,22666,446,3860,1652,1.2286,0.1155,0.27,2.539,REGENCY CAKESTAND 3 TIER,RECIPE BOX PANTRY YELLOW DESIGN
20724,85099F,446,2035,1854,1.2286,0.2192,0.2406,4.2913,RED RETROSPOT CHARLOTTE BAG,JUMBO BAG STRAWBERRY
22553,22554,446,1090,1275,1.2286,0.4092,0.3498,11.6501,PLASTERS IN TIN SKULLS,PLASTERS IN TIN WOODLAND ANIMALS
22726,22730,446,1266,744,1.2286,0.3523,0.5995,17.1893,ALARM CLOCK BAKELIKE GREEN,ALARM CLOCK BAKELIKE IVORY
21212,21843,445,3116,1521,1.2258,0.1428,0.2926,3.4085,PACK OF 72 RETROSPOT CAKE CASES,RED RETROSPOT CAKE STAND
21212,84692,445,3116,1121,1.2258,0.1428,0.397,4.6247,PACK OF 72 RETROSPOT CAKE CASES,BOX OF 24 COCKTAIL PARASOLS
20728,22356,445,2063,1584,1.2258,0.2157,0.2809,4.9435,LUNCH BAG CARS BLUE,CHARLOTTE BAG PINK POLKADOT
22090,47566,444,1698,2648,1.2231,0.2615,0.1677,3.5847,PAPER BUNTING RETROSPOT,PARTY BUNTING
20724,22386,444,2035,2241,1.2231,0.2182,0.1981,3.5343,RED RETROSPOT CHARLOTTE BAG,JUMBO BAG PINK POLKADOT
21232,22356,443,2426,1584,1.2203,0.1826,0.2797,4.1849,STRAWBERRY CERAMIC TRINKET BOX,CHARLOTTE BAG PINK POLKADOT
21977,22417,442,1992,1102,1.2176,0.2219,0.4011,7.3094,PACK OF 60 PINK PAISLEY CAKE CASES,PACK OF 60 SPACEBOY CAKE CASES
20712,85099C,442,1410,1867,1.2176,0.3135,0.2367,6.0952,JUMBO BAG WOODLAND ANIMALS,JUMBO BAG BAROQUE BLACK WHITE
22090,85099B,442,1698,3979,1.2176,0.2603,0.1111,2.3749,PAPER BUNTING RETROSPOT,JUMBO BAG RED RETROSPOT
20713,85099F,442,1304,1854,1.2176,0.339,0.2384,6.6369,JUMBO BAG OWLS,JUMBO BAG STRAWBERRY
20724,22197,441,2035,2278,1.2148,0.2167,0.1936,3.4534,RED RETROSPOT CHARLOTTE BAG,SMALL POPCORN HOLDER
22909,22910,441,1086,1418,1.2148,0.4061,0.311,10.3959,SET OF 20 VINTAGE CHRISTMAS NAPKINS,PAPER CHAIN KIT VINTAGE CHRISTMAS
21080,84991,441,2119,2126,1.2148,0.2081,0.2074,3.5537,SET/20 RED RETROSPOT PAPER NAPKINS,60 TEATIME FAIRY CAKE CASES
23206,23209,441,1035,1096,1.2148,0.4261,0.4024,14.113,LUNCH BAG APPLE DESIGN,LUNCH BAG VINTAGE DOILY
22633,22865,441,855,1211,1.2148,0.5158,0.3642,15.4618,HAND WARMER UNION JACK,HAND WARMER OWL DESIGN
22197,22198,441,2278,645,1.2148,0.1936,0.6837,10.8957,SMALL POPCORN HOLDER,LARGE POPCORN HOLDER
22114,22835,441,1578,1010,1.2148,0.2795,0.4366,10.0448,HOT WATER BOTTLE TEA AND SYMPATHY,HOT WATER BOTTLE I AM SO POORLY
20711,22411,441,1052,2190,1.2148,0.4192,0.2014,6.9488,JUMBO BAG TOYS,JUMBO SHOPPER VINTAGE RED PAISLEY
22297,85123A,439,969,5410,1.2093,0.453,0.0811,3.04,HEART IVORY TRELLIS SMALL,WHITE HANGING HEART T-LIGHT HOLDER
21166,85123A,439,1420,5410,1.2093,0.3092,0.0811,2.0745,COOK WITH WINE METAL SIGN,WHITE HANGING HEART T-LIGHT HOLDER
21232,22064,438,2426,692,1.2065,0.1805,0.6329,9.4713,STRAWBERRY CERAMIC TRINKET BOX,PINK DOUGHNUT TRINKET POT
21668,21672,438,825,813,1.2065,0.5309,0.5387,23.7061,RED STRIPE CERAMIC DRAWER KNOB,WHITE SPOT RED CERAMIC DRAWER KNOB
22578,22579,437,767,553,1.2038,0.5698,0.7902,37.4017,WOODEN STAR CHRISTMAS SCANDINAVIAN,WOODEN TREE CHRISTMAS SCANDINAVIAN
20723,22383,437,1379,2397,1.2038,0.3169,0.1823,4.7993,STRAWBERRY CHARLOTTE BAG,LUNCH BAG SUKI DESIGN
22112,85123A,437,1713,5410,1.2038,0.2551,0.0808,1.7118,CHOCOLATE HOT WATER BOTTLE,WHITE HANGING HEART T-LIGHT HOLDER
22666,85123A,436,1652,5410,1.201,0.2639,0.0806,1.771,RECIPE BOX PANTRY YELLOW DESIGN,WHITE HANGING HEART T-LIGHT HOLDER
20725,21936,435,3055,1043,1.1983,0.1424,0.4171,4.9559,LUNCH BAG RED RETROSPOT,RED RETROSPOT PICNIC BAG
20719,22383,435,1572,2397,1.1983,0.2767,0.1815,4.1908,WOODLAND CHARLOTTE BAG,LUNCH BAG SUKI DESIGN
22086,85123A,435,2000,5410,1.1983,0.2175,0.0804,1.4595,PAPER CHAIN KIT 50'S CHRISTMAS,WHITE HANGING HEART T-LIGHT HOLDER
84997A,84997B,435,670,1102,1.1983,0.6493,0.3947,21.3877,GREEN 3 PIECE MINI DOTS CUTLERY SET,RED 3 PIECE MINI DOTS CUTLERY SET
20728,21212,434,2063,3116,1.1955,0.2104,0.1393,2.4509,LUNCH BAG CARS BLUE,PACK OF 72 RETROSPOT CAKE CASES
21212,22379,434,3116,1567,1.1955,0.1393,0.277,3.2267,PACK OF 72 RETROSPOT CAKE CASES,RECYCLING BAG RETROSPOT
22554,22557,434,1275,1125,1.1955,0.3404,0.3858,10.9839,PLASTERS IN TIN WOODLAND ANIMALS,PLASTERS IN TIN VINTAGE PAISLEY
22083,22090,434,1399,1698,1.1955,0.3102,0.2556,6.6323,PAPER CHAIN KIT RETROSPOT,PAPER BUNTING RETROSPOT
21175,82600,432,1656,1200,1.19,0.2609,0.36,7.8917,GIN + TONIC DIET METAL SIGN,NO SINGING METAL SIGN
20724,22423,432,2035,3860,1.19,0.2123,0.1119,1.9965,RED RETROSPOT CHARLOTTE BAG,REGENCY CAKESTAND 3 TIER
21232,22197,432,2426,2278,1.19,0.1781,0.1896,2.8377,STRAWBERRY CERAMIC TRINKET BOX,SMALL POPCORN HOLDER
21034,85123A,432,1874,5410,1.19,0.2305,0.0799,1.5468,REX CASH+CARRY JUMBO SHOPPER,WHITE HANGING HEART T-LIGHT HOLDER
20974,20975,431,821,898,1.1873,0.525,0.48,21.2221,12 PENCILS SMALL TUBE SKULL,12 PENCILS SMALL TUBE RED RETROSPOT
21212,22083,430,3116,1399,1.1845,0.138,0.3074,3.5808,PACK OF 72 RETROSPOT CAKE CASES,PAPER CHAIN KIT RETROSPOT
22086,22952,430,2000,1139,1.1845,0.215,0.3775,6.8524,PAPER CHAIN KIT 50'S CHRISTMAS,60 CAKE CASES VINTAGE CHRISTMAS
20685,48138,430,1717,1638,1.1845,0.2504,0.2625,5.5503,DOORMAT RED RETROSPOT,DOORMAT UNION FLAG
22551,22553,430,1299,1090,1.1845,0.331,0.3945,11.0246,PLASTERS IN TIN SPACEBOY,PLASTERS IN TIN SKULLS
20725,21929,429,3055,1612,1.1818,0.1404,0.2661,3.1624,LUNCH BAG RED RETROSPOT,JUMBO BAG PINK VINTAGE PAISLEY
21080,21977,429,2119,1992,1.1818,0.2025,0.2154,3.6895,SET/20 RED RETROSPOT PAPER NAPKINS,PACK OF 60 PINK PAISLEY CAKE CASES
82482,85099B,429,1999,3979,1.1818,0.2146,0.1078,1.9579,WOODEN PICTURE FRAME WHITE FINISH,JUMBO BAG RED RETROSPOT
21670,21673,428,766,762,1.179,0.5587,0.5617,26.6189,BLUE SPOT CERAMIC DRAWER KNOB,WHITE SPOT BLUE CERAMIC DRAWER KNOB
21931,22197,428,2326,2278,1.179,0.184,0.1879,2.9323,JUMBO STORAGE BAG SUKI,SMALL POPCORN HOLDER
20727,22662,427,2345,993,1.1762,0.1821,0.43,6.6568,LUNCH BAG BLACK SKULL.,LUNCH BAG DOLLY GIRL DESIGN
48138,85123A,427,1638,5410,1.1762,0.2607,0.0789,1.7492,DOORMAT UNION FLAG,WHITE HANGING HEART T-LIGHT HOLDER
20719,21931,427,1572,2326,1.1762,0.2716,0.1836,4.2393,WOODLAND CHARLOTTE BAG,JUMBO STORAGE BAG SUKI
23199,23203,427,976,1230,1.1762,0.4375,0.3472,12.9123,JUMBO BAG APPLES,JUMBO BAG VINTAGE DOILY
21232,21977,427,2426,1992,1.1762,0.176,0.2144,3.2076,STRAWBERRY CERAMIC TRINKET BOX,PACK OF 60 PINK PAISLEY CAKE CASES
20724,47566,426,2035,2648,1.1735,0.2093,0.1609,2.8698,RED RETROSPOT CHARLOTTE BAG,PARTY BUNTING
21930,85099F,426,1317,1854,1.1735,0.3235,0.2298,6.3335,JUMBO STORAGE BAG SKULLS,JUMBO BAG STRAWBERRY
22457,22469,426,2031,2141,1.1735,0.2097,0.199,3.5564,NATURAL SLATE HEART CHALKBOARD,HEART OF WICKER SMALL
20727,21213,426,2345,1477,1.1735,0.1817,0.2884,4.465,LUNCH BAG BLACK SKULL.,PACK OF 72 SKULL CAKE CASES
21671,21672,426,726,813,1.1735,0.5868,0.524,26.2007,RED SPOT CERAMIC DRAWER KNOB,WHITE SPOT RED CERAMIC DRAWER KNOB
21121,21122,425,871,807,1.1707,0.4879,0.5266,21.9497,SET/10 RED POLKADOT PARTY CANDLES,SET/10 PINK POLKADOT PARTY CANDLES
21212,22384,425,3116,2101,1.1707,0.1364,0.2023,2.3567,PACK OF 72 RETROSPOT CAKE CASES,LUNCH BAG PINK POLKADOT
23202,85099B,425,879,3979,1.1707,0.4835,0.1068,4.4112,JUMBO BAG VINTAGE LEAF,JUMBO BAG RED RETROSPOT
82600,85152,425,1200,1455,1.1707,0.3542,0.2921,8.8364,NO SINGING METAL SIGN,HAND OVER THE CHOCOLATE SIGN
21929,85123A,424,1612,5410,1.168,0.263,0.0784,1.765,JUMBO BAG PINK VINTAGE PAISLEY,WHITE HANGING HEART T-LIGHT HOLDER
20675,20676,424,692,966,1.168,0.6127,0.4389,23.0257,BLUE POLKADOT BOWL,RED RETROSPOT BOWL
22727,22729,424,1362,612,1.168,0.3113,0.6928,18.4658,ALARM CLOCK BAKELIKE RED,ALARM CLOCK BAKELIKE ORANGE
22568,22569,423,875,784,1.1652,0.4834,0.5395,22.3845,FELTCRAFT CUSHION OWL,FELTCRAFT CUSHION BUTTERFLY
20712,85099F,423,1410,1854,1.1652,0.3,0.2282,5.8741,JUMBO BAG WOODLAND ANIMALS,JUMBO BAG STRAWBERRY
22381,22386,423,1099,2241,1.1652,0.3849,0.1888,6.2349,TOY TIDY PINK POLKADOT,JUMBO BAG PINK POLKADOT
21213,22417,423,1477,1102,1.1652,0.2864,0.3838,9.4343,PACK OF 72 SKULL CAKE CASES,PACK OF 60 SPACEBOY CAKE CASES
22551,22555,422,1299,966,1.1625,0.3249,0.4369,12.2083,PLASTERS IN TIN SPACEBOY,PLASTERS IN TIN STRONGMAN
20725,21213,422,3055,1477,1.1625,0.1381,0.2857,3.3951,LUNCH BAG RED RETROSPOT,PACK OF 72 SKULL CAKE CASES
22469,85099B,420,2141,3979,1.157,0.1962,0.1056,1.7897,HEART OF WICKER SMALL,JUMBO BAG RED RETROSPOT
22355,22382,420,1735,2153,1.157,0.2421,0.1951,4.0817,CHARLOTTE BAG SUKI DESIGN,LUNCH BAG SPACEBOY DESIGN
21212,22382,420,3116,2153,1.157,0.1348,0.1951,2.2727,PACK OF 72 RETROSPOT CAKE CASES,LUNCH BAG SPACEBOY DESIGN
85014A,85014B,420,711,934,1.157,0.5907,0.4497,22.9595,BLACK/BLUE POLKADOT UMBRELLA,RED RETROSPOT UMBRELLA
22383,47566,419,2397,2648,1.1542,0.1748,0.1582,2.3964,LUNCH BAG SUKI DESIGN,PARTY BUNTING
20723,20728,419,1379,2063,1.1542,0.3038,0.2031,5.3466,STRAWBERRY CHARLOTTE BAG,LUNCH BAG CARS BLUE
21212,21731,419,3116,1525,1.1542,0.1345,0.2748,3.2009,PACK OF 72 RETROSPOT CAKE CASES,RED TOADSTOOL LED NIGHT LIGHT
20718,20724,419,1212,2035,1.1542,0.3457,0.2059,6.1671,RED RETROSPOT SHOPPER BAG,RED RETROSPOT CHARLOTTE BAG
15056BL,20679,418,941,714,1.1515,0.4442,0.5854,22.5849,EDWARDIAN PARASOL BLACK,EDWARDIAN PARASOL RED
20711,20712,418,1052,1410,1.1515,0.3973,0.2965,10.2299,JUMBO BAG TOYS,JUMBO BAG WOODLAND ANIMALS
20718,20725,417,1212,3055,1.1487,0.3441,0.1365,4.0884,RED RETROSPOT SHOPPER BAG,LUNCH BAG RED RETROSPOT
22356,22386,417,1584,2241,1.1487,0.2633,0.1861,4.2645,CHARLOTTE BAG PINK POLKADOT,JUMBO BAG PINK POLKADOT
21935,85099B,417,921,3979,1.1487,0.4528,0.1048,4.1308,SUKI SHOULDER BAG,JUMBO BAG RED RETROSPOT
21238,21242,415,902,657,1.1432,0.4601,0.6317,25.4218,RED RETROSPOT CUP,RED RETROSPOT PLATE
84946,85099B,415,1756,3979,1.1432,0.2363,0.1043,2.1562,ANTIQUE SILVER TEA GLASS ETCHED,JUMBO BAG RED RETROSPOT
22197,22383,415,2278,2397,1.1432,0.1822,0.1731,2.759,SMALL POPCORN HOLDER,LUNCH BAG SUKI DESIGN
21212,85099F,415,3116,1854,1.1432,0.1332,0.2238,2.6078,PACK OF 72 RETROSPOT CAKE CASES,JUMBO BAG STRAWBERRY
21669,21670,415,804,766,1.1432,0.5162,0.5418,24.4621,BLUE STRIPE CERAMIC DRAWER KNOB,BLUE SPOT CERAMIC DRAWER KNOB
20727,23206,415,2345,1035,1.1432,0.177,0.401,6.2072,LUNCH BAG BLACK SKULL.,LUNCH BAG APPLE DESIGN
23201,85099B,414,904,3979,1.1404,0.458,0.104,4.1782,JUMBO BAG ALPHABET,JUMBO BAG RED RETROSPOT
22197,22355,414,2278,1735,1.1404,0.1817,0.2386,3.8026,SMALL POPCORN HOLDER,CHARLOTTE BAG SUKI DESIGN
21668,21670,413,825,766,1.1377,0.5006,0.5392,23.7245,RED STRIPE CERAMIC DRAWER KNOB,BLUE SPOT CERAMIC DRAWER KNOB
22355,47566,413,1735,2648,1.1377,0.238,0.156,3.2633,CHARLOTTE BAG SUKI DESIGN,PARTY BUNTING
22027,22029,413,845,1100,1.1377,0.4888,0.3755,16.1299,TEA PARTY BIRTHDAY CARD,SPACEBOY BIRTHDAY CARD
22632,22865,411,777,1211,1.1322,0.529,0.3394,15.8565,HAND WARMER RED RETROSPOT,HAND WARMER OWL DESIGN
21174,85123A,410,1134,5410,1.1294,0.3616,0.0758,2.4261,POTTERING IN THE SHED METAL SIGN,WHITE HANGING HEART T-LIGHT HOLDER
20719,21232,410,1572,2426,1.1294,0.2608,0.169,3.9028,WOODLAND CHARLOTTE BAG,STRAWBERRY CERAMIC TRINKET BOX
22720,22722,410,1376,826,1.1294,0.298,0.4964,13.0953,SET OF 3 CAKE TINS PANTRY DESIGN,SET OF 6 SPICE TINS PANTRY DESIGN
22355,22384,409,1735,2101,1.1267,0.2357,0.1947,4.0731,CHARLOTTE BAG SUKI DESIGN,LUNCH BAG PINK POLKADOT
20719,20728,409,1572,2063,1.1267,0.2602,0.1983,4.5783,WOODLAND CHARLOTTE BAG,LUNCH BAG CARS BLUE
20712,21929,409,1410,1612,1.1267,0.2901,0.2537,6.5324,JUMBO BAG WOODLAND ANIMALS,JUMBO BAG PINK VINTAGE PAISLEY
22384,85099F,409,2101,1854,1.1267,0.1947,0.2206,3.8117,LUNCH BAG PINK POLKADOT,JUMBO BAG STRAWBERRY
22423,22457,408,3860,2031,1.1239,0.1057,0.2009,1.8893,REGENCY CAKESTAND 3 TIER,NATURAL SLATE HEART CHALKBOARD
20726,22326,408,1922,1390,1.1239,0.2123,0.2935,5.544,LUNCH BAG WOODLAND,ROUND SNACK BOXES SET OF4 WOODLAND
22383,85099F,408,2397,1854,1.1239,0.1702,0.2201,3.3328,LUNCH BAG SUKI DESIGN,JUMBO BAG STRAWBERRY
20723,85099F,408,1379,1854,1.1239,0.2959,0.2201,5.7932,STRAWBERRY CHARLOTTE BAG,JUMBO BAG STRAWBERRY
20712,22385,407,1410,1246,1.1212,0.2887,0.3266,8.4098,JUMBO BAG WOODLAND ANIMALS,JUMBO BAG SPACEBOY DESIGN
20711,85099C,407,1052,1867,1.1212,0.3869,0.218,7.5225,JUMBO BAG TOYS,JUMBO BAG BAROQUE BLACK WHITE
20723,20726,407,1379,1922,1.1212,0.2951,0.2118,5.5745,STRAWBERRY CHARLOTTE BAG,LUNCH BAG WOODLAND
21670,21671,407,766,726,1.1212,0.5313,0.5606,26.568,BLUE SPOT CERAMIC DRAWER KNOB,RED SPOT CERAMIC DRAWER KNOB
21232,22646,407,2426,876,1.1212,0.1678,0.4646,6.9523,STRAWBERRY CERAMIC TRINKET BOX,CERAMIC STRAWBERRY CAKE MONEY BANK
20712,20719,407,1410,1572,1.1212,0.2887,0.2589,6.6658,JUMBO BAG WOODLAND ANIMALS,WOODLAND CHARLOTTE BAG
21929,21930,407,1612,1317,1.1212,0.2525,0.309,6.9594,JUMBO BAG PINK VINTAGE PAISLEY,JUMBO STORAGE BAG SKULLS
20712,21930,407,1410,1317,1.1212,0.2887,0.309,7.9565,JUMBO BAG WOODLAND ANIMALS,JUMBO STORAGE BAG SKULLS
20724,22379,407,2035,1567,1.1212,0.2,0.2597,4.6333,RED RETROSPOT CHARLOTTE BAG,RECYCLING BAG RETROSPOT
23199,23200,406,976,594,1.1184,0.416,0.6835,25.4226,JUMBO BAG APPLES,JUMBO BAG PEARS
21931,22382,406,2326,2153,1.1184,0.1745,0.1886,2.9431,JUMBO STORAGE BAG SUKI,LUNCH BAG SPACEBOY DESIGN
20726,22662,406,1922,993,1.1184,0.2112,0.4089,7.7224,LUNCH BAG WOODLAND,LUNCH BAG DOLLY GIRL DESIGN
20726,22356,406,1922,1584,1.1184,0.2112,0.2563,4.8411,LUNCH BAG WOODLAND,CHARLOTTE BAG PINK POLKADOT
22554,22555,406,1275,966,1.1184,0.3184,0.4203,11.9666,PLASTERS IN TIN WOODLAND ANIMALS,PLASTERS IN TIN STRONGMAN
21934,21935,405,723,921,1.1156,0.5602,0.4397,22.0794,SKULL SHOULDER BAG,SUKI SHOULDER BAG
22114,85123A,405,1578,5410,1.1156,0.2567,0.0749,1.7222,HOT WATER BOTTLE TEA AND SYMPATHY,WHITE HANGING HEART T-LIGHT HOLDER
22090,85123A,405,1698,5410,1.1156,0.2385,0.0749,1.6005,PAPER BUNTING RETROSPOT,WHITE HANGING HEART T-LIGHT HOLDER
22173,85123A,405,993,5410,1.1156,0.4079,0.0749,2.7368,METAL 4 HOOK HANGER FRENCH CHATEAU,WHITE HANGING HEART T-LIGHT HOLDER
84987,84991,404,811,2126,1.1129,0.4982,0.19,8.506,SET OF 36 TEATIME PAPER DOILIES,60 TEATIME FAIRY CAKE CASES
22629,22659,404,1367,1066,1.1129,0.2955,0.379,10.0644,SPACEBOY LUNCH BOX,LUNCH BOX I LOVE LONDON
84997A,84997D,404,670,1165,1.1129,0.603,0.3468,18.7893,GREEN 3 PIECE MINI DOTS CUTLERY SET,PINK 3 PIECE MINI DOTS CUTLERY SET
22384,22411,404,2101,2190,1.1129,0.1923,0.1845,3.1874,LUNCH BAG PINK POLKADOT,JUMBO SHOPPER VINTAGE RED PAISLEY
20728,22662,404,2063,993,1.1129,0.1958,0.4068,7.1592,LUNCH BAG CARS BLUE,LUNCH BAG DOLLY GIRL DESIGN
20712,20725,403,1410,3055,1.1101,0.2858,0.1319,3.3963,JUMBO BAG WOODLAND ANIMALS,LUNCH BAG RED RETROSPOT
82578,82581,403,703,912,1.1101,0.5733,0.4419,22.8184,KITCHEN METAL SIGN,TOILET METAL SIGN
21212,84378,402,3116,1246,1.1074,0.129,0.3226,3.7587,PACK OF 72 RETROSPOT CAKE CASES,SET OF 3 HEART COOKIE CUTTERS
22630,22659,402,1333,1066,1.1074,0.3016,0.3771,10.27,DOLLY GIRL LUNCH BOX,LUNCH BOX I LOVE LONDON
21899,21901,402,622,687,1.1074,0.6463,0.5852,34.1515,"KEY FOB , GARAGE DESIGN","KEY FOB , BACK DOOR"
22749,22750,401,684,647,1.1046,0.5863,0.6198,32.8938,FELTCRAFT PRINCESS CHARLOTTE DOLL,FELTCRAFT PRINCESS LOLA DOLL
22271,22273,401,787,809,1.1046,0.5095,0.4957,22.864,FELTCRAFT DOLL ROSIE,FELTCRAFT DOLL MOLLY
21212,21790,401,3116,1885,1.1046,0.1287,0.2127,2.4784,PACK OF 72 RETROSPOT CAKE CASES,VINTAGE SNAP CARDS
20725,21930,401,3055,1317,1.1046,0.1313,0.3045,3.6181,LUNCH BAG RED RETROSPOT,JUMBO STORAGE BAG SKULLS
21790,85099B,401,1885,3979,1.1046,0.2127,0.1008,1.9408,VINTAGE SNAP CARDS,JUMBO BAG RED RETROSPOT
20676,21238,401,966,902,1.1046,0.4151,0.4446,16.7067,RED RETROSPOT BOWL,RED RETROSPOT CUP
20719,22423,401,1572,3860,1.1046,0.2551,0.1039,2.399,WOODLAND CHARLOTTE BAG,REGENCY CAKESTAND 3 TIER
22178,22423,400,1802,3860,1.1019,0.222,0.1036,2.0876,VICTORIAN GLASS HANGING T-LIGHT,REGENCY CAKESTAND 3 TIER
21232,21931,400,2426,2326,1.1019,0.1649,0.172,2.5733,STRAWBERRY CERAMIC TRINKET BOX,JUMBO STORAGE BAG SUKI
21181,85099B,399,1796,3979,1.0991,0.2222,0.1003,2.0269,PLEASE ONE PERSON METAL SIGN,JUMBO BAG RED RETROSPOT
21908,85152,398,974,1455,1.0964,0.4086,0.2735,10.1951,CHOCOLATE THIS WAY METAL SIGN,HAND OVER THE CHOCOLATE SIGN
20724,84991,398,2035,2126,1.0964,0.1956,0.1872,3.3395,RED RETROSPOT CHARLOTTE BAG,60 TEATIME FAIRY CAKE CASES
20728,22386,398,2063,2241,1.0964,0.1929,0.1776,3.1252,LUNCH BAG CARS BLUE,JUMBO BAG PINK POLKADOT
47566,47566B,397,2648,871,1.0936,0.1499,0.4558,6.2486,PARTY BUNTING,TEA TIME PARTY BUNTING
82484,85123A,397,1170,5410,1.0936,0.3393,0.0734,2.2769,WOOD BLACK BOARD ANT WHITE FINISH,WHITE HANGING HEART T-LIGHT HOLDER
21754,84879,397,2061,2796,1.0936,0.1926,0.142,2.501,HOME BUILDING BLOCK WORD,ASSORTED COLOUR BIRD ORNAMENT
20725,21977,397,3055,1992,1.0936,0.13,0.1993,2.3682,LUNCH BAG RED RETROSPOT,PACK OF 60 PINK PAISLEY CAKE CASES
21212,21231,397,3116,1480,1.0936,0.1274,0.2682,3.1251,PACK OF 72 RETROSPOT CAKE CASES,SWEETHEART CERAMIC TRINKET BOX
21558,21559,397,765,1219,1.0936,0.519,0.3257,15.4545,SKULL LUNCH BOX WITH CUTLERY,STRAWBERRY LUNCH BOX WITH CUTLERY
20719,85123A,396,1572,5410,1.0908,0.2519,0.0732,1.6903,WOODLAND CHARLOTTE BAG,WHITE HANGING HEART T-LIGHT HOLDER
22553,22557,396,1090,1125,1.0908,0.3633,0.352,11.7232,PLASTERS IN TIN SKULLS,PLASTERS IN TIN VINTAGE PAISLEY
22383,85099C,396,2397,1867,1.0908,0.1652,0.2121,3.2123,LUNCH BAG SUKI DESIGN,JUMBO BAG BAROQUE BLACK WHITE
21156,22367,396,929,1156,1.0908,0.4263,0.3426,13.386,RETROSPOT CHILDRENS APRON,CHILDRENS APRON SPACEBOY DESIGN
22356,22382,395,1584,2153,1.0881,0.2494,0.1835,4.2046,CHARLOTTE BAG PINK POLKADOT,LUNCH BAG SPACEBOY DESIGN
22300,22301,395,524,643,1.0881,0.7538,0.6143,42.5584,COFFEE MUG DOG + BALL DESIGN,COFFEE MUG CAT + BIRD DESIGN
21843,85123A,395,1521,5410,1.0881,0.2597,0.073,1.7426,RED RETROSPOT CAKE STAND,WHITE HANGING HEART T-LIGHT HOLDER
21314,85123A,395,1058,5410,1.0881,0.3733,0.073,2.5052,SMALL GLASS HEART TRINKET POT,WHITE HANGING HEART T-LIGHT HOLDER
20713,20725,395,1304,3055,1.0881,0.3029,0.1293,3.5995,JUMBO BAG OWLS,LUNCH BAG RED RETROSPOT
21154,21212,395,902,3116,1.0881,0.4379,0.1268,5.1018,RED RETROSPOT OVEN GLOVE,PACK OF 72 RETROSPOT CAKE CASES
21485,85123A,395,1383,5410,1.0881,0.2856,0.073,1.9165,RETROSPOT HEART HOT WATER BOTTLE,WHITE HANGING HEART T-LIGHT HOLDER
21232,47566,394,2426,2648,1.0853,0.1624,0.1488,2.2265,STRAWBERRY CERAMIC TRINKET BOX,PARTY BUNTING
22379,22383,394,1567,2397,1.0853,0.2514,0.1644,3.8079,RECYCLING BAG RETROSPOT,LUNCH BAG SUKI DESIGN
20727,85099F,394,2345,1854,1.0853,0.168,0.2125,3.2898,LUNCH BAG BLACK SKULL.,JUMBO BAG STRAWBERRY
22645,22646,394,741,876,1.0853,0.5317,0.4498,22.0346,CERAMIC HEART FAIRY CAKE MONEY BANK,CERAMIC STRAWBERRY CAKE MONEY BANK
22666,22720,394,1652,1376,1.0853,0.2385,0.2863,6.2921,RECIPE BOX PANTRY YELLOW DESIGN,SET OF 3 CAKE TINS PANTRY DESIGN
84378,85123A,394,1246,5410,1.0853,0.3162,0.0728,2.1218,SET OF 3 HEART COOKIE CUTTERS,WHITE HANGING HEART T-LIGHT HOLDER
21080,21210,393,2119,1159,1.0826,0.1855,0.3391,5.8091,SET/20 RED RETROSPOT PAPER NAPKINS,SET OF 72 RETROSPOT PAPER DOILIES
22083,85123A,393,1399,5410,1.0826,0.2809,0.0726,1.885,PAPER CHAIN KIT RETROSPOT,WHITE HANGING HEART T-LIGHT HOLDER
20712,20726,393,1410,1922,1.0826,0.2787,0.2045,5.2644,JUMBO BAG WOODLAND ANIMALS,LUNCH BAG WOODLAND
22083,22086,393,1399,2000,1.0826,0.2809,0.1965,5.0989,PAPER CHAIN KIT RETROSPOT,PAPER CHAIN KIT 50'S CHRISTMAS
22382,23206,393,2153,1035,1.0826,0.1825,0.3797,6.4023,LUNCH BAG SPACEBOY DESIGN,LUNCH BAG APPLE DESIGN
21212,22138,393,3116,1896,1.0826,0.1261,0.2073,2.4148,PACK OF 72 RETROSPOT CAKE CASES,BAKING SET 9 PIECE RETROSPOT
21212,22348,392,3116,956,1.0798,0.1258,0.41,4.7771,PACK OF 72 RETROSPOT CAKE CASES,TEA BAG PLATE RED RETROSPOT
22086,22909,392,2000,1086,1.0798,0.196,0.361,6.5517,PAPER CHAIN KIT 50'S CHRISTMAS,SET OF 20 VINTAGE CHRISTMAS NAPKINS
20712,22379,392,1410,1567,1.0798,0.278,0.2502,6.4406,JUMBO BAG WOODLAND ANIMALS,RECYCLING BAG RETROSPOT
22423,84946,392,3860,1756,1.0798,0.1016,0.2232,2.0994,REGENCY CAKESTAND 3 TIER,ANTIQUE SILVER TEA GLASS ETCHED
22666,85099B,392,1652,3979,1.0798,0.2373,0.0985,2.1649,RECIPE BOX PANTRY YELLOW DESIGN,JUMBO BAG RED RETROSPOT
22383,22423,392,2397,3860,1.0798,0.1635,0.1016,1.538,LUNCH BAG SUKI DESIGN,REGENCY CAKESTAND 3 TIER
21175,21908,392,1656,974,1.0798,0.2367,0.4025,8.8226,GIN + TONIC DIET METAL SIGN,CHOCOLATE THIS WAY METAL SIGN
22385,85099C,391,1246,1867,1.0771,0.3138,0.2094,6.1016,JUMBO BAG SPACEBOY DESIGN,JUMBO BAG BAROQUE BLACK WHITE
20676,20677,391,966,760,1.0771,0.4048,0.5145,19.3338,RED RETROSPOT BOWL,PINK POLKADOT BOWL
20725,22385,391,3055,1246,1.0771,0.128,0.3138,3.7289,LUNCH BAG RED RETROSPOT,JUMBO BAG SPACEBOY DESIGN
23199,23201,391,976,904,1.0771,0.4006,0.4325,16.0875,JUMBO BAG APPLES,JUMBO BAG ALPHABET
21212,84380,391,3116,1113,1.0771,0.1255,0.3513,4.0927,PACK OF 72 RETROSPOT CAKE CASES,SET OF 3 BUTTERFLY COOKIE CUTTERS
21930,22385,391,1317,1246,1.0771,0.2969,0.3138,8.6497,JUMBO STORAGE BAG SKULLS,JUMBO BAG SPACEBOY DESIGN
20723,85123A,391,1379,5410,1.0771,0.2835,0.0723,1.9026,STRAWBERRY CHARLOTTE BAG,WHITE HANGING HEART T-LIGHT HOLDER
84970S,85099B,390,1520,3979,1.0743,0.2566,0.098,2.3409,HANGING HEART ZINC T-LIGHT HOLDER,JUMBO BAG RED RETROSPOT
22633,22866,390,855,1081,1.0743,0.4561,0.3608,15.318,HAND WARMER UNION JACK,HAND WARMER SCOTTY DOG DESIGN
22726,22729,390,1266,612,1.0743,0.3081,0.6373,18.273,ALARM CLOCK BAKELIKE GREEN,ALARM CLOCK BAKELIKE ORANGE
22423,22469,389,3860,2141,1.0716,0.1008,0.1817,1.7087,REGENCY CAKESTAND 3 TIER,HEART OF WICKER SMALL
20717,20718,389,756,1212,1.0716,0.5146,0.321,15.4119,STRAWBERRY SHOPPER BAG,RED RETROSPOT SHOPPER BAG
21669,21671,389,804,726,1.0716,0.4838,0.5358,24.1929,BLUE STRIPE CERAMIC DRAWER KNOB,RED SPOT CERAMIC DRAWER KNOB
20725,21928,389,3055,1538,1.0716,0.1273,0.2529,3.0055,LUNCH BAG RED RETROSPOT,JUMBO BAG SCANDINAVIAN PAISLEY
22197,47566,388,2278,2648,1.0688,0.1703,0.1465,2.335,SMALL POPCORN HOLDER,PARTY BUNTING
21080,22423,388,2119,3860,1.0688,0.1831,0.1005,1.722,SET/20 RED RETROSPOT PAPER NAPKINS,REGENCY CAKESTAND 3 TIER
22296,85123A,387,832,5410,1.0661,0.4651,0.0715,3.1212,HEART IVORY TRELLIS LARGE,WHITE HANGING HEART T-LIGHT HOLDER
21931,22423,387,2326,3860,1.0661,0.1664,0.1003,1.5647,JUMBO STORAGE BAG SUKI,REGENCY CAKESTAND 3 TIER
21974,21977,387,808,1992,1.0661,0.479,0.1943,8.7285,SET OF 36 PAISLEY FLOWER DOILIES,PACK OF 60 PINK PAISLEY CAKE CASES
22077,85049E,387,1751,891,1.0661,0.221,0.4343,9.0049,6 RIBBONS RUSTIC CHARM,SCANDINAVIAN REDS RIBBONS
20727,22423,386,2345,3860,1.0633,0.1646,0.1,1.5481,LUNCH BAG BLACK SKULL.,REGENCY CAKESTAND 3 TIER
20914,21232,386,2019,2426,1.0633,0.1912,0.1591,2.8608,SET/5 RED RETROSPOT LID GLASS BOWLS,STRAWBERRY CERAMIC TRINKET BOX
22470,22694,385,1947,854,1.0605,0.1977,0.4508,8.4056,HEART OF WICKER LARGE,WICKER STAR
21080,47566,385,2119,2648,1.0605,0.1817,0.1454,2.4908,SET/20 RED RETROSPOT PAPER NAPKINS,PARTY BUNTING
20712,21928,385,1410,1538,1.0605,0.273,0.2503,6.4449,JUMBO BAG WOODLAND ANIMALS,JUMBO BAG SCANDINAVIAN PAISLEY
22632,22866,385,777,1081,1.0605,0.4955,0.3562,16.6397,HAND WARMER RED RETROSPOT,HAND WARMER SCOTTY DOG DESIGN
48194,85123A,385,1347,5410,1.0605,0.2858,0.0712,1.9179,DOORMAT HEARTS,WHITE HANGING HEART T-LIGHT HOLDER
21935,22355,385,921,1735,1.0605,0.418,0.2219,8.7465,SUKI SHOULDER BAG,CHARLOTTE BAG SUKI DESIGN
21931,21935,385,2326,921,1.0605,0.1655,0.418,6.5241,JUMBO STORAGE BAG SUKI,SUKI SHOULDER BAG
21231,22423,384,1480,3860,1.0578,0.2595,0.0995,2.4401,SWEETHEART CERAMIC TRINKET BOX,REGENCY CAKESTAND 3 TIER
20723,22384,384,1379,2101,1.0578,0.2785,0.1828,4.8114,STRAWBERRY CHARLOTTE BAG,LUNCH BAG PINK POLKADOT
22385,85099F,384,1246,1854,1.0578,0.3082,0.2071,6.0344,JUMBO BAG SPACEBOY DESIGN,JUMBO BAG STRAWBERRY
22384,22662,384,2101,993,1.0578,0.1828,0.3867,6.6817,LUNCH BAG PINK POLKADOT,LUNCH BAG DOLLY GIRL DESIGN
22355,22423,383,1735,3860,1.055,0.2207,0.0992,2.0761,CHARLOTTE BAG SUKI DESIGN,REGENCY CAKESTAND 3 TIER
22577,22579,383,832,553,1.055,0.4603,0.6926,30.2191,WOODEN HEART CHRISTMAS SCANDINAVIAN,WOODEN TREE CHRISTMAS SCANDINAVIAN
21212,22666,383,3116,1652,1.055,0.1229,0.2318,2.701,PACK OF 72 RETROSPOT CAKE CASES,RECIPE BOX PANTRY YELLOW DESIGN
20727,22197,383,2345,2278,1.055,0.1633,0.1681,2.6028,LUNCH BAG BLACK SKULL.,SMALL POPCORN HOLDER
21672,21673,383,813,762,1.055,0.4711,0.5026,22.4431,WHITE SPOT RED CERAMIC DRAWER KNOB,WHITE SPOT BLUE CERAMIC DRAWER KNOB
21928,85123A,382,1538,5410,1.0523,0.2484,0.0706,1.6666,JUMBO BAG SCANDINAVIAN PAISLEY,WHITE HANGING HEART T-LIGHT HOLDER
20677,21239,382,760,750,1.0523,0.5026,0.5093,24.3287,PINK POLKADOT BOWL,PINK POLKADOT CUP
20727,85099C,382,2345,1867,1.0523,0.1629,0.2046,3.1674,LUNCH BAG BLACK SKULL.,JUMBO BAG BAROQUE BLACK WHITE
20724,22411,382,2035,2190,1.0523,0.1877,0.1744,3.1116,RED RETROSPOT CHARLOTTE BAG,JUMBO SHOPPER VINTAGE RED PAISLEY
20723,21931,381,1379,2326,1.0495,0.2763,0.1638,4.312,STRAWBERRY CHARLOTTE BAG,JUMBO STORAGE BAG SUKI
20718,21212,381,1212,3116,1.0495,0.3144,0.1223,3.6623,RED RETROSPOT SHOPPER BAG,PACK OF 72 RETROSPOT CAKE CASES
22178,85099B,380,1802,3979,1.0468,0.2109,0.0955,1.9239,VICTORIAN GLASS HANGING T-LIGHT,JUMBO BAG RED RETROSPOT
22720,22960,380,1376,1157,1.0468,0.2762,0.3284,8.6649,SET OF 3 CAKE TINS PANTRY DESIGN,JAM MAKING SET WITH JARS
22725,22727,380,547,1362,1.0468,0.6947,0.279,18.5161,ALARM CLOCK BAKELIKE CHOCOLATE,ALARM CLOCK BAKELIKE RED
21212,84988,380,3116,1016,1.0468,0.122,0.374,4.3574,PACK OF 72 RETROSPOT CAKE CASES,SET OF 72 PINK HEART PAPER DOILIES
20727,21232,379,2345,2426,1.044,0.1616,0.1562,2.4184,LUNCH BAG BLACK SKULL.,STRAWBERRY CERAMIC TRINKET BOX
21078,21080,379,740,2119,1.044,0.5122,0.1789,8.7742,SET/20 STRAWBERRY PAPER NAPKINS,SET/20 RED RETROSPOT PAPER NAPKINS
20724,21929,379,2035,1612,1.044,0.1862,0.2351,4.1941,RED RETROSPOT CHARLOTTE BAG,JUMBO BAG PINK VINTAGE PAISLEY
82580,85099B,379,1336,3979,1.044,0.2837,0.0953,2.5881,BATHROOM METAL SIGN,JUMBO BAG RED RETROSPOT
22294,85123A,379,860,5410,1.044,0.4407,0.0701,2.9572,HEART FILIGREE DOVE SMALL,WHITE HANGING HEART T-LIGHT HOLDER
21928,21930,379,1538,1317,1.044,0.2464,0.2878,6.7925,JUMBO BAG SCANDINAVIAN PAISLEY,JUMBO STORAGE BAG SKULLS
20719,21731,379,1572,1525,1.044,0.2411,0.2485,5.7391,WOODLAND CHARLOTTE BAG,RED TOADSTOOL LED NIGHT LIGHT
22111,84029E,379,1683,1141,1.044,0.2252,0.3322,7.1647,SCOTTIE DOG HOT WATER BOTTLE,RED WOOLLY HOTTIE WHITE HEART.
21080,21232,378,2119,2426,1.0413,0.1784,0.1558,2.6693,SET/20 RED RETROSPOT PAPER NAPKINS,STRAWBERRY CERAMIC TRINKET BOX
84755,85123A,378,1250,5410,1.0413,0.3024,0.0699,2.0292,COLOUR GLASS T-LIGHT HOLDER HANGING,WHITE HANGING HEART T-LIGHT HOLDER
21754,22423,378,2061,3860,1.0413,0.1834,0.0979,1.7249,HOME BUILDING BLOCK WORD,REGENCY CAKESTAND 3 TIER
21213,85123A,378,1477,5410,1.0413,0.2559,0.0699,1.7173,PACK OF 72 SKULL CAKE CASES,WHITE HANGING HEART T-LIGHT HOLDER
20726,22386,378,1922,2241,1.0413,0.1967,0.1687,3.1859,LUNCH BAG WOODLAND,JUMBO BAG PINK POLKADOT
21175,85150,377,1656,1109,1.0385,0.2277,0.3399,7.4521,GIN + TONIC DIET METAL SIGN,LADIES & GENTLEMEN METAL SIGN
22663,85099B,377,688,3979,1.0385,0.548,0.0947,4.9993,JUMBO BAG DOLLY GIRL DESIGN,JUMBO BAG RED RETROSPOT
22632,22633,377,777,855,1.0385,0.4852,0.4409,20.6008,HAND WARMER RED RETROSPOT,HAND WARMER UNION JACK
21165,21175,377,965,1656,1.0385,0.3907,0.2277,8.5641,BEWARE OF THE CAT METAL SIGN,GIN + TONIC DIET METAL SIGN
21668,21673,377,825,762,1.0385,0.457,0.4948,21.7702,RED STRIPE CERAMIC DRAWER KNOB,WHITE SPOT BLUE CERAMIC DRAWER KNOB
21931,23199,376,2326,976,1.0358,0.1617,0.3852,6.0126,JUMBO STORAGE BAG SUKI,JUMBO BAG APPLES
21121,21124,376,871,628,1.0358,0.4317,0.5987,24.954,SET/10 RED POLKADOT PARTY CANDLES,SET/10 BLUE SPOTTY PARTY CANDLES
22666,22667,376,1652,845,1.0358,0.2276,0.445,9.778,RECIPE BOX PANTRY YELLOW DESIGN,RECIPE BOX RETROSPOT
22382,22385,376,2153,1246,1.0358,0.1746,0.3018,5.0881,LUNCH BAG SPACEBOY DESIGN,JUMBO BAG SPACEBOY DESIGN
84032A,84032B,375,662,597,1.033,0.5665,0.6281,34.4453,CHARLIE+LOLA PINK HOT WATER BOTTLE,CHARLIE + LOLA RED HOT WATER BOTTLE
20723,22382,375,1379,2153,1.033,0.2719,0.1742,4.5851,STRAWBERRY CHARLOTTE BAG,LUNCH BAG SPACEBOY DESIGN
21212,22411,375,3116,2190,1.033,0.1203,0.1712,1.9949,PACK OF 72 RETROSPOT CAKE CASES,JUMBO SHOPPER VINTAGE RED PAISLEY
20727,23209,375,2345,1096,1.033,0.1599,0.3422,5.2967,LUNCH BAG BLACK SKULL.,LUNCH BAG VINTAGE DOILY
22197,22356,374,2278,1584,1.0302,0.1642,0.2361,3.7626,SMALL POPCORN HOLDER,CHARLOTTE BAG PINK POLKADOT
20725,22352,374,3055,1117,1.0302,0.1224,0.3348,3.9787,LUNCH BAG RED RETROSPOT,LUNCH BOX WITH CUTLERY RETROSPOT
22356,85099F,374,1584,1854,1.0302,0.2361,0.2017,4.6231,CHARLOTTE BAG PINK POLKADOT,JUMBO BAG STRAWBERRY
22149,22150,374,1380,937,1.0302,0.271,0.3991,10.4999,FELTCRAFT 6 FLOWER FRIENDS,3 STRIPEY MICE FELTCRAFT
20713,21928,374,1304,1538,1.0302,0.2868,0.2432,6.7697,JUMBO BAG OWLS,JUMBO BAG SCANDINAVIAN PAISLEY
22077,85099B,374,1751,3979,1.0302,0.2136,0.094,1.9487,6 RIBBONS RUSTIC CHARM,JUMBO BAG RED RETROSPOT
20719,22382,374,1572,2153,1.0302,0.2379,0.1737,4.0115,WOODLAND CHARLOTTE BAG,LUNCH BAG SPACEBOY DESIGN
20724,85099C,373,2035,1867,1.0275,0.1833,0.1998,3.5639,RED RETROSPOT CHARLOTTE BAG,JUMBO BAG BAROQUE BLACK WHITE
20712,20724,373,1410,2035,1.0275,0.2645,0.1833,4.7191,JUMBO BAG WOODLAND ANIMALS,RED RETROSPOT CHARLOTTE BAG
22457,22470,373,2031,1947,1.0275,0.1837,0.1916,3.4242,NATURAL SLATE HEART CHALKBOARD,HEART OF WICKER LARGE
22382,22386,373,2153,2241,1.0275,0.1732,0.1664,2.8064,LUNCH BAG SPACEBOY DESIGN,JUMBO BAG PINK POLKADOT
23206,23207,373,1035,739,1.0275,0.3604,0.5047,17.7033,LUNCH BAG APPLE DESIGN,LUNCH BAG ALPHABET DESIGN
21212,22386,373,3116,2241,1.0275,0.1197,0.1664,1.9391,PACK OF 72 RETROSPOT CAKE CASES,JUMBO BAG PINK POLKADOT
22355,85099F,373,1735,1854,1.0275,0.215,0.2012,4.2095,CHARLOTTE BAG SUKI DESIGN,JUMBO BAG STRAWBERRY
20685,48194,373,1717,1347,1.0275,0.2172,0.2769,5.8547,DOORMAT RED RETROSPOT,DOORMAT HEARTS
22411,22423,372,2190,3860,1.0247,0.1699,0.0964,1.5975,JUMBO SHOPPER VINTAGE RED PAISLEY,REGENCY CAKESTAND 3 TIER
22356,47566,371,1584,2648,1.022,0.2342,0.1401,3.2109,CHARLOTTE BAG PINK POLKADOT,PARTY BUNTING
21212,22139,371,3116,2087,1.022,0.1191,0.1778,2.071,PACK OF 72 RETROSPOT CAKE CASES,RETROSPOT TEA SET CERAMIC 11 PC
85123A,85150,371,5410,1109,1.022,0.0686,0.3345,2.2448,WHITE HANGING HEART T-LIGHT HOLDER,LADIES & GENTLEMEN METAL SIGN
82600,85123A,371,1200,5410,1.022,0.3092,0.0686,2.0746,NO SINGING METAL SIGN,WHITE HANGING HEART T-LIGHT HOLDER
20719,47566,371,1572,2648,1.022,0.236,0.1401,3.2354,WOODLAND CHARLOTTE BAG,PARTY BUNTING
21669,21673,370,804,762,1.0192,0.4602,0.4856,21.9241,BLUE STRIPE CERAMIC DRAWER KNOB,WHITE SPOT BLUE CERAMIC DRAWER KNOB
20675,21240,370,692,769,1.0192,0.5347,0.4811,25.2406,BLUE POLKADOT BOWL,BLUE POLKADOT CUP
22139,85099B,370,2087,3979,1.0192,0.1773,0.093,1.6175,RETROSPOT TEA SET CERAMIC 11 PC,JUMBO BAG RED RETROSPOT
23200,23203,370,594,1230,1.0192,0.6229,0.3008,18.384,JUMBO BAG PEARS,JUMBO BAG VINTAGE DOILY
23201,23203,370,904,1230,1.0192,0.4093,0.3008,12.0798,JUMBO BAG ALPHABET,JUMBO BAG VINTAGE DOILY
21928,22385,369,1538,1246,1.0165,0.2399,0.2961,6.9901,JUMBO BAG SCANDINAVIAN PAISLEY,JUMBO BAG SPACEBOY DESIGN
21385,85123A,369,690,5410,1.0165,0.5348,0.0682,3.5885,IVORY HANGING DECORATION HEART,WHITE HANGING HEART T-LIGHT HOLDER
21932,21933,369,648,623,1.0165,0.5694,0.5923,33.1813,SCANDINAVIAN PAISLEY PICNIC BAG,PINK VINTAGE PAISLEY PICNIC BAG
20726,23206,369,1922,1035,1.0165,0.192,0.3565,6.7338,LUNCH BAG WOODLAND,LUNCH BAG APPLE DESIGN
21977,22197,369,1992,2278,1.0165,0.1852,0.162,2.952,PACK OF 60 PINK PAISLEY CAKE CASES,SMALL POPCORN HOLDER
20718,21931,369,1212,2326,1.0165,0.3045,0.1586,4.7517,RED RETROSPOT SHOPPER BAG,JUMBO STORAGE BAG SUKI
48187,85123A,369,1276,5410,1.0165,0.2892,0.0682,1.9405,DOORMAT NEW ENGLAND,WHITE HANGING HEART T-LIGHT HOLDER
22355,22411,369,1735,2190,1.0165,0.2127,0.1685,3.5254,CHARLOTTE BAG SUKI DESIGN,JUMBO SHOPPER VINTAGE RED PAISLEY
20725,22326,369,3055,1390,1.0165,0.1208,0.2655,3.1545,LUNCH BAG RED RETROSPOT,ROUND SNACK BOXES SET OF4 WOODLAND
21975,21976,368,1302,950,1.0137,0.2826,0.3874,10.8005,PACK OF 60 DINOSAUR CAKE CASES,PACK OF 60 MUSHROOM CAKE CASES
22086,22197,368,2000,2278,1.0137,0.184,0.1615,2.9322,PAPER CHAIN KIT 50'S CHRISTMAS,SMALL POPCORN HOLDER
22197,22411,368,2278,2190,1.0137,0.1615,0.168,2.6778,SMALL POPCORN HOLDER,JUMBO SHOPPER VINTAGE RED PAISLEY
20724,21080,368,2035,2119,1.0137,0.1808,0.1737,3.098,RED RETROSPOT CHARLOTTE BAG,SET/20 RED RETROSPOT PAPER NAPKINS
20914,21080,368,2019,2119,1.0137,0.1823,0.1737,3.1226,SET/5 RED RETROSPOT LID GLASS BOWLS,SET/20 RED RETROSPOT PAPER NAPKINS
20727,22411,367,2345,2190,1.011,0.1565,0.1676,2.5942,LUNCH BAG BLACK SKULL.,JUMBO SHOPPER VINTAGE RED PAISLEY
20728,23206,367,2063,1035,1.011,0.1779,0.3546,6.2396,LUNCH BAG CARS BLUE,LUNCH BAG APPLE DESIGN
22114,84029E,367,1578,1141,1.011,0.2326,0.3216,7.3995,HOT WATER BOTTLE TEA AND SYMPATHY,RED WOOLLY HOTTIE WHITE HEART.
21731,85123A,367,1525,5410,1.011,0.2407,0.0678,1.6148,RED TOADSTOOL LED NIGHT LIGHT,WHITE HANGING HEART T-LIGHT HOLDER
21621,85123A,367,1275,5410,1.011,0.2878,0.0678,1.9315,VINTAGE UNION JACK BUNTING,WHITE HANGING HEART T-LIGHT HOLDER
21175,85099B,367,1656,3979,1.011,0.2216,0.0922,2.0219,GIN + TONIC DIET METAL SIGN,JUMBO BAG RED RETROSPOT
21670,21672,367,766,813,1.011,0.4791,0.4514,21.3933,BLUE SPOT CERAMIC DRAWER KNOB,WHITE SPOT RED CERAMIC DRAWER KNOB
21901,21902,366,687,474,1.0082,0.5328,0.7722,40.8015,"KEY FOB , BACK DOOR","KEY FOB , FRONT DOOR"
47566,84991,366,2648,2126,1.0082,0.1382,0.1722,2.3601,PARTY BUNTING,60 TEATIME FAIRY CAKE CASES
22383,23209,366,2397,1096,1.0082,0.1527,0.3339,5.0575,LUNCH BAG SUKI DESIGN,LUNCH BAG VINTAGE DOILY
22556,22557,366,1196,1125,1.0082,0.306,0.3253,9.8748,PLASTERS IN TIN CIRCUS PARADE,PLASTERS IN TIN VINTAGE PAISLEY
22356,22423,366,1584,3860,1.0082,0.2311,0.0948,2.173,CHARLOTTE BAG PINK POLKADOT,REGENCY CAKESTAND 3 TIER
21094,21212,366,984,3116,1.0082,0.372,0.1175,4.3333,SET/6 RED SPOTTY PAPER PLATES,PACK OF 72 RETROSPOT CAKE CASES
20724,21731,366,2035,1525,1.0082,0.1799,0.24,4.2813,RED RETROSPOT CHARLOTTE BAG,RED TOADSTOOL LED NIGHT LIGHT
84406B,85123A,366,838,5410,1.0082,0.4368,0.0677,2.9307,CREAM CUPID HEARTS COAT HANGER,WHITE HANGING HEART T-LIGHT HOLDER
15056N,20679,365,1139,714,1.0055,0.3205,0.5112,16.293,EDWARDIAN PARASOL NATURAL,EDWARDIAN PARASOL RED
23199,23206,365,976,1035,1.0055,0.374,0.3527,13.117,JUMBO BAG APPLES,LUNCH BAG APPLE DESIGN
84997A,84997C,365,670,1021,1.0055,0.5448,0.3575,19.3697,GREEN 3 PIECE MINI DOTS CUTLERY SET,BLUE 3 PIECE MINI DOTS CUTLERY SET
22386,23199,365,2241,976,1.0055,0.1629,0.374,6.058,JUMBO BAG PINK POLKADOT,JUMBO BAG APPLES
21080,21931,365,2119,2326,1.0055,0.1723,0.1569,2.6883,SET/20 RED RETROSPOT PAPER NAPKINS,JUMBO STORAGE BAG SUKI
21669,21672,364,804,813,1.0027,0.4527,0.4477,20.2155,BLUE STRIPE CERAMIC DRAWER KNOB,WHITE SPOT RED CERAMIC DRAWER KNOB
21212,84946,364,3116,1756,1.0027,0.1168,0.2073,2.415,PACK OF 72 RETROSPOT CAKE CASES,ANTIQUE SILVER TEA GLASS ETCHED
82583,85123A,364,1174,5410,1.0027,0.3101,0.0673,2.0805,HOT BATHS METAL SIGN,WHITE HANGING HEART T-LIGHT HOLDER
23199,23202,364,976,879,1.0027,0.373,0.4141,15.4026,JUMBO BAG APPLES,JUMBO BAG VINTAGE LEAF
22197,22666,364,2278,1652,1.0027,0.1598,0.2203,3.5113,SMALL POPCORN HOLDER,RECIPE BOX PANTRY YELLOW DESIGN
21485,84029E,363,1383,1141,0.9999,0.2625,0.3181,8.3508,RETROSPOT HEART HOT WATER BOTTLE,RED WOOLLY HOTTIE WHITE HEART.
20725,21731,363,3055,1525,0.9999,0.1188,0.238,2.8285,LUNCH BAG RED RETROSPOT,RED TOADSTOOL LED NIGHT LIGHT
22147,22150,363,1131,937,0.9999,0.321,0.3874,12.4347,FELTCRAFT BUTTERFLY HEARTS,3 STRIPEY MICE FELTCRAFT
22271,22274,363,787,656,0.9999,0.4612,0.5534,25.5246,FELTCRAFT DOLL ROSIE,FELTCRAFT DOLL EMILY
22697,85123A,363,1352,5410,0.9999,0.2685,0.0671,1.8016,GREEN REGENCY TEACUP AND SAUCER,WHITE HANGING HEART T-LIGHT HOLDER
20719,22197,363,1572,2278,0.9999,0.2309,0.1594,3.6799,WOODLAND CHARLOTTE BAG,SMALL POPCORN HOLDER
82551,82552,363,751,791,0.9999,0.4834,0.4589,22.183,LAUNDRY 15C METAL SIGN,WASHROOM METAL SIGN
22112,84029E,362,1713,1141,0.9972,0.2113,0.3173,6.7235,CHOCOLATE HOT WATER BOTTLE,RED WOOLLY HOTTIE WHITE HEART.
21166,82600,362,1420,1200,0.9972,0.2549,0.3017,7.712,COOK WITH WINE METAL SIGN,NO SINGING METAL SIGN
20711,85099F,362,1052,1854,0.9972,0.3441,0.1953,6.7377,JUMBO BAG TOYS,JUMBO BAG STRAWBERRY
21485,22114,362,1383,1578,0.9972,0.2617,0.2294,6.0216,RETROSPOT HEART HOT WATER BOTTLE,HOT WATER BOTTLE TEA AND SYMPATHY
22423,22727,361,3860,1362,0.9944,0.0935,0.2651,2.4927,REGENCY CAKESTAND 3 TIER,ALARM CLOCK BAKELIKE RED
22555,22557,361,966,1125,0.9944,0.3737,0.3209,12.0589,PLASTERS IN TIN STRONGMAN,PLASTERS IN TIN VINTAGE PAISLEY
22382,22629,361,2153,1367,0.9944,0.1677,0.2641,4.4527,LUNCH BAG SPACEBOY DESIGN,SPACEBOY LUNCH BOX
23206,23208,361,1035,666,0.9944,0.3488,0.542,19.0118,LUNCH BAG APPLE DESIGN,LUNCH BAG VINTAGE LEAF DESIGN
22464,85123A,361,781,5410,0.9944,0.4622,0.0667,3.1016,HANGING METAL HEART LANTERN,WHITE HANGING HEART T-LIGHT HOLDER
20685,21212,361,1717,3116,0.9944,0.2103,0.1159,2.4495,DOORMAT RED RETROSPOT,PACK OF 72 RETROSPOT CAKE CASES
20723,21232,361,1379,2426,0.9944,0.2618,0.1488,3.9173,STRAWBERRY CHARLOTTE BAG,STRAWBERRY CERAMIC TRINKET BOX
21174,21175,360,1134,1656,0.9917,0.3175,0.2174,6.9592,POTTERING IN THE SHED METAL SIGN,GIN + TONIC DIET METAL SIGN
22699,85123A,360,1420,5410,0.9917,0.2535,0.0665,1.7012,ROSES REGENCY TEACUP AND SAUCER,WHITE HANGING HEART T-LIGHT HOLDER
84879,84946,360,2796,1756,0.9917,0.1288,0.205,2.6618,ASSORTED COLOUR BIRD ORNAMENT,ANTIQUE SILVER TEA GLASS ETCHED
20719,22326,359,1572,1390,0.9889,0.2284,0.2583,5.9643,WOODLAND CHARLOTTE BAG,ROUND SNACK BOXES SET OF4 WOODLAND
22355,84991,359,1735,2126,0.9889,0.2069,0.1689,3.5332,CHARLOTTE BAG SUKI DESIGN,60 TEATIME FAIRY CAKE CASES
20718,85123A,359,1212,5410,0.9889,0.2962,0.0664,1.9876,RED RETROSPOT SHOPPER BAG,WHITE HANGING HEART T-LIGHT HOLDER
20713,21930,359,1304,1317,0.9889,0.2753,0.2726,7.5886,JUMBO BAG OWLS,JUMBO STORAGE BAG SKULLS
20727,84991,359,2345,2126,0.9889,0.1531,0.1689,2.6141,LUNCH BAG BLACK SKULL.,60 TEATIME FAIRY CAKE CASES
20728,22411,358,2063,2190,0.9862,0.1735,0.1635,2.8765,LUNCH BAG CARS BLUE,JUMBO SHOPPER VINTAGE RED PAISLEY
22423,82494L,358,3860,2055,0.9862,0.0927,0.1742,1.6384,REGENCY CAKESTAND 3 TIER,WOODEN FRAME ANTIQUE WHITE
21212,22178,358,3116,1802,0.9862,0.1149,0.1987,2.3145,PACK OF 72 RETROSPOT CAKE CASES,VICTORIAN GLASS HANGING T-LIGHT
22086,85099B,357,2000,3979,0.9834,0.1785,0.0897,1.6285,PAPER CHAIN KIT 50'S CHRISTMAS,JUMBO BAG RED RETROSPOT
84988,85123A,357,1016,5410,0.9834,0.3514,0.066,2.3578,SET OF 72 PINK HEART PAPER DOILIES,WHITE HANGING HEART T-LIGHT HOLDER
22747,22748,357,402,742,0.9834,0.8881,0.4811,43.4479,POPPY'S PLAYHOUSE BATHROOM,POPPY'S PLAYHOUSE KITCHEN
21080,22197,357,2119,2278,0.9834,0.1685,0.1567,2.6848,SET/20 RED RETROSPOT PAPER NAPKINS,SMALL POPCORN HOLDER
47566,84879,357,2648,2796,0.9834,0.1348,0.1277,1.7504,PARTY BUNTING,ASSORTED COLOUR BIRD ORNAMENT
84029E,84029G,357,1141,1007,0.9834,0.3129,0.3545,11.2793,RED WOOLLY HOTTIE WHITE HEART.,KNITTED UNION FLAG HOT WATER BOTTLE
22273,22274,357,809,656,0.9834,0.4413,0.5442,24.42,FELTCRAFT DOLL MOLLY,FELTCRAFT DOLL EMILY
20724,21977,357,2035,1992,0.9834,0.1754,0.1792,3.197,RED RETROSPOT CHARLOTTE BAG,PACK OF 60 PINK PAISLEY CAKE CASES
22352,85099B,357,1117,3979,0.9834,0.3196,0.0897,2.9159,LUNCH BOX WITH CUTLERY RETROSPOT,JUMBO BAG RED RETROSPOT
22379,22380,357,1567,688,0.9834,0.2278,0.5189,12.021,RECYCLING BAG RETROSPOT,TOY TIDY SPACEBOY
21929,22385,357,1612,1246,0.9834,0.2215,0.2865,6.4523,JUMBO BAG PINK VINTAGE PAISLEY,JUMBO BAG SPACEBOY DESIGN
20972,22149,357,1394,1380,0.9834,0.2561,0.2587,6.7369,PINK CREAM FELT CRAFT TRINKET BOX,FELTCRAFT 6 FLOWER FRIENDS
22178,47566,357,1802,2648,0.9834,0.1981,0.1348,2.716,VICTORIAN GLASS HANGING T-LIGHT,PARTY BUNTING
21212,22086,356,3116,2000,0.9807,0.1142,0.178,2.0737,PACK OF 72 RETROSPOT CAKE CASES,PAPER CHAIN KIT 50'S CHRISTMAS
20726,85099F,356,1922,1854,0.9807,0.1852,0.192,3.6267,LUNCH BAG WOODLAND,JUMBO BAG STRAWBERRY
22379,85099F,356,1567,1854,0.9807,0.2272,0.192,4.4484,RECYCLING BAG RETROSPOT,JUMBO BAG STRAWBERRY
84992,85099B,355,1459,3979,0.9779,0.2433,0.0892,2.2199,72 SWEETHEART FAIRY CAKE CASES,JUMBO BAG RED RETROSPOT
20914,84991,355,2019,2126,0.9779,0.1758,0.167,3.0023,SET/5 RED RETROSPOT LID GLASS BOWLS,60 TEATIME FAIRY CAKE CASES
22178,84879,355,1802,2796,0.9779,0.197,0.127,2.5578,VICTORIAN GLASS HANGING T-LIGHT,ASSORTED COLOUR BIRD ORNAMENT
21212,84879,355,3116,2796,0.9779,0.1139,0.127,1.4792,PACK OF 72 RETROSPOT CAKE CASES,ASSORTED COLOUR BIRD ORNAMENT
20724,22661,355,2035,631,0.9779,0.1744,0.5626,10.0361,RED RETROSPOT CHARLOTTE BAG,CHARLOTTE BAG DOLLY GIRL DESIGN
22383,84991,355,2397,2126,0.9779,0.1481,0.167,2.5289,LUNCH BAG SUKI DESIGN,60 TEATIME FAIRY CAKE CASES
22633,22867,355,855,1052,0.9779,0.4152,0.3375,14.3277,HAND WARMER UNION JACK,HAND WARMER BIRD DESIGN
22090,22423,355,1698,3860,0.9779,0.2091,0.092,1.9662,PAPER BUNTING RETROSPOT,REGENCY CAKESTAND 3 TIER
21232,22379,355,2426,1567,0.9779,0.1463,0.2265,3.39,STRAWBERRY CERAMIC TRINKET BOX,RECYCLING BAG RETROSPOT
21175,22413,354,1656,880,0.9752,0.2138,0.4023,8.8184,GIN + TONIC DIET METAL SIGN,METAL SIGN TAKE IT OR LEAVE IT
20712,85123A,354,1410,5410,0.9752,0.2511,0.0654,1.6847,JUMBO BAG WOODLAND ANIMALS,WHITE HANGING HEART T-LIGHT HOLDER
21212,22457,354,3116,2031,0.9752,0.1136,0.1743,2.0306,PACK OF 72 RETROSPOT CAKE CASES,NATURAL SLATE HEART CHALKBOARD
22355,22386,354,1735,2241,0.9752,0.204,0.158,3.3052,CHARLOTTE BAG SUKI DESIGN,JUMBO BAG PINK POLKADOT
22624,22627,354,1214,653,0.9752,0.2916,0.5421,16.2107,IVORY KITCHEN SCALES,MINT KITCHEN SCALES
22355,22379,354,1735,1567,0.9752,0.204,0.2259,4.7268,CHARLOTTE BAG SUKI DESIGN,RECYCLING BAG RETROSPOT
20727,47566,354,2345,2648,0.9752,0.151,0.1337,2.0695,LUNCH BAG BLACK SKULL.,PARTY BUNTING
22725,22726,353,547,1266,0.9724,0.6453,0.2788,18.5048,ALARM CLOCK BAKELIKE CHOCOLATE,ALARM CLOCK BAKELIKE GREEN
20725,21559,353,3055,1219,0.9724,0.1155,0.2896,3.441,LUNCH BAG RED RETROSPOT,STRAWBERRY LUNCH BOX WITH CUTLERY
22728,22730,353,968,744,0.9724,0.3647,0.4745,17.7933,ALARM CLOCK BAKELIKE PINK,ALARM CLOCK BAKELIKE IVORY
22746,22747,352,564,402,0.9696,0.6241,0.8756,56.3596,POPPY'S PLAYHOUSE LIVINGROOM,POPPY'S PLAYHOUSE BATHROOM
20719,22384,352,1572,2101,0.9696,0.2239,0.1675,3.869,WOODLAND CHARLOTTE BAG,LUNCH BAG PINK POLKADOT
22423,84692,352,3860,1121,0.9696,0.0912,0.314,2.9531,REGENCY CAKESTAND 3 TIER,BOX OF 24 COCKTAIL PARASOLS
21754,85099B,352,2061,3979,0.9696,0.1708,0.0885,1.5582,HOME BUILDING BLOCK WORD,JUMBO BAG RED RETROSPOT
22380,22381,352,688,1099,0.9696,0.5116,0.3203,16.9,TOY TIDY SPACEBOY,TOY TIDY PINK POLKADOT
21216,21218,352,797,896,0.9696,0.4417,0.3929,17.894,"SET 3 RETROSPOT TEA,COFFEE,SUGAR",RED SPOTTY BISCUIT TIN
21231,85099B,351,1480,3979,0.9669,0.2372,0.0882,2.1637,SWEETHEART CERAMIC TRINKET BOX,JUMBO BAG RED RETROSPOT
22457,47566,351,2031,2648,0.9669,0.1728,0.1326,2.3692,NATURAL SLATE HEART CHALKBOARD,PARTY BUNTING
21935,85123A,351,921,5410,0.9669,0.3811,0.0649,2.5573,SUKI SHOULDER BAG,WHITE HANGING HEART T-LIGHT HOLDER
21174,21181,350,1134,1796,0.9641,0.3086,0.1949,6.2385,POTTERING IN THE SHED METAL SIGN,PLEASE ONE PERSON METAL SIGN
21524,48187,350,1149,1276,0.9641,0.3046,0.2743,8.6662,DOORMAT SPOTTY HOME SWEET HOME,DOORMAT NEW ENGLAND
22644,22646,350,607,876,0.9641,0.5766,0.3995,23.8949,CERAMIC CHERRY CAKE MONEY BANK,CERAMIC STRAWBERRY CAKE MONEY BANK
21213,22355,350,1477,1735,0.9641,0.237,0.2017,4.9581,PACK OF 72 SKULL CAKE CASES,CHARLOTTE BAG SUKI DESIGN
21931,47566,350,2326,2648,0.9641,0.1505,0.1322,2.0629,JUMBO STORAGE BAG SUKI,PARTY BUNTING
21175,82583,349,1656,1174,0.9614,0.2107,0.2973,6.5167,GIN + TONIC DIET METAL SIGN,HOT BATHS METAL SIGN
22384,23206,349,2101,1035,0.9614,0.1661,0.3372,5.8263,LUNCH BAG PINK POLKADOT,LUNCH BAG APPLE DESIGN
20726,22411,349,1922,2190,0.9614,0.1816,0.1594,3.0099,LUNCH BAG WOODLAND,JUMBO SHOPPER VINTAGE RED PAISLEY
20725,22469,349,3055,2141,0.9614,0.1142,0.163,1.937,LUNCH BAG RED RETROSPOT,HEART OF WICKER SMALL
22417,84992,348,1102,1459,0.9586,0.3158,0.2385,7.8573,PACK OF 60 SPACEBOY CAKE CASES,72 SWEETHEART FAIRY CAKE CASES
85150,85152,348,1109,1455,0.9586,0.3138,0.2392,7.8292,LADIES & GENTLEMEN METAL SIGN,HAND OVER THE CHOCOLATE SIGN
22141,22144,348,572,701,0.9586,0.6084,0.4964,31.5062,CHRISTMAS CRAFT TREE TOP ANGEL,CHRISTMAS CRAFT LITTLE FRIENDS
21212,21929,348,3116,1612,0.9586,0.1117,0.2159,2.5151,PACK OF 72 RETROSPOT CAKE CASES,JUMBO BAG PINK VINTAGE PAISLEY
22383,22385,348,2397,1246,0.9586,0.1452,0.2793,4.2298,LUNCH BAG SUKI DESIGN,JUMBO BAG SPACEBOY DESIGN
22384,85099C,348,2101,1867,0.9586,0.1656,0.1864,3.2206,LUNCH BAG PINK POLKADOT,JUMBO BAG BAROQUE BLACK WHITE
84879,85099B,347,2796,3979,0.9559,0.1241,0.0872,1.1323,ASSORTED COLOUR BIRD ORNAMENT,JUMBO BAG RED RETROSPOT
22745,22747,347,703,402,0.9559,0.4936,0.8632,44.5737,POPPY'S PLAYHOUSE BEDROOM,POPPY'S PLAYHOUSE BATHROOM
20723,22197,347,1379,2278,0.9559,0.2516,0.1523,4.01,STRAWBERRY CHARLOTTE BAG,SMALL POPCORN HOLDER
48138,85099B,347,1638,3979,0.9559,0.2118,0.0872,1.9327,DOORMAT UNION FLAG,JUMBO BAG RED RETROSPOT
22665,22666,347,702,1652,0.9559,0.4943,0.21,10.8621,RECIPE BOX BLUE SKETCHBOOK DESIGN,RECIPE BOX PANTRY YELLOW DESIGN
22720,22961,347,1376,1188,0.9559,0.2522,0.2921,7.7059,SET OF 3 CAKE TINS PANTRY DESIGN,JAM MAKING SET PRINTED
22469,47566,347,2141,2648,0.9559,0.1621,0.131,2.2219,HEART OF WICKER SMALL,PARTY BUNTING
22196,85099B,346,981,3979,0.9531,0.3527,0.087,3.2178,SMALL HEART MEASURING SPOONS,JUMBO BAG RED RETROSPOT
21232,22383,346,2426,2397,0.9531,0.1426,0.1443,2.16,STRAWBERRY CERAMIC TRINKET BOX,LUNCH BAG SUKI DESIGN
21213,21976,346,1477,950,0.9531,0.2343,0.3642,8.9516,PACK OF 72 SKULL CAKE CASES,PACK OF 60 MUSHROOM CAKE CASES
21212,22326,346,3116,1390,0.9531,0.111,0.2489,2.9,PACK OF 72 RETROSPOT CAKE CASES,ROUND SNACK BOXES SET OF4 WOODLAND
20724,21213,346,2035,1477,0.9531,0.17,0.2343,4.1789,RED RETROSPOT CHARLOTTE BAG,PACK OF 72 SKULL CAKE CASES
21174,85152,345,1134,1455,0.9504,0.3042,0.2371,7.5906,POTTERING IN THE SHED METAL SIGN,HAND OVER THE CHOCOLATE SIGN
21791,21889,345,1312,1121,0.9504,0.263,0.3078,8.5155,VINTAGE HEADS AND TAILS CARD GAME,WOODEN BOX OF DOMINOES
21790,22197,345,1885,2278,0.9504,0.183,0.1514,2.9167,VINTAGE SNAP CARDS,SMALL POPCORN HOLDER
20676,21242,345,966,657,0.9504,0.3571,0.5251,19.7336,RED RETROSPOT BOWL,RED RETROSPOT PLATE
22632,22867,344,777,1052,0.9476,0.4427,0.327,15.2775,HAND WARMER RED RETROSPOT,HAND WARMER BIRD DESIGN
21523,85123A,344,1120,5410,0.9476,0.3071,0.0636,2.061,DOORMAT FANCY FONT HOME SWEET HOME,WHITE HANGING HEART T-LIGHT HOLDER
21977,47566,344,1992,2648,0.9476,0.1727,0.1299,2.3675,PACK OF 60 PINK PAISLEY CAKE CASES,PARTY BUNTING
21213,21232,344,1477,2426,0.9476,0.2329,0.1418,3.4851,PACK OF 72 SKULL CAKE CASES,STRAWBERRY CERAMIC TRINKET BOX
84978,85099B,344,1417,3979,0.9476,0.2428,0.0865,2.2149,HANGING HEART JAR T-LIGHT HOLDER,JUMBO BAG RED RETROSPOT
21231,84991,344,1480,2126,0.9476,0.2324,0.1618,3.9688,SWEETHEART CERAMIC TRINKET BOX,60 TEATIME FAIRY CAKE CASES
84970S,84978,344,1520,1417,0.9476,0.2263,0.2428,5.798,HANGING HEART ZINC T-LIGHT HOLDER,HANGING HEART JAR T-LIGHT HOLDER
21212,22951,343,3116,633,0.9449,0.1101,0.5419,6.3128,PACK OF 72 RETROSPOT CAKE CASES,60 CAKE CASES DOLLY GIRL DESIGN
22423,85099F,343,3860,1854,0.9449,0.0889,0.185,1.7399,REGENCY CAKESTAND 3 TIER,JUMBO BAG STRAWBERRY
22178,84978,343,1802,1417,0.9449,0.1903,0.2421,4.8764,VICTORIAN GLASS HANGING T-LIGHT,HANGING HEART JAR T-LIGHT HOLDER
20711,21928,343,1052,1538,0.9449,0.326,0.223,7.6958,JUMBO BAG TOYS,JUMBO BAG SCANDINAVIAN PAISLEY
22423,82482,343,3860,1999,0.9449,0.0889,0.1716,1.6137,REGENCY CAKESTAND 3 TIER,WOODEN PICTURE FRAME WHITE FINISH
22112,84029G,343,1713,1007,0.9449,0.2002,0.3406,7.2183,CHOCOLATE HOT WATER BOTTLE,KNITTED UNION FLAG HOT WATER BOTTLE
22382,23209,343,2153,1096,0.9449,0.1593,0.313,5.2768,LUNCH BAG SPACEBOY DESIGN,LUNCH BAG VINTAGE DOILY
22197,22386,343,2278,2241,0.9449,0.1506,0.1531,2.4391,SMALL POPCORN HOLDER,JUMBO BAG PINK POLKADOT
22384,23209,343,2101,1096,0.9449,0.1633,0.313,5.4074,LUNCH BAG PINK POLKADOT,LUNCH BAG VINTAGE DOILY
21213,85099B,343,1477,3979,0.9449,0.2322,0.0862,2.1187,PACK OF 72 SKULL CAKE CASES,JUMBO BAG RED RETROSPOT
23208,23209,342,666,1096,0.9421,0.5135,0.312,17.0087,LUNCH BAG VINTAGE LEAF DESIGN,LUNCH BAG VINTAGE DOILY
22382,22411,342,2153,2190,0.9421,0.1588,0.1562,2.6331,LUNCH BAG SPACEBOY DESIGN,JUMBO SHOPPER VINTAGE RED PAISLEY
20674,20676,342,463,966,0.9421,0.7387,0.354,27.7587,GREEN POLKADOT BOWL,RED RETROSPOT BOWL
22630,85099B,342,1333,3979,0.9421,0.2566,0.086,2.3407,DOLLY GIRL LUNCH BOX,JUMBO BAG RED RETROSPOT
21931,84991,342,2326,2126,0.9421,0.147,0.1609,2.5106,JUMBO STORAGE BAG SUKI,60 TEATIME FAIRY CAKE CASES
22178,22457,342,1802,2031,0.9421,0.1898,0.1684,3.3923,VICTORIAN GLASS HANGING T-LIGHT,NATURAL SLATE HEART CHALKBOARD
20713,22385,342,1304,1246,0.9421,0.2623,0.2745,7.6412,JUMBO BAG OWLS,JUMBO BAG SPACEBOY DESIGN
82583,85152,342,1174,1455,0.9421,0.2913,0.2351,7.2682,HOT BATHS METAL SIGN,HAND OVER THE CHOCOLATE SIGN
22666,22960,341,1652,1157,0.9393,0.2064,0.2947,6.4765,RECIPE BOX PANTRY YELLOW DESIGN,JAM MAKING SET WITH JARS
22149,85123A,341,1380,5410,0.9393,0.2471,0.063,1.6581,FELTCRAFT 6 FLOWER FRIENDS,WHITE HANGING HEART T-LIGHT HOLDER
85049A,85049E,341,717,891,0.9393,0.4756,0.3827,19.3771,TRADITIONAL CHRISTMAS RIBBONS,SCANDINAVIAN REDS RIBBONS
82494L,85099B,341,2055,3979,0.9393,0.1659,0.0857,1.5139,WOODEN FRAME ANTIQUE WHITE,JUMBO BAG RED RETROSPOT
21929,22423,340,1612,3860,0.9366,0.2109,0.0881,1.9836,JUMBO BAG PINK VINTAGE PAISLEY,REGENCY CAKESTAND 3 TIER
21212,22558,340,3116,1196,0.9366,0.1091,0.2843,3.3119,PACK OF 72 RETROSPOT CAKE CASES,CLOTHES PEGS RETROSPOT PACK 24
22356,84991,340,1584,2126,0.9366,0.2146,0.1599,3.6651,CHARLOTTE BAG PINK POLKADOT,60 TEATIME FAIRY CAKE CASES
22139,22423,340,2087,3860,0.9366,0.1629,0.0881,1.5321,RETROSPOT TEA SET CERAMIC 11 PC,REGENCY CAKESTAND 3 TIER
20725,22090,340,3055,1698,0.9366,0.1113,0.2002,2.3794,LUNCH BAG RED RETROSPOT,PAPER BUNTING RETROSPOT
21559,85099B,340,1219,3979,0.9366,0.2789,0.0854,2.5447,STRAWBERRY LUNCH BOX WITH CUTLERY,JUMBO BAG RED RETROSPOT
21174,85099B,340,1134,3979,0.9366,0.2998,0.0854,2.7354,POTTERING IN THE SHED METAL SIGN,JUMBO BAG RED RETROSPOT
22629,85099B,340,1367,3979,0.9366,0.2487,0.0854,2.2692,SPACEBOY LUNCH BOX,JUMBO BAG RED RETROSPOT
21930,22383,340,1317,2397,0.9366,0.2582,0.1418,3.9098,JUMBO STORAGE BAG SKULLS,LUNCH BAG SUKI DESIGN
22355,22661,339,1735,631,0.9338,0.1954,0.5372,11.2409,CHARLOTTE BAG SUKI DESIGN,CHARLOTTE BAG DOLLY GIRL DESIGN
20972,22147,339,1394,1131,0.9338,0.2432,0.2997,7.8056,PINK CREAM FELT CRAFT TRINKET BOX,FELTCRAFT BUTTERFLY HEARTS
21929,22355,339,1612,1735,0.9338,0.2103,0.1954,4.4001,JUMBO BAG PINK VINTAGE PAISLEY,CHARLOTTE BAG SUKI DESIGN
20728,85099F,339,2063,1854,0.9338,0.1643,0.1828,3.2175,LUNCH BAG CARS BLUE,JUMBO BAG STRAWBERRY
20723,47566,338,1379,2648,0.9311,0.2451,0.1276,3.3602,STRAWBERRY CHARLOTTE BAG,PARTY BUNTING
22379,22423,338,1567,3860,0.9311,0.2157,0.0876,2.0286,RECYCLING BAG RETROSPOT,REGENCY CAKESTAND 3 TIER
21239,21243,338,750,503,0.9311,0.4507,0.672,32.5251,PINK POLKADOT CUP,PINK POLKADOT PLATE
20713,85123A,338,1304,5410,0.9311,0.2592,0.0625,1.7393,JUMBO BAG OWLS,WHITE HANGING HEART T-LIGHT HOLDER
21232,84992,338,2426,1459,0.9311,0.1393,0.2317,3.4666,STRAWBERRY CERAMIC TRINKET BOX,72 SWEETHEART FAIRY CAKE CASES
22457,84946,337,2031,1756,0.9283,0.1659,0.1919,3.4303,NATURAL SLATE HEART CHALKBOARD,ANTIQUE SILVER TEA GLASS ETCHED
21754,82494L,337,2061,2055,0.9283,0.1635,0.164,2.8885,HOME BUILDING BLOCK WORD,WOODEN FRAME ANTIQUE WHITE
22666,22961,337,1652,1188,0.9283,0.204,0.2837,6.2335,RECIPE BOX PANTRY YELLOW DESIGN,JAM MAKING SET PRINTED
20972,85123A,337,1394,5410,0.9283,0.2418,0.0623,1.6222,PINK CREAM FELT CRAFT TRINKET BOX,WHITE HANGING HEART T-LIGHT HOLDER
22197,22457,337,2278,2031,0.9283,0.1479,0.1659,2.6442,SMALL POPCORN HOLDER,NATURAL SLATE HEART CHALKBOARD
22197,84991,337,2278,2126,0.9283,0.1479,0.1585,2.5261,SMALL POPCORN HOLDER,60 TEATIME FAIRY CAKE CASES
22367,22382,337,1156,2153,0.9283,0.2915,0.1565,4.9154,CHILDRENS APRON SPACEBOY DESIGN,LUNCH BAG SPACEBOY DESIGN
21429,85123A,337,995,5410,0.9283,0.3387,0.0623,2.2727,RED GINGHAM ROSE JEWELLERY BOX,WHITE HANGING HEART T-LIGHT HOLDER
20713,21929,337,1304,1612,0.9283,0.2584,0.2091,5.8199,JUMBO BAG OWLS,JUMBO BAG PINK VINTAGE PAISLEY
20725,84997D,337,3055,1165,0.9283,0.1103,0.2893,3.4373,LUNCH BAG RED RETROSPOT,PINK 3 PIECE MINI DOTS CUTLERY SET
84988,85099B,337,1016,3979,0.9283,0.3317,0.0847,3.0262,SET OF 72 PINK HEART PAPER DOILIES,JUMBO BAG RED RETROSPOT
22219,85099B,337,1149,3979,0.9283,0.2933,0.0847,2.6759,LOVEBIRD HANGING DECORATION WHITE,JUMBO BAG RED RETROSPOT
22469,82494L,336,2141,2055,0.9256,0.1569,0.1635,2.7723,HEART OF WICKER SMALL,WOODEN FRAME ANTIQUE WHITE
20725,84992,336,3055,1459,0.9256,0.11,0.2303,2.7365,LUNCH BAG RED RETROSPOT,72 SWEETHEART FAIRY CAKE CASES
20717,85099B,336,756,3979,0.9256,0.4444,0.0844,4.0548,STRAWBERRY SHOPPER BAG,JUMBO BAG RED RETROSPOT
21754,21756,336,2061,578,0.9256,0.163,0.5813,10.2392,HOME BUILDING BLOCK WORD,BATH BUILDING BLOCK WORD
21976,22417,335,950,1102,0.9228,0.3526,0.304,11.6164,PACK OF 60 MUSHROOM CAKE CASES,PACK OF 60 SPACEBOY CAKE CASES
21212,84970S,335,3116,1520,0.9228,0.1075,0.2204,2.5676,PACK OF 72 RETROSPOT CAKE CASES,HANGING HEART ZINC T-LIGHT HOLDER
20727,22379,335,2345,1567,0.9228,0.1429,0.2138,3.3095,LUNCH BAG BLACK SKULL.,RECYCLING BAG RETROSPOT
85066,85123A,335,924,5410,0.9228,0.3626,0.0619,2.4328,CREAM SWEETHEART MINI CHEST,WHITE HANGING HEART T-LIGHT HOLDER
20914,22423,335,2019,3860,0.9228,0.1659,0.0868,1.5605,SET/5 RED RETROSPOT LID GLASS BOWLS,REGENCY CAKESTAND 3 TIER
21232,22469,335,2426,2141,0.9228,0.1381,0.1565,2.3414,STRAWBERRY CERAMIC TRINKET BOX,HEART OF WICKER SMALL
21212,84978,335,3116,1417,0.9228,0.1075,0.2364,2.7543,PACK OF 72 RETROSPOT CAKE CASES,HANGING HEART JAR T-LIGHT HOLDER
21931,22381,335,2326,1099,0.9228,0.144,0.3048,4.7574,JUMBO STORAGE BAG SUKI,TOY TIDY PINK POLKADOT
22356,22379,335,1584,1567,0.9228,0.2115,0.2138,4.8995,CHARLOTTE BAG PINK POLKADOT,RECYCLING BAG RETROSPOT
21731,21931,335,1525,2326,0.9228,0.2197,0.144,3.4284,RED TOADSTOOL LED NIGHT LIGHT,JUMBO STORAGE BAG SUKI
21232,84946,334,2426,1756,0.9201,0.1377,0.1902,2.8462,STRAWBERRY CERAMIC TRINKET BOX,ANTIQUE SILVER TEA GLASS ETCHED
20685,48187,334,1717,1276,0.9201,0.1945,0.2618,5.5342,DOORMAT RED RETROSPOT,DOORMAT NEW ENGLAND
47566,85099F,334,2648,1854,0.9201,0.1261,0.1802,2.4697,PARTY BUNTING,JUMBO BAG STRAWBERRY
22086,22865,334,2000,1211,0.9201,0.167,0.2758,5.0061,PAPER CHAIN KIT 50'S CHRISTMAS,HAND WARMER OWL DESIGN
84029E,85123A,334,1141,5410,0.9201,0.2927,0.0617,1.9642,RED WOOLLY HOTTIE WHITE HEART.,WHITE HANGING HEART T-LIGHT HOLDER
21790,22423,334,1885,3860,0.9201,0.1772,0.0865,1.6664,VINTAGE SNAP CARDS,REGENCY CAKESTAND 3 TIER
21094,22090,334,984,1698,0.9201,0.3394,0.1967,7.2568,SET/6 RED SPOTTY PAPER PLATES,PAPER BUNTING RETROSPOT
22382,22423,334,2153,3860,0.9201,0.1551,0.0865,1.459,LUNCH BAG SPACEBOY DESIGN,REGENCY CAKESTAND 3 TIER
21212,22952,334,3116,1139,0.9201,0.1072,0.2932,3.4163,PACK OF 72 RETROSPOT CAKE CASES,60 CAKE CASES VINTAGE CHRISTMAS
21930,22384,334,1317,2101,0.9201,0.2536,0.159,4.3819,JUMBO STORAGE BAG SKULLS,LUNCH BAG PINK POLKADOT
22138,85123A,333,1896,5410,0.9173,0.1756,0.0616,1.1785,BAKING SET 9 PIECE RETROSPOT,WHITE HANGING HEART T-LIGHT HOLDER
21731,22197,333,1525,2278,0.9173,0.2184,0.1462,3.4798,RED TOADSTOOL LED NIGHT LIGHT,SMALL POPCORN HOLDER
22411,23199,333,2190,976,0.9173,0.1521,0.3412,5.6556,JUMBO SHOPPER VINTAGE RED PAISLEY,JUMBO BAG APPLES
22197,22379,333,2278,1567,0.9173,0.1462,0.2125,3.3865,SMALL POPCORN HOLDER,RECYCLING BAG RETROSPOT
21080,84520B,333,2119,732,0.9173,0.1571,0.4549,7.7935,SET/20 RED RETROSPOT PAPER NAPKINS,PACK 20 ENGLISH ROSE PAPER NAPKINS
21166,85150,333,1420,1109,0.9173,0.2345,0.3003,7.6764,COOK WITH WINE METAL SIGN,LADIES & GENTLEMEN METAL SIGN
22456,22457,333,827,2031,0.9173,0.4027,0.164,7.1971,NATURAL SLATE CHALKBOARD LARGE,NATURAL SLATE HEART CHALKBOARD
21929,22384,333,1612,2101,0.9173,0.2066,0.1585,3.5693,JUMBO BAG PINK VINTAGE PAISLEY,LUNCH BAG PINK POLKADOT
21790,22086,333,1885,2000,0.9173,0.1767,0.1665,3.2065,VINTAGE SNAP CARDS,PAPER CHAIN KIT 50'S CHRISTMAS
22111,22113,333,1683,992,0.9173,0.1979,0.3357,7.2407,SCOTTIE DOG HOT WATER BOTTLE,GREY HEART HOT WATER BOTTLE
22086,22114,333,2000,1578,0.9173,0.1665,0.211,3.8303,PAPER CHAIN KIT 50'S CHRISTMAS,HOT WATER BOTTLE TEA AND SYMPATHY
20914,22197,332,2019,2278,0.9146,0.1644,0.1457,2.6205,SET/5 RED RETROSPOT LID GLASS BOWLS,SMALL POPCORN HOLDER
20719,84991,332,1572,2126,0.9146,0.2112,0.1562,3.6062,WOODLAND CHARLOTTE BAG,60 TEATIME FAIRY CAKE CASES
21900,21902,332,835,474,0.9146,0.3976,0.7004,30.4512,"KEY FOB , SHED","KEY FOB , FRONT DOOR"
22083,85099B,332,1399,3979,0.9146,0.2373,0.0834,2.1651,PAPER CHAIN KIT RETROSPOT,JUMBO BAG RED RETROSPOT
20711,21929,332,1052,1612,0.9146,0.3156,0.206,7.107,JUMBO BAG TOYS,JUMBO BAG PINK VINTAGE PAISLEY
21232,21731,331,2426,1525,0.9118,0.1364,0.217,3.2479,STRAWBERRY CERAMIC TRINKET BOX,RED TOADSTOOL LED NIGHT LIGHT
22295,85123A,331,705,5410,0.9118,0.4695,0.0612,3.1504,HEART FILIGREE DOVE LARGE,WHITE HANGING HEART T-LIGHT HOLDER
22630,85123A,331,1333,5410,0.9118,0.2483,0.0612,1.6662,DOLLY GIRL LUNCH BOX,WHITE HANGING HEART T-LIGHT HOLDER
21928,22383,331,1538,2397,0.9118,0.2152,0.1381,3.2594,JUMBO BAG SCANDINAVIAN PAISLEY,LUNCH BAG SUKI DESIGN
21181,82583,331,1796,1174,0.9118,0.1843,0.2819,5.6988,PLEASE ONE PERSON METAL SIGN,HOT BATHS METAL SIGN
21232,85099C,331,2426,1867,0.9118,0.1364,0.1773,2.6529,STRAWBERRY CERAMIC TRINKET BOX,JUMBO BAG BAROQUE BLACK WHITE
21931,21977,331,2326,1992,0.9118,0.1423,0.1662,2.5933,JUMBO STORAGE BAG SUKI,PACK OF 60 PINK PAISLEY CAKE CASES
21931,22663,331,2326,688,0.9118,0.1423,0.4811,7.5086,JUMBO STORAGE BAG SUKI,JUMBO BAG DOLLY GIRL DESIGN
20724,21935,330,2035,921,0.909,0.1622,0.3583,6.3918,RED RETROSPOT CHARLOTTE BAG,SUKI SHOULDER BAG
21169,21181,330,770,1796,0.909,0.4286,0.1837,8.6626,YOU'RE CONFUSING ME METAL SIGN,PLEASE ONE PERSON METAL SIGN
22553,22556,330,1090,1196,0.909,0.3028,0.2759,9.1894,PLASTERS IN TIN SKULLS,PLASTERS IN TIN CIRCUS PARADE
21210,21977,330,1159,1992,0.909,0.2847,0.1657,5.1889,SET OF 72 RETROSPOT PAPER DOILIES,PACK OF 60 PINK PAISLEY CAKE CASES
21210,84991,330,1159,2126,0.909,0.2847,0.1552,4.8618,SET OF 72 RETROSPOT PAPER DOILIES,60 TEATIME FAIRY CAKE CASES
21232,22645,330,2426,741,0.909,0.136,0.4453,6.664,STRAWBERRY CERAMIC TRINKET BOX,CERAMIC HEART FAIRY CAKE MONEY BANK
20727,21929,330,2345,1612,0.909,0.1407,0.2047,3.1691,LUNCH BAG BLACK SKULL.,JUMBO BAG PINK VINTAGE PAISLEY
21175,21232,329,1656,2426,0.9063,0.1987,0.1356,2.9729,GIN + TONIC DIET METAL SIGN,STRAWBERRY CERAMIC TRINKET BOX
21790,21892,329,1885,818,0.9063,0.1745,0.4022,7.7457,VINTAGE SNAP CARDS,TRADITIONAL WOODEN CATCH CUP GAME
20724,23204,329,2035,583,0.9063,0.1617,0.5643,10.0668,RED RETROSPOT CHARLOTTE BAG,CHARLOTTE BAG APPLES DESIGN
21165,21166,329,965,1420,0.9063,0.3409,0.2317,8.7159,BEWARE OF THE CAT METAL SIGN,COOK WITH WINE METAL SIGN
22469,82482,329,2141,1999,0.9063,0.1537,0.1646,2.7906,HEART OF WICKER SMALL,WOODEN PICTURE FRAME WHITE FINISH
21524,85123A,329,1149,5410,0.9063,0.2863,0.0608,1.9214,DOORMAT SPOTTY HOME SWEET HOME,WHITE HANGING HEART T-LIGHT HOLDER
21328,21329,329,643,555,0.9063,0.5117,0.5928,33.4674,BALLOONS WRITING SET,DINOSAURS WRITING SET
22629,22631,329,1367,662,0.9063,0.2407,0.497,13.1978,SPACEBOY LUNCH BOX,CIRCUS PARADE LUNCH BOX
21930,85123A,328,1317,5410,0.9035,0.2491,0.0606,1.6712,JUMBO STORAGE BAG SKULLS,WHITE HANGING HEART T-LIGHT HOLDER
20725,22457,328,3055,2031,0.9035,0.1074,0.1615,1.919,LUNCH BAG RED RETROSPOT,NATURAL SLATE HEART CHALKBOARD
20711,20713,328,1052,1304,0.9035,0.3118,0.2515,8.6798,JUMBO BAG TOYS,JUMBO BAG OWLS
21080,22386,328,2119,2241,0.9035,0.1548,0.1464,2.5074,SET/20 RED RETROSPOT PAPER NAPKINS,JUMBO BAG PINK POLKADOT
20719,22379,328,1572,1567,0.9035,0.2087,0.2093,4.8337,WOODLAND CHARLOTTE BAG,RECYCLING BAG RETROSPOT
21908,85123A,328,974,5410,0.9035,0.3368,0.0606,2.2597,CHOCOLATE THIS WAY METAL SIGN,WHITE HANGING HEART T-LIGHT HOLDER
84692,85123A,328,1121,5410,0.9035,0.2926,0.0606,1.9634,BOX OF 24 COCKTAIL PARASOLS,WHITE HANGING HEART T-LIGHT HOLDER
71477,85123A,328,794,5410,0.9035,0.4131,0.0606,2.772,COLOUR GLASS. STAR T-LIGHT HOLDER,WHITE HANGING HEART T-LIGHT HOLDER
22111,22835,327,1683,1010,0.9008,0.1943,0.3238,6.9835,SCOTTIE DOG HOT WATER BOTTLE,HOT WATER BOTTLE I AM SO POORLY
21232,22348,327,2426,956,0.9008,0.1348,0.3421,5.1183,STRAWBERRY CERAMIC TRINKET BOX,TEA BAG PLATE RED RETROSPOT
20677,21240,327,760,769,0.9008,0.4303,0.4252,20.3113,PINK POLKADOT BOWL,BLUE POLKADOT CUP
20725,22666,327,3055,1652,0.9008,0.107,0.1979,2.3521,LUNCH BAG RED RETROSPOT,RECIPE BOX PANTRY YELLOW DESIGN
21212,22196,327,3116,981,0.9008,0.1049,0.3333,3.8834,PACK OF 72 RETROSPOT CAKE CASES,SMALL HEART MEASURING SPOONS
21080,84992,327,2119,1459,0.9008,0.1543,0.2241,3.8397,SET/20 RED RETROSPOT PAPER NAPKINS,72 SWEETHEART FAIRY CAKE CASES
22111,22866,327,1683,1081,0.9008,0.1943,0.3025,6.5248,SCOTTIE DOG HOT WATER BOTTLE,HAND WARMER SCOTTY DOG DESIGN
21559,21561,327,1219,522,0.9008,0.2683,0.6264,18.6554,STRAWBERRY LUNCH BOX WITH CUTLERY,DINOSAUR LUNCH BOX WITH CUTLERY
21527,21535,327,828,1108,0.9008,0.3949,0.2951,12.9392,RED RETROSPOT TRADITIONAL TEAPOT,RED RETROSPOT SMALL MILK JUG
22697,85099B,326,1352,3979,0.898,0.2411,0.0819,2.1999,GREEN REGENCY TEACUP AND SAUCER,JUMBO BAG RED RETROSPOT
22348,85123A,326,956,5410,0.898,0.341,0.0603,2.2882,TEA BAG PLATE RED RETROSPOT,WHITE HANGING HEART T-LIGHT HOLDER
21166,21908,326,1420,974,0.898,0.2296,0.3347,8.5566,COOK WITH WINE METAL SIGN,CHOCOLATE THIS WAY METAL SIGN
84946,84947,326,1756,662,0.898,0.1856,0.4924,10.1804,ANTIQUE SILVER TEA GLASS ETCHED,ANTIQUE SILVER TEA GLASS ENGRAVED
20711,22385,326,1052,1246,0.898,0.3099,0.2616,9.0285,JUMBO BAG TOYS,JUMBO BAG SPACEBOY DESIGN
21212,21974,326,3116,808,0.898,0.1046,0.4035,4.7004,PACK OF 72 RETROSPOT CAKE CASES,SET OF 36 PAISLEY FLOWER DOILIES
21080,22411,326,2119,2190,0.898,0.1538,0.1489,2.5502,SET/20 RED RETROSPOT PAPER NAPKINS,JUMBO SHOPPER VINTAGE RED PAISLEY
21212,84997B,326,3116,1102,0.898,0.1046,0.2958,3.4464,PACK OF 72 RETROSPOT CAKE CASES,RED 3 PIECE MINI DOTS CUTLERY SET
22112,22423,325,1713,3860,0.8953,0.1897,0.0842,1.7843,CHOCOLATE HOT WATER BOTTLE,REGENCY CAKESTAND 3 TIER
20726,22423,325,1922,3860,0.8953,0.1691,0.0842,1.5903,LUNCH BAG WOODLAND,REGENCY CAKESTAND 3 TIER
21977,22411,325,1992,2190,0.8953,0.1632,0.1484,2.7045,PACK OF 60 PINK PAISLEY CAKE CASES,JUMBO SHOPPER VINTAGE RED PAISLEY
21166,22413,325,1420,880,0.8953,0.2289,0.3693,9.4415,COOK WITH WINE METAL SIGN,METAL SIGN TAKE IT OR LEAVE IT
20728,22423,325,2063,3860,0.8953,0.1575,0.0842,1.4816,LUNCH BAG CARS BLUE,REGENCY CAKESTAND 3 TIER
22379,85099C,325,1567,1867,0.8953,0.2074,0.1741,4.0327,RECYCLING BAG RETROSPOT,JUMBO BAG BAROQUE BLACK WHITE
22457,22488,325,2031,805,0.8953,0.16,0.4037,7.2162,NATURAL SLATE HEART CHALKBOARD,NATURAL SLATE RECTANGLE CHALKBOARD
22720,85123A,325,1376,5410,0.8953,0.2362,0.0601,1.5849,SET OF 3 CAKE TINS PANTRY DESIGN,WHITE HANGING HEART T-LIGHT HOLDER
48138,48194,325,1638,1347,0.8953,0.1984,0.2413,5.3473,DOORMAT UNION FLAG,DOORMAT HEARTS
21481,22111,325,1049,1683,0.8953,0.3098,0.1931,6.6827,FAWN BLUE HOT WATER BOTTLE,SCOTTIE DOG HOT WATER BOTTLE
21232,82580,325,2426,1336,0.8953,0.134,0.2433,3.6401,STRAWBERRY CERAMIC TRINKET BOX,BATHROOM METAL SIGN
21976,84992,324,950,1459,0.8925,0.3411,0.2221,8.4859,PACK OF 60 MUSHROOM CAKE CASES,72 SWEETHEART FAIRY CAKE CASES
22379,22384,324,1567,2101,0.8925,0.2068,0.1542,3.5726,RECYCLING BAG RETROSPOT,LUNCH BAG PINK POLKADOT
20677,21243,324,760,503,0.8925,0.4263,0.6441,30.7676,PINK POLKADOT BOWL,PINK POLKADOT PLATE
21165,85123A,324,965,5410,0.8925,0.3358,0.0599,2.2529,BEWARE OF THE CAT METAL SIGN,WHITE HANGING HEART T-LIGHT HOLDER
22355,84692,324,1735,1121,0.8925,0.1867,0.289,6.0474,CHARLOTTE BAG SUKI DESIGN,BOX OF 24 COCKTAIL PARASOLS
20713,22383,324,1304,2397,0.8925,0.2485,0.1352,3.763,JUMBO BAG OWLS,LUNCH BAG SUKI DESIGN
21891,21892,324,829,818,0.8925,0.3908,0.3961,17.3447,TRADITIONAL WOODEN SKIPPING ROPE,TRADITIONAL WOODEN CATCH CUP GAME
21212,22114,324,3116,1578,0.8925,0.104,0.2053,2.3921,PACK OF 72 RETROSPOT CAKE CASES,HOT WATER BOTTLE TEA AND SYMPATHY
20712,22355,324,1410,1735,0.8925,0.2298,0.1867,4.8079,JUMBO BAG WOODLAND ANIMALS,CHARLOTTE BAG SUKI DESIGN
20723,22423,324,1379,3860,0.8925,0.235,0.0839,2.2097,STRAWBERRY CHARLOTTE BAG,REGENCY CAKESTAND 3 TIER
22077,47566,323,1751,2648,0.8898,0.1845,0.122,2.5289,6 RIBBONS RUSTIC CHARM,PARTY BUNTING
47591D,85123A,323,1210,5410,0.8898,0.2669,0.0597,1.7912,PINK FAIRY CAKE CHILDRENS APRON,WHITE HANGING HEART T-LIGHT HOLDER
22212,85123A,323,828,5410,0.8898,0.3901,0.0597,2.6176,FOUR HOOK WHITE LOVEBIRDS,WHITE HANGING HEART T-LIGHT HOLDER
35961,85123A,323,637,5410,0.8898,0.5071,0.0597,3.4025,FOLKART ZINC HEART CHRISTMAS DEC,WHITE HANGING HEART T-LIGHT HOLDER
21931,22090,323,2326,1698,0.8898,0.1389,0.1902,2.9688,JUMBO STORAGE BAG SUKI,PAPER BUNTING RETROSPOT
20725,23203,323,3055,1230,0.8898,0.1057,0.2626,3.1204,LUNCH BAG RED RETROSPOT,JUMBO BAG VINTAGE DOILY
21843,85099B,323,1521,3979,0.8898,0.2124,0.0812,1.9374,RED RETROSPOT CAKE STAND,JUMBO BAG RED RETROSPOT
21977,84988,323,1992,1016,0.8898,0.1621,0.3179,5.7936,PACK OF 60 PINK PAISLEY CAKE CASES,SET OF 72 PINK HEART PAPER DOILIES
20724,84692,323,2035,1121,0.8898,0.1587,0.2881,5.14,RED RETROSPOT CHARLOTTE BAG,BOX OF 24 COCKTAIL PARASOLS
20724,21930,323,2035,1317,0.8898,0.1587,0.2453,4.375,RED RETROSPOT CHARLOTTE BAG,JUMBO STORAGE BAG SKULLS
48194,85099B,323,1347,3979,0.8898,0.2398,0.0812,2.1877,DOORMAT HEARTS,JUMBO BAG RED RETROSPOT
20712,21731,322,1410,1525,0.887,0.2284,0.2111,5.4362,JUMBO BAG WOODLAND ANIMALS,RED TOADSTOOL LED NIGHT LIGHT
21165,21181,322,965,1796,0.887,0.3337,0.1793,6.7445,BEWARE OF THE CAT METAL SIGN,PLEASE ONE PERSON METAL SIGN
21232,85099F,322,2426,1854,0.887,0.1327,0.1737,2.5989,STRAWBERRY CERAMIC TRINKET BOX,JUMBO BAG STRAWBERRY
23343,23344,322,474,712,0.887,0.6793,0.4522,34.636,JUMBO BAG VINTAGE CHRISTMAS,JUMBO BAG 50'S CHRISTMAS
20725,84692,322,3055,1121,0.887,0.1054,0.2872,3.4133,LUNCH BAG RED RETROSPOT,BOX OF 24 COCKTAIL PARASOLS
20713,20724,322,1304,2035,0.887,0.2469,0.1582,4.405,JUMBO BAG OWLS,RED RETROSPOT CHARLOTTE BAG
22086,22423,322,2000,3860,0.887,0.161,0.0834,1.5142,PAPER CHAIN KIT 50'S CHRISTMAS,REGENCY CAKESTAND 3 TIER
22423,22630,322,3860,1333,0.887,0.0834,0.2416,2.2718,REGENCY CAKESTAND 3 TIER,DOLLY GIRL LUNCH BOX
22384,84991,321,2101,2126,0.8842,0.1528,0.151,2.6088,LUNCH BAG PINK POLKADOT,60 TEATIME FAIRY CAKE CASES
21314,22423,321,1058,3860,0.8842,0.3034,0.0832,2.8534,SMALL GLASS HEART TRINKET POT,REGENCY CAKESTAND 3 TIER
22386,23203,321,2241,1230,0.8842,0.1432,0.261,4.2275,JUMBO BAG PINK POLKADOT,JUMBO BAG VINTAGE DOILY
82482,82484,321,1999,1170,0.8842,0.1606,0.2744,4.9824,WOODEN PICTURE FRAME WHITE FINISH,WOOD BLACK BOARD ANT WHITE FINISH
22355,85099C,320,1735,1867,0.8815,0.1844,0.1714,3.5862,CHARLOTTE BAG SUKI DESIGN,JUMBO BAG BAROQUE BLACK WHITE
22384,47566,320,2101,2648,0.8815,0.1523,0.1208,2.088,LUNCH BAG PINK POLKADOT,PARTY BUNTING
20713,22379,320,1304,1567,0.8815,0.2454,0.2042,5.685,JUMBO BAG OWLS,RECYCLING BAG RETROSPOT
22423,22470,320,3860,1947,0.8815,0.0829,0.1644,1.5457,REGENCY CAKESTAND 3 TIER,HEART OF WICKER LARGE
20712,22383,320,1410,2397,0.8815,0.227,0.1335,3.4371,JUMBO BAG WOODLAND ANIMALS,LUNCH BAG SUKI DESIGN
21166,82583,320,1420,1174,0.8815,0.2254,0.2726,6.9683,COOK WITH WINE METAL SIGN,HOT BATHS METAL SIGN
21731,22355,320,1525,1735,0.8815,0.2098,0.1844,4.3905,RED TOADSTOOL LED NIGHT LIGHT,CHARLOTTE BAG SUKI DESIGN
21671,21673,320,726,762,0.8815,0.4408,0.4199,20.9985,RED SPOT CERAMIC DRAWER KNOB,WHITE SPOT BLUE CERAMIC DRAWER KNOB
20724,22326,320,2035,1390,0.8815,0.1572,0.2302,4.1068,RED RETROSPOT CHARLOTTE BAG,ROUND SNACK BOXES SET OF4 WOODLAND
20725,84997B,320,3055,1102,0.8815,0.1047,0.2904,3.4505,LUNCH BAG RED RETROSPOT,RED 3 PIECE MINI DOTS CUTLERY SET
47566,84946,320,2648,1756,0.8815,0.1208,0.1822,2.4983,PARTY BUNTING,ANTIQUE SILVER TEA GLASS ETCHED
21232,22055,320,2426,724,0.8815,0.1319,0.442,6.6138,STRAWBERRY CERAMIC TRINKET BOX,MINI CAKE STAND HANGING STRAWBERY
22383,23207,320,2397,739,0.8815,0.1335,0.433,6.5579,LUNCH BAG SUKI DESIGN,LUNCH BAG ALPHABET DESIGN
47566,84978,320,2648,1417,0.8815,0.1208,0.2258,3.0959,PARTY BUNTING,HANGING HEART JAR T-LIGHT HOLDER
22196,85123A,320,981,5410,0.8815,0.3262,0.0591,2.1888,SMALL HEART MEASURING SPOONS,WHITE HANGING HEART T-LIGHT HOLDER
22386,47566,319,2241,2648,0.8787,0.1423,0.1205,1.9515,JUMBO BAG PINK POLKADOT,PARTY BUNTING
22558,85123A,319,1196,5410,0.8787,0.2667,0.059,1.7898,CLOTHES PEGS RETROSPOT PACK 24,WHITE HANGING HEART T-LIGHT HOLDER
21992,21993,319,656,577,0.8787,0.4863,0.5529,30.5944,VINTAGE PAISLEY STATIONERY SET,FLORAL FOLK STATIONERY SET
21231,22064,319,1480,692,0.8787,0.2155,0.461,11.3072,SWEETHEART CERAMIC TRINKET BOX,PINK DOUGHNUT TRINKET POT
23170,23171,319,444,380,0.8787,0.7185,0.8395,68.6364,REGENCY TEA PLATE ROSES,REGENCY TEA PLATE GREEN
21212,22469,319,3116,2141,0.8787,0.1024,0.149,1.7358,PACK OF 72 RETROSPOT CAKE CASES,HEART OF WICKER SMALL
22381,22411,319,1099,2190,0.8787,0.2903,0.1457,4.8115,TOY TIDY PINK POLKADOT,JUMBO SHOPPER VINTAGE RED PAISLEY
22178,84970S,319,1802,1520,0.8787,0.177,0.2099,4.2279,VICTORIAN GLASS HANGING T-LIGHT,HANGING HEART ZINC T-LIGHT HOLDER
21213,22383,319,1477,2397,0.8787,0.216,0.1331,3.2709,PACK OF 72 SKULL CAKE CASES,LUNCH BAG SUKI DESIGN
84378,85099B,319,1246,3979,0.8787,0.256,0.0802,2.3358,SET OF 3 HEART COOKIE CUTTERS,JUMBO BAG RED RETROSPOT
20725,21975,319,3055,1302,0.8787,0.1044,0.245,2.9114,LUNCH BAG RED RETROSPOT,PACK OF 60 DINOSAUR CAKE CASES
21535,85123A,318,1108,5410,0.876,0.287,0.0588,1.9258,RED RETROSPOT SMALL MILK JUG,WHITE HANGING HEART T-LIGHT HOLDER
20724,20914,318,2035,2019,0.876,0.1563,0.1575,2.8097,RED RETROSPOT CHARLOTTE BAG,SET/5 RED RETROSPOT LID GLASS BOWLS
22086,22112,318,2000,1713,0.876,0.159,0.1856,3.3695,PAPER CHAIN KIT 50'S CHRISTMAS,CHOCOLATE HOT WATER BOTTLE
21212,21535,318,3116,1108,0.876,0.1021,0.287,3.3436,PACK OF 72 RETROSPOT CAKE CASES,RED RETROSPOT SMALL MILK JUG
20725,82482,318,3055,1999,0.876,0.1041,0.1591,1.8903,LUNCH BAG RED RETROSPOT,WOODEN PICTURE FRAME WHITE FINISH
82581,85123A,318,912,5410,0.876,0.3487,0.0588,2.3397,TOILET METAL SIGN,WHITE HANGING HEART T-LIGHT HOLDER
20728,84991,318,2063,2126,0.876,0.1541,0.1496,2.6321,LUNCH BAG CARS BLUE,60 TEATIME FAIRY CAKE CASES
21080,22379,318,2119,1567,0.876,0.1501,0.2029,3.4766,SET/20 RED RETROSPOT PAPER NAPKINS,RECYCLING BAG RETROSPOT
21212,22112,318,3116,1713,0.876,0.1021,0.1856,2.1627,PACK OF 72 RETROSPOT CAKE CASES,CHOCOLATE HOT WATER BOTTLE
21080,21213,318,2119,1477,0.876,0.1501,0.2153,3.6885,SET/20 RED RETROSPOT PAPER NAPKINS,PACK OF 72 SKULL CAKE CASES
21621,47566,318,1275,2648,0.876,0.2494,0.1201,3.4192,VINTAGE UNION JACK BUNTING,PARTY BUNTING
21479,22112,318,928,1713,0.876,0.3427,0.1856,7.2619,WHITE SKULL HOT WATER BOTTLE,CHOCOLATE HOT WATER BOTTLE
20675,21238,318,692,902,0.876,0.4595,0.3525,18.4946,BLUE POLKADOT BOWL,RED RETROSPOT CUP
21754,82482,318,2061,1999,0.876,0.1543,0.1591,2.802,HOME BUILDING BLOCK WORD,WOODEN PICTURE FRAME WHITE FINISH
20719,85099F,318,1572,1854,0.876,0.2023,0.1715,3.9609,WOODLAND CHARLOTTE BAG,JUMBO BAG STRAWBERRY
21232,21790,317,2426,1885,0.8732,0.1307,0.1682,2.5164,STRAWBERRY CERAMIC TRINKET BOX,VINTAGE SNAP CARDS
22384,22423,317,2101,3860,0.8732,0.1509,0.0821,1.419,LUNCH BAG PINK POLKADOT,REGENCY CAKESTAND 3 TIER
48187,48194,317,1276,1347,0.8732,0.2484,0.2353,6.6953,DOORMAT NEW ENGLAND,DOORMAT HEARTS
21929,22383,317,1612,2397,0.8732,0.1967,0.1322,2.9782,JUMBO BAG PINK VINTAGE PAISLEY,LUNCH BAG SUKI DESIGN
22382,22551,317,2153,1299,0.8732,0.1472,0.244,4.1147,LUNCH BAG SPACEBOY DESIGN,PLASTERS IN TIN SPACEBOY
21212,82580,317,3116,1336,0.8732,0.1017,0.2373,2.7643,PACK OF 72 RETROSPOT CAKE CASES,BATHROOM METAL SIGN
23201,23202,317,904,879,0.8732,0.3507,0.3606,14.4821,JUMBO BAG ALPHABET,JUMBO BAG VINTAGE LEAF
22356,22411,317,1584,2190,0.8732,0.2001,0.1447,3.3173,CHARLOTTE BAG PINK POLKADOT,JUMBO SHOPPER VINTAGE RED PAISLEY
20724,21231,317,2035,1480,0.8732,0.1558,0.2142,3.8209,RED RETROSPOT CHARLOTTE BAG,SWEETHEART CERAMIC TRINKET BOX
84970L,84978,317,1142,1417,0.8732,0.2776,0.2237,7.1114,SINGLE HEART ZINC T-LIGHT HOLDER,HANGING HEART JAR T-LIGHT HOLDER
22423,22726,317,3860,1266,0.8732,0.0821,0.2504,2.3549,REGENCY CAKESTAND 3 TIER,ALARM CLOCK BAKELIKE GREEN
15036,85123A,317,974,5410,0.8732,0.3255,0.0586,2.1839,ASSORTED COLOURS SILK FAN,WHITE HANGING HEART T-LIGHT HOLDER
22457,22666,316,2031,1652,0.8705,0.1556,0.1913,3.419,NATURAL SLATE HEART CHALKBOARD,RECIPE BOX PANTRY YELLOW DESIGN
84380,84991,316,1113,2126,0.8705,0.2839,0.1486,4.848,SET OF 3 BUTTERFLY COOKIE CUTTERS,60 TEATIME FAIRY CAKE CASES
47591D,84991,316,1210,2126,0.8705,0.2612,0.1486,4.4593,PINK FAIRY CAKE CHILDRENS APRON,60 TEATIME FAIRY CAKE CASES
20727,21080,316,2345,2119,0.8705,0.1348,0.1491,2.3086,LUNCH BAG BLACK SKULL.,SET/20 RED RETROSPOT PAPER NAPKINS
21232,22386,316,2426,2241,0.8705,0.1303,0.141,2.11,STRAWBERRY CERAMIC TRINKET BOX,JUMBO BAG PINK POLKADOT
22423,22624,316,3860,1214,0.8705,0.0819,0.2603,2.448,REGENCY CAKESTAND 3 TIER,IVORY KITCHEN SCALES
20726,84991,316,1922,2126,0.8705,0.1644,0.1486,2.8074,LUNCH BAG WOODLAND,60 TEATIME FAIRY CAKE CASES
21977,22383,316,1992,2397,0.8705,0.1586,0.1318,2.4025,PACK OF 60 PINK PAISLEY CAKE CASES,LUNCH BAG SUKI DESIGN
21314,85099B,315,1058,3979,0.8677,0.2977,0.0792,2.7163,SMALL GLASS HEART TRINKET POT,JUMBO BAG RED RETROSPOT
22734,22910,315,749,1418,0.8677,0.4206,0.2221,10.7667,SET OF 6 RIBBONS VINTAGE CHRISTMAS,PAPER CHAIN KIT VINTAGE CHRISTMAS
20711,21930,315,1052,1317,0.8677,0.2994,0.2392,8.2535,JUMBO BAG TOYS,JUMBO STORAGE BAG SKULLS
22147,85123A,315,1131,5410,0.8677,0.2785,0.0582,1.8689,FELTCRAFT BUTTERFLY HEARTS,WHITE HANGING HEART T-LIGHT HOLDER
21181,21908,315,1796,974,0.8677,0.1754,0.3234,6.537,PLEASE ONE PERSON METAL SIGN,CHOCOLATE THIS WAY METAL SIGN
20675,21239,315,692,750,0.8677,0.4552,0.42,22.033,BLUE POLKADOT BOWL,PINK POLKADOT CUP
20726,21213,315,1922,1477,0.8677,0.1639,0.2133,4.0282,LUNCH BAG WOODLAND,PACK OF 72 SKULL CAKE CASES
84378,84991,315,1246,2126,0.8677,0.2528,0.1482,4.3168,SET OF 3 HEART COOKIE CUTTERS,60 TEATIME FAIRY CAKE CASES
20725,22629,315,3055,1367,0.8677,0.1031,0.2304,2.7382,LUNCH BAG RED RETROSPOT,SPACEBOY LUNCH BOX
21975,85123A,315,1302,5410,0.8677,0.2419,0.0582,1.6234,PACK OF 60 DINOSAUR CAKE CASES,WHITE HANGING HEART T-LIGHT HOLDER
21934,22355,315,723,1735,0.8677,0.4357,0.1816,9.116,SKULL SHOULDER BAG,CHARLOTTE BAG SUKI DESIGN
20725,22077,315,3055,1751,0.8677,0.1031,0.1799,2.1377,LUNCH BAG RED RETROSPOT,6 RIBBONS RUSTIC CHARM
21212,85099C,315,3116,1867,0.8677,0.1011,0.1687,1.9656,PACK OF 72 RETROSPOT CAKE CASES,JUMBO BAG BAROQUE BLACK WHITE
22114,22423,315,1578,3860,0.8677,0.1996,0.0816,1.8774,HOT WATER BOTTLE TEA AND SYMPATHY,REGENCY CAKESTAND 3 TIER
22470,85099B,315,1947,3979,0.8677,0.1618,0.0792,1.4761,HEART OF WICKER LARGE,JUMBO BAG RED RETROSPOT
21212,21791,315,3116,1312,0.8677,0.1011,0.2401,2.7971,PACK OF 72 RETROSPOT CAKE CASES,VINTAGE HEADS AND TAILS CARD GAME
21240,21244,314,769,445,0.865,0.4083,0.7056,33.3099,BLUE POLKADOT CUP,BLUE POLKADOT PLATE
21790,21912,314,1885,827,0.865,0.1666,0.3797,7.3121,VINTAGE SNAP CARDS,VINTAGE SNAKES & LADDERS
21733,22804,314,1755,669,0.865,0.1789,0.4694,9.7086,RED HANGING HEART T-LIGHT HOLDER,CANDLEHOLDER PINK HANGING HEART
22352,85123A,314,1117,5410,0.865,0.2811,0.058,1.8863,LUNCH BOX WITH CUTLERY RETROSPOT,WHITE HANGING HEART T-LIGHT HOLDER
21985,85123A,314,918,5410,0.865,0.342,0.058,2.2952,PACK OF 12 HEARTS DESIGN TISSUES,WHITE HANGING HEART T-LIGHT HOLDER
20728,85099C,314,2063,1867,0.865,0.1522,0.1682,2.9595,LUNCH BAG CARS BLUE,JUMBO BAG BAROQUE BLACK WHITE
82600,85150,314,1200,1109,0.865,0.2617,0.2831,8.5654,NO SINGING METAL SIGN,LADIES & GENTLEMEN METAL SIGN
21733,22470,314,1755,1947,0.865,0.1789,0.1613,3.3359,RED HANGING HEART T-LIGHT HOLDER,HEART OF WICKER LARGE
21212,84997D,314,3116,1165,0.865,0.1008,0.2695,3.1401,PACK OF 72 RETROSPOT CAKE CASES,PINK 3 PIECE MINI DOTS CUTLERY SET
23200,23202,314,594,879,0.865,0.5286,0.3572,21.8316,JUMBO BAG PEARS,JUMBO BAG VINTAGE LEAF
20725,22139,314,3055,2087,0.865,0.1028,0.1505,1.7878,LUNCH BAG RED RETROSPOT,RETROSPOT TEA SET CERAMIC 11 PC
21165,85152,314,965,1455,0.865,0.3254,0.2158,8.1184,BEWARE OF THE CAT METAL SIGN,HAND OVER THE CHOCOLATE SIGN
21484,21485,314,864,1383,0.865,0.3634,0.227,9.5395,CHICK GREY HOT WATER BOTTLE,RETROSPOT HEART HOT WATER BOTTLE
22411,23203,314,2190,1230,0.865,0.1434,0.2553,4.2317,JUMBO SHOPPER VINTAGE RED PAISLEY,JUMBO BAG VINTAGE DOILY
21212,22111,313,3116,1683,0.8622,0.1004,0.186,2.1667,PACK OF 72 RETROSPOT CAKE CASES,SCOTTIE DOG HOT WATER BOTTLE
21484,22111,313,864,1683,0.8622,0.3623,0.186,7.8141,CHICK GREY HOT WATER BOTTLE,SCOTTIE DOG HOT WATER BOTTLE
23209,85099B,313,1096,3979,0.8622,0.2856,0.0787,2.6055,LUNCH BAG VINTAGE DOILY,JUMBO BAG RED RETROSPOT
21931,23203,313,2326,1230,0.8622,0.1346,0.2545,3.9716,JUMBO STORAGE BAG SUKI,JUMBO BAG VINTAGE DOILY
21929,22356,313,1612,1584,0.8622,0.1942,0.1976,4.4499,JUMBO BAG PINK VINTAGE PAISLEY,CHARLOTTE BAG PINK POLKADOT
22634,22635,313,494,484,0.8622,0.6336,0.6467,47.5229,CHILDS BREAKFAST SET SPACEBOY,CHILDS BREAKFAST SET DOLLY GIRL
21035,85099B,313,928,3979,0.8622,0.3373,0.0787,3.0772,SET/2 RED RETROSPOT TEA TOWELS,JUMBO BAG RED RETROSPOT
47566,82482,313,2648,1999,0.8622,0.1182,0.1566,2.1466,PARTY BUNTING,WOODEN PICTURE FRAME WHITE FINISH
21390,85123A,313,587,5410,0.8622,0.5332,0.0579,3.578,FILIGRIS HEART WITH BUTTERFLY,WHITE HANGING HEART T-LIGHT HOLDER
21977,84380,313,1992,1113,0.8622,0.1571,0.2812,5.125,PACK OF 60 PINK PAISLEY CAKE CASES,SET OF 3 BUTTERFLY COOKIE CUTTERS
20914,22383,313,2019,2397,0.8622,0.155,0.1306,2.3479,SET/5 RED RETROSPOT LID GLASS BOWLS,LUNCH BAG SUKI DESIGN
22142,22144,313,503,701,0.8622,0.6223,0.4465,32.2247,CHRISTMAS CRAFT WHITE FAIRY,CHRISTMAS CRAFT LITTLE FRIENDS
20674,20675,312,463,692,0.8595,0.6739,0.4509,35.3507,GREEN POLKADOT BOWL,BLUE POLKADOT BOWL
21987,21988,312,385,416,0.8595,0.8104,0.75,70.7182,PACK OF 6 SKULL PAPER CUPS,PACK OF 6 SKULL PAPER PLATES
21936,21937,312,1043,656,0.8595,0.2991,0.4756,16.5538,RED RETROSPOT PICNIC BAG,STRAWBERRY PICNIC BAG
21977,22355,312,1992,1735,0.8595,0.1566,0.1798,3.2772,PACK OF 60 PINK PAISLEY CAKE CASES,CHARLOTTE BAG SUKI DESIGN
22178,82482,312,1802,1999,0.8595,0.1731,0.1561,3.1443,VICTORIAN GLASS HANGING T-LIGHT,WOODEN PICTURE FRAME WHITE FINISH
21931,82482,312,2326,1999,0.8595,0.1341,0.1561,2.4359,JUMBO STORAGE BAG SUKI,WOODEN PICTURE FRAME WHITE FINISH
21212,21314,312,3116,1058,0.8595,0.1001,0.2949,3.4356,PACK OF 72 RETROSPOT CAKE CASES,SMALL GLASS HEART TRINKET POT
20725,84970S,312,3055,1520,0.8595,0.1021,0.2053,2.4391,LUNCH BAG RED RETROSPOT,HANGING HEART ZINC T-LIGHT HOLDER
22029,22037,312,1100,633,0.8595,0.2836,0.4929,16.2663,SPACEBOY BIRTHDAY CARD,ROBOT BIRTHDAY CARD
84380,85123A,312,1113,5410,0.8595,0.2803,0.0577,1.881,SET OF 3 BUTTERFLY COOKIE CUTTERS,WHITE HANGING HEART T-LIGHT HOLDER
21166,21174,312,1420,1134,0.8595,0.2197,0.2751,7.0337,COOK WITH WINE METAL SIGN,POTTERING IN THE SHED METAL SIGN
20914,21977,312,2019,1992,0.8595,0.1545,0.1566,2.8162,SET/5 RED RETROSPOT LID GLASS BOWLS,PACK OF 60 PINK PAISLEY CAKE CASES
22114,84029G,312,1578,1007,0.8595,0.1977,0.3098,7.1277,HOT WATER BOTTLE TEA AND SYMPATHY,KNITTED UNION FLAG HOT WATER BOTTLE
21033,85099B,312,573,3979,0.8595,0.5445,0.0784,4.9677,JUMBO BAG CHARLIE AND LOLA TOYS,JUMBO BAG RED RETROSPOT
20914,21843,312,2019,1521,0.8595,0.1545,0.2051,3.6882,SET/5 RED RETROSPOT LID GLASS BOWLS,RED RETROSPOT CAKE STAND
21479,22111,311,928,1683,0.8567,0.3351,0.1848,7.2287,WHITE SKULL HOT WATER BOTTLE,SCOTTIE DOG HOT WATER BOTTLE
21559,85123A,311,1219,5410,0.8567,0.2551,0.0575,1.7119,STRAWBERRY LUNCH BOX WITH CUTLERY,WHITE HANGING HEART T-LIGHT HOLDER
20727,20914,311,2345,2019,0.8567,0.1326,0.154,2.3846,LUNCH BAG BLACK SKULL.,SET/5 RED RETROSPOT LID GLASS BOWLS
22386,22423,311,2241,3860,0.8567,0.1388,0.0806,1.3052,JUMBO BAG PINK POLKADOT,REGENCY CAKESTAND 3 TIER
22423,22720,311,3860,1376,0.8567,0.0806,0.226,2.1256,REGENCY CAKESTAND 3 TIER,SET OF 3 CAKE TINS PANTRY DESIGN
20725,21790,311,3055,1885,0.8567,0.1018,0.165,1.9605,LUNCH BAG RED RETROSPOT,VINTAGE SNAP CARDS
22734,22952,311,749,1139,0.8567,0.4152,0.273,13.2338,SET OF 6 RIBBONS VINTAGE CHRISTMAS,60 CAKE CASES VINTAGE CHRISTMAS
21212,84987,311,3116,811,0.8567,0.0998,0.3835,4.4676,PACK OF 72 RETROSPOT CAKE CASES,SET OF 36 TEATIME PAPER DOILIES
22961,85099B,311,1188,3979,0.8567,0.2618,0.0782,2.3884,JAM MAKING SET PRINTED,JUMBO BAG RED RETROSPOT
21790,84946,311,1885,1756,0.8567,0.165,0.1771,3.4108,VINTAGE SNAP CARDS,ANTIQUE SILVER TEA GLASS ETCHED
21231,22197,311,1480,2278,0.8567,0.2101,0.1365,3.3487,SWEETHEART CERAMIC TRINKET BOX,SMALL POPCORN HOLDER
20727,22553,311,2345,1090,0.8567,0.1326,0.2853,4.4169,LUNCH BAG BLACK SKULL.,PLASTERS IN TIN SKULLS
20725,23207,310,3055,739,0.8539,0.1015,0.4195,4.9847,LUNCH BAG RED RETROSPOT,LUNCH BAG ALPHABET DESIGN
20685,21524,310,1717,1149,0.8539,0.1805,0.2698,5.7043,DOORMAT RED RETROSPOT,DOORMAT SPOTTY HOME SWEET HOME
82484,82494L,310,1170,2055,0.8539,0.265,0.1509,4.6805,WOOD BLACK BOARD ANT WHITE FINISH,WOODEN FRAME ANTIQUE WHITE
22699,85099B,310,1420,3979,0.8539,0.2183,0.0779,1.9917,ROSES REGENCY TEACUP AND SAUCER,JUMBO BAG RED RETROSPOT
20725,22381,310,3055,1099,0.8539,0.1015,0.2821,3.3518,LUNCH BAG RED RETROSPOT,TOY TIDY PINK POLKADOT
20754,21212,310,850,3116,0.8539,0.3647,0.0995,4.2489,RETROSPOT RED WASHING UP GLOVES,PACK OF 72 RETROSPOT CAKE CASES
20969,20970,310,613,573,0.8539,0.5057,0.541,32.0389,RED FLORAL FELTCRAFT SHOULDER BAG,PINK FLORAL FELTCRAFT SHOULDER BAG
21213,22356,309,1477,1584,0.8512,0.2092,0.1951,4.7946,PACK OF 72 SKULL CAKE CASES,CHARLOTTE BAG PINK POLKADOT
20726,21232,309,1922,2426,0.8512,0.1608,0.1274,2.4057,LUNCH BAG WOODLAND,STRAWBERRY CERAMIC TRINKET BOX
22227,85123A,309,641,5410,0.8512,0.4821,0.0571,3.2347,HANGING HEART MIRROR DECORATION,WHITE HANGING HEART T-LIGHT HOLDER
20719,22411,309,1572,2190,0.8512,0.1966,0.1411,3.2583,WOODLAND CHARLOTTE BAG,JUMBO SHOPPER VINTAGE RED PAISLEY
21928,22379,309,1538,1567,0.8512,0.2009,0.1972,4.6544,JUMBO BAG SCANDINAVIAN PAISLEY,RECYCLING BAG RETROSPOT
22296,22297,309,832,969,0.8512,0.3714,0.3189,13.9137,HEART IVORY TRELLIS LARGE,HEART IVORY TRELLIS SMALL
48185,85099B,309,983,3979,0.8512,0.3143,0.0777,2.8679,DOORMAT FAIRY CAKE,JUMBO BAG RED RETROSPOT
21155,21212,309,964,3116,0.8512,0.3205,0.0992,3.7343,RED RETROSPOT PEG BAG,PACK OF 72 RETROSPOT CAKE CASES
20718,22379,309,1212,1567,0.8512,0.255,0.1972,5.9063,RED RETROSPOT SHOPPER BAG,RECYCLING BAG RETROSPOT
22630,22631,309,1333,662,0.8512,0.2318,0.4668,12.7116,DOLLY GIRL LUNCH BOX,CIRCUS PARADE LUNCH BOX
22562,22563,309,393,533,0.8512,0.7863,0.5797,53.5512,MONSTERS STENCIL CRAFT,HAPPY STENCIL CRAFT
22960,22993,309,1157,1071,0.8512,0.2671,0.2885,9.0525,JAM MAKING SET WITH JARS,SET OF 4 PANTRY JELLY MOULDS
20724,22077,309,2035,1751,0.8512,0.1518,0.1765,3.148,RED RETROSPOT CHARLOTTE BAG,6 RIBBONS RUSTIC CHARM
21232,22178,308,2426,1802,0.8484,0.127,0.1709,2.5576,STRAWBERRY CERAMIC TRINKET BOX,VICTORIAN GLASS HANGING T-LIGHT
47566,84692,308,2648,1121,0.8484,0.1163,0.2748,3.7667,PARTY BUNTING,BOX OF 24 COCKTAIL PARASOLS
21080,22356,308,2119,1584,0.8484,0.1454,0.1944,3.3312,SET/20 RED RETROSPOT PAPER NAPKINS,CHARLOTTE BAG PINK POLKADOT
22501,22502,308,759,910,0.8484,0.4058,0.3385,16.1882,PICNIC BASKET WICKER LARGE,PICNIC BASKET WICKER SMALL
20724,21790,308,2035,1885,0.8484,0.1514,0.1634,2.9148,RED RETROSPOT CHARLOTTE BAG,VINTAGE SNAP CARDS
21900,85123A,308,835,5410,0.8484,0.3689,0.0569,2.4751,"KEY FOB , SHED",WHITE HANGING HEART T-LIGHT HOLDER
21212,22554,308,3116,1275,0.8484,0.0988,0.2416,2.8143,PACK OF 72 RETROSPOT CAKE CASES,PLASTERS IN TIN WOODLAND ANIMALS
21232,22384,308,2426,2101,0.8484,0.127,0.1466,2.1936,STRAWBERRY CERAMIC TRINKET BOX,LUNCH BAG PINK POLKADOT
22086,22867,308,2000,1052,0.8484,0.154,0.2928,5.3142,PAPER CHAIN KIT 50'S CHRISTMAS,HAND WARMER BIRD DESIGN
21175,21212,308,1656,3116,0.8484,0.186,0.0988,2.1668,GIN + TONIC DIET METAL SIGN,PACK OF 72 RETROSPOT CAKE CASES
21232,22219,308,2426,1149,0.8484,0.127,0.2681,4.0112,STRAWBERRY CERAMIC TRINKET BOX,LOVEBIRD HANGING DECORATION WHITE
22423,23245,308,3860,869,0.8484,0.0798,0.3544,3.3333,REGENCY CAKESTAND 3 TIER,SET OF 3 REGENCY CAKE TINS
21975,85099B,308,1302,3979,0.8484,0.2366,0.0774,2.1582,PACK OF 60 DINOSAUR CAKE CASES,JUMBO BAG RED RETROSPOT
21977,22356,308,1992,1584,0.8484,0.1546,0.1944,3.5435,PACK OF 60 PINK PAISLEY CAKE CASES,CHARLOTTE BAG PINK POLKADOT
20725,22630,308,3055,1333,0.8484,0.1008,0.2311,2.7456,LUNCH BAG RED RETROSPOT,DOLLY GIRL LUNCH BOX
20719,22386,308,1572,2241,0.8484,0.1959,0.1374,3.1739,WOODLAND CHARLOTTE BAG,JUMBO BAG PINK POLKADOT
20726,21929,308,1922,1612,0.8484,0.1602,0.1911,3.6088,LUNCH BAG WOODLAND,JUMBO BAG PINK VINTAGE PAISLEY
22326,85099B,307,1390,3979,0.8457,0.2209,0.0772,2.015,ROUND SNACK BOXES SET OF4 WOODLAND,JUMBO BAG RED RETROSPOT
21935,22379,307,921,1567,0.8457,0.3333,0.1959,7.7222,SUKI SHOULDER BAG,RECYCLING BAG RETROSPOT
21232,22457,307,2426,2031,0.8457,0.1265,0.1512,2.2619,STRAWBERRY CERAMIC TRINKET BOX,NATURAL SLATE HEART CHALKBOARD
20972,21212,307,1394,3116,0.8457,0.2202,0.0985,2.5657,PINK CREAM FELT CRAFT TRINKET BOX,PACK OF 72 RETROSPOT CAKE CASES
20719,21213,307,1572,1477,0.8457,0.1953,0.2079,4.7999,WOODLAND CHARLOTTE BAG,PACK OF 72 SKULL CAKE CASES
22197,22630,307,2278,1333,0.8457,0.1348,0.2303,3.6702,SMALL POPCORN HOLDER,DOLLY GIRL LUNCH BOX
20725,22328,307,3055,1152,0.8457,0.1005,0.2665,3.1667,LUNCH BAG RED RETROSPOT,ROUND SNACK BOXES SET OF 4 FRUITS
20685,20725,307,1717,3055,0.8457,0.1788,0.1005,2.1247,DOORMAT RED RETROSPOT,LUNCH BAG RED RETROSPOT
21558,22352,306,765,1117,0.8429,0.4,0.2739,12.9998,SKULL LUNCH BOX WITH CUTLERY,LUNCH BOX WITH CUTLERY RETROSPOT
21232,22411,306,2426,2190,0.8429,0.1261,0.1397,2.0908,STRAWBERRY CERAMIC TRINKET BOX,JUMBO SHOPPER VINTAGE RED PAISLEY
22379,22385,306,1567,1246,0.8429,0.1953,0.2456,5.6894,RECYCLING BAG RETROSPOT,JUMBO BAG SPACEBOY DESIGN
22083,47566,306,1399,2648,0.8429,0.2187,0.1156,2.9986,PAPER CHAIN KIT RETROSPOT,PARTY BUNTING
21731,22423,306,1525,3860,0.8429,0.2007,0.0793,1.8871,RED TOADSTOOL LED NIGHT LIGHT,REGENCY CAKESTAND 3 TIER
22379,47566,306,1567,2648,0.8429,0.1953,0.1156,2.6771,RECYCLING BAG RETROSPOT,PARTY BUNTING
23293,23295,306,550,444,0.8429,0.5564,0.6892,45.489,SET OF 12 FAIRY CAKE BAKING CASES,SET OF 12 MINI LOAF BAKING CASES
20718,22356,306,1212,1584,0.8429,0.2525,0.1932,5.7862,RED RETROSPOT SHOPPER BAG,CHARLOTTE BAG PINK POLKADOT
22386,22663,305,2241,688,0.8402,0.1361,0.4433,7.1813,JUMBO BAG PINK POLKADOT,JUMBO BAG DOLLY GIRL DESIGN
22384,22385,305,2101,1246,0.8402,0.1452,0.2448,4.2295,LUNCH BAG PINK POLKADOT,JUMBO BAG SPACEBOY DESIGN
22348,85099B,305,956,3979,0.8402,0.319,0.0767,2.9107,TEA BAG PLATE RED RETROSPOT,JUMBO BAG RED RETROSPOT
20728,21232,305,2063,2426,0.8402,0.1478,0.1257,2.2123,LUNCH BAG CARS BLUE,STRAWBERRY CERAMIC TRINKET BOX
20727,22327,305,2345,645,0.8402,0.1301,0.4729,7.3203,LUNCH BAG BLACK SKULL.,ROUND SNACK BOXES SET OF 4 SKULLS
20725,23208,305,3055,666,0.8402,0.0998,0.458,5.4418,LUNCH BAG RED RETROSPOT,LUNCH BAG VINTAGE LEAF DESIGN
22197,84692,305,2278,1121,0.8402,0.1339,0.2721,4.3358,SMALL POPCORN HOLDER,BOX OF 24 COCKTAIL PARASOLS
23203,23206,305,1230,1035,0.8402,0.248,0.2947,8.6973,JUMBO BAG VINTAGE DOILY,LUNCH BAG APPLE DESIGN
22720,85099B,305,1376,3979,0.8402,0.2217,0.0767,2.0223,SET OF 3 CAKE TINS PANTRY DESIGN,JUMBO BAG RED RETROSPOT
20712,22197,305,1410,2278,0.8402,0.2163,0.1339,3.4471,JUMBO BAG WOODLAND ANIMALS,SMALL POPCORN HOLDER
21218,85099B,305,896,3979,0.8402,0.3404,0.0767,3.1056,RED SPOTTY BISCUIT TIN,JUMBO BAG RED RETROSPOT
21790,22549,305,1885,710,0.8402,0.1618,0.4296,8.273,VINTAGE SNAP CARDS,PICTURE DOMINOES
22750,22751,305,647,466,0.8402,0.4714,0.6545,36.7232,FELTCRAFT PRINCESS LOLA DOLL,FELTCRAFT PRINCESS OLIVIA DOLL
21731,22379,305,1525,1567,0.8402,0.2,0.1946,4.6333,RED TOADSTOOL LED NIGHT LIGHT,RECYCLING BAG RETROSPOT
21121,21212,305,871,3116,0.8402,0.3502,0.0979,4.0796,SET/10 RED POLKADOT PARTY CANDLES,PACK OF 72 RETROSPOT CAKE CASES
21212,21754,305,3116,2061,0.8402,0.0979,0.148,1.7241,PACK OF 72 RETROSPOT CAKE CASES,HOME BUILDING BLOCK WORD
22411,47566,304,2190,2648,0.8374,0.1388,0.1148,1.903,JUMBO SHOPPER VINTAGE RED PAISLEY,PARTY BUNTING
22083,22423,304,1399,3860,0.8374,0.2173,0.0788,2.0436,PAPER CHAIN KIT RETROSPOT,REGENCY CAKESTAND 3 TIER
20724,21934,304,2035,723,0.8374,0.1494,0.4205,7.5007,RED RETROSPOT CHARLOTTE BAG,SKULL SHOULDER BAG
21232,21843,304,2426,1521,0.8374,0.1253,0.1999,2.9908,STRAWBERRY CERAMIC TRINKET BOX,RED RETROSPOT CAKE STAND
21754,22470,304,2061,1947,0.8374,0.1475,0.1561,2.7502,HOME BUILDING BLOCK WORD,HEART OF WICKER LARGE
21212,21238,304,3116,902,0.8374,0.0976,0.337,3.9265,PACK OF 72 RETROSPOT CAKE CASES,RED RETROSPOT CUP
22382,23207,304,2153,739,0.8374,0.1412,0.4114,6.9361,LUNCH BAG SPACEBOY DESIGN,LUNCH BAG ALPHABET DESIGN
21213,22197,304,1477,2278,0.8374,0.2058,0.1335,3.28,PACK OF 72 SKULL CAKE CASES,SMALL POPCORN HOLDER
21731,22326,304,1525,1390,0.8374,0.1993,0.2187,5.2062,RED TOADSTOOL LED NIGHT LIGHT,ROUND SNACK BOXES SET OF4 WOODLAND
22457,84879,303,2031,2796,0.8347,0.1492,0.1084,1.937,NATURAL SLATE HEART CHALKBOARD,ASSORTED COLOUR BIRD ORNAMENT
21166,21169,303,1420,770,0.8347,0.2134,0.3935,10.0599,COOK WITH WINE METAL SIGN,YOU'RE CONFUSING ME METAL SIGN
84378,84992,303,1246,1459,0.8347,0.2432,0.2077,6.0506,SET OF 3 HEART COOKIE CUTTERS,72 SWEETHEART FAIRY CAKE CASES
20725,21154,303,3055,902,0.8347,0.0992,0.3359,3.9917,LUNCH BAG RED RETROSPOT,RED RETROSPOT OVEN GLOVE
22356,85099C,303,1584,1867,0.8347,0.1913,0.1623,3.7194,CHARLOTTE BAG PINK POLKADOT,JUMBO BAG BAROQUE BLACK WHITE
21232,22114,303,2426,1578,0.8347,0.1249,0.192,2.8733,STRAWBERRY CERAMIC TRINKET BOX,HOT WATER BOTTLE TEA AND SYMPATHY
20727,23207,303,2345,739,0.8347,0.1292,0.41,6.3473,LUNCH BAG BLACK SKULL.,LUNCH BAG ALPHABET DESIGN
22382,47566,303,2153,2648,0.8347,0.1407,0.1144,1.9294,LUNCH BAG SPACEBOY DESIGN,PARTY BUNTING
21929,22379,303,1612,1567,0.8347,0.188,0.1934,4.3545,JUMBO BAG PINK VINTAGE PAISLEY,RECYCLING BAG RETROSPOT
20712,23199,303,1410,976,0.8347,0.2149,0.3105,7.9929,JUMBO BAG WOODLAND ANIMALS,JUMBO BAG APPLES
22111,84029G,303,1683,1007,0.8347,0.18,0.3009,6.4902,SCOTTIE DOG HOT WATER BOTTLE,KNITTED UNION FLAG HOT WATER BOTTLE
84029G,85123A,302,1007,5410,0.8319,0.2999,0.0558,2.0124,KNITTED UNION FLAG HOT WATER BOTTLE,WHITE HANGING HEART T-LIGHT HOLDER
21988,21989,302,416,654,0.8319,0.726,0.4618,40.2964,PACK OF 6 SKULL PAPER PLATES,PACK OF 20 SKULL PAPER NAPKINS
20718,22411,302,1212,2190,0.8319,0.2492,0.1379,4.1304,RED RETROSPOT SHOPPER BAG,JUMBO SHOPPER VINTAGE RED PAISLEY
20961,20963,302,513,509,0.8319,0.5887,0.5933,41.9858,STRAWBERRY BATH SPONGE,APPLE BATH SPONGE
21931,22457,302,2326,2031,0.8319,0.1298,0.1487,2.3207,JUMBO STORAGE BAG SUKI,NATURAL SLATE HEART CHALKBOARD
22111,85099B,302,1683,3979,0.8319,0.1794,0.0759,1.6371,SCOTTIE DOG HOT WATER BOTTLE,JUMBO BAG RED RETROSPOT
22423,22961,302,3860,1188,0.8319,0.0782,0.2542,2.3907,REGENCY CAKESTAND 3 TIER,JAM MAKING SET PRINTED
22379,22382,302,1567,2153,0.8319,0.1927,0.1403,3.2496,RECYCLING BAG RETROSPOT,LUNCH BAG SPACEBOY DESIGN
84991,85099F,302,2126,1854,0.8319,0.1421,0.1629,2.7814,60 TEATIME FAIRY CAKE CASES,JUMBO BAG STRAWBERRY
20725,21231,302,3055,1480,0.8319,0.0989,0.2041,2.4247,LUNCH BAG RED RETROSPOT,SWEETHEART CERAMIC TRINKET BOX
20972,85099B,301,1394,3979,0.8292,0.2159,0.0756,1.97,PINK CREAM FELT CRAFT TRINKET BOX,JUMBO BAG RED RETROSPOT
21899,21902,301,622,474,0.8292,0.4839,0.635,37.062,"KEY FOB , GARAGE DESIGN","KEY FOB , FRONT DOOR"
21080,21989,301,2119,654,0.8292,0.142,0.4602,7.8848,SET/20 RED RETROSPOT PAPER NAPKINS,PACK OF 20 SKULL PAPER NAPKINS
21977,84378,301,1992,1246,0.8292,0.1511,0.2416,4.4024,PACK OF 60 PINK PAISLEY CAKE CASES,SET OF 3 HEART COOKIE CUTTERS
21892,22620,301,818,841,0.8292,0.368,0.3579,15.8836,TRADITIONAL WOODEN CATCH CUP GAME,4 TRADITIONAL SPINNING TOPS
22197,22382,301,2278,2153,0.8292,0.1321,0.1398,2.2279,SMALL POPCORN HOLDER,LUNCH BAG SPACEBOY DESIGN
21212,47591D,301,3116,1210,0.8292,0.0966,0.2488,2.8981,PACK OF 72 RETROSPOT CAKE CASES,PINK FAIRY CAKE CHILDRENS APRON
20719,22661,301,1572,631,0.8292,0.1915,0.477,11.0158,WOODLAND CHARLOTTE BAG,CHARLOTTE BAG DOLLY GIRL DESIGN
22326,22382,301,1390,2153,0.8292,0.2165,0.1398,3.6512,ROUND SNACK BOXES SET OF4 WOODLAND,LUNCH BAG SPACEBOY DESIGN
22381,85123A,301,1099,5410,0.8292,0.2739,0.0556,1.8378,TOY TIDY PINK POLKADOT,WHITE HANGING HEART T-LIGHT HOLDER
20723,84991,300,1379,2126,0.8264,0.2175,0.1411,3.7147,STRAWBERRY CHARLOTTE BAG,60 TEATIME FAIRY CAKE CASES
20718,85099F,300,1212,1854,0.8264,0.2475,0.1618,4.8466,RED RETROSPOT SHOPPER BAG,JUMBO BAG STRAWBERRY
22355,23204,300,1735,583,0.8264,0.1729,0.5146,10.7667,CHARLOTTE BAG SUKI DESIGN,CHARLOTTE BAG APPLES DESIGN
21181,21232,300,1796,2426,0.8264,0.167,0.1237,2.4995,PLEASE ONE PERSON METAL SIGN,STRAWBERRY CERAMIC TRINKET BOX
20718,22386,300,1212,2241,0.8264,0.2475,0.1339,4.0097,RED RETROSPOT SHOPPER BAG,JUMBO BAG PINK POLKADOT
22326,22383,300,1390,2397,0.8264,0.2158,0.1252,3.2687,ROUND SNACK BOXES SET OF4 WOODLAND,LUNCH BAG SUKI DESIGN
22326,22327,300,1390,645,0.8264,0.2158,0.4651,12.1472,ROUND SNACK BOXES SET OF4 WOODLAND,ROUND SNACK BOXES SET OF 4 SKULLS
22737,22739,300,493,601,0.8264,0.6085,0.4992,36.7562,RIBBON REEL CHRISTMAS PRESENT,RIBBON REEL CHRISTMAS SOCK BAUBLE
22553,85123A,300,1090,5410,0.8264,0.2752,0.0555,1.8468,PLASTERS IN TIN SKULLS,WHITE HANGING HEART T-LIGHT HOLDER
21156,47591D,300,929,1210,0.8264,0.3229,0.2479,9.6884,RETROSPOT CHILDRENS APRON,PINK FAIRY CAKE CHILDRENS APRON
22457,84970S,300,2031,1520,0.8264,0.1477,0.1974,3.5278,NATURAL SLATE HEART CHALKBOARD,HANGING HEART ZINC T-LIGHT HOLDER
20725,22178,300,3055,1802,0.8264,0.0982,0.1665,1.9783,LUNCH BAG RED RETROSPOT,VICTORIAN GLASS HANGING T-LIGHT
21175,21907,300,1656,770,0.8264,0.1812,0.3896,8.5408,GIN + TONIC DIET METAL SIGN,I'M ON HOLIDAY METAL SIGN
20713,22355,300,1304,1735,0.8264,0.2301,0.1729,4.8137,JUMBO BAG OWLS,CHARLOTTE BAG SUKI DESIGN
21755,22469,299,1692,2141,0.8236,0.1767,0.1397,2.9963,LOVE BUILDING BLOCK WORD,HEART OF WICKER SMALL
84946,84978,299,1756,1417,0.8236,0.1703,0.211,4.3622,ANTIQUE SILVER TEA GLASS ETCHED,HANGING HEART JAR T-LIGHT HOLDER
20725,21754,299,3055,2061,0.8236,0.0979,0.1451,1.7239,LUNCH BAG RED RETROSPOT,HOME BUILDING BLOCK WORD
21080,22355,299,2119,1735,0.8236,0.1411,0.1723,2.9524,SET/20 RED RETROSPOT PAPER NAPKINS,CHARLOTTE BAG SUKI DESIGN
20677,21238,299,760,902,0.8236,0.3934,0.3315,15.8337,PINK POLKADOT BOWL,RED RETROSPOT CUP
20712,21212,299,1410,3116,0.8236,0.2121,0.096,2.4705,JUMBO BAG WOODLAND ANIMALS,PACK OF 72 RETROSPOT CAKE CASES
21531,21533,299,776,954,0.8236,0.3853,0.3134,14.6619,RED RETROSPOT SUGAR JAM BOWL,RETRO SPOT LARGE MILK JUG
20713,21212,299,1304,3116,0.8236,0.2293,0.096,2.6713,JUMBO BAG OWLS,PACK OF 72 RETROSPOT CAKE CASES
20728,23209,299,2063,1096,0.8236,0.1449,0.2728,4.8006,LUNCH BAG CARS BLUE,LUNCH BAG VINTAGE DOILY
21791,85123A,299,1312,5410,0.8236,0.2279,0.0553,1.5292,VINTAGE HEADS AND TAILS CARD GAME,WHITE HANGING HEART T-LIGHT HOLDER
20726,21731,299,1922,1525,0.8236,0.1556,0.1961,3.7032,LUNCH BAG WOODLAND,RED TOADSTOOL LED NIGHT LIGHT
23207,23209,298,739,1096,0.8209,0.4032,0.2719,13.3565,LUNCH BAG ALPHABET DESIGN,LUNCH BAG VINTAGE DOILY
21509,22029,298,628,1100,0.8209,0.4745,0.2709,15.6601,COWBOYS AND INDIANS BIRTHDAY CARD,SPACEBOY BIRTHDAY CARD
20712,22356,298,1410,1584,0.8209,0.2113,0.1881,4.8436,JUMBO BAG WOODLAND ANIMALS,CHARLOTTE BAG PINK POLKADOT
22470,82482,298,1947,1999,0.8209,0.1531,0.1491,2.7795,HEART OF WICKER LARGE,WOODEN PICTURE FRAME WHITE FINISH
22302,22303,298,395,538,0.8209,0.7544,0.5539,50.9058,COFFEE MUG PEARS DESIGN,COFFEE MUG APPLES DESIGN
84836,84879,298,1406,2796,0.8209,0.2119,0.1066,2.7518,ZINC METAL HEART DECORATION,ASSORTED COLOUR BIRD ORNAMENT
20724,22090,298,2035,1698,0.8209,0.1464,0.1755,3.1307,RED RETROSPOT CHARLOTTE BAG,PAPER BUNTING RETROSPOT
21790,22355,298,1885,1735,0.8209,0.1581,0.1718,3.3078,VINTAGE SNAP CARDS,CHARLOTTE BAG SUKI DESIGN
20725,22554,298,3055,1275,0.8209,0.0975,0.2337,2.7773,LUNCH BAG RED RETROSPOT,PLASTERS IN TIN WOODLAND ANIMALS
21790,22139,298,1885,2087,0.8209,0.1581,0.1428,2.7499,VINTAGE SNAP CARDS,RETROSPOT TEA SET CERAMIC 11 PC
21755,22470,298,1692,1947,0.8209,0.1761,0.1531,3.2838,LOVE BUILDING BLOCK WORD,HEART OF WICKER LARGE
20726,21930,298,1922,1317,0.8209,0.155,0.2263,4.2737,LUNCH BAG WOODLAND,JUMBO STORAGE BAG SKULLS
48185,48194,298,983,1347,0.8209,0.3032,0.2212,8.1701,DOORMAT FAIRY CAKE,DOORMAT HEARTS
23321,23322,298,629,561,0.8209,0.4738,0.5312,30.6573,SMALL WHITE HEART OF WICKER,LARGE WHITE HEART OF WICKER
22720,22993,298,1376,1071,0.8209,0.2166,0.2782,7.3407,SET OF 3 CAKE TINS PANTRY DESIGN,SET OF 4 PANTRY JELLY MOULDS
21213,22423,298,1477,3860,0.8209,0.2018,0.0772,1.8975,PACK OF 72 SKULL CAKE CASES,REGENCY CAKESTAND 3 TIER
20726,23209,297,1922,1096,0.8181,0.1545,0.271,5.1183,LUNCH BAG WOODLAND,LUNCH BAG VINTAGE DOILY
20723,22386,297,1379,2241,0.8181,0.2154,0.1325,3.4888,STRAWBERRY CHARLOTTE BAG,JUMBO BAG PINK POLKADOT
20728,21929,297,2063,1612,0.8181,0.144,0.1842,3.2421,LUNCH BAG CARS BLUE,JUMBO BAG PINK VINTAGE PAISLEY
21232,22090,297,2426,1698,0.8181,0.1224,0.1749,2.6173,STRAWBERRY CERAMIC TRINKET BOX,PAPER BUNTING RETROSPOT
21790,22620,297,1885,841,0.8181,0.1576,0.3532,6.8011,VINTAGE SNAP CARDS,4 TRADITIONAL SPINNING TOPS
21754,22469,297,2061,2141,0.8181,0.1441,0.1387,2.4434,HOME BUILDING BLOCK WORD,HEART OF WICKER SMALL
21232,84378,297,2426,1246,0.8181,0.1224,0.2384,3.5668,STRAWBERRY CERAMIC TRINKET BOX,SET OF 3 HEART COOKIE CUTTERS
20676,85099B,297,966,3979,0.8181,0.3075,0.0746,2.805,RED RETROSPOT BOWL,JUMBO BAG RED RETROSPOT
21755,22423,297,1692,3860,0.8181,0.1755,0.0769,1.6508,LOVE BUILDING BLOCK WORD,REGENCY CAKESTAND 3 TIER
22694,85123A,297,854,5410,0.8181,0.3478,0.0549,2.3336,WICKER STAR,WHITE HANGING HEART T-LIGHT HOLDER
21232,22077,297,2426,1751,0.8181,0.1224,0.1696,2.5381,STRAWBERRY CERAMIC TRINKET BOX,6 RIBBONS RUSTIC CHARM
20914,21931,297,2019,2326,0.8181,0.1471,0.1277,2.2958,SET/5 RED RETROSPOT LID GLASS BOWLS,JUMBO STORAGE BAG SUKI
22113,85123A,297,992,5410,0.8181,0.2994,0.0549,2.009,GREY HEART HOT WATER BOTTLE,WHITE HANGING HEART T-LIGHT HOLDER
20728,21930,296,2063,1317,0.8154,0.1435,0.2248,3.9549,LUNCH BAG CARS BLUE,JUMBO STORAGE BAG SKULLS
48185,85123A,296,983,5410,0.8154,0.3011,0.0547,2.0206,DOORMAT FAIRY CAKE,WHITE HANGING HEART T-LIGHT HOLDER
22383,23208,296,2397,666,0.8154,0.1235,0.4444,6.731,LUNCH BAG SUKI DESIGN,LUNCH BAG VINTAGE LEAF DESIGN
20719,21977,296,1572,1992,0.8154,0.1883,0.1486,3.4315,WOODLAND CHARLOTTE BAG,PACK OF 60 PINK PAISLEY CAKE CASES
21977,22951,296,1992,633,0.8154,0.1486,0.4676,8.5218,PACK OF 60 PINK PAISLEY CAKE CASES,60 CAKE CASES DOLLY GIRL DESIGN
22077,22469,296,1751,2141,0.8154,0.169,0.1383,2.8663,6 RIBBONS RUSTIC CHARM,HEART OF WICKER SMALL
23206,85099B,296,1035,3979,0.8154,0.286,0.0744,2.6092,LUNCH BAG APPLE DESIGN,JUMBO BAG RED RETROSPOT
22112,22113,296,1713,992,0.8154,0.1728,0.2984,6.3234,CHOCOLATE HOT WATER BOTTLE,GREY HEART HOT WATER BOTTLE
22469,84970S,295,2141,1520,0.8126,0.1378,0.1941,3.2907,HEART OF WICKER SMALL,HANGING HEART ZINC T-LIGHT HOLDER
84970L,85099B,295,1142,3979,0.8126,0.2583,0.0741,2.3567,SINGLE HEART ZINC T-LIGHT HOLDER,JUMBO BAG RED RETROSPOT
23202,23209,295,879,1096,0.8126,0.3356,0.2692,11.1161,JUMBO BAG VINTAGE LEAF,LUNCH BAG VINTAGE DOILY
22457,82482,295,2031,1999,0.8126,0.1452,0.1476,2.6377,NATURAL SLATE HEART CHALKBOARD,WOODEN PICTURE FRAME WHITE FINISH
20728,47566,295,2063,2648,0.8126,0.143,0.1114,1.9604,LUNCH BAG CARS BLUE,PARTY BUNTING
20725,21155,295,3055,964,0.8126,0.0966,0.306,3.6363,LUNCH BAG RED RETROSPOT,RED RETROSPOT PEG BAG
22749,22751,295,684,466,0.8126,0.4313,0.633,33.5978,FELTCRAFT PRINCESS CHARLOTTE DOLL,FELTCRAFT PRINCESS OLIVIA DOLL
20725,84879,295,3055,2796,0.8126,0.0966,0.1055,1.2537,LUNCH BAG RED RETROSPOT,ASSORTED COLOUR BIRD ORNAMENT
21086,21212,295,841,3116,0.8126,0.3508,0.0947,4.0866,SET/6 RED SPOTTY PAPER CUPS,PACK OF 72 RETROSPOT CAKE CASES
21930,22355,295,1317,1735,0.8126,0.224,0.17,4.6867,JUMBO STORAGE BAG SKULLS,CHARLOTTE BAG SUKI DESIGN
20726,47566,295,1922,2648,0.8126,0.1535,0.1114,2.1042,LUNCH BAG WOODLAND,PARTY BUNTING
21934,85099B,295,723,3979,0.8126,0.408,0.0741,3.7225,SKULL SHOULDER BAG,JUMBO BAG RED RETROSPOT
21094,85099B,295,984,3979,0.8126,0.2998,0.0741,2.7352,SET/6 RED SPOTTY PAPER PLATES,JUMBO BAG RED RETROSPOT
20726,22379,295,1922,1567,0.8126,0.1535,0.1883,3.5557,LUNCH BAG WOODLAND,RECYCLING BAG RETROSPOT
22551,22629,295,1299,1367,0.8126,0.2271,0.2158,6.0308,PLASTERS IN TIN SPACEBOY,SPACEBOY LUNCH BOX
22379,22457,295,1567,2031,0.8126,0.1883,0.1452,3.3649,RECYCLING BAG RETROSPOT,NATURAL SLATE HEART CHALKBOARD
22423,84970S,295,3860,1520,0.8126,0.0764,0.1941,1.8252,REGENCY CAKESTAND 3 TIER,HANGING HEART ZINC T-LIGHT HOLDER
21212,22219,295,3116,1149,0.8126,0.0947,0.2567,2.9911,PACK OF 72 RETROSPOT CAKE CASES,LOVEBIRD HANGING DECORATION WHITE
22423,22629,294,3860,1367,0.8099,0.0762,0.2151,2.0227,REGENCY CAKESTAND 3 TIER,SPACEBOY LUNCH BOX
82482,84879,294,1999,2796,0.8099,0.1471,0.1052,1.9095,WOODEN PICTURE FRAME WHITE FINISH,ASSORTED COLOUR BIRD ORNAMENT
22423,85099C,294,3860,1867,0.8099,0.0762,0.1575,1.481,REGENCY CAKESTAND 3 TIER,JUMBO BAG BAROQUE BLACK WHITE
22382,85099F,294,2153,1854,0.8099,0.1366,0.1586,2.6738,LUNCH BAG SPACEBOY DESIGN,JUMBO BAG STRAWBERRY
22423,84988,294,3860,1016,0.8099,0.0762,0.2894,2.7214,REGENCY CAKESTAND 3 TIER,SET OF 72 PINK HEART PAPER DOILIES
22423,84992,294,3860,1459,0.8099,0.0762,0.2015,1.8951,REGENCY CAKESTAND 3 TIER,72 SWEETHEART FAIRY CAKE CASES
20727,21977,294,2345,1992,0.8099,0.1254,0.1476,2.2848,LUNCH BAG BLACK SKULL.,PACK OF 60 PINK PAISLEY CAKE CASES
21212,22367,294,3116,1156,0.8099,0.0944,0.2543,2.9629,PACK OF 72 RETROSPOT CAKE CASES,CHILDRENS APRON SPACEBOY DESIGN
21080,21843,294,2119,1521,0.8099,0.1387,0.1933,3.3114,SET/20 RED RETROSPOT PAPER NAPKINS,RED RETROSPOT CAKE STAND
22077,22457,293,1751,2031,0.8071,0.1673,0.1443,2.9909,6 RIBBONS RUSTIC CHARM,NATURAL SLATE HEART CHALKBOARD
22385,85123A,293,1246,5410,0.8071,0.2352,0.0542,1.5779,JUMBO BAG SPACEBOY DESIGN,WHITE HANGING HEART T-LIGHT HOLDER
22423,22625,293,3860,942,0.8071,0.0759,0.311,2.9252,REGENCY CAKESTAND 3 TIER,RED KITCHEN SCALES
20727,23208,293,2345,666,0.8071,0.1249,0.4399,6.8105,LUNCH BAG BLACK SKULL.,LUNCH BAG VINTAGE LEAF DESIGN
20725,84946,293,3055,1756,0.8071,0.0959,0.1669,1.9827,LUNCH BAG RED RETROSPOT,ANTIQUE SILVER TEA GLASS ETCHED
22666,22697,293,1652,1352,0.8071,0.1774,0.2167,4.7622,RECIPE BOX PANTRY YELLOW DESIGN,GREEN REGENCY TEACUP AND SAUCER
22423,22960,293,3860,1157,0.8071,0.0759,0.2532,2.3816,REGENCY CAKESTAND 3 TIER,JAM MAKING SET WITH JARS
22178,22469,293,1802,2141,0.8071,0.1626,0.1369,2.7569,VICTORIAN GLASS HANGING T-LIGHT,HEART OF WICKER SMALL
20726,21080,293,1922,2119,0.8071,0.1524,0.1383,2.6116,LUNCH BAG WOODLAND,SET/20 RED RETROSPOT PAPER NAPKINS
84946,84970S,293,1756,1520,0.8071,0.1669,0.1928,3.985,ANTIQUE SILVER TEA GLASS ETCHED,HANGING HEART ZINC T-LIGHT HOLDER
20725,82494L,292,3055,2055,0.8044,0.0956,0.1421,1.6885,LUNCH BAG RED RETROSPOT,WOODEN FRAME ANTIQUE WHITE
22413,85123A,292,880,5410,0.8044,0.3318,0.054,2.2266,METAL SIGN TAKE IT OR LEAVE IT,WHITE HANGING HEART T-LIGHT HOLDER
20719,84692,292,1572,1121,0.8044,0.1858,0.2605,6.0153,WOODLAND CHARLOTTE BAG,BOX OF 24 COCKTAIL PARASOLS
15036,85099B,292,974,3979,0.8044,0.2998,0.0734,2.7351,ASSORTED COLOURS SILK FAN,JUMBO BAG RED RETROSPOT
84988,84991,292,1016,2126,0.8044,0.2874,0.1373,4.9075,SET OF 72 PINK HEART PAPER DOILIES,60 TEATIME FAIRY CAKE CASES
22386,22457,292,2241,2031,0.8044,0.1303,0.1438,2.329,JUMBO BAG PINK POLKADOT,NATURAL SLATE HEART CHALKBOARD
20713,22356,292,1304,1584,0.8044,0.2239,0.1843,5.1319,JUMBO BAG OWLS,CHARLOTTE BAG PINK POLKADOT
21232,22139,292,2426,2087,0.8044,0.1204,0.1399,2.0936,STRAWBERRY CERAMIC TRINKET BOX,RETROSPOT TEA SET CERAMIC 11 PC
20725,21935,292,3055,921,0.8044,0.0956,0.317,3.7674,LUNCH BAG RED RETROSPOT,SUKI SHOULDER BAG
21977,22379,292,1992,1567,0.8044,0.1466,0.1863,3.3959,PACK OF 60 PINK PAISLEY CAKE CASES,RECYCLING BAG RETROSPOT
21931,23201,292,2326,904,0.8044,0.1255,0.323,5.0412,JUMBO STORAGE BAG SUKI,JUMBO BAG ALPHABET
21931,22077,292,2326,1751,0.8044,0.1255,0.1668,2.6027,JUMBO STORAGE BAG SUKI,6 RIBBONS RUSTIC CHARM
22077,85049G,292,1751,562,0.8044,0.1668,0.5196,10.7719,6 RIBBONS RUSTIC CHARM,CHOCOLATE BOX RIBBONS
21212,21429,292,3116,995,0.8044,0.0937,0.2935,3.419,PACK OF 72 RETROSPOT CAKE CASES,RED GINGHAM ROSE JEWELLERY BOX
21080,22083,292,2119,1399,0.8044,0.1378,0.2087,3.5757,SET/20 RED RETROSPOT PAPER NAPKINS,PAPER CHAIN KIT RETROSPOT
22593,22595,292,415,795,0.8044,0.7036,0.3673,32.1291,CHRISTMAS GINGHAM STAR,GINGHAM HEART DECORATION
21212,22553,292,3116,1090,0.8044,0.0937,0.2679,3.121,PACK OF 72 RETROSPOT CAKE CASES,PLASTERS IN TIN SKULLS
22470,82494L,292,1947,2055,0.8044,0.15,0.1421,2.6493,HEART OF WICKER LARGE,WOODEN FRAME ANTIQUE WHITE
21481,22114,291,1049,1578,0.8016,0.2774,0.1844,6.3818,FAWN BLUE HOT WATER BOTTLE,HOT WATER BOTTLE TEA AND SYMPATHY
20728,21213,291,2063,1477,0.8016,0.1411,0.197,3.4669,LUNCH BAG CARS BLUE,PACK OF 72 SKULL CAKE CASES
21210,85123A,291,1159,5410,0.8016,0.2511,0.0538,1.6848,SET OF 72 RETROSPOT PAPER DOILIES,WHITE HANGING HEART T-LIGHT HOLDER
22666,47566,291,1652,2648,0.8016,0.1762,0.1099,2.4149,RECIPE BOX PANTRY YELLOW DESIGN,PARTY BUNTING
21889,85123A,291,1121,5410,0.8016,0.2596,0.0538,1.7419,WOODEN BOX OF DOMINOES,WHITE HANGING HEART T-LIGHT HOLDER
22112,85099B,291,1713,3979,0.8016,0.1699,0.0731,1.5499,CHOCOLATE HOT WATER BOTTLE,JUMBO BAG RED RETROSPOT
22086,22866,291,2000,1081,0.8016,0.1455,0.2692,4.8862,PAPER CHAIN KIT 50'S CHRISTMAS,HAND WARMER SCOTTY DOG DESIGN
15056N,85099B,291,1139,3979,0.8016,0.2555,0.0731,2.3309,EDWARDIAN PARASOL NATURAL,JUMBO BAG RED RETROSPOT
22077,84991,291,1751,2126,0.8016,0.1662,0.1369,2.8378,6 RIBBONS RUSTIC CHARM,60 TEATIME FAIRY CAKE CASES
21731,22356,291,1525,1584,0.8016,0.1908,0.1837,4.3732,RED TOADSTOOL LED NIGHT LIGHT,CHARLOTTE BAG PINK POLKADOT
22197,22697,291,2278,1352,0.8016,0.1277,0.2152,3.43,SMALL POPCORN HOLDER,GREEN REGENCY TEACUP AND SAUCER
21181,22413,291,1796,880,0.8016,0.162,0.3307,6.684,PLEASE ONE PERSON METAL SIGN,METAL SIGN TAKE IT OR LEAVE IT
22530,22534,290,468,583,0.7989,0.6197,0.4974,38.5846,MAGIC DRAWING SLATE DOLLY GIRL,MAGIC DRAWING SLATE SPACEBOY
20719,21934,290,1572,723,0.7989,0.1845,0.4011,9.2627,WOODLAND CHARLOTTE BAG,SKULL SHOULDER BAG
82580,82583,290,1336,1174,0.7989,0.2171,0.247,6.712,BATHROOM METAL SIGN,HOT BATHS METAL SIGN
22644,22645,290,607,741,0.7989,0.4778,0.3914,23.4057,CERAMIC CHERRY CAKE MONEY BANK,CERAMIC HEART FAIRY CAKE MONEY BANK
21755,82494L,290,1692,2055,0.7989,0.1714,0.1411,3.0277,LOVE BUILDING BLOCK WORD,WOODEN FRAME ANTIQUE WHITE
21242,21243,290,657,503,0.7989,0.4414,0.5765,31.8563,RED RETROSPOT PLATE,PINK POLKADOT PLATE
22520,22521,290,368,370,0.7989,0.788,0.7838,77.3177,CHILDS GARDEN TROWEL BLUE,CHILDS GARDEN TROWEL PINK
21232,21754,290,2426,2061,0.7989,0.1195,0.1407,2.1055,STRAWBERRY CERAMIC TRINKET BOX,HOME BUILDING BLOCK WORD
20719,21929,290,1572,1612,0.7989,0.1845,0.1799,4.1544,WOODLAND CHARLOTTE BAG,JUMBO BAG PINK VINTAGE PAISLEY
21507,21509,290,584,628,0.7989,0.4966,0.4618,28.7049,"ELEPHANT, BIRTHDAY CARD,",COWBOYS AND INDIANS BIRTHDAY CARD
20725,22086,290,3055,2000,0.7989,0.0949,0.145,1.723,LUNCH BAG RED RETROSPOT,PAPER CHAIN KIT 50'S CHRISTMAS
15036,21212,290,974,3116,0.7989,0.2977,0.0931,3.4687,ASSORTED COLOURS SILK FAN,PACK OF 72 RETROSPOT CAKE CASES
22086,22111,290,2000,1683,0.7989,0.145,0.1723,3.1276,PAPER CHAIN KIT 50'S CHRISTMAS,SCOTTIE DOG HOT WATER BOTTLE
22593,22594,290,415,412,0.7989,0.6988,0.7039,61.572,CHRISTMAS GINGHAM STAR,CHRISTMAS GINGHAM TREE
20713,21232,290,1304,2426,0.7989,0.2224,0.1195,3.3278,JUMBO BAG OWLS,STRAWBERRY CERAMIC TRINKET BOX
20719,23204,290,1572,583,0.7989,0.1845,0.4974,11.487,WOODLAND CHARLOTTE BAG,CHARLOTTE BAG APPLES DESIGN
21243,21244,290,503,445,0.7989,0.5765,0.6517,47.0328,PINK POLKADOT PLATE,BLUE POLKADOT PLATE
21080,85099F,290,2119,1854,0.7989,0.1369,0.1564,2.6797,SET/20 RED RETROSPOT PAPER NAPKINS,JUMBO BAG STRAWBERRY
23200,85099B,290,594,3979,0.7989,0.4882,0.0729,4.4542,JUMBO BAG PEARS,JUMBO BAG RED RETROSPOT
20724,21154,289,2035,902,0.7961,0.142,0.3204,5.7155,RED RETROSPOT CHARLOTTE BAG,RED RETROSPOT OVEN GLOVE
22086,22734,289,2000,749,0.7961,0.1445,0.3858,7.0035,PAPER CHAIN KIT 50'S CHRISTMAS,SET OF 6 RIBBONS VINTAGE CHRISTMAS
21175,22423,289,1656,3860,0.7961,0.1745,0.0749,1.6413,GIN + TONIC DIET METAL SIGN,REGENCY CAKESTAND 3 TIER
20676,21212,289,966,3116,0.7961,0.2992,0.0927,3.4854,RED RETROSPOT BOWL,PACK OF 72 RETROSPOT CAKE CASES
20719,21935,289,1572,921,0.7961,0.1838,0.3138,7.2463,WOODLAND CHARLOTTE BAG,SUKI SHOULDER BAG
21936,22383,289,1043,2397,0.7961,0.2771,0.1206,4.1964,RED RETROSPOT PICNIC BAG,LUNCH BAG SUKI DESIGN
22381,22384,289,1099,2101,0.7961,0.263,0.1376,4.5436,TOY TIDY PINK POLKADOT,LUNCH BAG PINK POLKADOT
20971,22147,289,1143,1131,0.7961,0.2528,0.2555,8.1156,PINK BLUE FELT CRAFT TRINKET BOX,FELTCRAFT BUTTERFLY HEARTS
22382,22630,289,2153,1333,0.7961,0.1342,0.2168,3.6556,LUNCH BAG SPACEBOY DESIGN,DOLLY GIRL LUNCH BOX
22960,85099B,289,1157,3979,0.7961,0.2498,0.0726,2.2789,JAM MAKING SET WITH JARS,JUMBO BAG RED RETROSPOT
21535,21539,289,1108,708,0.7961,0.2608,0.4082,13.3738,RED RETROSPOT SMALL MILK JUG,RED RETROSPOT BUTTER DISH
21929,47566,289,1612,2648,0.7961,0.1793,0.1091,2.4578,JUMBO BAG PINK VINTAGE PAISLEY,PARTY BUNTING
21169,21175,289,770,1656,0.7961,0.3753,0.1745,8.2277,YOU'RE CONFUSING ME METAL SIGN,GIN + TONIC DIET METAL SIGN
21232,82482,289,2426,1999,0.7961,0.1191,0.1446,2.1633,STRAWBERRY CERAMIC TRINKET BOX,WOODEN PICTURE FRAME WHITE FINISH
21210,84988,289,1159,1016,0.7961,0.2494,0.2844,8.9095,SET OF 72 RETROSPOT PAPER DOILIES,SET OF 72 PINK HEART PAPER DOILIES
21232,82494L,289,2426,2055,0.7961,0.1191,0.1406,2.1044,STRAWBERRY CERAMIC TRINKET BOX,WOODEN FRAME ANTIQUE WHITE
22356,22661,289,1584,631,0.7961,0.1824,0.458,10.4965,CHARLOTTE BAG PINK POLKADOT,CHARLOTTE BAG DOLLY GIRL DESIGN
21212,82583,288,3116,1174,0.7933,0.0924,0.2453,2.858,PACK OF 72 RETROSPOT CAKE CASES,HOT BATHS METAL SIGN
22197,82580,288,2278,1336,0.7933,0.1264,0.2156,3.4353,SMALL POPCORN HOLDER,BATHROOM METAL SIGN
15056N,85123A,288,1139,5410,0.7933,0.2529,0.0532,1.6967,EDWARDIAN PARASOL NATURAL,WHITE HANGING HEART T-LIGHT HOLDER
22197,22469,288,2278,2141,0.7933,0.1264,0.1345,2.1436,SMALL POPCORN HOLDER,HEART OF WICKER SMALL
22197,22910,288,2278,1418,0.7933,0.1264,0.2031,3.2366,SMALL POPCORN HOLDER,PAPER CHAIN KIT VINTAGE CHRISTMAS
20719,22077,288,1572,1751,0.7933,0.1832,0.1645,3.7983,WOODLAND CHARLOTTE BAG,6 RIBBONS RUSTIC CHARM
22090,84991,288,1698,2126,0.7933,0.1696,0.1355,2.8962,PAPER BUNTING RETROSPOT,60 TEATIME FAIRY CAKE CASES
22457,84978,288,2031,1417,0.7933,0.1418,0.2032,3.6328,NATURAL SLATE HEART CHALKBOARD,HANGING HEART JAR T-LIGHT HOLDER
21790,21888,288,1885,824,0.7933,0.1528,0.3495,6.7311,VINTAGE SNAP CARDS,BINGO SET
21754,47566,288,2061,2648,0.7933,0.1397,0.1088,1.9157,HOME BUILDING BLOCK WORD,PARTY BUNTING
22754,22755,288,492,499,0.7933,0.5854,0.5772,42.5851,SMALL RED BABUSHKA NOTEBOOK,SMALL PURPLE BABUSHKA NOTEBOOK
22413,85152,288,880,1455,0.7933,0.3273,0.1979,8.1654,METAL SIGN TAKE IT OR LEAVE IT,HAND OVER THE CHOCOLATE SIGN
22383,22666,288,2397,1652,0.7933,0.1202,0.1743,2.6402,LUNCH BAG SUKI DESIGN,RECIPE BOX PANTRY YELLOW DESIGN
20726,85099C,288,1922,1867,0.7933,0.1498,0.1543,2.9136,LUNCH BAG WOODLAND,JUMBO BAG BAROQUE BLACK WHITE
21935,22197,288,921,2278,0.7933,0.3127,0.1264,4.9832,SUKI SHOULDER BAG,SMALL POPCORN HOLDER
20723,22411,287,1379,2190,0.7906,0.2081,0.1311,3.4499,STRAWBERRY CHARLOTTE BAG,JUMBO SHOPPER VINTAGE RED PAISLEY
48184,48187,287,849,1276,0.7906,0.338,0.2249,9.6173,DOORMAT ENGLISH ROSE,DOORMAT NEW ENGLAND
21928,22384,287,1538,2101,0.7906,0.1866,0.1366,3.2243,JUMBO BAG SCANDINAVIAN PAISLEY,LUNCH BAG PINK POLKADOT
20971,85123A,287,1143,5410,0.7906,0.2511,0.053,1.6849,PINK BLUE FELT CRAFT TRINKET BOX,WHITE HANGING HEART T-LIGHT HOLDER
82494L,84879,287,2055,2796,0.7906,0.1397,0.1026,1.8133,WOODEN FRAME ANTIQUE WHITE,ASSORTED COLOUR BIRD ORNAMENT
22383,22469,287,2397,2141,0.7906,0.1197,0.134,2.0301,LUNCH BAG SUKI DESIGN,HEART OF WICKER SMALL
20718,21232,287,1212,2426,0.7906,0.2368,0.1183,3.5434,RED RETROSPOT SHOPPER BAG,STRAWBERRY CERAMIC TRINKET BOX
22138,22423,287,1896,3860,0.7906,0.1514,0.0744,1.4236,BAKING SET 9 PIECE RETROSPOT,REGENCY CAKESTAND 3 TIER
21314,22178,287,1058,1802,0.7906,0.2713,0.1593,5.4648,SMALL GLASS HEART TRINKET POT,VICTORIAN GLASS HANGING T-LIGHT
22090,22197,287,1698,2278,0.7906,0.169,0.126,2.6935,PAPER BUNTING RETROSPOT,SMALL POPCORN HOLDER
21479,22114,287,928,1578,0.7906,0.3093,0.1819,7.1147,WHITE SKULL HOT WATER BOTTLE,HOT WATER BOTTLE TEA AND SYMPATHY
84692,85099B,287,1121,3979,0.7906,0.256,0.0721,2.3358,BOX OF 24 COCKTAIL PARASOLS,JUMBO BAG RED RETROSPOT
20725,22558,287,3055,1196,0.7906,0.0939,0.24,2.8515,LUNCH BAG RED RETROSPOT,CLOTHES PEGS RETROSPOT PACK 24
21791,22549,287,1312,710,0.7906,0.2188,0.4042,11.1846,VINTAGE HEADS AND TAILS CARD GAME,PICTURE DOMINOES
21212,21928,287,3116,1538,0.7906,0.0921,0.1866,2.174,PACK OF 72 RETROSPOT CAKE CASES,JUMBO BAG SCANDINAVIAN PAISLEY
22294,22297,287,860,969,0.7906,0.3337,0.2962,12.5023,HEART FILIGREE DOVE SMALL,HEART IVORY TRELLIS SMALL
21242,21244,287,657,445,0.7906,0.4368,0.6449,35.6358,RED RETROSPOT PLATE,BLUE POLKADOT PLATE
22326,22554,286,1390,1275,0.7878,0.2058,0.2243,5.8583,ROUND SNACK BOXES SET OF4 WOODLAND,PLASTERS IN TIN WOODLAND ANIMALS
21181,21212,286,1796,3116,0.7878,0.1592,0.0918,1.8552,PLEASE ONE PERSON METAL SIGN,PACK OF 72 RETROSPOT CAKE CASES
22573,22574,286,405,414,0.7878,0.7062,0.6908,61.9215,STAR WOODEN CHRISTMAS DECORATION,HEART WOODEN CHRISTMAS DECORATION
21232,21314,286,2426,1058,0.7878,0.1179,0.2703,4.045,STRAWBERRY CERAMIC TRINKET BOX,SMALL GLASS HEART TRINKET POT
21232,22666,286,2426,1652,0.7878,0.1179,0.1731,2.5906,STRAWBERRY CERAMIC TRINKET BOX,RECIPE BOX PANTRY YELLOW DESIGN
21231,22355,286,1480,1735,0.7878,0.1932,0.1648,4.0433,SWEETHEART CERAMIC TRINKET BOX,CHARLOTTE BAG SUKI DESIGN
22728,22729,286,968,612,0.7878,0.2955,0.4673,17.5255,ALARM CLOCK BAKELIKE PINK,ALARM CLOCK BAKELIKE ORANGE
20712,21232,286,1410,2426,0.7878,0.2028,0.1179,3.0352,JUMBO BAG WOODLAND ANIMALS,STRAWBERRY CERAMIC TRINKET BOX
21715,21716,286,486,495,0.7878,0.5885,0.5778,43.1574,GIRLS VINTAGE TIN SEASIDE BUCKET,BOYS VINTAGE TIN SEASIDE BUCKET
20728,22379,286,2063,1567,0.7878,0.1386,0.1825,3.2117,LUNCH BAG CARS BLUE,RECYCLING BAG RETROSPOT
22910,85123A,286,1418,5410,0.7878,0.2017,0.0529,1.3534,PAPER CHAIN KIT VINTAGE CHRISTMAS,WHITE HANGING HEART T-LIGHT HOLDER
20719,21080,286,1572,2119,0.7878,0.1819,0.135,3.1168,WOODLAND CHARLOTTE BAG,SET/20 RED RETROSPOT PAPER NAPKINS
23204,23206,286,583,1035,0.7878,0.4906,0.2763,17.2063,CHARLOTTE BAG APPLES DESIGN,LUNCH BAG APPLE DESIGN
20725,22470,286,3055,1947,0.7878,0.0936,0.1469,1.7455,LUNCH BAG RED RETROSPOT,HEART OF WICKER LARGE
20726,22197,286,1922,2278,0.7878,0.1488,0.1255,2.3713,LUNCH BAG WOODLAND,SMALL POPCORN HOLDER
21210,85099B,286,1159,3979,0.7878,0.2468,0.0719,2.2513,SET OF 72 RETROSPOT PAPER DOILIES,JUMBO BAG RED RETROSPOT
22197,84946,285,2278,1756,0.7851,0.1251,0.1623,2.5864,SMALL POPCORN HOLDER,ANTIQUE SILVER TEA GLASS ETCHED
20971,22149,285,1143,1380,0.7851,0.2493,0.2065,6.5592,PINK BLUE FELT CRAFT TRINKET BOX,FELTCRAFT 6 FLOWER FRIENDS
21212,22029,285,3116,1100,0.7851,0.0915,0.2591,3.0185,PACK OF 72 RETROSPOT CAKE CASES,SPACEBOY BIRTHDAY CARD
21181,22112,285,1796,1713,0.7851,0.1587,0.1664,3.3629,PLEASE ONE PERSON METAL SIGN,CHOCOLATE HOT WATER BOTTLE
22197,22384,285,2278,2101,0.7851,0.1251,0.1356,2.1617,SMALL POPCORN HOLDER,LUNCH BAG PINK POLKADOT
21755,84879,285,1692,2796,0.7851,0.1684,0.1019,2.1869,LOVE BUILDING BLOCK WORD,ASSORTED COLOUR BIRD ORNAMENT
21731,21790,285,1525,1885,0.7851,0.1869,0.1512,3.5991,RED TOADSTOOL LED NIGHT LIGHT,VINTAGE SNAP CARDS
21790,22077,285,1885,1751,0.7851,0.1512,0.1628,3.1346,VINTAGE SNAP CARDS,6 RIBBONS RUSTIC CHARM
20982,20983,285,576,641,0.7851,0.4948,0.4446,28.0217,12 PENCILS TALL TUBE SKULLS,12 PENCILS TALL TUBE RED RETROSPOT
22553,22555,285,1090,966,0.7851,0.2615,0.295,9.8259,PLASTERS IN TIN SKULLS,PLASTERS IN TIN STRONGMAN
20711,22379,285,1052,1567,0.7851,0.2709,0.1819,6.2761,JUMBO BAG TOYS,RECYCLING BAG RETROSPOT
21166,85099B,285,1420,3979,0.7851,0.2007,0.0716,1.8311,COOK WITH WINE METAL SIGN,JUMBO BAG RED RETROSPOT
20727,22326,285,2345,1390,0.7851,0.1215,0.205,3.1741,LUNCH BAG BLACK SKULL.,ROUND SNACK BOXES SET OF4 WOODLAND
82583,85150,285,1174,1109,0.7851,0.2428,0.257,7.9465,HOT BATHS METAL SIGN,LADIES & GENTLEMEN METAL SIGN
21212,84970L,285,3116,1142,0.7851,0.0915,0.2496,2.9074,PACK OF 72 RETROSPOT CAKE CASES,SINGLE HEART ZINC T-LIGHT HOLDER
84988,84992,285,1016,1459,0.7851,0.2805,0.1953,6.9795,SET OF 72 PINK HEART PAPER DOILIES,72 SWEETHEART FAIRY CAKE CASES
22469,22666,285,2141,1652,0.7851,0.1331,0.1725,2.9252,HEART OF WICKER SMALL,RECIPE BOX PANTRY YELLOW DESIGN
21154,21232,285,902,2426,0.7851,0.316,0.1175,4.728,RED RETROSPOT OVEN GLOVE,STRAWBERRY CERAMIC TRINKET BOX
20727,84997D,285,2345,1165,0.7851,0.1215,0.2446,3.7871,LUNCH BAG BLACK SKULL.,PINK 3 PIECE MINI DOTS CUTLERY SET
22469,84879,285,2141,2796,0.7851,0.1331,0.1019,1.7283,HEART OF WICKER SMALL,ASSORTED COLOUR BIRD ORNAMENT
21790,22356,284,1885,1584,0.7823,0.1507,0.1793,3.4529,VINTAGE SNAP CARDS,CHARLOTTE BAG PINK POLKADOT
82582,85152,284,790,1455,0.7823,0.3595,0.1952,8.9693,AREA PATROLLED METAL SIGN,HAND OVER THE CHOCOLATE SIGN
22697,47566,284,1352,2648,0.7823,0.2101,0.1073,2.8797,GREEN REGENCY TEACUP AND SAUCER,PARTY BUNTING
21977,22077,284,1992,1751,0.7823,0.1426,0.1622,2.9558,PACK OF 60 PINK PAISLEY CAKE CASES,6 RIBBONS RUSTIC CHARM
21035,21212,284,928,3116,0.7823,0.306,0.0911,3.5654,SET/2 RED RETROSPOT TEA TOWELS,PACK OF 72 RETROSPOT CAKE CASES
22326,22355,284,1390,1735,0.7823,0.2043,0.1637,4.275,ROUND SNACK BOXES SET OF4 WOODLAND,CHARLOTTE BAG SUKI DESIGN
22662,85099B,284,993,3979,0.7823,0.286,0.0714,2.6093,LUNCH BAG DOLLY GIRL DESIGN,JUMBO BAG RED RETROSPOT
21232,21935,284,2426,921,0.7823,0.1171,0.3084,4.6142,STRAWBERRY CERAMIC TRINKET BOX,SUKI SHOULDER BAG
23199,85099C,284,976,1867,0.7823,0.291,0.1521,5.6579,JUMBO BAG APPLES,JUMBO BAG BAROQUE BLACK WHITE
20675,21244,284,692,445,0.7823,0.4104,0.6382,33.4798,BLUE POLKADOT BOWL,BLUE POLKADOT PLATE
21930,22379,284,1317,1567,0.7823,0.2156,0.1812,4.9957,JUMBO STORAGE BAG SKULLS,RECYCLING BAG RETROSPOT
20724,84946,283,2035,1756,0.7796,0.1391,0.1612,2.8749,RED RETROSPOT CHARLOTTE BAG,ANTIQUE SILVER TEA GLASS ETCHED
21524,48138,283,1149,1638,0.7796,0.2463,0.1728,5.4586,DOORMAT SPOTTY HOME SWEET HOME,DOORMAT UNION FLAG
22594,22595,283,412,795,0.7796,0.6869,0.356,31.3655,CHRISTMAS GINGHAM TREE,GINGHAM HEART DECORATION
22178,84755,283,1802,1250,0.7796,0.157,0.2264,4.5609,VICTORIAN GLASS HANGING T-LIGHT,COLOUR GLASS T-LIGHT HOLDER HANGING
21485,22113,283,1383,992,0.7796,0.2046,0.2853,7.4883,RETROSPOT HEART HOT WATER BOTTLE,GREY HEART HOT WATER BOTTLE
21977,22090,283,1992,1698,0.7796,0.1421,0.1667,3.0373,PACK OF 60 PINK PAISLEY CAKE CASES,PAPER BUNTING RETROSPOT
20723,21929,283,1379,1612,0.7796,0.2052,0.1756,4.6216,STRAWBERRY CHARLOTTE BAG,JUMBO BAG PINK VINTAGE PAISLEY
22502,85099B,283,910,3979,0.7796,0.311,0.0711,2.8373,PICNIC BASKET WICKER SMALL,JUMBO BAG RED RETROSPOT
21212,21935,283,3116,921,0.7796,0.0908,0.3073,3.5798,PACK OF 72 RETROSPOT CAKE CASES,SUKI SHOULDER BAG
22090,22411,283,1698,2190,0.7796,0.1667,0.1292,2.7627,PAPER BUNTING RETROSPOT,JUMBO SHOPPER VINTAGE RED PAISLEY
84755,85099B,283,1250,3979,0.7796,0.2264,0.0711,2.0655,COLOUR GLASS T-LIGHT HOLDER HANGING,JUMBO BAG RED RETROSPOT
15036,47566,283,974,2648,0.7796,0.2906,0.1069,3.9833,ASSORTED COLOURS SILK FAN,PARTY BUNTING
20727,22385,283,2345,1246,0.7796,0.1207,0.2271,3.5161,LUNCH BAG BLACK SKULL.,JUMBO BAG SPACEBOY DESIGN
22431,22432,283,619,517,0.7796,0.4572,0.5474,32.1023,WATERING CAN BLUE ELEPHANT,WATERING CAN PINK BUNNY
21731,22411,283,1525,2190,0.7796,0.1856,0.1292,3.0761,RED TOADSTOOL LED NIGHT LIGHT,JUMBO SHOPPER VINTAGE RED PAISLEY
21080,21731,282,2119,1525,0.7768,0.1331,0.1849,3.168,SET/20 RED RETROSPOT PAPER NAPKINS,RED TOADSTOOL LED NIGHT LIGHT
20728,23207,282,2063,739,0.7768,0.1367,0.3816,6.7148,LUNCH BAG CARS BLUE,LUNCH BAG ALPHABET DESIGN
22666,22699,282,1652,1420,0.7768,0.1707,0.1986,4.364,RECIPE BOX PANTRY YELLOW DESIGN,ROSES REGENCY TEACUP AND SAUCER
21508,21509,282,541,628,0.7768,0.5213,0.449,30.1316,VINTAGE KID DOLLY CARD,COWBOYS AND INDIANS BIRTHDAY CARD
22188,22189,282,564,1296,0.7768,0.5,0.2176,14.0054,BLACK HEART CARD HOLDER,CREAM HEART CARD HOLDER
22605,22607,282,637,738,0.7768,0.4427,0.3821,21.7763,WOODEN CROQUET GARDEN SET,WOODEN ROUNDERS GARDEN SET
21731,22139,282,1525,2087,0.7768,0.1849,0.1351,3.2165,RED TOADSTOOL LED NIGHT LIGHT,RETROSPOT TEA SET CERAMIC 11 PC
22382,22417,282,2153,1102,0.7768,0.131,0.2559,4.3147,LUNCH BAG SPACEBOY DESIGN,PACK OF 60 SPACEBOY CAKE CASES
20724,21928,282,2035,1538,0.7768,0.1386,0.1834,3.2708,RED RETROSPOT CHARLOTTE BAG,JUMBO BAG SCANDINAVIAN PAISLEY
21481,22112,282,1049,1713,0.7768,0.2688,0.1646,5.697,FAWN BLUE HOT WATER BOTTLE,CHOCOLATE HOT WATER BOTTLE
47566,47590B,282,2648,880,0.7768,0.1065,0.3205,4.3932,PARTY BUNTING,PINK HAPPY BIRTHDAY BUNTING
20723,22379,282,1379,1567,0.7768,0.2045,0.18,4.7375,STRAWBERRY CHARLOTTE BAG,RECYCLING BAG RETROSPOT
22356,84692,282,1584,1121,0.7768,0.178,0.2516,5.7653,CHARLOTTE BAG PINK POLKADOT,BOX OF 24 COCKTAIL PARASOLS
22197,85099F,282,2278,1854,0.7768,0.1238,0.1521,2.4239,SMALL POPCORN HOLDER,JUMBO BAG STRAWBERRY
21212,82494L,281,3116,2055,0.7741,0.0902,0.1367,1.593,PACK OF 72 RETROSPOT CAKE CASES,WOODEN FRAME ANTIQUE WHITE
22865,85123A,281,1211,5410,0.7741,0.232,0.0519,1.557,HAND WARMER OWL DESIGN,WHITE HANGING HEART T-LIGHT HOLDER
20726,22554,281,1922,1275,0.7741,0.1462,0.2204,4.1627,LUNCH BAG WOODLAND,PLASTERS IN TIN WOODLAND ANIMALS
21035,21154,281,928,902,0.7741,0.3028,0.3115,12.1866,SET/2 RED RETROSPOT TEA TOWELS,RED RETROSPOT OVEN GLOVE
21790,21891,281,1885,829,0.7741,0.1491,0.339,6.5279,VINTAGE SNAP CARDS,TRADITIONAL WOODEN SKIPPING ROPE
84380,85099B,281,1113,3979,0.7741,0.2525,0.0706,2.3034,SET OF 3 BUTTERFLY COOKIE CUTTERS,JUMBO BAG RED RETROSPOT
21212,22551,281,3116,1299,0.7741,0.0902,0.2163,2.5202,PACK OF 72 RETROSPOT CAKE CASES,PLASTERS IN TIN SPACEBOY
20718,22355,281,1212,1735,0.7741,0.2318,0.162,4.851,RED RETROSPOT SHOPPER BAG,CHARLOTTE BAG SUKI DESIGN
21240,21243,281,769,503,0.7741,0.3654,0.5586,26.372,BLUE POLKADOT CUP,PINK POLKADOT PLATE
22089,22090,281,551,1698,0.7741,0.51,0.1655,10.903,PAPER BUNTING VINTAGE PAISLEY,PAPER BUNTING RETROSPOT
22629,85123A,281,1367,5410,0.7741,0.2056,0.0519,1.3793,SPACEBOY LUNCH BOX,WHITE HANGING HEART T-LIGHT HOLDER
20725,22417,281,3055,1102,0.7741,0.092,0.255,3.03,LUNCH BAG RED RETROSPOT,PACK OF 60 SPACEBOY CAKE CASES
22469,22694,280,2141,854,0.7713,0.1308,0.3279,5.5592,HEART OF WICKER SMALL,WICKER STAR
21213,47566,280,1477,2648,0.7713,0.1896,0.1057,2.5989,PACK OF 72 SKULL CAKE CASES,PARTY BUNTING
21990,21993,280,497,577,0.7713,0.5634,0.4853,35.4451,MODERN FLORAL STATIONERY SET,FLORAL FOLK STATIONERY SET
22382,84991,280,2153,2126,0.7713,0.1301,0.1317,2.2207,LUNCH BAG SPACEBOY DESIGN,60 TEATIME FAIRY CAKE CASES
22381,22383,280,1099,2397,0.7713,0.2548,0.1168,3.8585,TOY TIDY PINK POLKADOT,LUNCH BAG SUKI DESIGN
22178,84970L,280,1802,1142,0.7713,0.1554,0.2452,4.9393,VICTORIAN GLASS HANGING T-LIGHT,SINGLE HEART ZINC T-LIGHT HOLDER
21314,84946,280,1058,1756,0.7713,0.2647,0.1595,5.4711,SMALL GLASS HEART TRINKET POT,ANTIQUE SILVER TEA GLASS ETCHED
22195,85099B,280,811,3979,0.7713,0.3453,0.0704,3.1499,LARGE HEART MEASURING SPOONS,JUMBO BAG RED RETROSPOT
22734,22909,280,749,1086,0.7713,0.3738,0.2578,12.4962,SET OF 6 RIBBONS VINTAGE CHRISTMAS,SET OF 20 VINTAGE CHRISTMAS NAPKINS
22077,22178,280,1751,1802,0.7713,0.1599,0.1554,3.2214,6 RIBBONS RUSTIC CHARM,VICTORIAN GLASS HANGING T-LIGHT
22114,85099B,280,1578,3979,0.7713,0.1774,0.0704,1.6189,HOT WATER BOTTLE TEA AND SYMPATHY,JUMBO BAG RED RETROSPOT
22196,22197,280,981,2278,0.7713,0.2854,0.1229,4.5485,SMALL HEART MEASURING SPOONS,SMALL POPCORN HOLDER
20914,85099F,280,2019,1854,0.7713,0.1387,0.151,2.7155,SET/5 RED RETROSPOT LID GLASS BOWLS,JUMBO BAG STRAWBERRY
20914,22382,280,2019,2153,0.7713,0.1387,0.1301,2.3383,SET/5 RED RETROSPOT LID GLASS BOWLS,LUNCH BAG SPACEBOY DESIGN
20677,21212,280,760,3116,0.7713,0.3684,0.0899,4.2922,PINK POLKADOT BOWL,PACK OF 72 RETROSPOT CAKE CASES
22423,22910,280,3860,1418,0.7713,0.0725,0.1975,1.8571,REGENCY CAKESTAND 3 TIER,PAPER CHAIN KIT VINTAGE CHRISTMAS
20725,22348,280,3055,956,0.7713,0.0917,0.2929,3.4803,LUNCH BAG RED RETROSPOT,TEA BAG PLATE RED RETROSPOT
22086,22144,280,2000,701,0.7713,0.14,0.3994,7.25,PAPER CHAIN KIT 50'S CHRISTMAS,CHRISTMAS CRAFT LITTLE FRIENDS
21232,84692,280,2426,1121,0.7713,0.1154,0.2498,3.7376,STRAWBERRY CERAMIC TRINKET BOX,BOX OF 24 COCKTAIL PARASOLS
84997B,85099B,280,1102,3979,0.7713,0.2541,0.0704,2.3181,RED 3 PIECE MINI DOTS CUTLERY SET,JUMBO BAG RED RETROSPOT
21559,22384,280,1219,2101,0.7713,0.2297,0.1333,3.9688,STRAWBERRY LUNCH BOX WITH CUTLERY,LUNCH BAG PINK POLKADOT
20972,21232,279,1394,2426,0.7686,0.2001,0.115,2.9949,PINK CREAM FELT CRAFT TRINKET BOX,STRAWBERRY CERAMIC TRINKET BOX
21790,21914,279,1885,963,0.7686,0.148,0.2897,5.5795,VINTAGE SNAP CARDS,BLUE HARMONICA IN BOX
20727,21928,279,2345,1538,0.7686,0.119,0.1814,2.8082,LUNCH BAG BLACK SKULL.,JUMBO BAG SCANDINAVIAN PAISLEY
22951,84991,279,633,2126,0.7686,0.4408,0.1312,7.5261,60 CAKE CASES DOLLY GIRL DESIGN,60 TEATIME FAIRY CAKE CASES
20685,21931,279,1717,2326,0.7686,0.1625,0.1199,2.536,DOORMAT RED RETROSPOT,JUMBO STORAGE BAG SUKI
23207,23208,279,739,666,0.7686,0.3775,0.4189,20.5786,LUNCH BAG ALPHABET DESIGN,LUNCH BAG VINTAGE LEAF DESIGN
21790,21977,279,1885,1992,0.7686,0.148,0.1401,2.6973,VINTAGE SNAP CARDS,PACK OF 60 PINK PAISLEY CAKE CASES
22197,22659,279,2278,1066,0.7686,0.1225,0.2617,4.1708,SMALL POPCORN HOLDER,LUNCH BOX I LOVE LONDON
20724,22666,279,2035,1652,0.7686,0.1371,0.1689,3.0127,RED RETROSPOT CHARLOTTE BAG,RECIPE BOX PANTRY YELLOW DESIGN
20674,20677,279,463,760,0.7686,0.6026,0.3671,28.7833,GREEN POLKADOT BOWL,PINK POLKADOT BOWL
21935,22356,279,921,1584,0.7686,0.3029,0.1761,6.9426,SUKI SHOULDER BAG,CHARLOTTE BAG PINK POLKADOT
21212,22961,279,3116,1188,0.7686,0.0895,0.2348,2.736,PACK OF 72 RETROSPOT CAKE CASES,JAM MAKING SET PRINTED
20727,21559,278,2345,1219,0.7658,0.1186,0.2281,3.5304,LUNCH BAG BLACK SKULL.,STRAWBERRY LUNCH BOX WITH CUTLERY
21216,85099B,278,797,3979,0.7658,0.3488,0.0699,3.1823,"SET 3 RETROSPOT TEA,COFFEE,SUGAR",JUMBO BAG RED RETROSPOT
23171,23172,278,380,305,0.7658,0.7316,0.9115,87.0747,REGENCY TEA PLATE GREEN,REGENCY TEA PLATE PINK
21080,22383,278,2119,2397,0.7658,0.1312,0.116,1.9869,SET/20 RED RETROSPOT PAPER NAPKINS,LUNCH BAG SUKI DESIGN
22411,84991,278,2190,2126,0.7658,0.1269,0.1308,2.1675,JUMBO SHOPPER VINTAGE RED PAISLEY,60 TEATIME FAIRY CAKE CASES
22197,22699,278,2278,1420,0.7658,0.122,0.1958,3.1198,SMALL POPCORN HOLDER,ROSES REGENCY TEACUP AND SAUCER
22470,84879,278,1947,2796,0.7658,0.1428,0.0994,1.8538,HEART OF WICKER LARGE,ASSORTED COLOUR BIRD ORNAMENT
20712,20727,278,1410,2345,0.7658,0.1972,0.1186,3.0522,JUMBO BAG WOODLAND ANIMALS,LUNCH BAG BLACK SKULL.
47566,84970S,278,2648,1520,0.7658,0.105,0.1829,2.5073,PARTY BUNTING,HANGING HEART ZINC T-LIGHT HOLDER
20725,21175,278,3055,1656,0.7658,0.091,0.1679,1.9948,LUNCH BAG RED RETROSPOT,GIN + TONIC DIET METAL SIGN
22077,84879,278,1751,2796,0.7658,0.1588,0.0994,2.0614,6 RIBBONS RUSTIC CHARM,ASSORTED COLOUR BIRD ORNAMENT
22138,85099B,277,1896,3979,0.763,0.1461,0.0696,1.3329,BAKING SET 9 PIECE RETROSPOT,JUMBO BAG RED RETROSPOT
21731,22386,277,1525,2241,0.763,0.1816,0.1236,2.9424,RED TOADSTOOL LED NIGHT LIGHT,JUMBO BAG PINK POLKADOT
85099B,85152,277,3979,1455,0.763,0.0696,0.1904,1.7369,JUMBO BAG RED RETROSPOT,HAND OVER THE CHOCOLATE SIGN
20724,22385,277,2035,1246,0.763,0.1361,0.2223,3.9658,RED RETROSPOT CHARLOTTE BAG,JUMBO BAG SPACEBOY DESIGN
20724,22469,277,2035,2141,0.763,0.1361,0.1294,2.308,RED RETROSPOT CHARLOTTE BAG,HEART OF WICKER SMALL
20726,22385,277,1922,1246,0.763,0.1441,0.2223,4.1989,LUNCH BAG WOODLAND,JUMBO BAG SPACEBOY DESIGN
22961,22993,277,1188,1071,0.763,0.2332,0.2586,7.9032,JAM MAKING SET PRINTED,SET OF 4 PANTRY JELLY MOULDS
20728,84997D,277,2063,1165,0.763,0.1343,0.2378,4.1839,LUNCH BAG CARS BLUE,PINK 3 PIECE MINI DOTS CUTLERY SET
21929,21977,277,1612,1992,0.763,0.1718,0.1391,3.1315,JUMBO BAG PINK VINTAGE PAISLEY,PACK OF 60 PINK PAISLEY CAKE CASES
22865,22910,277,1211,1418,0.763,0.2287,0.1953,5.8559,HAND WARMER OWL DESIGN,PAPER CHAIN KIT VINTAGE CHRISTMAS
20685,22423,277,1717,3860,0.763,0.1613,0.0718,1.5172,DOORMAT RED RETROSPOT,REGENCY CAKESTAND 3 TIER
20725,22367,277,3055,1156,0.763,0.0907,0.2396,2.8474,LUNCH BAG RED RETROSPOT,CHILDRENS APRON SPACEBOY DESIGN
22088,22090,277,617,1698,0.763,0.4489,0.1631,9.5981,PAPER BUNTING COLOURED LACE,PAPER BUNTING RETROSPOT
20676,21080,277,966,2119,0.763,0.2867,0.1307,4.9125,RED RETROSPOT BOWL,SET/20 RED RETROSPOT PAPER NAPKINS
21535,21843,277,1108,1521,0.763,0.25,0.1821,5.9668,RED RETROSPOT SMALL MILK JUG,RED RETROSPOT CAKE STAND
22111,22423,277,1683,3860,0.763,0.1646,0.0718,1.5479,SCOTTIE DOG HOT WATER BOTTLE,REGENCY CAKESTAND 3 TIER
22077,22086,277,1751,2000,0.763,0.1582,0.1385,2.8714,6 RIBBONS RUSTIC CHARM,PAPER CHAIN KIT 50'S CHRISTMAS
20685,21523,276,1717,1120,0.7603,0.1607,0.2464,5.2102,DOORMAT RED RETROSPOT,DOORMAT FANCY FONT HOME SWEET HOME
20726,22629,276,1922,1367,0.7603,0.1436,0.2019,3.8134,LUNCH BAG WOODLAND,SPACEBOY LUNCH BOX
22326,22423,276,1390,3860,0.7603,0.1986,0.0715,1.8674,ROUND SNACK BOXES SET OF4 WOODLAND,REGENCY CAKESTAND 3 TIER
20726,21977,276,1922,1992,0.7603,0.1436,0.1386,2.617,LUNCH BAG WOODLAND,PACK OF 60 PINK PAISLEY CAKE CASES
21231,21977,276,1480,1992,0.7603,0.1865,0.1386,3.3985,SWEETHEART CERAMIC TRINKET BOX,PACK OF 60 PINK PAISLEY CAKE CASES
22090,22379,276,1698,1567,0.7603,0.1625,0.1761,3.7656,PAPER BUNTING RETROSPOT,RECYCLING BAG RETROSPOT
82552,85123A,276,791,5410,0.7603,0.3489,0.051,2.3413,WASHROOM METAL SIGN,WHITE HANGING HEART T-LIGHT HOLDER
20724,22457,276,2035,2031,0.7603,0.1356,0.1359,2.4242,RED RETROSPOT CHARLOTTE BAG,NATURAL SLATE HEART CHALKBOARD
21232,22196,276,2426,981,0.7603,0.1138,0.2813,4.21,STRAWBERRY CERAMIC TRINKET BOX,SMALL HEART MEASURING SPOONS
21531,21539,276,776,708,0.7603,0.3557,0.3898,18.2366,RED RETROSPOT SUGAR JAM BOWL,RED RETROSPOT BUTTER DISH
21507,22029,276,584,1100,0.7603,0.4726,0.2509,15.5967,"ELEPHANT, BIRTHDAY CARD,",SPACEBOY BIRTHDAY CARD
22195,85123A,276,811,5410,0.7603,0.3403,0.051,2.2836,LARGE HEART MEASURING SPOONS,WHITE HANGING HEART T-LIGHT HOLDER
22666,22993,276,1652,1071,0.7603,0.1671,0.2577,5.6629,RECIPE BOX PANTRY YELLOW DESIGN,SET OF 4 PANTRY JELLY MOULDS
21931,22469,276,2326,2141,0.7603,0.1187,0.1289,2.0119,JUMBO STORAGE BAG SUKI,HEART OF WICKER SMALL
21212,22195,276,3116,811,0.7603,0.0886,0.3403,3.9648,PACK OF 72 RETROSPOT CAKE CASES,LARGE HEART MEASURING SPOONS
20685,48184,276,1717,849,0.7603,0.1607,0.3251,6.8732,DOORMAT RED RETROSPOT,DOORMAT ENGLISH ROSE
22197,84378,276,2278,1246,0.7603,0.1212,0.2215,3.5299,SMALL POPCORN HOLDER,SET OF 3 HEART COOKIE CUTTERS
20725,82580,276,3055,1336,0.7603,0.0903,0.2066,2.4548,LUNCH BAG RED RETROSPOT,BATHROOM METAL SIGN
20713,20726,276,1304,1922,0.7603,0.2117,0.1436,3.9977,JUMBO BAG OWLS,LUNCH BAG WOODLAND
21479,84029E,276,928,1141,0.7603,0.2974,0.2419,9.4625,WHITE SKULL HOT WATER BOTTLE,RED WOOLLY HOTTIE WHITE HEART.
21240,21242,276,769,657,0.7603,0.3589,0.4201,19.8312,BLUE POLKADOT CUP,RED RETROSPOT PLATE
82482,85099C,276,1999,1867,0.7603,0.1381,0.1478,2.6846,WOODEN PICTURE FRAME WHITE FINISH,JUMBO BAG BAROQUE BLACK WHITE
22659,85099B,276,1066,3979,0.7603,0.2589,0.0694,2.3622,LUNCH BOX I LOVE LONDON,JUMBO BAG RED RETROSPOT
22521,22523,276,370,351,0.7603,0.7459,0.7863,77.1491,CHILDS GARDEN TROWEL PINK,CHILDS GARDEN FORK PINK
21231,22356,276,1480,1584,0.7603,0.1865,0.1742,4.2739,SWEETHEART CERAMIC TRINKET BOX,CHARLOTTE BAG PINK POLKADOT
21175,82582,276,1656,790,0.7603,0.1667,0.3494,7.6586,GIN + TONIC DIET METAL SIGN,AREA PATROLLED METAL SIGN
21907,85152,276,770,1455,0.7603,0.3584,0.1897,8.9431,I'M ON HOLIDAY METAL SIGN,HAND OVER THE CHOCOLATE SIGN
22952,85123A,276,1139,5410,0.7603,0.2423,0.051,1.626,60 CAKE CASES VINTAGE CHRISTMAS,WHITE HANGING HEART T-LIGHT HOLDER
22961,85123A,276,1188,5410,0.7603,0.2323,0.051,1.5589,JAM MAKING SET PRINTED,WHITE HANGING HEART T-LIGHT HOLDER
20914,47566,276,2019,2648,0.7603,0.1367,0.1042,1.8741,SET/5 RED RETROSPOT LID GLASS BOWLS,PARTY BUNTING
21731,21935,275,1525,921,0.7575,0.1803,0.2986,7.1078,RED TOADSTOOL LED NIGHT LIGHT,SUKI SHOULDER BAG
20726,21559,275,1922,1219,0.7575,0.1431,0.2256,4.2609,LUNCH BAG WOODLAND,STRAWBERRY LUNCH BOX WITH CUTLERY
21080,22384,275,2119,2101,0.7575,0.1298,0.1309,2.2424,SET/20 RED RETROSPOT PAPER NAPKINS,LUNCH BAG PINK POLKADOT
21731,47566,275,1525,2648,0.7575,0.1803,0.1039,2.4722,RED TOADSTOOL LED NIGHT LIGHT,PARTY BUNTING
20718,20719,275,1212,1572,0.7575,0.2269,0.1749,5.2397,RED RETROSPOT SHOPPER BAG,WOODLAND CHARLOTTE BAG
21499,21500,275,459,491,0.7575,0.5991,0.5601,44.2965,BLUE POLKADOT WRAP,PINK POLKADOT WRAP
82551,85123A,275,751,5410,0.7575,0.3662,0.0508,2.4571,LAUNDRY 15C METAL SIGN,WHITE HANGING HEART T-LIGHT HOLDER
22149,85099B,275,1380,3979,0.7575,0.1993,0.0691,1.8181,FELTCRAFT 6 FLOWER FRIENDS,JUMBO BAG RED RETROSPOT
22469,84978,275,2141,1417,0.7575,0.1284,0.1941,3.2906,HEART OF WICKER SMALL,HANGING HEART JAR T-LIGHT HOLDER
22866,85123A,275,1081,5410,0.7575,0.2544,0.0508,1.707,HAND WARMER SCOTTY DOG DESIGN,WHITE HANGING HEART T-LIGHT HOLDER
21181,82580,275,1796,1336,0.7575,0.1531,0.2058,4.1605,PLEASE ONE PERSON METAL SIGN,BATHROOM METAL SIGN
21212,22727,275,3116,1362,0.7575,0.0883,0.2019,2.3523,PACK OF 72 RETROSPOT CAKE CASES,ALARM CLOCK BAKELIKE RED
20726,22328,275,1922,1152,0.7575,0.1431,0.2387,4.5088,LUNCH BAG WOODLAND,ROUND SNACK BOXES SET OF 4 FRUITS
20728,22197,275,2063,2278,0.7575,0.1333,0.1207,2.1243,LUNCH BAG CARS BLUE,SMALL POPCORN HOLDER
20725,22551,275,3055,1299,0.7575,0.09,0.2117,2.5156,LUNCH BAG RED RETROSPOT,PLASTERS IN TIN SPACEBOY
22699,23170,275,1420,444,0.7575,0.1937,0.6194,15.834,ROSES REGENCY TEACUP AND SAUCER,REGENCY TEA PLATE ROSES
21527,21531,275,828,776,0.7575,0.3321,0.3544,15.5371,RED RETROSPOT TRADITIONAL TEAPOT,RED RETROSPOT SUGAR JAM BOWL
21533,85123A,274,954,5410,0.7548,0.2872,0.0506,1.9272,RETRO SPOT LARGE MILK JUG,WHITE HANGING HEART T-LIGHT HOLDER
21175,82580,274,1656,1336,0.7548,0.1655,0.2051,4.4959,GIN + TONIC DIET METAL SIGN,BATHROOM METAL SIGN
22508,85123A,274,696,5410,0.7548,0.3937,0.0506,2.6416,DOORSTOP RETROSPOT HEART,WHITE HANGING HEART T-LIGHT HOLDER
21791,85099B,274,1312,3979,0.7548,0.2088,0.0689,1.9053,VINTAGE HEADS AND TAILS CARD GAME,JUMBO BAG RED RETROSPOT
21232,84988,274,2426,1016,0.7548,0.1129,0.2697,4.0355,STRAWBERRY CERAMIC TRINKET BOX,SET OF 72 PINK HEART PAPER DOILIES
22383,22629,274,2397,1367,0.7548,0.1143,0.2004,3.0356,LUNCH BAG SUKI DESIGN,SPACEBOY LUNCH BOX
22423,84380,274,3860,1113,0.7548,0.071,0.2462,2.3153,REGENCY CAKESTAND 3 TIER,SET OF 3 BUTTERFLY COOKIE CUTTERS
47566,82494L,274,2648,2055,0.7548,0.1035,0.1333,1.8279,PARTY BUNTING,WOODEN FRAME ANTIQUE WHITE
20719,21790,274,1572,1885,0.7548,0.1743,0.1454,3.3567,WOODLAND CHARLOTTE BAG,VINTAGE SNAP CARDS
20725,82583,274,3055,1174,0.7548,0.0897,0.2334,2.7733,LUNCH BAG RED RETROSPOT,HOT BATHS METAL SIGN
84032A,85123A,274,662,5410,0.7548,0.4139,0.0506,2.7773,CHARLIE+LOLA PINK HOT WATER BOTTLE,WHITE HANGING HEART T-LIGHT HOLDER
21172,85123A,274,965,5410,0.7548,0.2839,0.0506,1.9053,PARTY METAL SIGN,WHITE HANGING HEART T-LIGHT HOLDER
21790,47566,274,1885,2648,0.7548,0.1454,0.1035,1.9927,VINTAGE SNAP CARDS,PARTY BUNTING
22077,22666,274,1751,1652,0.7548,0.1565,0.1659,3.4386,6 RIBBONS RUSTIC CHARM,RECIPE BOX PANTRY YELLOW DESIGN
22077,85049A,274,1751,717,0.7548,0.1565,0.3821,7.9227,6 RIBBONS RUSTIC CHARM,TRADITIONAL CHRISTMAS RIBBONS
22090,22386,274,1698,2241,0.7548,0.1614,0.1223,2.614,PAPER BUNTING RETROSPOT,JUMBO BAG PINK POLKADOT
20713,20727,274,1304,2345,0.7548,0.2101,0.1168,3.2528,JUMBO BAG OWLS,LUNCH BAG BLACK SKULL.
21790,84991,274,1885,2126,0.7548,0.1454,0.1289,2.482,VINTAGE SNAP CARDS,60 TEATIME FAIRY CAKE CASES
22197,84992,274,2278,1459,0.7548,0.1203,0.1878,2.9928,SMALL POPCORN HOLDER,72 SWEETHEART FAIRY CAKE CASES
22112,22866,274,1713,1081,0.7548,0.16,0.2535,5.3715,CHOCOLATE HOT WATER BOTTLE,HAND WARMER SCOTTY DOG DESIGN
20727,22469,274,2345,2141,0.7548,0.1168,0.128,1.9812,LUNCH BAG BLACK SKULL.,HEART OF WICKER SMALL
21212,82482,274,3116,1999,0.7548,0.0879,0.1371,1.5969,PACK OF 72 RETROSPOT CAKE CASES,WOODEN PICTURE FRAME WHITE FINISH
22417,22423,273,1102,3860,0.752,0.2477,0.0707,2.3298,PACK OF 60 SPACEBOY CAKE CASES,REGENCY CAKESTAND 3 TIER
22960,85123A,273,1157,5410,0.752,0.236,0.0505,1.5833,JAM MAKING SET WITH JARS,WHITE HANGING HEART T-LIGHT HOLDER
22355,84946,273,1735,1756,0.752,0.1573,0.1555,3.2529,CHARLOTTE BAG SUKI DESIGN,ANTIQUE SILVER TEA GLASS ETCHED
21429,85099B,273,995,3979,0.752,0.2744,0.0686,2.5032,RED GINGHAM ROSE JEWELLERY BOX,JUMBO BAG RED RETROSPOT
20711,85123A,273,1052,5410,0.752,0.2595,0.0505,1.7413,JUMBO BAG TOYS,WHITE HANGING HEART T-LIGHT HOLDER
21232,22644,273,2426,607,0.752,0.1125,0.4498,6.73,STRAWBERRY CERAMIC TRINKET BOX,CERAMIC CHERRY CAKE MONEY BANK
21210,84987,273,1159,811,0.752,0.2355,0.3366,10.5436,SET OF 72 RETROSPOT PAPER DOILIES,SET OF 36 TEATIME PAPER DOILIES
21559,22383,273,1219,2397,0.752,0.224,0.1139,3.3917,STRAWBERRY LUNCH BOX WITH CUTLERY,LUNCH BAG SUKI DESIGN
82583,85099B,273,1174,3979,0.752,0.2325,0.0686,2.1215,HOT BATHS METAL SIGN,JUMBO BAG RED RETROSPOT
21212,22352,273,3116,1117,0.752,0.0876,0.2444,2.8474,PACK OF 72 RETROSPOT CAKE CASES,LUNCH BOX WITH CUTLERY RETROSPOT
21484,22112,273,864,1713,0.752,0.316,0.1594,6.6961,CHICK GREY HOT WATER BOTTLE,CHOCOLATE HOT WATER BOTTLE
20725,84978,273,3055,1417,0.752,0.0894,0.1927,2.2893,LUNCH BAG RED RETROSPOT,HANGING HEART JAR T-LIGHT HOLDER
22326,22384,273,1390,2101,0.752,0.1964,0.1299,3.3935,ROUND SNACK BOXES SET OF4 WOODLAND,LUNCH BAG PINK POLKADOT
20718,85099C,273,1212,1867,0.752,0.2252,0.1462,4.3797,RED RETROSPOT SHOPPER BAG,JUMBO BAG BAROQUE BLACK WHITE
21934,85123A,273,723,5410,0.752,0.3776,0.0505,2.5337,SKULL SHOULDER BAG,WHITE HANGING HEART T-LIGHT HOLDER
22077,22082,273,1751,955,0.752,0.1559,0.2859,5.9266,6 RIBBONS RUSTIC CHARM,RIBBON REEL STRIPES DESIGN
22520,22522,273,368,334,0.752,0.7418,0.8174,80.6304,CHILDS GARDEN TROWEL BLUE,CHILDS GARDEN FORK BLUE
21527,21843,273,828,1521,0.752,0.3297,0.1795,7.8693,RED RETROSPOT TRADITIONAL TEAPOT,RED RETROSPOT CAKE STAND
21731,22090,272,1525,1698,0.7493,0.1784,0.1602,3.8132,RED TOADSTOOL LED NIGHT LIGHT,PAPER BUNTING RETROSPOT
21935,22411,272,921,2190,0.7493,0.2953,0.1242,4.8955,SUKI SHOULDER BAG,JUMBO SHOPPER VINTAGE RED PAISLEY
84509A,84510A,272,479,532,0.7493,0.5678,0.5113,38.7483,SET OF 4 ENGLISH ROSE PLACEMATS,SET OF 4 ENGLISH ROSE COASTERS
22386,23201,272,2241,904,0.7493,0.1214,0.3009,4.874,JUMBO BAG PINK POLKADOT,JUMBO BAG ALPHABET
21212,22149,272,3116,1380,0.7493,0.0873,0.1971,2.2963,PACK OF 72 RETROSPOT CAKE CASES,FELTCRAFT 6 FLOWER FRIENDS
20724,23206,272,2035,1035,0.7493,0.1337,0.2628,4.6881,RED RETROSPOT CHARLOTTE BAG,LUNCH BAG APPLE DESIGN
82482,84946,272,1999,1756,0.7493,0.1361,0.1549,2.813,WOODEN PICTURE FRAME WHITE FINISH,ANTIQUE SILVER TEA GLASS ETCHED
20725,22112,272,3055,1713,0.7493,0.089,0.1588,1.8868,LUNCH BAG RED RETROSPOT,CHOCOLATE HOT WATER BOTTLE
20754,85123A,272,850,5410,0.7493,0.32,0.0503,2.1473,RETROSPOT RED WASHING UP GLOVES,WHITE HANGING HEART T-LIGHT HOLDER
22197,22629,272,2278,1367,0.7493,0.1194,0.199,3.1709,SMALL POPCORN HOLDER,SPACEBOY LUNCH BOX
22191,22192,272,619,542,0.7493,0.4394,0.5018,29.4313,IVORY DINER WALL CLOCK,BLUE DINER WALL CLOCK
20724,84992,272,2035,1459,0.7493,0.1337,0.1864,3.3257,RED RETROSPOT CHARLOTTE BAG,72 SWEETHEART FAIRY CAKE CASES
21212,22726,272,3116,1266,0.7493,0.0873,0.2148,2.503,PACK OF 72 RETROSPOT CAKE CASES,ALARM CLOCK BAKELIKE GREEN
22720,23245,272,1376,869,0.7493,0.1977,0.313,8.2577,SET OF 3 CAKE TINS PANTRY DESIGN,SET OF 3 REGENCY CAKE TINS
22557,85123A,272,1125,5410,0.7493,0.2418,0.0503,1.6224,PLASTERS IN TIN VINTAGE PAISLEY,WHITE HANGING HEART T-LIGHT HOLDER
20978,20979,272,557,708,0.7493,0.4883,0.3842,25.0387,36 PENCILS TUBE SKULLS,36 PENCILS TUBE RED RETROSPOT
85049E,85123A,272,891,5410,0.7493,0.3053,0.0503,2.0484,SCANDINAVIAN REDS RIBBONS,WHITE HANGING HEART T-LIGHT HOLDER
20685,48185,272,1717,983,0.7493,0.1584,0.2767,5.8503,DOORMAT RED RETROSPOT,DOORMAT FAIRY CAKE
21231,22646,272,1480,876,0.7493,0.1838,0.3105,7.6161,SWEETHEART CERAMIC TRINKET BOX,CERAMIC STRAWBERRY CAKE MONEY BANK
21218,85123A,272,896,5410,0.7493,0.3036,0.0503,2.037,RED SPOTTY BISCUIT TIN,WHITE HANGING HEART T-LIGHT HOLDER
20725,23199,271,3055,976,0.7465,0.0887,0.2777,3.2994,LUNCH BAG RED RETROSPOT,JUMBO BAG APPLES
21931,21936,271,2326,1043,0.7465,0.1165,0.2598,4.0551,JUMBO STORAGE BAG SUKI,RED RETROSPOT PICNIC BAG
21210,21974,271,1159,808,0.7465,0.2338,0.3354,10.5052,SET OF 72 RETROSPOT PAPER DOILIES,SET OF 36 PAISLEY FLOWER DOILIES
22178,82494L,271,1802,2055,0.7465,0.1504,0.1319,2.6566,VICTORIAN GLASS HANGING T-LIGHT,WOODEN FRAME ANTIQUE WHITE
22720,23243,271,1376,470,0.7465,0.1969,0.5766,15.2119,SET OF 3 CAKE TINS PANTRY DESIGN,SET OF TEA COFFEE SUGAR TINS PANTRY
22326,22356,271,1390,1584,0.7465,0.195,0.1711,4.4682,ROUND SNACK BOXES SET OF4 WOODLAND,CHARLOTTE BAG PINK POLKADOT
22077,22355,271,1751,1735,0.7465,0.1548,0.1562,3.2383,6 RIBBONS RUSTIC CHARM,CHARLOTTE BAG SUKI DESIGN
22367,85123A,271,1156,5410,0.7465,0.2344,0.0501,1.5731,CHILDRENS APRON SPACEBOY DESIGN,WHITE HANGING HEART T-LIGHT HOLDER
21212,22328,271,3116,1152,0.7465,0.087,0.2352,2.7406,PACK OF 72 RETROSPOT CAKE CASES,ROUND SNACK BOXES SET OF 4 FRUITS
21165,82600,271,965,1200,0.7465,0.2808,0.2258,8.4955,BEWARE OF THE CAT METAL SIGN,NO SINGING METAL SIGN
21523,48187,271,1120,1276,0.7465,0.242,0.2124,6.8838,DOORMAT FANCY FONT HOME SWEET HOME,DOORMAT NEW ENGLAND
20725,22083,271,3055,1399,0.7465,0.0887,0.1937,2.3018,LUNCH BAG RED RETROSPOT,PAPER CHAIN KIT RETROSPOT
20711,20725,271,1052,3055,0.7465,0.2576,0.0887,3.0611,JUMBO BAG TOYS,LUNCH BAG RED RETROSPOT
21479,22086,271,928,2000,0.7465,0.292,0.1355,5.3006,WHITE SKULL HOT WATER BOTTLE,PAPER CHAIN KIT 50'S CHRISTMAS
82583,82600,271,1174,1200,0.7465,0.2308,0.2258,6.9831,HOT BATHS METAL SIGN,NO SINGING METAL SIGN
21212,21559,271,3116,1219,0.7465,0.087,0.2223,2.59,PACK OF 72 RETROSPOT CAKE CASES,STRAWBERRY LUNCH BOX WITH CUTLERY
71459,85123A,271,1007,5410,0.7465,0.2691,0.0501,1.8058,HANGING JAM JAR T-LIGHT HOLDER,WHITE HANGING HEART T-LIGHT HOLDER
22834,22865,271,590,1211,0.7465,0.4593,0.2238,13.769,HAND WARMER BABUSHKA DESIGN,HAND WARMER OWL DESIGN
20712,22384,271,1410,2101,0.7465,0.1922,0.129,3.3209,JUMBO BAG WOODLAND ANIMALS,LUNCH BAG PINK POLKADOT
20728,22326,270,2063,1390,0.7438,0.1309,0.1942,3.4181,LUNCH BAG CARS BLUE,ROUND SNACK BOXES SET OF4 WOODLAND
22423,22728,270,3860,968,0.7438,0.0699,0.2789,2.6232,REGENCY CAKESTAND 3 TIER,ALARM CLOCK BAKELIKE PINK
21790,21931,270,1885,2326,0.7438,0.1432,0.1161,2.2355,VINTAGE SNAP CARDS,JUMBO STORAGE BAG SUKI
21977,85099F,270,1992,1854,0.7438,0.1355,0.1456,2.654,PACK OF 60 PINK PAISLEY CAKE CASES,JUMBO BAG STRAWBERRY
22112,22865,270,1713,1211,0.7438,0.1576,0.223,4.7249,CHOCOLATE HOT WATER BOTTLE,HAND WARMER OWL DESIGN
20712,21080,270,1410,2119,0.7438,0.1915,0.1274,3.2805,JUMBO BAG WOODLAND ANIMALS,SET/20 RED RETROSPOT PAPER NAPKINS
22558,85099B,270,1196,3979,0.7438,0.2258,0.0679,2.0596,CLOTHES PEGS RETROSPOT PACK 24,JUMBO BAG RED RETROSPOT
22178,22219,270,1802,1149,0.7438,0.1498,0.235,4.7339,VICTORIAN GLASS HANGING T-LIGHT,LOVEBIRD HANGING DECORATION WHITE
21754,84946,270,2061,1756,0.7438,0.131,0.1538,2.7083,HOME BUILDING BLOCK WORD,ANTIQUE SILVER TEA GLASS ETCHED
21154,85099B,270,902,3979,0.7438,0.2993,0.0679,2.731,RED RETROSPOT OVEN GLOVE,JUMBO BAG RED RETROSPOT
84997D,85099B,270,1165,3979,0.7438,0.2318,0.0679,2.1144,PINK 3 PIECE MINI DOTS CUTLERY SET,JUMBO BAG RED RETROSPOT
22630,22662,270,1333,993,0.7438,0.2026,0.2719,7.4048,DOLLY GIRL LUNCH BOX,LUNCH BAG DOLLY GIRL DESIGN
21755,85099B,270,1692,3979,0.7438,0.1596,0.0679,1.4559,LOVE BUILDING BLOCK WORD,JUMBO BAG RED RETROSPOT
20724,84978,270,2035,1417,0.7438,0.1327,0.1905,3.3991,RED RETROSPOT CHARLOTTE BAG,HANGING HEART JAR T-LIGHT HOLDER
21080,84988,270,2119,1016,0.7438,0.1274,0.2657,4.5527,SET/20 RED RETROSPOT PAPER NAPKINS,SET OF 72 PINK HEART PAPER DOILIES
22386,84991,270,2241,2126,0.7438,0.1205,0.127,2.0573,JUMBO BAG PINK POLKADOT,60 TEATIME FAIRY CAKE CASES
20749,20750,270,763,907,0.7438,0.3539,0.2977,14.1632,ASSORTED COLOUR MINI CASES,RED RETROSPOT MINI CASES
21977,22138,270,1992,1896,0.7438,0.1355,0.1424,2.5952,PACK OF 60 PINK PAISLEY CAKE CASES,BAKING SET 9 PIECE RETROSPOT
22383,22630,270,2397,1333,0.7438,0.1126,0.2026,3.0676,LUNCH BAG SUKI DESIGN,DOLLY GIRL LUNCH BOX
21232,37448,270,2426,527,0.7438,0.1113,0.5123,7.6664,STRAWBERRY CERAMIC TRINKET BOX,CERAMIC CAKE DESIGN SPOTTED MUG
21790,21915,270,1885,1015,0.7438,0.1432,0.266,5.1229,VINTAGE SNAP CARDS,RED HARMONICA IN BOX
21181,21754,270,1796,2061,0.7438,0.1503,0.131,2.648,PLEASE ONE PERSON METAL SIGN,HOME BUILDING BLOCK WORD
21212,22960,269,3116,1157,0.741,0.0863,0.2325,2.7086,PACK OF 72 RETROSPOT CAKE CASES,JAM MAKING SET WITH JARS
21232,21929,269,2426,1612,0.741,0.1109,0.1669,2.497,STRAWBERRY CERAMIC TRINKET BOX,JUMBO BAG PINK VINTAGE PAISLEY
22469,84946,269,2141,1756,0.741,0.1256,0.1532,2.5974,HEART OF WICKER SMALL,ANTIQUE SILVER TEA GLASS ETCHED
22112,23355,269,1713,778,0.741,0.157,0.3458,7.3273,CHOCOLATE HOT WATER BOTTLE,HOT WATER BOTTLE KEEP CALM
21527,21533,269,828,954,0.741,0.3249,0.282,12.3624,RED RETROSPOT TRADITIONAL TEAPOT,RETRO SPOT LARGE MILK JUG
20725,84378,269,3055,1246,0.741,0.0881,0.2159,2.5654,LUNCH BAG RED RETROSPOT,SET OF 3 HEART COOKIE CUTTERS
21479,85123A,269,928,5410,0.741,0.2899,0.0497,1.9451,WHITE SKULL HOT WATER BOTTLE,WHITE HANGING HEART T-LIGHT HOLDER
20719,85099C,269,1572,1867,0.741,0.1711,0.1441,3.3273,WOODLAND CHARLOTTE BAG,JUMBO BAG BAROQUE BLACK WHITE
22326,85123A,269,1390,5410,0.741,0.1935,0.0497,1.2986,ROUND SNACK BOXES SET OF4 WOODLAND,WHITE HANGING HEART T-LIGHT HOLDER
21931,82580,269,2326,1336,0.741,0.1156,0.2013,3.1424,JUMBO STORAGE BAG SUKI,BATHROOM METAL SIGN
84596B,84596G,269,733,350,0.741,0.367,0.7686,38.0637,SMALL DOLLY MIX DESIGN ORANGE BOWL,SMALL CHOCOLATES PINK BOWL
22326,22629,269,1390,1367,0.741,0.1935,0.1968,5.1392,ROUND SNACK BOXES SET OF4 WOODLAND,SPACEBOY LUNCH BOX
21213,22384,269,1477,2101,0.741,0.1821,0.128,3.1469,PACK OF 72 SKULL CAKE CASES,LUNCH BAG PINK POLKADOT
22411,22663,269,2190,688,0.741,0.1228,0.391,6.4811,JUMBO SHOPPER VINTAGE RED PAISLEY,JUMBO BAG DOLLY GIRL DESIGN
22659,22900,269,1066,721,0.741,0.2523,0.3731,12.7055,LUNCH BOX I LOVE LONDON,SET 2 TEA TOWELS I LOVE LONDON
23170,23172,269,444,305,0.741,0.6059,0.882,72.1108,REGENCY TEA PLATE ROSES,REGENCY TEA PLATE PINK
20725,21210,269,3055,1159,0.741,0.0881,0.2321,2.758,LUNCH BAG RED RETROSPOT,SET OF 72 RETROSPOT PAPER DOILIES
20718,20727,269,1212,2345,0.741,0.2219,0.1147,3.4359,RED RETROSPOT SHOPPER BAG,LUNCH BAG BLACK SKULL.
22457,22697,269,2031,1352,0.741,0.1324,0.199,3.5563,NATURAL SLATE HEART CHALKBOARD,GREEN REGENCY TEACUP AND SAUCER
20723,84692,269,1379,1121,0.741,0.1951,0.24,6.317,STRAWBERRY CHARLOTTE BAG,BOX OF 24 COCKTAIL PARASOLS
22738,22910,269,498,1418,0.741,0.5402,0.1897,13.8286,RIBBON REEL SNOWY VILLAGE,PAPER CHAIN KIT VINTAGE CHRISTMAS
20726,22630,268,1922,1333,0.7383,0.1394,0.2011,3.7974,LUNCH BAG WOODLAND,DOLLY GIRL LUNCH BOX
22197,85099C,268,2278,1867,0.7383,0.1176,0.1435,2.2875,SMALL POPCORN HOLDER,JUMBO BAG BAROQUE BLACK WHITE
22082,85123A,268,955,5410,0.7383,0.2806,0.0495,1.8831,RIBBON REEL STRIPES DESIGN,WHITE HANGING HEART T-LIGHT HOLDER
21232,48185,268,2426,983,0.7383,0.1105,0.2726,4.0796,STRAWBERRY CERAMIC TRINKET BOX,DOORMAT FAIRY CAKE
20676,21240,268,966,769,0.7383,0.2774,0.3485,13.0967,RED RETROSPOT BOWL,BLUE POLKADOT CUP
21533,21539,268,954,708,0.7383,0.2809,0.3785,14.404,RETRO SPOT LARGE MILK JUG,RED RETROSPOT BUTTER DISH
20727,23203,268,2345,1230,0.7383,0.1143,0.2179,3.373,LUNCH BAG BLACK SKULL.,JUMBO BAG VINTAGE DOILY
22469,82580,268,2141,1336,0.7383,0.1252,0.2006,3.4013,HEART OF WICKER SMALL,BATHROOM METAL SIGN
21213,21931,268,1477,2326,0.7383,0.1814,0.1152,2.8319,PACK OF 72 SKULL CAKE CASES,JUMBO STORAGE BAG SUKI
21154,85123A,268,902,5410,0.7383,0.2971,0.0495,1.9937,RED RETROSPOT OVEN GLOVE,WHITE HANGING HEART T-LIGHT HOLDER
72741,85123A,268,909,5410,0.7383,0.2948,0.0495,1.9784,GRAND CHOCOLATECANDLE,WHITE HANGING HEART T-LIGHT HOLDER
21935,22383,268,921,2397,0.7383,0.291,0.1118,4.4069,SUKI SHOULDER BAG,LUNCH BAG SUKI DESIGN
22087,22090,268,838,1698,0.7383,0.3198,0.1578,6.8373,PAPER BUNTING WHITE LACE,PAPER BUNTING RETROSPOT
21232,22083,268,2426,1399,0.7383,0.1105,0.1916,2.8665,STRAWBERRY CERAMIC TRINKET BOX,PAPER CHAIN KIT RETROSPOT
21181,22197,268,1796,2278,0.7383,0.1492,0.1176,2.378,PLEASE ONE PERSON METAL SIGN,SMALL POPCORN HOLDER
21212,22910,268,3116,1418,0.7383,0.086,0.189,2.2019,PACK OF 72 RETROSPOT CAKE CASES,PAPER CHAIN KIT VINTAGE CHRISTMAS
22630,22666,268,1333,1652,0.7383,0.2011,0.1622,4.418,DOLLY GIRL LUNCH BOX,RECIPE BOX PANTRY YELLOW DESIGN
20914,22348,268,2019,956,0.7383,0.1327,0.2803,5.0405,SET/5 RED RETROSPOT LID GLASS BOWLS,TEA BAG PLATE RED RETROSPOT
21755,82482,268,1692,1999,0.7383,0.1584,0.1341,2.8764,LOVE BUILDING BLOCK WORD,WOODEN PICTURE FRAME WHITE FINISH
22114,22865,268,1578,1211,0.7383,0.1698,0.2213,5.0911,HOT WATER BOTTLE TEA AND SYMPATHY,HAND WARMER OWL DESIGN
71053,85123A,268,723,5410,0.7383,0.3707,0.0495,2.4873,WHITE METAL LANTERN,WHITE HANGING HEART T-LIGHT HOLDER
22722,22960,268,826,1157,0.7383,0.3245,0.2316,10.1801,SET OF 6 SPICE TINS PANTRY DESIGN,JAM MAKING SET WITH JARS
21481,85123A,268,1049,5410,0.7383,0.2555,0.0495,1.7143,FAWN BLUE HOT WATER BOTTLE,WHITE HANGING HEART T-LIGHT HOLDER
22077,22356,267,1751,1584,0.7355,0.1525,0.1686,3.4946,6 RIBBONS RUSTIC CHARM,CHARLOTTE BAG PINK POLKADOT
20713,20719,267,1304,1572,0.7355,0.2048,0.1698,4.7284,JUMBO BAG OWLS,WOODLAND CHARLOTTE BAG
21987,21989,267,385,654,0.7355,0.6935,0.4083,38.4949,PACK OF 6 SKULL PAPER CUPS,PACK OF 20 SKULL PAPER NAPKINS
22469,84836,267,2141,1406,0.7355,0.1247,0.1899,3.2199,HEART OF WICKER SMALL,ZINC METAL HEART DECORATION
22029,85123A,267,1100,5410,0.7355,0.2427,0.0494,1.6287,SPACEBOY BIRTHDAY CARD,WHITE HANGING HEART T-LIGHT HOLDER
21481,21484,267,1049,864,0.7355,0.2545,0.309,10.6943,FAWN BLUE HOT WATER BOTTLE,CHICK GREY HOT WATER BOTTLE
20727,21934,267,2345,723,0.7355,0.1139,0.3693,5.7169,LUNCH BAG BLACK SKULL.,SKULL SHOULDER BAG
22725,22728,267,547,968,0.7355,0.4881,0.2758,18.3054,ALARM CLOCK BAKELIKE CHOCOLATE,ALARM CLOCK BAKELIKE PINK
22156,85123A,267,581,5410,0.7355,0.4596,0.0494,3.0837,HEART DECORATION WITH PEARLS,WHITE HANGING HEART T-LIGHT HOLDER
21790,22178,267,1885,1802,0.7355,0.1416,0.1482,2.8535,VINTAGE SNAP CARDS,VICTORIAN GLASS HANGING T-LIGHT
22423,22835,267,3860,1010,0.7355,0.0692,0.2644,2.4862,REGENCY CAKESTAND 3 TIER,HOT WATER BOTTLE I AM SO POORLY
20972,21790,267,1394,1885,0.7355,0.1915,0.1416,3.6887,PINK CREAM FELT CRAFT TRINKET BOX,VINTAGE SNAP CARDS
22114,22866,267,1578,1081,0.7355,0.1692,0.247,5.6821,HOT WATER BOTTLE TEA AND SYMPATHY,HAND WARMER SCOTTY DOG DESIGN
22297,85099B,267,969,3979,0.7355,0.2755,0.0671,2.5139,HEART IVORY TRELLIS SMALL,JUMBO BAG RED RETROSPOT
20914,21535,267,2019,1108,0.7355,0.1322,0.241,4.3328,SET/5 RED RETROSPOT LID GLASS BOWLS,RED RETROSPOT SMALL MILK JUG
21931,23202,267,2326,879,0.7355,0.1148,0.3038,4.7407,JUMBO STORAGE BAG SUKI,JUMBO BAG VINTAGE LEAF
21930,22356,267,1317,1584,0.7355,0.2027,0.1686,4.6462,JUMBO STORAGE BAG SKULLS,CHARLOTTE BAG PINK POLKADOT
48138,48187,267,1638,1276,0.7355,0.163,0.2092,4.6374,DOORMAT UNION FLAG,DOORMAT NEW ENGLAND
22457,84970L,267,2031,1142,0.7355,0.1315,0.2338,4.1789,NATURAL SLATE HEART CHALKBOARD,SINGLE HEART ZINC T-LIGHT HOLDER
21212,21755,266,3116,1692,0.7327,0.0854,0.1572,1.8315,PACK OF 72 RETROSPOT CAKE CASES,LOVE BUILDING BLOCK WORD
22993,85099B,266,1071,3979,0.7327,0.2484,0.0669,2.2659,SET OF 4 PANTRY JELLY MOULDS,JUMBO BAG RED RETROSPOT
20727,22666,266,2345,1652,0.7327,0.1134,0.161,2.4926,LUNCH BAG BLACK SKULL.,RECIPE BOX PANTRY YELLOW DESIGN
21621,85099B,266,1275,3979,0.7327,0.2086,0.0669,1.9034,VINTAGE UNION JACK BUNTING,JUMBO BAG RED RETROSPOT
21485,22835,266,1383,1010,0.7327,0.1923,0.2634,6.913,RETROSPOT HEART HOT WATER BOTTLE,HOT WATER BOTTLE I AM SO POORLY
21936,22384,266,1043,2101,0.7327,0.255,0.1266,4.4066,RED RETROSPOT PICNIC BAG,LUNCH BAG PINK POLKADOT
20725,22138,266,3055,1896,0.7327,0.0871,0.1403,1.6671,LUNCH BAG RED RETROSPOT,BAKING SET 9 PIECE RETROSPOT
20725,84997C,266,3055,1021,0.7327,0.0871,0.2605,3.0958,LUNCH BAG RED RETROSPOT,BLUE 3 PIECE MINI DOTS CUTLERY SET
22867,85123A,266,1052,5410,0.7327,0.2529,0.0492,1.6967,HAND WARMER BIRD DESIGN,WHITE HANGING HEART T-LIGHT HOLDER
22993,85123A,266,1071,5410,0.7327,0.2484,0.0492,1.6666,SET OF 4 PANTRY JELLY MOULDS,WHITE HANGING HEART T-LIGHT HOLDER
22385,22663,266,1246,688,0.7327,0.2135,0.3866,11.2643,JUMBO BAG SPACEBOY DESIGN,JUMBO BAG DOLLY GIRL DESIGN
22381,85099F,266,1099,1854,0.7327,0.242,0.1435,4.7392,TOY TIDY PINK POLKADOT,JUMBO BAG STRAWBERRY
21212,21992,266,3116,656,0.7327,0.0854,0.4055,4.724,PACK OF 72 RETROSPOT CAKE CASES,VINTAGE PAISLEY STATIONERY SET
21990,21992,266,497,656,0.7327,0.5352,0.4055,29.6177,MODERN FLORAL STATIONERY SET,VINTAGE PAISLEY STATIONERY SET
22753,22754,266,404,492,0.7327,0.6584,0.5407,48.5809,SMALL YELLOW BABUSHKA NOTEBOOK,SMALL RED BABUSHKA NOTEBOOK
20914,21231,266,2019,1480,0.7327,0.1317,0.1797,3.2316,SET/5 RED RETROSPOT LID GLASS BOWLS,SWEETHEART CERAMIC TRINKET BOX
22411,82482,266,2190,1999,0.7327,0.1215,0.1331,2.2057,JUMBO SHOPPER VINTAGE RED PAISLEY,WOODEN PICTURE FRAME WHITE FINISH
84692,84991,266,1121,2126,0.7327,0.2373,0.1251,4.0518,BOX OF 24 COCKTAIL PARASOLS,60 TEATIME FAIRY CAKE CASES
22624,85123A,266,1214,5410,0.7327,0.2191,0.0492,1.4703,IVORY KITCHEN SCALES,WHITE HANGING HEART T-LIGHT HOLDER
22417,22951,266,1102,633,0.7327,0.2414,0.4202,13.8429,PACK OF 60 SPACEBOY CAKE CASES,60 CAKE CASES DOLLY GIRL DESIGN
21928,22423,266,1538,3860,0.7327,0.173,0.0689,1.6266,JUMBO BAG SCANDINAVIAN PAISLEY,REGENCY CAKESTAND 3 TIER
21210,22423,266,1159,3860,0.7327,0.2295,0.0689,2.1584,SET OF 72 RETROSPOT PAPER DOILIES,REGENCY CAKESTAND 3 TIER
21790,22138,266,1885,1896,0.7327,0.1411,0.1403,2.7019,VINTAGE SNAP CARDS,BAKING SET 9 PIECE RETROSPOT
21212,22697,266,3116,1352,0.7327,0.0854,0.1967,2.2921,PACK OF 72 RETROSPOT CAKE CASES,GREEN REGENCY TEACUP AND SAUCER
22111,22865,266,1683,1211,0.7327,0.1581,0.2197,4.7379,SCOTTIE DOG HOT WATER BOTTLE,HAND WARMER OWL DESIGN
22197,22219,265,2278,1149,0.73,0.1163,0.2306,3.6754,SMALL POPCORN HOLDER,LOVEBIRD HANGING DECORATION WHITE
22355,22666,265,1735,1652,0.73,0.1527,0.1604,3.3563,CHARLOTTE BAG SUKI DESIGN,RECIPE BOX PANTRY YELLOW DESIGN
23199,23209,265,976,1096,0.73,0.2715,0.2418,8.9932,JUMBO BAG APPLES,LUNCH BAG VINTAGE DOILY
20724,22352,265,2035,1117,0.73,0.1302,0.2372,4.2321,RED RETROSPOT CHARLOTTE BAG,LUNCH BOX WITH CUTLERY RETROSPOT
20718,21080,265,1212,2119,0.73,0.2186,0.1251,3.7458,RED RETROSPOT SHOPPER BAG,SET/20 RED RETROSPOT PAPER NAPKINS
22382,22554,265,2153,1275,0.73,0.1231,0.2078,3.5045,LUNCH BAG SPACEBOY DESIGN,PLASTERS IN TIN WOODLAND ANIMALS
21974,84988,265,808,1016,0.73,0.328,0.2608,11.7185,SET OF 36 PAISLEY FLOWER DOILIES,SET OF 72 PINK HEART PAPER DOILIES
21314,22457,265,1058,2031,0.73,0.2505,0.1305,4.4769,SMALL GLASS HEART TRINKET POT,NATURAL SLATE HEART CHALKBOARD
22386,82482,265,2241,1999,0.73,0.1183,0.1326,2.1474,JUMBO BAG PINK POLKADOT,WOODEN PICTURE FRAME WHITE FINISH
21868,85123A,265,880,5410,0.73,0.3011,0.049,2.0207,POTTING SHED TEA MUG,WHITE HANGING HEART T-LIGHT HOLDER
22086,22355,265,2000,1735,0.73,0.1325,0.1527,2.7723,PAPER CHAIN KIT 50'S CHRISTMAS,CHARLOTTE BAG SUKI DESIGN
20914,22384,265,2019,2101,0.73,0.1313,0.1261,2.2678,SET/5 RED RETROSPOT LID GLASS BOWLS,LUNCH BAG PINK POLKADOT
22197,22961,265,2278,1188,0.73,0.1163,0.2231,3.5547,SMALL POPCORN HOLDER,JAM MAKING SET PRINTED
22697,22960,265,1352,1157,0.73,0.196,0.229,6.1499,GREEN REGENCY TEACUP AND SAUCER,JAM MAKING SET WITH JARS
22646,85123A,265,876,5410,0.73,0.3025,0.049,2.0299,CERAMIC STRAWBERRY CAKE MONEY BANK,WHITE HANGING HEART T-LIGHT HOLDER
72351A,72351B,265,425,494,0.73,0.6235,0.5364,45.8206,SET/6 TURQUOISE BUTTERFLY T-LIGHTS,SET/6 PINK BUTTERFLY T-LIGHTS
22178,22197,265,1802,2278,0.73,0.1471,0.1163,2.3435,VICTORIAN GLASS HANGING T-LIGHT,SMALL POPCORN HOLDER
21212,84997C,265,3116,1021,0.73,0.085,0.2595,3.0238,PACK OF 72 RETROSPOT CAKE CASES,BLUE 3 PIECE MINI DOTS CUTLERY SET
20728,20914,265,2063,2019,0.73,0.1285,0.1313,2.3096,LUNCH BAG CARS BLUE,SET/5 RED RETROSPOT LID GLASS BOWLS
20914,21210,264,2019,1159,0.7272,0.1308,0.2278,4.0956,SET/5 RED RETROSPOT LID GLASS BOWLS,SET OF 72 RETROSPOT PAPER DOILIES
47591D,85099B,264,1210,3979,0.7272,0.2182,0.0663,1.9906,PINK FAIRY CAKE CHILDRENS APRON,JUMBO BAG RED RETROSPOT
21232,84970S,264,2426,1520,0.7272,0.1088,0.1737,2.599,STRAWBERRY CERAMIC TRINKET BOX,HANGING HEART ZINC T-LIGHT HOLDER
22384,22666,264,2101,1652,0.7272,0.1257,0.1598,2.7612,LUNCH BAG PINK POLKADOT,RECIPE BOX PANTRY YELLOW DESIGN
20723,22661,264,1379,631,0.7272,0.1914,0.4184,11.0139,STRAWBERRY CHARLOTTE BAG,CHARLOTTE BAG DOLLY GIRL DESIGN
21232,47559B,264,2426,743,0.7272,0.1088,0.3553,5.3169,STRAWBERRY CERAMIC TRINKET BOX,TEA TIME OVEN GLOVE
21977,84692,264,1992,1121,0.7272,0.1325,0.2355,4.2918,PACK OF 60 PINK PAISLEY CAKE CASES,BOX OF 24 COCKTAIL PARASOLS
22698,85123A,264,1028,5410,0.7272,0.2568,0.0488,1.7232,PINK REGENCY TEACUP AND SAUCER,WHITE HANGING HEART T-LIGHT HOLDER
21213,22382,264,1477,2153,0.7272,0.1787,0.1226,3.0138,PACK OF 72 SKULL CAKE CASES,LUNCH BAG SPACEBOY DESIGN
21790,21918,264,1885,786,0.7272,0.1401,0.3359,6.4685,VINTAGE SNAP CARDS,SET 12 KIDS COLOUR CHALK STICKS
21080,85099C,264,2119,1867,0.7272,0.1246,0.1414,2.4225,SET/20 RED RETROSPOT PAPER NAPKINS,JUMBO BAG BAROQUE BLACK WHITE
22554,85123A,264,1275,5410,0.7272,0.2071,0.0488,1.3894,PLASTERS IN TIN WOODLAND ANIMALS,WHITE HANGING HEART T-LIGHT HOLDER
22383,22457,264,2397,2031,0.7272,0.1101,0.13,1.9686,LUNCH BAG SUKI DESIGN,NATURAL SLATE HEART CHALKBOARD
21733,85099B,264,1755,3979,0.7272,0.1504,0.0663,1.3724,RED HANGING HEART T-LIGHT HOLDER,JUMBO BAG RED RETROSPOT
20914,22379,264,2019,1567,0.7272,0.1308,0.1685,3.0292,SET/5 RED RETROSPOT LID GLASS BOWLS,RECYCLING BAG RETROSPOT
22423,82580,264,3860,1336,0.7272,0.0684,0.1976,1.8584,REGENCY CAKESTAND 3 TIER,BATHROOM METAL SIGN
21871,85123A,264,776,5410,0.7272,0.3402,0.0488,2.2828,SAVE THE PLANET MUG,WHITE HANGING HEART T-LIGHT HOLDER
21976,85123A,264,950,5410,0.7272,0.2779,0.0488,1.8647,PACK OF 60 MUSHROOM CAKE CASES,WHITE HANGING HEART T-LIGHT HOLDER
22173,85099B,263,993,3979,0.7245,0.2649,0.0661,2.4164,METAL 4 HOOK HANGER FRENCH CHATEAU,JUMBO BAG RED RETROSPOT
22114,22197,263,1578,2278,0.7245,0.1667,0.1155,2.656,HOT WATER BOTTLE TEA AND SYMPATHY,SMALL POPCORN HOLDER
20971,21212,263,1143,3116,0.7245,0.2301,0.0844,2.6807,PINK BLUE FELT CRAFT TRINKET BOX,PACK OF 72 RETROSPOT CAKE CASES
21976,22355,263,950,1735,0.7245,0.2768,0.1516,5.7925,PACK OF 60 MUSHROOM CAKE CASES,CHARLOTTE BAG SUKI DESIGN
21733,22469,263,1755,2141,0.7245,0.1499,0.1228,2.5409,RED HANGING HEART T-LIGHT HOLDER,HEART OF WICKER SMALL
22196,84378,263,981,1246,0.7245,0.2681,0.2111,7.8109,SMALL HEART MEASURING SPOONS,SET OF 3 HEART COOKIE CUTTERS
21931,22630,263,2326,1333,0.7245,0.1131,0.1973,3.0793,JUMBO STORAGE BAG SUKI,DOLLY GIRL LUNCH BOX
22457,82580,263,2031,1336,0.7245,0.1295,0.1969,3.5186,NATURAL SLATE HEART CHALKBOARD,BATHROOM METAL SIGN
22114,23355,263,1578,778,0.7245,0.1667,0.338,7.7768,HOT WATER BOTTLE TEA AND SYMPATHY,HOT WATER BOTTLE KEEP CALM
20973,20975,263,658,898,0.7245,0.3997,0.2929,16.1579,12 PENCIL SMALL TUBE WOODLAND,12 PENCILS SMALL TUBE RED RETROSPOT
22219,22227,263,1149,641,0.7245,0.2289,0.4103,12.9631,LOVEBIRD HANGING DECORATION WHITE,HANGING HEART MIRROR DECORATION
20725,47591D,263,3055,1210,0.7245,0.0861,0.2174,2.5828,LUNCH BAG RED RETROSPOT,PINK FAIRY CAKE CHILDRENS APRON
22382,23208,263,2153,666,0.7245,0.1222,0.3949,6.6584,LUNCH BAG SPACEBOY DESIGN,LUNCH BAG VINTAGE LEAF DESIGN
22328,22382,263,1152,2153,0.7245,0.2283,0.1222,3.8494,ROUND SNACK BOXES SET OF 4 FRUITS,LUNCH BAG SPACEBOY DESIGN
21931,84988,263,2326,1016,0.7245,0.1131,0.2589,4.04,JUMBO STORAGE BAG SUKI,SET OF 72 PINK HEART PAPER DOILIES
15036,20724,262,974,2035,0.7217,0.269,0.1287,4.7985,ASSORTED COLOURS SILK FAN,RED RETROSPOT CHARLOTTE BAG
20724,22086,262,2035,2000,0.7217,0.1287,0.131,2.3369,RED RETROSPOT CHARLOTTE BAG,PAPER CHAIN KIT 50'S CHRISTMAS
21871,21877,262,776,754,0.7217,0.3376,0.3475,16.2554,SAVE THE PLANET MUG,HOME SWEET HOME MUG
82582,85123A,262,790,5410,0.7217,0.3316,0.0484,2.2254,AREA PATROLLED METAL SIGN,WHITE HANGING HEART T-LIGHT HOLDER
22865,22952,262,1211,1139,0.7217,0.2164,0.23,6.8955,HAND WARMER OWL DESIGN,60 CAKE CASES VINTAGE CHRISTMAS
21174,82600,262,1134,1200,0.7217,0.231,0.2183,6.9894,POTTERING IN THE SHED METAL SIGN,NO SINGING METAL SIGN
20723,21977,262,1379,1992,0.7217,0.19,0.1315,3.4624,STRAWBERRY CHARLOTTE BAG,PACK OF 60 PINK PAISLEY CAKE CASES
20914,84992,262,2019,1459,0.7217,0.1298,0.1796,3.2288,SET/5 RED RETROSPOT LID GLASS BOWLS,72 SWEETHEART FAIRY CAKE CASES
21508,22029,262,541,1100,0.7217,0.4843,0.2382,15.9824,VINTAGE KID DOLLY CARD,SPACEBOY BIRTHDAY CARD
22384,22469,262,2101,2141,0.7217,0.1247,0.1224,2.1144,LUNCH BAG PINK POLKADOT,HEART OF WICKER SMALL
20914,22139,262,2019,2087,0.7217,0.1298,0.1255,2.2572,SET/5 RED RETROSPOT LID GLASS BOWLS,RETROSPOT TEA SET CERAMIC 11 PC
21791,22197,262,1312,2278,0.7217,0.1997,0.115,3.1823,VINTAGE HEADS AND TAILS CARD GAME,SMALL POPCORN HOLDER
21559,22197,262,1219,2278,0.7217,0.2149,0.115,3.4251,STRAWBERRY LUNCH BOX WITH CUTLERY,SMALL POPCORN HOLDER
20914,22558,262,2019,1196,0.7217,0.1298,0.2191,3.9388,SET/5 RED RETROSPOT LID GLASS BOWLS,CLOTHES PEGS RETROSPOT PACK 24
21716,21718,262,495,466,0.7217,0.5293,0.5622,41.2326,BOYS VINTAGE TIN SEASIDE BUCKET,RED METAL BEACH SPADE
22355,22457,262,1735,2031,0.7217,0.151,0.129,2.6991,CHARLOTTE BAG SUKI DESIGN,NATURAL SLATE HEART CHALKBOARD
20713,22197,262,1304,2278,0.7217,0.2009,0.115,3.2018,JUMBO BAG OWLS,SMALL POPCORN HOLDER
22423,84978,261,3860,1417,0.719,0.0676,0.1842,1.7323,REGENCY CAKESTAND 3 TIER,HANGING HEART JAR T-LIGHT HOLDER
22834,22866,261,590,1081,0.719,0.4424,0.2414,14.8557,HAND WARMER BABUSHKA DESIGN,HAND WARMER SCOTTY DOG DESIGN
21232,47591D,261,2426,1210,0.719,0.1076,0.2157,3.2277,STRAWBERRY CERAMIC TRINKET BOX,PINK FAIRY CAKE CHILDRENS APRON
21731,22077,261,1525,1751,0.719,0.1711,0.1491,3.5483,RED TOADSTOOL LED NIGHT LIGHT,6 RIBBONS RUSTIC CHARM
21975,22383,261,1302,2397,0.719,0.2005,0.1089,3.0359,PACK OF 60 DINOSAUR CAKE CASES,LUNCH BAG SUKI DESIGN
20727,21975,261,2345,1302,0.719,0.1113,0.2005,3.1033,LUNCH BAG BLACK SKULL.,PACK OF 60 DINOSAUR CAKE CASES
20726,20914,261,1922,2019,0.719,0.1358,0.1293,2.4416,LUNCH BAG WOODLAND,SET/5 RED RETROSPOT LID GLASS BOWLS
20973,20974,261,658,821,0.719,0.3967,0.3179,17.5389,12 PENCIL SMALL TUBE WOODLAND,12 PENCILS SMALL TUBE SKULL
22382,84997D,261,2153,1165,0.719,0.1212,0.224,3.7775,LUNCH BAG SPACEBOY DESIGN,PINK 3 PIECE MINI DOTS CUTLERY SET
22470,84836,261,1947,1406,0.719,0.1341,0.1856,3.4611,HEART OF WICKER LARGE,ZINC METAL HEART DECORATION
22457,82494L,261,2031,2055,0.719,0.1285,0.127,2.2701,NATURAL SLATE HEART CHALKBOARD,WOODEN FRAME ANTIQUE WHITE
47566,82583,261,2648,1174,0.719,0.0986,0.2223,3.0478,PARTY BUNTING,HOT BATHS METAL SIGN
21212,22630,261,3116,1333,0.719,0.0838,0.1958,2.2811,PACK OF 72 RETROSPOT CAKE CASES,DOLLY GIRL LUNCH BOX
21166,22423,261,1420,3860,0.719,0.1838,0.0676,1.7286,COOK WITH WINE METAL SIGN,REGENCY CAKESTAND 3 TIER
21931,22086,261,2326,2000,0.719,0.1122,0.1305,2.0367,JUMBO STORAGE BAG SUKI,PAPER CHAIN KIT 50'S CHRISTMAS
21479,21481,261,928,1049,0.719,0.2812,0.2488,9.733,WHITE SKULL HOT WATER BOTTLE,FAWN BLUE HOT WATER BOTTLE
22294,22295,261,860,705,0.719,0.3035,0.3702,15.6273,HEART FILIGREE DOVE SMALL,HEART FILIGREE DOVE LARGE
82600,85099B,261,1200,3979,0.719,0.2175,0.0656,1.9843,NO SINGING METAL SIGN,JUMBO BAG RED RETROSPOT
20725,21934,261,3055,723,0.719,0.0854,0.361,4.2896,LUNCH BAG RED RETROSPOT,SKULL SHOULDER BAG
21231,22469,261,1480,2141,0.719,0.1764,0.1219,2.9901,SWEETHEART CERAMIC TRINKET BOX,HEART OF WICKER SMALL
22423,22554,261,3860,1275,0.719,0.0676,0.2047,1.9252,REGENCY CAKESTAND 3 TIER,PLASTERS IN TIN WOODLAND ANIMALS
21754,22178,261,2061,1802,0.719,0.1266,0.1448,2.5512,HOME BUILDING BLOCK WORD,VICTORIAN GLASS HANGING T-LIGHT
21936,85123A,261,1043,5410,0.719,0.2502,0.0482,1.6791,RED RETROSPOT PICNIC BAG,WHITE HANGING HEART T-LIGHT HOLDER
47566,84988,261,2648,1016,0.719,0.0986,0.2569,3.5218,PARTY BUNTING,SET OF 72 PINK HEART PAPER DOILIES
21931,22196,261,2326,981,0.719,0.1122,0.2661,4.1523,JUMBO STORAGE BAG SUKI,SMALL HEART MEASURING SPOONS
21977,22083,260,1992,1399,0.7162,0.1305,0.1858,3.3869,PACK OF 60 PINK PAISLEY CAKE CASES,PAPER CHAIN KIT RETROSPOT
22086,84946,260,2000,1756,0.7162,0.13,0.1481,2.6875,PAPER CHAIN KIT 50'S CHRISTMAS,ANTIQUE SILVER TEA GLASS ETCHED
21790,22379,260,1885,1567,0.7162,0.1379,0.1659,3.1954,VINTAGE SNAP CARDS,RECYCLING BAG RETROSPOT
84836,84970S,260,1406,1520,0.7162,0.1849,0.1711,4.4165,ZINC METAL HEART DECORATION,HANGING HEART ZINC T-LIGHT HOLDER
21931,82494L,260,2326,2055,0.7162,0.1118,0.1265,1.9746,JUMBO STORAGE BAG SUKI,WOODEN FRAME ANTIQUE WHITE
21931,21934,260,2326,723,0.7162,0.1118,0.3596,5.6125,JUMBO STORAGE BAG SUKI,SKULL SHOULDER BAG
21992,85099B,260,656,3979,0.7162,0.3963,0.0653,3.616,VINTAGE PAISLEY STATIONERY SET,JUMBO BAG RED RETROSPOT
22554,85099B,260,1275,3979,0.7162,0.2039,0.0653,1.8605,PLASTERS IN TIN WOODLAND ANIMALS,JUMBO BAG RED RETROSPOT
22666,84991,260,1652,2126,0.7162,0.1574,0.1223,2.6874,RECIPE BOX PANTRY YELLOW DESIGN,60 TEATIME FAIRY CAKE CASES
22431,22433,260,619,421,0.7162,0.42,0.6176,36.2186,WATERING CAN BLUE ELEPHANT,WATERING CAN GREEN DINOSAUR
84536A,85123A,260,623,5410,0.7162,0.4173,0.0481,2.8004,ENGLISH ROSE NOTEBOOK A7 SIZE,WHITE HANGING HEART T-LIGHT HOLDER
20725,22114,260,3055,1578,0.7162,0.0851,0.1648,1.9579,LUNCH BAG RED RETROSPOT,HOT WATER BOTTLE TEA AND SYMPATHY
21212,21239,260,3116,750,0.7162,0.0834,0.3467,4.0387,PACK OF 72 RETROSPOT CAKE CASES,PINK POLKADOT CUP
22697,22961,260,1352,1188,0.7162,0.1923,0.2189,5.8764,GREEN REGENCY TEACUP AND SAUCER,JAM MAKING SET PRINTED
22739,22910,260,601,1418,0.7162,0.4326,0.1834,11.0752,RIBBON REEL CHRISTMAS SOCK BAUBLE,PAPER CHAIN KIT VINTAGE CHRISTMAS
22219,84946,260,1149,1756,0.7162,0.2263,0.1481,4.678,LOVEBIRD HANGING DECORATION WHITE,ANTIQUE SILVER TEA GLASS ETCHED
22522,22523,260,334,351,0.7162,0.7784,0.7407,80.5101,CHILDS GARDEN FORK BLUE,CHILDS GARDEN FORK PINK
21934,22356,260,723,1584,0.7162,0.3596,0.1641,8.2416,SKULL SHOULDER BAG,CHARLOTTE BAG PINK POLKADOT
21213,84692,260,1477,1121,0.7162,0.176,0.2319,5.7006,PACK OF 72 SKULL CAKE CASES,BOX OF 24 COCKTAIL PARASOLS
21891,22620,260,829,841,0.7162,0.3136,0.3092,13.538,TRADITIONAL WOODEN SKIPPING ROPE,4 TRADITIONAL SPINNING TOPS
21033,21931,260,573,2326,0.7162,0.4538,0.1118,7.0817,JUMBO BAG CHARLIE AND LOLA TOYS,JUMBO STORAGE BAG SUKI
21929,84991,260,1612,2126,0.7162,0.1613,0.1223,2.7541,JUMBO BAG PINK VINTAGE PAISLEY,60 TEATIME FAIRY CAKE CASES
21232,22470,260,2426,1947,0.7162,0.1072,0.1335,1.9982,STRAWBERRY CERAMIC TRINKET BOX,HEART OF WICKER LARGE
84520B,85123A,260,732,5410,0.7162,0.3552,0.0481,2.3834,PACK 20 ENGLISH ROSE PAPER NAPKINS,WHITE HANGING HEART T-LIGHT HOLDER
21080,22139,259,2119,2087,0.7135,0.1222,0.1241,2.1261,SET/20 RED RETROSPOT PAPER NAPKINS,RETROSPOT TEA SET CERAMIC 11 PC
21498,21499,259,796,459,0.7135,0.3254,0.5643,25.7338,RED RETROSPOT WRAP,BLUE POLKADOT WRAP
20972,22150,259,1394,937,0.7135,0.1858,0.2764,7.1983,PINK CREAM FELT CRAFT TRINKET BOX,3 STRIPEY MICE FELTCRAFT
20719,22554,259,1572,1275,0.7135,0.1648,0.2031,4.691,WOODLAND CHARLOTTE BAG,PLASTERS IN TIN WOODLAND ANIMALS
20725,22219,259,3055,1149,0.7135,0.0848,0.2254,2.6785,LUNCH BAG RED RETROSPOT,LOVEBIRD HANGING DECORATION WHITE
22423,22558,259,3860,1196,0.7135,0.0671,0.2166,2.0366,REGENCY CAKESTAND 3 TIER,CLOTHES PEGS RETROSPOT PACK 24
22355,22469,259,1735,2141,0.7135,0.1493,0.121,2.5311,CHARLOTTE BAG SUKI DESIGN,HEART OF WICKER SMALL
84946,84970L,259,1756,1142,0.7135,0.1475,0.2268,4.6886,ANTIQUE SILVER TEA GLASS ETCHED,SINGLE HEART ZINC T-LIGHT HOLDER
21888,21912,259,824,827,0.7135,0.3143,0.3132,13.7974,BINGO SET,VINTAGE SNAKES & LADDERS
20914,22666,259,2019,1652,0.7135,0.1283,0.1568,2.8189,SET/5 RED RETROSPOT LID GLASS BOWLS,RECIPE BOX PANTRY YELLOW DESIGN
20724,84970S,259,2035,1520,0.7135,0.1273,0.1704,3.0396,RED RETROSPOT CHARLOTTE BAG,HANGING HEART ZINC T-LIGHT HOLDER
20727,21558,259,2345,765,0.7135,0.1104,0.3386,5.2411,LUNCH BAG BLACK SKULL.,SKULL LUNCH BOX WITH CUTLERY
20712,20728,259,1410,2063,0.7135,0.1837,0.1255,3.2323,JUMBO BAG WOODLAND ANIMALS,LUNCH BAG CARS BLUE
20713,21731,259,1304,1525,0.7135,0.1986,0.1698,4.7281,JUMBO BAG OWLS,RED TOADSTOOL LED NIGHT LIGHT
23203,23344,259,1230,712,0.7135,0.2106,0.3638,10.7361,JUMBO BAG VINTAGE DOILY,JUMBO BAG 50'S CHRISTMAS
20724,21976,259,2035,950,0.7135,0.1273,0.2726,4.8634,RED RETROSPOT CHARLOTTE BAG,PACK OF 60 MUSHROOM CAKE CASES
22083,22355,259,1399,1735,0.7135,0.1851,0.1493,3.8736,PAPER CHAIN KIT RETROSPOT,CHARLOTTE BAG SUKI DESIGN
20718,22384,259,1212,2101,0.7135,0.2137,0.1233,3.6923,RED RETROSPOT SHOPPER BAG,LUNCH BAG PINK POLKADOT
22086,22726,259,2000,1266,0.7135,0.1295,0.2046,3.7134,PAPER CHAIN KIT 50'S CHRISTMAS,ALARM CLOCK BAKELIKE GREEN
21212,21934,259,3116,723,0.7135,0.0831,0.3582,4.1734,PACK OF 72 RETROSPOT CAKE CASES,SKULL SHOULDER BAG
22507,85123A,259,899,5410,0.7135,0.2881,0.0479,1.9332,MEMO BOARD RETROSPOT DESIGN,WHITE HANGING HEART T-LIGHT HOLDER
21992,85123A,259,656,5410,0.7135,0.3948,0.0479,2.6493,VINTAGE PAISLEY STATIONERY SET,WHITE HANGING HEART T-LIGHT HOLDER
22086,23344,259,2000,712,0.7135,0.1295,0.3638,6.6027,PAPER CHAIN KIT 50'S CHRISTMAS,JUMBO BAG 50'S CHRISTMAS
21080,22077,259,2119,1751,0.7135,0.1222,0.1479,2.534,SET/20 RED RETROSPOT PAPER NAPKINS,6 RIBBONS RUSTIC CHARM
20728,22385,259,2063,1246,0.7135,0.1255,0.2079,3.6577,LUNCH BAG CARS BLUE,JUMBO BAG SPACEBOY DESIGN
22625,22627,259,942,653,0.7135,0.2749,0.3966,15.285,RED KITCHEN SCALES,MINT KITCHEN SCALES
15036,22423,259,974,3860,0.7135,0.2659,0.0671,2.5008,ASSORTED COLOURS SILK FAN,REGENCY CAKESTAND 3 TIER
20725,21976,259,3055,950,0.7135,0.0848,0.2726,3.2396,LUNCH BAG RED RETROSPOT,PACK OF 60 MUSHROOM CAKE CASES
23293,23296,259,550,377,0.7135,0.4709,0.687,45.3447,SET OF 12 FAIRY CAKE BAKING CASES,SET OF 6 TEA TIME BAKING CASES
21239,21242,258,750,657,0.7107,0.344,0.3927,19.0074,PINK POLKADOT CUP,RED RETROSPOT PLATE
23201,23207,258,904,739,0.7107,0.2854,0.3491,14.0197,JUMBO BAG ALPHABET,LUNCH BAG ALPHABET DESIGN
22173,82494L,258,993,2055,0.7107,0.2598,0.1255,4.5898,METAL 4 HOOK HANGER FRENCH CHATEAU,WOODEN FRAME ANTIQUE WHITE
22367,22417,258,1156,1102,0.7107,0.2232,0.2341,7.3521,CHILDRENS APRON SPACEBOY DESIGN,PACK OF 60 SPACEBOY CAKE CASES
20718,20723,258,1212,1379,0.7107,0.2129,0.1871,5.6038,RED RETROSPOT SHOPPER BAG,STRAWBERRY CHARLOTTE BAG
21931,22219,258,2326,1149,0.7107,0.1109,0.2245,3.5045,JUMBO STORAGE BAG SUKI,LOVEBIRD HANGING DECORATION WHITE
20724,82580,258,2035,1336,0.7107,0.1268,0.1931,3.4449,RED RETROSPOT CHARLOTTE BAG,BATHROOM METAL SIGN
22191,22193,258,619,614,0.7107,0.4168,0.4202,24.6429,IVORY DINER WALL CLOCK,RED DINER WALL CLOCK
84032A,85099B,258,662,3979,0.7107,0.3897,0.0648,3.5556,CHARLIE+LOLA PINK HOT WATER BOTTLE,JUMBO BAG RED RETROSPOT
20724,22083,258,2035,1399,0.7107,0.1268,0.1844,3.2898,RED RETROSPOT CHARLOTTE BAG,PAPER CHAIN KIT RETROSPOT
22423,48138,258,3860,1638,0.7107,0.0668,0.1575,1.4813,REGENCY CAKESTAND 3 TIER,DOORMAT UNION FLAG
20723,23204,258,1379,583,0.7107,0.1871,0.4425,11.6498,STRAWBERRY CHARLOTTE BAG,CHARLOTTE BAG APPLES DESIGN
22077,22083,258,1751,1399,0.7107,0.1473,0.1844,3.8234,6 RIBBONS RUSTIC CHARM,PAPER CHAIN KIT RETROSPOT
22866,22910,258,1081,1418,0.7107,0.2387,0.1819,6.1101,HAND WARMER SCOTTY DOG DESIGN,PAPER CHAIN KIT VINTAGE CHRISTMAS
22379,84946,258,1567,1756,0.7107,0.1646,0.1469,3.4037,RECYCLING BAG RETROSPOT,ANTIQUE SILVER TEA GLASS ETCHED
21931,84946,258,2326,1756,0.7107,0.1109,0.1469,2.2931,JUMBO STORAGE BAG SUKI,ANTIQUE SILVER TEA GLASS ETCHED
22699,47566,258,1420,2648,0.7107,0.1817,0.0974,2.4908,ROSES REGENCY TEACUP AND SAUCER,PARTY BUNTING
22378,22379,258,545,1567,0.7107,0.4734,0.1646,10.9669,WALL TIDY RETROSPOT,RECYCLING BAG RETROSPOT
22659,85123A,258,1066,5410,0.7107,0.242,0.0477,1.624,LUNCH BOX I LOVE LONDON,WHITE HANGING HEART T-LIGHT HOLDER
84596F,84596G,258,614,350,0.7107,0.4202,0.7371,43.5827,SMALL MARSHMALLOWS PINK BOWL,SMALL CHOCOLATES PINK BOWL
21086,22090,258,841,1698,0.7107,0.3068,0.1519,6.5587,SET/6 RED SPOTTY PAPER CUPS,PAPER BUNTING RETROSPOT
21232,21934,257,2426,723,0.7079,0.1059,0.3555,5.3191,STRAWBERRY CERAMIC TRINKET BOX,SKULL SHOULDER BAG
22077,22411,257,1751,2190,0.7079,0.1468,0.1174,2.433,6 RIBBONS RUSTIC CHARM,JUMBO SHOPPER VINTAGE RED PAISLEY
20676,21239,257,966,750,0.7079,0.266,0.3427,12.8773,RED RETROSPOT BOWL,PINK POLKADOT CUP
21731,22630,257,1525,1333,0.7079,0.1685,0.1928,4.5895,RED TOADSTOOL LED NIGHT LIGHT,DOLLY GIRL LUNCH BOX
20724,22112,257,2035,1713,0.7079,0.1263,0.15,2.6763,RED RETROSPOT CHARLOTTE BAG,CHOCOLATE HOT WATER BOTTLE
22699,22960,257,1420,1157,0.7079,0.181,0.2221,5.6786,ROSES REGENCY TEACUP AND SAUCER,JAM MAKING SET WITH JARS
21212,21985,257,3116,918,0.7079,0.0825,0.28,3.2615,PACK OF 72 RETROSPOT CAKE CASES,PACK OF 12 HEARTS DESIGN TISSUES
21232,22112,257,2426,1713,0.7079,0.1059,0.15,2.245,STRAWBERRY CERAMIC TRINKET BOX,CHOCOLATE HOT WATER BOTTLE
21791,22086,257,1312,2000,0.7079,0.1959,0.1285,3.5555,VINTAGE HEADS AND TAILS CARD GAME,PAPER CHAIN KIT 50'S CHRISTMAS
21232,84380,257,2426,1113,0.7079,0.1059,0.2309,3.4552,STRAWBERRY CERAMIC TRINKET BOX,SET OF 3 BUTTERFLY COOKIE CUTTERS
20717,85099F,257,756,1854,0.7079,0.3399,0.1386,6.6563,STRAWBERRY SHOPPER BAG,JUMBO BAG STRAWBERRY
20728,84997B,257,2063,1102,0.7079,0.1246,0.2332,4.1038,LUNCH BAG CARS BLUE,RED 3 PIECE MINI DOTS CUTLERY SET
22867,22910,257,1052,1418,0.7079,0.2443,0.1812,6.2542,HAND WARMER BIRD DESIGN,PAPER CHAIN KIT VINTAGE CHRISTMAS
21212,21930,257,3116,1317,0.7079,0.0825,0.1951,2.2734,PACK OF 72 RETROSPOT CAKE CASES,JUMBO STORAGE BAG SKULLS
21212,22699,257,3116,1420,0.7079,0.0825,0.181,2.1085,PACK OF 72 RETROSPOT CAKE CASES,ROSES REGENCY TEACUP AND SAUCER
20717,21931,257,756,2326,0.7079,0.3399,0.1105,5.3056,STRAWBERRY SHOPPER BAG,JUMBO STORAGE BAG SUKI
20719,22090,257,1572,1698,0.7079,0.1635,0.1514,3.4952,WOODLAND CHARLOTTE BAG,PAPER BUNTING RETROSPOT
22219,47566,257,1149,2648,0.7079,0.2237,0.0971,3.0664,LOVEBIRD HANGING DECORATION WHITE,PARTY BUNTING
21974,84991,257,808,2126,0.7079,0.3181,0.1209,5.4311,SET OF 36 PAISLEY FLOWER DOILIES,60 TEATIME FAIRY CAKE CASES
20719,84946,257,1572,1756,0.7079,0.1635,0.1464,3.3798,WOODLAND CHARLOTTE BAG,ANTIQUE SILVER TEA GLASS ETCHED
15036,21232,257,974,2426,0.7079,0.2639,0.1059,3.9483,ASSORTED COLOURS SILK FAN,STRAWBERRY CERAMIC TRINKET BOX
20685,21232,257,1717,2426,0.7079,0.1497,0.1059,2.2398,DOORMAT RED RETROSPOT,STRAWBERRY CERAMIC TRINKET BOX
22411,23202,257,2190,879,0.7079,0.1174,0.2924,4.8465,JUMBO SHOPPER VINTAGE RED PAISLEY,JUMBO BAG VINTAGE LEAF
21212,21217,257,3116,927,0.7079,0.0825,0.2772,3.2299,PACK OF 72 RETROSPOT CAKE CASES,RED RETROSPOT ROUND CAKE TINS
22571,22572,257,511,362,0.7079,0.5029,0.7099,50.4353,ROCKING HORSE RED CHRISTMAS,ROCKING HORSE GREEN CHRISTMAS
21154,22356,257,902,1584,0.7079,0.2849,0.1622,6.5298,RED RETROSPOT OVEN GLOVE,CHARLOTTE BAG PINK POLKADOT
20713,22384,256,1304,2101,0.7052,0.1963,0.1218,3.3921,JUMBO BAG OWLS,LUNCH BAG PINK POLKADOT
21715,21718,256,486,466,0.7052,0.5267,0.5494,41.0344,GIRLS VINTAGE TIN SEASIDE BUCKET,RED METAL BEACH SPADE
22090,22355,256,1698,1735,0.7052,0.1508,0.1476,3.1545,PAPER BUNTING RETROSPOT,CHARLOTTE BAG SUKI DESIGN
20712,21935,256,1410,921,0.7052,0.1816,0.278,7.1564,JUMBO BAG WOODLAND ANIMALS,SUKI SHOULDER BAG
82494L,85099C,256,2055,1867,0.7052,0.1246,0.1371,2.4222,WOODEN FRAME ANTIQUE WHITE,JUMBO BAG BAROQUE BLACK WHITE
21974,84987,256,808,811,0.7052,0.3168,0.3157,14.182,SET OF 36 PAISLEY FLOWER DOILIES,SET OF 36 TEATIME PAPER DOILIES
20725,22553,256,3055,1090,0.7052,0.0838,0.2349,2.7908,LUNCH BAG RED RETROSPOT,PLASTERS IN TIN SKULLS
84050,85123A,256,710,5410,0.7052,0.3606,0.0473,2.4194,PINK HEART SHAPE EGG FRYING PAN,WHITE HANGING HEART T-LIGHT HOLDER
22411,22469,256,2190,2141,0.7052,0.1169,0.1196,1.982,JUMBO SHOPPER VINTAGE RED PAISLEY,HEART OF WICKER SMALL
22328,22383,256,1152,2397,0.7052,0.2222,0.1068,3.3655,ROUND SNACK BOXES SET OF 4 FRUITS,LUNCH BAG SUKI DESIGN
22197,84380,256,2278,1113,0.7052,0.1124,0.23,3.6654,SMALL POPCORN HOLDER,SET OF 3 BUTTERFLY COOKIE CUTTERS
22083,22084,256,1399,806,0.7052,0.183,0.3176,8.2417,PAPER CHAIN KIT RETROSPOT,PAPER CHAIN KIT EMPIRE
22379,84991,256,1567,2126,0.7052,0.1634,0.1204,2.7896,RECYCLING BAG RETROSPOT,60 TEATIME FAIRY CAKE CASES
21937,85099B,256,656,3979,0.7052,0.3902,0.0643,3.5604,STRAWBERRY PICNIC BAG,JUMBO BAG RED RETROSPOT
21181,22423,256,1796,3860,0.7052,0.1425,0.0663,1.3405,PLEASE ONE PERSON METAL SIGN,REGENCY CAKESTAND 3 TIER
82578,85123A,256,703,5410,0.7052,0.3642,0.0473,2.4435,KITCHEN METAL SIGN,WHITE HANGING HEART T-LIGHT HOLDER
22219,22457,255,1149,2031,0.7024,0.2219,0.1256,3.9668,LOVEBIRD HANGING DECORATION WHITE,NATURAL SLATE HEART CHALKBOARD
20723,21213,255,1379,1477,0.7024,0.1849,0.1726,4.5449,STRAWBERRY CHARLOTTE BAG,PACK OF 72 SKULL CAKE CASES
84997D,85123A,255,1165,5410,0.7024,0.2189,0.0471,1.4687,PINK 3 PIECE MINI DOTS CUTLERY SET,WHITE HANGING HEART T-LIGHT HOLDER
21212,21936,255,3116,1043,0.7024,0.0818,0.2445,2.8483,PACK OF 72 RETROSPOT CAKE CASES,RED RETROSPOT PICNIC BAG
20724,82494L,255,2035,2055,0.7024,0.1253,0.1241,2.2136,RED RETROSPOT CHARLOTTE BAG,WOODEN FRAME ANTIQUE WHITE
22219,22423,255,1149,3860,0.7024,0.2219,0.0661,2.0872,LOVEBIRD HANGING DECORATION WHITE,REGENCY CAKESTAND 3 TIER
22645,85123A,255,741,5410,0.7024,0.3441,0.0471,2.3092,CERAMIC HEART FAIRY CAKE MONEY BANK,WHITE HANGING HEART T-LIGHT HOLDER
21080,84692,255,2119,1121,0.7024,0.1203,0.2275,3.897,SET/20 RED RETROSPOT PAPER NAPKINS,BOX OF 24 COCKTAIL PARASOLS
21931,22139,255,2326,2087,0.7024,0.1096,0.1222,1.9069,JUMBO STORAGE BAG SUKI,RETROSPOT TEA SET CERAMIC 11 PC
21174,21908,255,1134,974,0.7024,0.2249,0.2618,8.3811,POTTERING IN THE SHED METAL SIGN,CHOCOLATE THIS WAY METAL SIGN
22411,23201,255,2190,904,0.7024,0.1164,0.2821,4.6758,JUMBO SHOPPER VINTAGE RED PAISLEY,JUMBO BAG ALPHABET
22417,85123A,255,1102,5410,0.7024,0.2314,0.0471,1.5527,PACK OF 60 SPACEBOY CAKE CASES,WHITE HANGING HEART T-LIGHT HOLDER
47559B,85123A,255,743,5410,0.7024,0.3432,0.0471,2.303,TEA TIME OVEN GLOVE,WHITE HANGING HEART T-LIGHT HOLDER
22386,22469,255,2241,2141,0.7024,0.1138,0.1191,1.9294,JUMBO BAG PINK POLKADOT,HEART OF WICKER SMALL
21212,21218,255,3116,896,0.7024,0.0818,0.2846,3.3156,PACK OF 72 RETROSPOT CAKE CASES,RED SPOTTY BISCUIT TIN
21977,22386,255,1992,2241,0.7024,0.128,0.1138,2.0737,PACK OF 60 PINK PAISLEY CAKE CASES,JUMBO BAG PINK POLKADOT
22219,22469,255,1149,2141,0.7024,0.2219,0.1191,3.763,LOVEBIRD HANGING DECORATION WHITE,HEART OF WICKER SMALL
20726,21928,255,1922,1538,0.7024,0.1327,0.1658,3.1316,LUNCH BAG WOODLAND,JUMBO BAG SCANDINAVIAN PAISLEY
22423,82583,255,3860,1174,0.7024,0.0661,0.2172,2.0428,REGENCY CAKESTAND 3 TIER,HOT BATHS METAL SIGN
21165,21174,255,965,1134,0.7024,0.2642,0.2249,8.4592,BEWARE OF THE CAT METAL SIGN,POTTERING IN THE SHED METAL SIGN
20725,84380,255,3055,1113,0.7024,0.0835,0.2291,2.7225,LUNCH BAG RED RETROSPOT,SET OF 3 BUTTERFLY COOKIE CUTTERS
22083,84991,255,1399,2126,0.7024,0.1823,0.1199,3.1124,PAPER CHAIN KIT RETROSPOT,60 TEATIME FAIRY CAKE CASES
22379,84970S,254,1567,1520,0.6997,0.1621,0.1671,3.8713,RECYCLING BAG RETROSPOT,HANGING HEART ZINC T-LIGHT HOLDER
21232,21755,254,2426,1692,0.6997,0.1047,0.1501,2.2463,STRAWBERRY CERAMIC TRINKET BOX,LOVE BUILDING BLOCK WORD
21212,22557,254,3116,1125,0.6997,0.0815,0.2258,2.6304,PACK OF 72 RETROSPOT CAKE CASES,PLASTERS IN TIN VINTAGE PAISLEY
20726,22352,254,1922,1117,0.6997,0.1322,0.2274,4.2949,LUNCH BAG WOODLAND,LUNCH BOX WITH CUTLERY RETROSPOT
22383,22554,254,2397,1275,0.6997,0.106,0.1992,3.0171,LUNCH BAG SUKI DESIGN,PLASTERS IN TIN WOODLAND ANIMALS
21977,22384,254,1992,2101,0.6997,0.1275,0.1209,2.2032,PACK OF 60 PINK PAISLEY CAKE CASES,LUNCH BAG PINK POLKADOT
21238,84997B,254,902,1102,0.6997,0.2816,0.2305,9.2763,RED RETROSPOT CUP,RED 3 PIECE MINI DOTS CUTLERY SET
22295,22296,254,705,832,0.6997,0.3603,0.3053,15.72,HEART FILIGREE DOVE LARGE,HEART IVORY TRELLIS LARGE
22112,22355,254,1713,1735,0.6997,0.1483,0.1464,3.1025,CHOCOLATE HOT WATER BOTTLE,CHARLOTTE BAG SUKI DESIGN
21479,84029G,254,928,1007,0.6997,0.2737,0.2522,9.867,WHITE SKULL HOT WATER BOTTLE,KNITTED UNION FLAG HOT WATER BOTTLE
22077,22197,254,1751,2278,0.6997,0.1451,0.1115,2.3117,6 RIBBONS RUSTIC CHARM,SMALL POPCORN HOLDER
47566,85099C,254,2648,1867,0.6997,0.0959,0.136,1.8651,PARTY BUNTING,JUMBO BAG BAROQUE BLACK WHITE
20719,21231,254,1572,1480,0.6997,0.1616,0.1716,3.9632,WOODLAND CHARLOTTE BAG,SWEETHEART CERAMIC TRINKET BOX
22079,22082,254,683,955,0.6997,0.3719,0.266,14.1364,RIBBON REEL HEARTS DESIGN,RIBBON REEL STRIPES DESIGN
22488,85123A,254,805,5410,0.6997,0.3155,0.047,2.1172,NATURAL SLATE RECTANGLE CHALKBOARD,WHITE HANGING HEART T-LIGHT HOLDER
21212,21889,254,3116,1121,0.6997,0.0815,0.2266,2.6397,PACK OF 72 RETROSPOT CAKE CASES,WOODEN BOX OF DOMINOES
22192,22193,254,542,614,0.6997,0.4686,0.4137,27.7075,BLUE DINER WALL CLOCK,RED DINER WALL CLOCK
21174,82580,254,1134,1336,0.6997,0.224,0.1901,6.0862,POTTERING IN THE SHED METAL SIGN,BATHROOM METAL SIGN
20727,21479,254,2345,928,0.6997,0.1083,0.2737,4.2371,LUNCH BAG BLACK SKULL.,WHITE SKULL HOT WATER BOTTLE
21733,82482,254,1755,1999,0.6997,0.1447,0.1271,2.6283,RED HANGING HEART T-LIGHT HOLDER,WOODEN PICTURE FRAME WHITE FINISH
20725,20972,254,3055,1394,0.6997,0.0831,0.1822,2.1652,LUNCH BAG RED RETROSPOT,PINK CREAM FELT CRAFT TRINKET BOX
22141,22142,253,572,503,0.6969,0.4423,0.503,31.9218,CHRISTMAS CRAFT TREE TOP ANGEL,CHRISTMAS CRAFT WHITE FAIRY
22727,47566,253,1362,2648,0.6969,0.1858,0.0955,2.5466,ALARM CLOCK BAKELIKE RED,PARTY BUNTING
22112,22197,253,1713,2278,0.6969,0.1477,0.1111,2.3536,CHOCOLATE HOT WATER BOTTLE,SMALL POPCORN HOLDER
20727,82482,253,2345,1999,0.6969,0.1079,0.1266,1.9593,LUNCH BAG BLACK SKULL.,WOODEN PICTURE FRAME WHITE FINISH
22086,22139,253,2000,2087,0.6969,0.1265,0.1212,2.2004,PAPER CHAIN KIT 50'S CHRISTMAS,RETROSPOT TEA SET CERAMIC 11 PC
23344,85099B,253,712,3979,0.6969,0.3553,0.0636,3.2419,JUMBO BAG 50'S CHRISTMAS,JUMBO BAG RED RETROSPOT
21122,21212,253,807,3116,0.6969,0.3135,0.0812,3.6524,SET/10 PINK POLKADOT PARTY CANDLES,PACK OF 72 RETROSPOT CAKE CASES
20727,22470,253,2345,1947,0.6969,0.1079,0.1299,2.0116,LUNCH BAG BLACK SKULL.,HEART OF WICKER LARGE
21212,22470,253,3116,1947,0.6969,0.0812,0.1299,1.5139,PACK OF 72 RETROSPOT CAKE CASES,HEART OF WICKER LARGE
22197,82583,253,2278,1174,0.6969,0.1111,0.2155,3.4342,SMALL POPCORN HOLDER,HOT BATHS METAL SIGN
22384,23207,253,2101,739,0.6969,0.1204,0.3424,5.9154,LUNCH BAG PINK POLKADOT,LUNCH BAG ALPHABET DESIGN
23293,23294,253,550,354,0.6969,0.46,0.7147,47.1721,SET OF 12 FAIRY CAKE BAKING CASES,SET OF 6 SNACK LOAF BAKING CASES
20724,84380,253,2035,1113,0.6969,0.1243,0.2273,4.055,RED RETROSPOT CHARLOTTE BAG,SET OF 3 BUTTERFLY COOKIE CUTTERS
22551,85123A,253,1299,5410,0.6969,0.1948,0.0468,1.3069,PLASTERS IN TIN SPACEBOY,WHITE HANGING HEART T-LIGHT HOLDER
22423,22952,253,3860,1139,0.6969,0.0655,0.2221,2.089,REGENCY CAKESTAND 3 TIER,60 CAKE CASES VINTAGE CHRISTMAS
21559,22326,253,1219,1390,0.6969,0.2075,0.182,5.4204,STRAWBERRY LUNCH BOX WITH CUTLERY,ROUND SNACK BOXES SET OF4 WOODLAND
21212,21980,253,3116,676,0.6969,0.0812,0.3743,4.3602,PACK OF 72 RETROSPOT CAKE CASES,PACK OF 12 RED RETROSPOT TISSUES
23203,23298,252,1230,1142,0.6942,0.2049,0.2207,6.5127,JUMBO BAG VINTAGE DOILY,SPOTTY BUNTING
21559,21931,252,1219,2326,0.6942,0.2067,0.1083,3.2264,STRAWBERRY LUNCH BOX WITH CUTLERY,JUMBO STORAGE BAG SUKI
20971,21232,252,1143,2426,0.6942,0.2205,0.1039,3.2991,PINK BLUE FELT CRAFT TRINKET BOX,STRAWBERRY CERAMIC TRINKET BOX
21210,84992,252,1159,1459,0.6942,0.2174,0.1727,5.4099,SET OF 72 RETROSPOT PAPER DOILIES,72 SWEETHEART FAIRY CAKE CASES
22173,82482,252,993,1999,0.6942,0.2538,0.1261,4.6086,METAL 4 HOOK HANGER FRENCH CHATEAU,WOODEN PICTURE FRAME WHITE FINISH
20724,22348,252,2035,956,0.6942,0.1238,0.2636,4.7023,RED RETROSPOT CHARLOTTE BAG,TEA BAG PLATE RED RETROSPOT
22178,22379,252,1802,1567,0.6942,0.1398,0.1608,3.2397,VICTORIAN GLASS HANGING T-LIGHT,RECYCLING BAG RETROSPOT
22086,85049A,252,2000,717,0.6942,0.126,0.3515,6.3794,PAPER CHAIN KIT 50'S CHRISTMAS,TRADITIONAL CHRISTMAS RIBBONS
82580,84991,252,1336,2126,0.6942,0.1886,0.1185,3.2208,BATHROOM METAL SIGN,60 TEATIME FAIRY CAKE CASES
22352,22383,252,1117,2397,0.6942,0.2256,0.1051,3.4167,LUNCH BOX WITH CUTLERY RETROSPOT,LUNCH BAG SUKI DESIGN
22219,22297,252,1149,969,0.6942,0.2193,0.2601,8.2165,LOVEBIRD HANGING DECORATION WHITE,HEART IVORY TRELLIS SMALL
21154,22355,252,902,1735,0.6942,0.2794,0.1452,5.8455,RED RETROSPOT OVEN GLOVE,CHARLOTTE BAG SUKI DESIGN
20685,21080,252,1717,2119,0.6942,0.1468,0.1189,2.5144,DOORMAT RED RETROSPOT,SET/20 RED RETROSPOT PAPER NAPKINS
21181,22114,252,1796,1578,0.6942,0.1403,0.1597,3.2279,PLEASE ONE PERSON METAL SIGN,HOT WATER BOTTLE TEA AND SYMPATHY
20727,22367,252,2345,1156,0.6942,0.1075,0.218,3.3747,LUNCH BAG BLACK SKULL.,CHILDRENS APRON SPACEBOY DESIGN
20724,23205,252,2035,467,0.6942,0.1238,0.5396,9.6261,RED RETROSPOT CHARLOTTE BAG,CHARLOTTE BAG VINTAGE ALPHABET
22327,22328,252,645,1152,0.6942,0.3907,0.2188,12.3117,ROUND SNACK BOXES SET OF 4 SKULLS,ROUND SNACK BOXES SET OF 4 FRUITS
21155,85099B,252,964,3979,0.6942,0.2614,0.0633,2.385,RED RETROSPOT PEG BAG,JUMBO BAG RED RETROSPOT
22178,84991,252,1802,2126,0.6942,0.1398,0.1185,2.3879,VICTORIAN GLASS HANGING T-LIGHT,60 TEATIME FAIRY CAKE CASES
20675,21243,252,692,503,0.6942,0.3642,0.501,26.2819,BLUE POLKADOT BOWL,PINK POLKADOT PLATE
22380,22382,252,688,2153,0.6942,0.3663,0.117,6.1759,TOY TIDY SPACEBOY,LUNCH BAG SPACEBOY DESIGN
22379,22469,252,1567,2141,0.6942,0.1608,0.1177,2.7268,RECYCLING BAG RETROSPOT,HEART OF WICKER SMALL
20685,22386,252,1717,2241,0.6942,0.1468,0.1124,2.3775,DOORMAT RED RETROSPOT,JUMBO BAG PINK POLKADOT
21901,85123A,251,687,5410,0.6914,0.3654,0.0464,2.4516,"KEY FOB , BACK DOOR",WHITE HANGING HEART T-LIGHT HOLDER
20727,22090,251,2345,1698,0.6914,0.107,0.1478,2.2884,LUNCH BAG BLACK SKULL.,PAPER BUNTING RETROSPOT
22578,22581,251,767,380,0.6914,0.3272,0.6605,31.2626,WOODEN STAR CHRISTMAS SCANDINAVIAN,WOOD STOCKING CHRISTMAS SCANDISPOT
21929,23199,251,1612,976,0.6914,0.1557,0.2572,5.7915,JUMBO BAG PINK VINTAGE PAISLEY,JUMBO BAG APPLES
21977,22139,251,1992,2087,0.6914,0.126,0.1203,2.1918,PACK OF 60 PINK PAISLEY CAKE CASES,RETROSPOT TEA SET CERAMIC 11 PC
22077,84946,251,1751,1756,0.6914,0.1433,0.1429,2.9634,6 RIBBONS RUSTIC CHARM,ANTIQUE SILVER TEA GLASS ETCHED
21174,21232,251,1134,2426,0.6914,0.2213,0.1035,3.3121,POTTERING IN THE SHED METAL SIGN,STRAWBERRY CERAMIC TRINKET BOX
21212,84520B,251,3116,732,0.6914,0.0806,0.3429,3.9948,PACK OF 72 RETROSPOT CAKE CASES,PACK 20 ENGLISH ROSE PAPER NAPKINS
20719,21976,251,1572,950,0.6914,0.1597,0.2642,6.1014,WOODLAND CHARLOTTE BAG,PACK OF 60 MUSHROOM CAKE CASES
22029,85099B,251,1100,3979,0.6914,0.2282,0.0631,2.0818,SPACEBOY BIRTHDAY CARD,JUMBO BAG RED RETROSPOT
22219,22355,251,1149,1735,0.6914,0.2185,0.1447,4.5707,LOVEBIRD HANGING DECORATION WHITE,CHARLOTTE BAG SUKI DESIGN
21790,22910,251,1885,1418,0.6914,0.1332,0.177,3.4089,VINTAGE SNAP CARDS,PAPER CHAIN KIT VINTAGE CHRISTMAS
22356,84992,251,1584,1459,0.6914,0.1585,0.172,3.9427,CHARLOTTE BAG PINK POLKADOT,72 SWEETHEART FAIRY CAKE CASES
22629,22662,251,1367,993,0.6914,0.1836,0.2528,6.7125,SPACEBOY LUNCH BOX,LUNCH BAG DOLLY GIRL DESIGN
22197,22726,251,2278,1266,0.6914,0.1102,0.1983,3.1595,SMALL POPCORN HOLDER,ALARM CLOCK BAKELIKE GREEN
22411,22457,251,2190,2031,0.6914,0.1146,0.1236,2.0486,JUMBO SHOPPER VINTAGE RED PAISLEY,NATURAL SLATE HEART CHALKBOARD
20718,22383,251,1212,2397,0.6914,0.2071,0.1047,3.1364,RED RETROSPOT SHOPPER BAG,LUNCH BAG SUKI DESIGN
22423,84378,251,3860,1246,0.6914,0.065,0.2014,1.8945,REGENCY CAKESTAND 3 TIER,SET OF 3 HEART COOKIE CUTTERS
22197,84988,251,2278,1016,0.6914,0.1102,0.247,3.9369,SMALL POPCORN HOLDER,SET OF 72 PINK HEART PAPER DOILIES
22725,22730,251,547,744,0.6914,0.4589,0.3374,22.3895,ALARM CLOCK BAKELIKE CHOCOLATE,ALARM CLOCK BAKELIKE IVORY
22169,22170,251,698,570,0.6914,0.3596,0.4404,22.902,FAMILY ALBUM WHITE PICTURE FRAME,PICTURE FRAME WOOD TRIPLE PORTRAIT
21731,22086,251,1525,2000,0.6914,0.1646,0.1255,2.9875,RED TOADSTOOL LED NIGHT LIGHT,PAPER CHAIN KIT 50'S CHRISTMAS
21791,21892,251,1312,818,0.6914,0.1913,0.3068,8.4902,VINTAGE HEADS AND TAILS CARD GAME,TRADITIONAL WOODEN CATCH CUP GAME
20726,23207,251,1922,739,0.6914,0.1306,0.3396,6.4151,LUNCH BAG WOODLAND,LUNCH BAG ALPHABET DESIGN
21977,84879,251,1992,2796,0.6914,0.126,0.0898,1.636,PACK OF 60 PINK PAISLEY CAKE CASES,ASSORTED COLOUR BIRD ORNAMENT
22834,22867,251,590,1052,0.6914,0.4254,0.2386,14.6804,HAND WARMER BABUSHKA DESIGN,HAND WARMER BIRD DESIGN
20675,21242,251,692,657,0.6914,0.3627,0.382,20.0416,BLUE POLKADOT BOWL,RED RETROSPOT PLATE
22595,85123A,251,795,5410,0.6914,0.3157,0.0464,2.1186,GINGHAM HEART DECORATION,WHITE HANGING HEART T-LIGHT HOLDER
85014B,85123A,251,934,5410,0.6914,0.2687,0.0464,1.8033,RED RETROSPOT UMBRELLA,WHITE HANGING HEART T-LIGHT HOLDER
20914,22356,250,2019,1584,0.6887,0.1238,0.1578,2.8378,SET/5 RED RETROSPOT LID GLASS BOWLS,CHARLOTTE BAG PINK POLKADOT
20723,85099C,250,1379,1867,0.6887,0.1813,0.1339,3.525,STRAWBERRY CHARLOTTE BAG,JUMBO BAG BAROQUE BLACK WHITE
21731,21977,250,1525,1992,0.6887,0.1639,0.1255,2.9875,RED TOADSTOOL LED NIGHT LIGHT,PACK OF 60 PINK PAISLEY CAKE CASES
21165,82583,250,965,1174,0.6887,0.2591,0.2129,8.0108,BEWARE OF THE CAT METAL SIGN,HOT BATHS METAL SIGN
22666,22722,250,1652,826,0.6887,0.1513,0.3027,6.6509,RECIPE BOX PANTRY YELLOW DESIGN,SET OF 6 SPICE TINS PANTRY DESIGN
21212,22993,250,3116,1071,0.6887,0.0802,0.2334,2.7195,PACK OF 72 RETROSPOT CAKE CASES,SET OF 4 PANTRY JELLY MOULDS
20712,20723,250,1410,1379,0.6887,0.1773,0.1813,4.6675,JUMBO BAG WOODLAND ANIMALS,STRAWBERRY CHARLOTTE BAG
21212,21481,250,3116,1049,0.6887,0.0802,0.2383,2.7765,PACK OF 72 RETROSPOT CAKE CASES,FAWN BLUE HOT WATER BOTTLE
20724,22178,250,2035,1802,0.6887,0.1229,0.1387,2.4749,RED RETROSPOT CHARLOTTE BAG,VICTORIAN GLASS HANGING T-LIGHT
21217,21843,250,927,1521,0.6887,0.2697,0.1644,6.4367,RED RETROSPOT ROUND CAKE TINS,RED RETROSPOT CAKE STAND
21213,21989,250,1477,654,0.6887,0.1693,0.3823,9.3953,PACK OF 72 SKULL CAKE CASES,PACK OF 20 SKULL PAPER NAPKINS
21213,22553,250,1477,1090,0.6887,0.1693,0.2294,5.6372,PACK OF 72 SKULL CAKE CASES,PLASTERS IN TIN SKULLS
21154,22423,250,902,3860,0.6887,0.2772,0.0648,2.6066,RED RETROSPOT OVEN GLOVE,REGENCY CAKESTAND 3 TIER
21931,22666,250,2326,1652,0.6887,0.1075,0.1513,2.3618,JUMBO STORAGE BAG SUKI,RECIPE BOX PANTRY YELLOW DESIGN
21210,21232,250,1159,2426,0.6887,0.2157,0.1031,3.2277,SET OF 72 RETROSPOT PAPER DOILIES,STRAWBERRY CERAMIC TRINKET BOX
22616,22659,250,817,1066,0.6887,0.306,0.2345,10.4206,PACK OF 12 LONDON TISSUES,LUNCH BOX I LOVE LONDON
21900,85099B,250,835,3979,0.6887,0.2994,0.0628,2.7316,"KEY FOB , SHED",JUMBO BAG RED RETROSPOT
22384,84997D,250,2101,1165,0.6887,0.119,0.2146,3.7078,LUNCH BAG PINK POLKADOT,PINK 3 PIECE MINI DOTS CUTLERY SET
21929,22197,250,1612,2278,0.6887,0.1551,0.1097,2.4714,JUMBO BAG PINK VINTAGE PAISLEY,SMALL POPCORN HOLDER
21930,22382,250,1317,2153,0.6887,0.1898,0.1161,3.2007,JUMBO STORAGE BAG SKULLS,LUNCH BAG SPACEBOY DESIGN
22197,22470,250,2278,1947,0.6887,0.1097,0.1284,2.0462,SMALL POPCORN HOLDER,HEART OF WICKER LARGE
21755,21756,250,1692,578,0.6887,0.1478,0.4325,9.2799,LOVE BUILDING BLOCK WORD,BATH BUILDING BLOCK WORD
20727,84992,250,2345,1459,0.6887,0.1066,0.1714,2.6526,LUNCH BAG BLACK SKULL.,72 SWEETHEART FAIRY CAKE CASES
21928,23199,250,1538,976,0.6887,0.1625,0.2561,6.0459,JUMBO BAG SCANDINAVIAN PAISLEY,JUMBO BAG APPLES
21533,21843,250,954,1521,0.6887,0.2621,0.1644,6.2545,RETRO SPOT LARGE MILK JUG,RED RETROSPOT CAKE STAND
21974,85123A,250,808,5410,0.6887,0.3094,0.0462,2.0762,SET OF 36 PAISLEY FLOWER DOILIES,WHITE HANGING HEART T-LIGHT HOLDER
22423,82484,250,3860,1170,0.6887,0.0648,0.2137,2.0095,REGENCY CAKESTAND 3 TIER,WOOD BLACK BOARD ANT WHITE FINISH
20718,20726,249,1212,1922,0.6859,0.2054,0.1296,3.8804,RED RETROSPOT SHOPPER BAG,LUNCH BAG WOODLAND
21239,84997D,249,750,1165,0.6859,0.332,0.2137,10.3453,PINK POLKADOT CUP,PINK 3 PIECE MINI DOTS CUTLERY SET
22219,82580,249,1149,1336,0.6859,0.2167,0.1864,5.8885,LOVEBIRD HANGING DECORATION WHITE,BATHROOM METAL SIGN
20725,21933,249,3055,623,0.6859,0.0815,0.3997,4.7493,LUNCH BAG RED RETROSPOT,PINK VINTAGE PAISLEY PICNIC BAG
20724,22219,249,2035,1149,0.6859,0.1224,0.2167,3.8659,RED RETROSPOT CHARLOTTE BAG,LOVEBIRD HANGING DECORATION WHITE
22029,22382,249,1100,2153,0.6859,0.2264,0.1157,3.8167,SPACEBOY BIRTHDAY CARD,LUNCH BAG SPACEBOY DESIGN
21790,22457,249,1885,2031,0.6859,0.1321,0.1226,2.3611,VINTAGE SNAP CARDS,NATURAL SLATE HEART CHALKBOARD
21908,82600,249,974,1200,0.6859,0.2556,0.2075,7.7337,CHOCOLATE THIS WAY METAL SIGN,NO SINGING METAL SIGN
20725,21932,249,3055,648,0.6859,0.0815,0.3843,4.5661,LUNCH BAG RED RETROSPOT,SCANDINAVIAN PAISLEY PICNIC BAG
20712,20718,249,1410,1212,0.6859,0.1766,0.2054,5.2894,JUMBO BAG WOODLAND ANIMALS,RED RETROSPOT SHOPPER BAG
21935,85099C,249,921,1867,0.6859,0.2704,0.1334,5.2569,SUKI SHOULDER BAG,JUMBO BAG BAROQUE BLACK WHITE
21481,84029E,249,1049,1141,0.6859,0.2374,0.2182,7.5521,FAWN BLUE HOT WATER BOTTLE,RED WOOLLY HOTTIE WHITE HEART.
22697,84946,249,1352,1756,0.6859,0.1842,0.1418,3.8074,GREEN REGENCY TEACUP AND SAUCER,ANTIQUE SILVER TEA GLASS ETCHED
22077,22379,249,1751,1567,0.6859,0.1422,0.1589,3.2944,6 RIBBONS RUSTIC CHARM,RECYCLING BAG RETROSPOT
22086,85049E,249,2000,891,0.6859,0.1245,0.2795,5.0725,PAPER CHAIN KIT 50'S CHRISTMAS,SCANDINAVIAN REDS RIBBONS
20719,21154,249,1572,902,0.6859,0.1584,0.2761,6.3749,WOODLAND CHARLOTTE BAG,RED RETROSPOT OVEN GLOVE
20677,84997D,249,760,1165,0.6859,0.3276,0.2137,10.2092,PINK POLKADOT BOWL,PINK 3 PIECE MINI DOTS CUTLERY SET
22335,85123A,249,509,5410,0.6859,0.4892,0.046,3.2826,HEART DECORATION PAINTED ZINC,WHITE HANGING HEART T-LIGHT HOLDER
21238,21243,249,902,503,0.6859,0.2761,0.495,19.923,RED RETROSPOT CUP,PINK POLKADOT PLATE
22356,23204,249,1584,583,0.6859,0.1572,0.4271,9.7883,CHARLOTTE BAG PINK POLKADOT,CHARLOTTE BAG APPLES DESIGN
21977,22196,249,1992,981,0.6859,0.125,0.2538,4.6256,PACK OF 60 PINK PAISLEY CAKE CASES,SMALL HEART MEASURING SPOONS
21080,21790,249,2119,1885,0.6859,0.1175,0.1321,2.263,SET/20 RED RETROSPOT PAPER NAPKINS,VINTAGE SNAP CARDS
20676,85123A,249,966,5410,0.6859,0.2578,0.046,1.7296,RED RETROSPOT BOWL,WHITE HANGING HEART T-LIGHT HOLDER
21754,22457,249,2061,2031,0.6859,0.1208,0.1226,2.1594,HOME BUILDING BLOCK WORD,NATURAL SLATE HEART CHALKBOARD
21212,79321,249,3116,1089,0.6859,0.0799,0.2287,2.6638,PACK OF 72 RETROSPOT CAKE CASES,CHILLI LIGHTS
22090,22383,249,1698,2397,0.6859,0.1466,0.1039,2.2209,PAPER BUNTING RETROSPOT,LUNCH BAG SUKI DESIGN
21977,22178,249,1992,1802,0.6859,0.125,0.1382,2.5182,PACK OF 60 PINK PAISLEY CAKE CASES,VICTORIAN GLASS HANGING T-LIGHT
22423,22585,249,3860,1081,0.6859,0.0645,0.2303,2.1663,REGENCY CAKESTAND 3 TIER,PACK OF 6 BIRDY GIFT TAGS
21977,22952,248,1992,1139,0.6832,0.1245,0.2177,3.968,PACK OF 60 PINK PAISLEY CAKE CASES,60 CAKE CASES VINTAGE CHRISTMAS
20727,21936,248,2345,1043,0.6832,0.1058,0.2378,3.6809,LUNCH BAG BLACK SKULL.,RED RETROSPOT PICNIC BAG
21232,21975,248,2426,1302,0.6832,0.1022,0.1905,2.8502,STRAWBERRY CERAMIC TRINKET BOX,PACK OF 60 DINOSAUR CAKE CASES
21212,84375,248,3116,792,0.6832,0.0796,0.3131,3.648,PACK OF 72 RETROSPOT CAKE CASES,SET OF 20 KIDS COOKIE CUTTERS
21975,22355,248,1302,1735,0.6832,0.1905,0.1429,3.9854,PACK OF 60 DINOSAUR CAKE CASES,CHARLOTTE BAG SUKI DESIGN
20724,22381,248,2035,1099,0.6832,0.1219,0.2257,4.0255,RED RETROSPOT CHARLOTTE BAG,TOY TIDY PINK POLKADOT
21524,22423,248,1149,3860,0.6832,0.2158,0.0642,2.0299,DOORMAT SPOTTY HOME SWEET HOME,REGENCY CAKESTAND 3 TIER
20725,22029,248,3055,1100,0.6832,0.0812,0.2255,2.679,LUNCH BAG RED RETROSPOT,SPACEBOY BIRTHDAY CARD
21080,21929,248,2119,1612,0.6832,0.117,0.1538,2.6356,SET/20 RED RETROSPOT PAPER NAPKINS,JUMBO BAG PINK VINTAGE PAISLEY
47559B,84991,248,743,2126,0.6832,0.3338,0.1167,5.6994,TEA TIME OVEN GLOVE,60 TEATIME FAIRY CAKE CASES
21175,21754,248,1656,2061,0.6832,0.1498,0.1203,2.6378,GIN + TONIC DIET METAL SIGN,HOME BUILDING BLOCK WORD
20724,82583,248,2035,1174,0.6832,0.1219,0.2112,3.7683,RED RETROSPOT CHARLOTTE BAG,HOT BATHS METAL SIGN
20972,22271,248,1394,787,0.6832,0.1779,0.3151,8.2062,PINK CREAM FELT CRAFT TRINKET BOX,FELTCRAFT DOLL ROSIE
21977,82580,248,1992,1336,0.6832,0.1245,0.1856,3.3829,PACK OF 60 PINK PAISLEY CAKE CASES,BATHROOM METAL SIGN
22380,85099B,248,688,3979,0.6832,0.3605,0.0623,3.2887,TOY TIDY SPACEBOY,JUMBO BAG RED RETROSPOT
21731,22383,248,1525,2397,0.6832,0.1626,0.1035,2.4629,RED TOADSTOOL LED NIGHT LIGHT,LUNCH BAG SUKI DESIGN
22355,22385,248,1735,1246,0.6832,0.1429,0.199,4.1645,CHARLOTTE BAG SUKI DESIGN,JUMBO BAG SPACEBOY DESIGN
22865,85099B,248,1211,3979,0.6832,0.2048,0.0623,1.8684,HAND WARMER OWL DESIGN,JUMBO BAG RED RETROSPOT
21430,85099B,248,809,3979,0.6832,0.3066,0.0623,2.7968,SET/3 RED GINGHAM ROSE STORAGE BOX,JUMBO BAG RED RETROSPOT
20723,21080,248,1379,2119,0.6832,0.1798,0.117,3.081,STRAWBERRY CHARLOTTE BAG,SET/20 RED RETROSPOT PAPER NAPKINS
21935,22386,248,921,2241,0.6832,0.2693,0.1107,4.362,SUKI SHOULDER BAG,JUMBO BAG PINK POLKADOT
21212,21533,248,3116,954,0.6832,0.0796,0.26,3.0286,PACK OF 72 RETROSPOT CAKE CASES,RETRO SPOT LARGE MILK JUG
21035,85123A,248,928,5410,0.6832,0.2672,0.0458,1.7932,SET/2 RED RETROSPOT TEA TOWELS,WHITE HANGING HEART T-LIGHT HOLDER
21166,21212,248,1420,3116,0.6832,0.1746,0.0796,2.0347,COOK WITH WINE METAL SIGN,PACK OF 72 RETROSPOT CAKE CASES
22835,85123A,248,1010,5410,0.6832,0.2455,0.0458,1.6476,HOT WATER BOTTLE I AM SO POORLY,WHITE HANGING HEART T-LIGHT HOLDER
21035,21080,248,928,2119,0.6832,0.2672,0.117,4.5783,SET/2 RED RETROSPOT TEA TOWELS,SET/20 RED RETROSPOT PAPER NAPKINS
21232,84978,248,2426,1417,0.6832,0.1022,0.175,2.6189,STRAWBERRY CERAMIC TRINKET BOX,HANGING HEART JAR T-LIGHT HOLDER
21080,21975,248,2119,1302,0.6832,0.117,0.1905,3.2632,SET/20 RED RETROSPOT PAPER NAPKINS,PACK OF 60 DINOSAUR CAKE CASES
15056N,22423,248,1139,3860,0.6832,0.2177,0.0642,2.0477,EDWARDIAN PARASOL NATURAL,REGENCY CAKESTAND 3 TIER
20712,22423,248,1410,3860,0.6832,0.1759,0.0642,1.6542,JUMBO BAG WOODLAND ANIMALS,REGENCY CAKESTAND 3 TIER
20724,22139,247,2035,2087,0.6804,0.1214,0.1184,2.1113,RED RETROSPOT CHARLOTTE BAG,RETROSPOT TEA SET CERAMIC 11 PC
20713,20728,247,1304,2063,0.6804,0.1894,0.1197,3.3331,JUMBO BAG OWLS,LUNCH BAG CARS BLUE
21175,84991,247,1656,2126,0.6804,0.1492,0.1162,2.5469,GIN + TONIC DIET METAL SIGN,60 TEATIME FAIRY CAKE CASES
22631,22659,247,662,1066,0.6804,0.3731,0.2317,12.7061,CIRCUS PARADE LUNCH BOX,LUNCH BOX I LOVE LONDON
22423,48187,247,3860,1276,0.6804,0.064,0.1936,1.8205,REGENCY CAKESTAND 3 TIER,DOORMAT NEW ENGLAND
22952,85099B,247,1139,3979,0.6804,0.2169,0.0621,1.9785,60 CAKE CASES VINTAGE CHRISTMAS,JUMBO BAG RED RETROSPOT
21559,22382,247,1219,2153,0.6804,0.2026,0.1147,3.4165,STRAWBERRY LUNCH BOX WITH CUTLERY,LUNCH BAG SPACEBOY DESIGN
22383,23203,247,2397,1230,0.6804,0.103,0.2008,3.0413,LUNCH BAG SUKI DESIGN,JUMBO BAG VINTAGE DOILY
22467,85099B,247,1078,3979,0.6804,0.2291,0.0621,2.0904,GUMBALL COAT RACK,JUMBO BAG RED RETROSPOT
82484,82486,247,1170,1268,0.6804,0.2111,0.1948,6.044,WOOD BLACK BOARD ANT WHITE FINISH,WOOD S/3 CABINET ANT WHITE FINISH
20726,22090,247,1922,1698,0.6804,0.1285,0.1455,2.7475,LUNCH BAG WOODLAND,PAPER BUNTING RETROSPOT
22189,85099B,247,1296,3979,0.6804,0.1906,0.0621,1.7388,CREAM HEART CARD HOLDER,JUMBO BAG RED RETROSPOT
21523,85099B,247,1120,3979,0.6804,0.2205,0.0621,2.012,DOORMAT FANCY FONT HOME SWEET HOME,JUMBO BAG RED RETROSPOT
21174,21212,247,1134,3116,0.6804,0.2178,0.0793,2.5376,POTTERING IN THE SHED METAL SIGN,PACK OF 72 RETROSPOT CAKE CASES
21212,21240,247,3116,769,0.6804,0.0793,0.3212,3.742,PACK OF 72 RETROSPOT CAKE CASES,BLUE POLKADOT CUP
21232,22649,247,2426,485,0.6804,0.1018,0.5093,7.6207,STRAWBERRY CERAMIC TRINKET BOX,STRAWBERRY FAIRY CAKE TEAPOT
21232,21733,247,2426,1755,0.6804,0.1018,0.1407,2.106,STRAWBERRY CERAMIC TRINKET BOX,RED HANGING HEART T-LIGHT HOLDER
21098,22086,247,591,2000,0.6804,0.4179,0.1235,7.586,CHRISTMAS TOILET ROLL,PAPER CHAIN KIT 50'S CHRISTMAS
22086,84347,247,2000,747,0.6804,0.1235,0.3307,6.0017,PAPER CHAIN KIT 50'S CHRISTMAS,ROTATING SILVER ANGELS T-LIGHT HLDR
22720,47566,247,1376,2648,0.6804,0.1795,0.0933,2.4609,SET OF 3 CAKE TINS PANTRY DESIGN,PARTY BUNTING
21889,22086,247,1121,2000,0.6804,0.2203,0.1235,3.9994,WOODEN BOX OF DOMINOES,PAPER CHAIN KIT 50'S CHRISTMAS
22469,84991,247,2141,2126,0.6804,0.1154,0.1162,1.9699,HEART OF WICKER SMALL,60 TEATIME FAIRY CAKE CASES
21558,85099B,247,765,3979,0.6804,0.3229,0.0621,2.9457,SKULL LUNCH BOX WITH CUTLERY,JUMBO BAG RED RETROSPOT
22738,22739,247,498,601,0.6804,0.496,0.411,29.9588,RIBBON REEL SNOWY VILLAGE,RIBBON REEL CHRISTMAS SOCK BAUBLE
20728,21080,247,2063,2119,0.6804,0.1197,0.1166,2.0511,LUNCH BAG CARS BLUE,SET/20 RED RETROSPOT PAPER NAPKINS
21231,21931,247,1480,2326,0.6804,0.1669,0.1062,2.6047,SWEETHEART CERAMIC TRINKET BOX,JUMBO STORAGE BAG SUKI
20711,22383,247,1052,2397,0.6804,0.2348,0.103,3.5559,JUMBO BAG TOYS,LUNCH BAG SUKI DESIGN
21936,22386,247,1043,2241,0.6804,0.2368,0.1102,3.8362,RED RETROSPOT PICNIC BAG,JUMBO BAG PINK POLKADOT
21232,85150,246,2426,1109,0.6776,0.1014,0.2218,3.3193,STRAWBERRY CERAMIC TRINKET BOX,LADIES & GENTLEMEN METAL SIGN
47566B,85099B,246,871,3979,0.6776,0.2824,0.0618,2.5768,TEA TIME PARTY BUNTING,JUMBO BAG RED RETROSPOT
21154,22197,246,902,2278,0.6776,0.2727,0.108,4.3462,RED RETROSPOT OVEN GLOVE,SMALL POPCORN HOLDER
21559,21731,246,1219,1525,0.6776,0.2018,0.1613,4.8039,STRAWBERRY LUNCH BOX WITH CUTLERY,RED TOADSTOOL LED NIGHT LIGHT
22086,22356,246,2000,1584,0.6776,0.123,0.1553,2.8189,PAPER CHAIN KIT 50'S CHRISTMAS,CHARLOTTE BAG PINK POLKADOT
22178,22697,246,1802,1352,0.6776,0.1365,0.182,3.6655,VICTORIAN GLASS HANGING T-LIGHT,GREEN REGENCY TEACUP AND SAUCER
21531,85123A,246,776,5410,0.6776,0.317,0.0455,2.1272,RED RETROSPOT SUGAR JAM BOWL,WHITE HANGING HEART T-LIGHT HOLDER
21232,82583,246,2426,1174,0.6776,0.1014,0.2095,3.1355,STRAWBERRY CERAMIC TRINKET BOX,HOT BATHS METAL SIGN
20975,21212,246,898,3116,0.6776,0.2739,0.0789,3.1915,12 PENCILS SMALL TUBE RED RETROSPOT,PACK OF 72 RETROSPOT CAKE CASES
21212,84029E,246,3116,1141,0.6776,0.0789,0.2156,2.5118,PACK OF 72 RETROSPOT CAKE CASES,RED WOOLLY HOTTIE WHITE HEART.
20726,22551,246,1922,1299,0.6776,0.128,0.1894,3.5769,LUNCH BAG WOODLAND,PLASTERS IN TIN SPACEBOY
22355,23206,246,1735,1035,0.6776,0.1418,0.2377,4.9731,CHARLOTTE BAG SUKI DESIGN,LUNCH BAG APPLE DESIGN
22196,22379,246,981,1567,0.6776,0.2508,0.157,5.8094,SMALL HEART MEASURING SPOONS,RECYCLING BAG RETROSPOT
47566B,85123A,246,871,5410,0.6776,0.2824,0.0455,1.8952,TEA TIME PARTY BUNTING,WHITE HANGING HEART T-LIGHT HOLDER
21889,85099B,246,1121,3979,0.6776,0.2194,0.0618,2.0021,WOODEN BOX OF DOMINOES,JUMBO BAG RED RETROSPOT
21892,85123A,246,818,5410,0.6776,0.3007,0.0455,2.018,TRADITIONAL WOODEN CATCH CUP GAME,WHITE HANGING HEART T-LIGHT HOLDER
15036,20725,246,974,3055,0.6776,0.2526,0.0805,3.0012,ASSORTED COLOURS SILK FAN,LUNCH BAG RED RETROSPOT
20727,84997B,246,2345,1102,0.6776,0.1049,0.2232,3.4557,LUNCH BAG BLACK SKULL.,RED 3 PIECE MINI DOTS CUTLERY SET
22379,22666,246,1567,1652,0.6776,0.157,0.1489,3.4497,RECYCLING BAG RETROSPOT,RECIPE BOX PANTRY YELLOW DESIGN
22196,84991,246,981,2126,0.6776,0.2508,0.1157,4.2819,SMALL HEART MEASURING SPOONS,60 TEATIME FAIRY CAKE CASES
22382,85099C,246,2153,1867,0.6776,0.1143,0.1318,2.2217,LUNCH BAG SPACEBOY DESIGN,JUMBO BAG BAROQUE BLACK WHITE
21175,22197,246,1656,2278,0.6776,0.1486,0.108,2.3673,GIN + TONIC DIET METAL SIGN,SMALL POPCORN HOLDER
20717,20724,246,756,2035,0.6776,0.3254,0.1209,5.8047,STRAWBERRY SHOPPER BAG,RED RETROSPOT CHARLOTTE BAG
84991,85099C,246,2126,1867,0.6776,0.1157,0.1318,2.2499,60 TEATIME FAIRY CAKE CASES,JUMBO BAG BAROQUE BLACK WHITE
20727,21935,245,2345,921,0.6749,0.1045,0.266,4.1181,LUNCH BAG BLACK SKULL.,SUKI SHOULDER BAG
84029G,85099B,245,1007,3979,0.6749,0.2433,0.0616,2.2197,KNITTED UNION FLAG HOT WATER BOTTLE,JUMBO BAG RED RETROSPOT
20718,20728,245,1212,2063,0.6749,0.2021,0.1188,3.5571,RED RETROSPOT SHOPPER BAG,LUNCH BAG CARS BLUE
22139,84991,245,2087,2126,0.6749,0.1174,0.1152,2.0045,RETROSPOT TEA SET CERAMIC 11 PC,60 TEATIME FAIRY CAKE CASES
22457,22699,245,2031,1420,0.6749,0.1206,0.1725,3.0839,NATURAL SLATE HEART CHALKBOARD,ROSES REGENCY TEACUP AND SAUCER
21080,21928,245,2119,1538,0.6749,0.1156,0.1593,2.729,SET/20 RED RETROSPOT PAPER NAPKINS,JUMBO BAG SCANDINAVIAN PAISLEY
22355,84992,245,1735,1459,0.6749,0.1412,0.1679,3.5135,CHARLOTTE BAG SUKI DESIGN,72 SWEETHEART FAIRY CAKE CASES
15036,22355,245,974,1735,0.6749,0.2515,0.1412,5.2631,ASSORTED COLOURS SILK FAN,CHARLOTTE BAG SUKI DESIGN
21080,21231,245,2119,1480,0.6749,0.1156,0.1655,2.836,SET/20 RED RETROSPOT PAPER NAPKINS,SWEETHEART CERAMIC TRINKET BOX
21212,22720,245,3116,1376,0.6749,0.0786,0.1781,2.0743,PACK OF 72 RETROSPOT CAKE CASES,SET OF 3 CAKE TINS PANTRY DESIGN
23206,47566,245,1035,2648,0.6749,0.2367,0.0925,3.2452,LUNCH BAG APPLE DESIGN,PARTY BUNTING
21212,84836,245,3116,1406,0.6749,0.0786,0.1743,2.0301,PACK OF 72 RETROSPOT CAKE CASES,ZINC METAL HEART DECORATION
20719,22666,245,1572,1652,0.6749,0.1559,0.1483,3.4248,WOODLAND CHARLOTTE BAG,RECIPE BOX PANTRY YELLOW DESIGN
47566,82580,245,2648,1336,0.6749,0.0925,0.1834,2.514,PARTY BUNTING,BATHROOM METAL SIGN
21231,21790,245,1480,1885,0.6749,0.1655,0.13,3.188,SWEETHEART CERAMIC TRINKET BOX,VINTAGE SNAP CARDS
21977,22666,245,1992,1652,0.6749,0.123,0.1483,2.7027,PACK OF 60 PINK PAISLEY CAKE CASES,RECIPE BOX PANTRY YELLOW DESIGN
22087,85123A,245,838,5410,0.6749,0.2924,0.0453,1.9618,PAPER BUNTING WHITE LACE,WHITE HANGING HEART T-LIGHT HOLDER
47566,84992,245,2648,1459,0.6749,0.0925,0.1679,2.3021,PARTY BUNTING,72 SWEETHEART FAIRY CAKE CASES
22114,22867,245,1578,1052,0.6749,0.1553,0.2329,5.3576,HOT WATER BOTTLE TEA AND SYMPATHY,HAND WARMER BIRD DESIGN
21231,47566,245,1480,2648,0.6749,0.1655,0.0925,2.2694,SWEETHEART CERAMIC TRINKET BOX,PARTY BUNTING
20725,21937,245,3055,656,0.6749,0.0802,0.3735,4.4379,LUNCH BAG RED RETROSPOT,STRAWBERRY PICNIC BAG
21314,47566,245,1058,2648,0.6749,0.2316,0.0925,3.1746,SMALL GLASS HEART TRINKET POT,PARTY BUNTING
20727,22554,245,2345,1275,0.6749,0.1045,0.1922,2.9747,LUNCH BAG BLACK SKULL.,PLASTERS IN TIN WOODLAND ANIMALS
21156,21212,245,929,3116,0.6749,0.2637,0.0786,3.0724,RETROSPOT CHILDRENS APRON,PACK OF 72 RETROSPOT CAKE CASES
21931,22697,245,2326,1352,0.6749,0.1053,0.1812,2.8282,JUMBO STORAGE BAG SUKI,GREEN REGENCY TEACUP AND SAUCER
20914,22138,245,2019,1896,0.6749,0.1213,0.1292,2.3234,SET/5 RED RETROSPOT LID GLASS BOWLS,BAKING SET 9 PIECE RETROSPOT
20727,82494L,245,2345,2055,0.6749,0.1045,0.1192,1.8456,LUNCH BAG BLACK SKULL.,WOODEN FRAME ANTIQUE WHITE
20718,21929,245,1212,1612,0.6749,0.2021,0.152,4.5523,RED RETROSPOT SHOPPER BAG,JUMBO BAG PINK VINTAGE PAISLEY
21955,85123A,245,723,5410,0.6749,0.3389,0.0453,2.2738,DOORMAT UNION JACK GUNS AND ROSES,WHITE HANGING HEART T-LIGHT HOLDER
22699,22961,244,1420,1188,0.6721,0.1718,0.2054,5.2507,ROSES REGENCY TEACUP AND SAUCER,JAM MAKING SET PRINTED
21976,22356,244,950,1584,0.6721,0.2568,0.154,5.8863,PACK OF 60 MUSHROOM CAKE CASES,CHARLOTTE BAG PINK POLKADOT
21977,22469,244,1992,2141,0.6721,0.1225,0.114,2.0769,PACK OF 60 PINK PAISLEY CAKE CASES,HEART OF WICKER SMALL
20726,22077,244,1922,1751,0.6721,0.127,0.1393,2.632,LUNCH BAG WOODLAND,6 RIBBONS RUSTIC CHARM
22553,85099B,244,1090,3979,0.6721,0.2239,0.0613,2.0423,PLASTERS IN TIN SKULLS,JUMBO BAG RED RETROSPOT
21790,22489,244,1885,784,0.6721,0.1294,0.3112,5.9937,VINTAGE SNAP CARDS,PACK OF 12 TRADITIONAL CRAYONS
21212,21982,244,3116,716,0.6721,0.0783,0.3408,3.9702,PACK OF 72 RETROSPOT CAKE CASES,PACK OF 12 SUKI TISSUES
21977,84978,244,1992,1417,0.6721,0.1225,0.1722,3.1381,PACK OF 60 PINK PAISLEY CAKE CASES,HANGING HEART JAR T-LIGHT HOLDER
21232,22297,244,2426,969,0.6721,0.1006,0.2518,3.768,STRAWBERRY CERAMIC TRINKET BOX,HEART IVORY TRELLIS SMALL
21154,47566,244,902,2648,0.6721,0.2705,0.0921,3.7085,RED RETROSPOT OVEN GLOVE,PARTY BUNTING
22197,22909,244,2278,1086,0.6721,0.1071,0.2247,3.5804,SMALL POPCORN HOLDER,SET OF 20 VINTAGE CHRISTMAS NAPKINS
22371,22374,244,674,428,0.6721,0.362,0.5701,30.7055,AIRLINE BAG VINTAGE TOKYO 78,AIRLINE BAG VINTAGE JET SET RED
82482,82580,244,1999,1336,0.6721,0.1221,0.1826,3.3167,WOODEN PICTURE FRAME WHITE FINISH,BATHROOM METAL SIGN
22355,23205,244,1735,467,0.6721,0.1406,0.5225,10.9321,CHARLOTTE BAG SUKI DESIGN,CHARLOTTE BAG VINTAGE ALPHABET
21931,22083,244,2326,1399,0.6721,0.1049,0.1744,2.722,JUMBO STORAGE BAG SUKI,PAPER CHAIN KIT RETROSPOT
22219,22379,244,1149,1567,0.6721,0.2124,0.1557,4.9196,LOVEBIRD HANGING DECORATION WHITE,RECYCLING BAG RETROSPOT
20725,21094,244,3055,984,0.6721,0.0799,0.248,2.9466,LUNCH BAG RED RETROSPOT,SET/6 RED SPOTTY PAPER PLATES
21621,22423,244,1275,3860,0.6721,0.1914,0.0632,1.7998,VINTAGE UNION JACK BUNTING,REGENCY CAKESTAND 3 TIER
21791,22423,244,1312,3860,0.6721,0.186,0.0632,1.749,VINTAGE HEADS AND TAILS CARD GAME,REGENCY CAKESTAND 3 TIER
21982,85123A,244,716,5410,0.6721,0.3408,0.0451,2.2867,PACK OF 12 SUKI TISSUES,WHITE HANGING HEART T-LIGHT HOLDER
21080,22469,244,2119,2141,0.6721,0.1151,0.114,1.9524,SET/20 RED RETROSPOT PAPER NAPKINS,HEART OF WICKER SMALL
21977,84987,244,1992,811,0.6721,0.1225,0.3009,5.4829,PACK OF 60 PINK PAISLEY CAKE CASES,SET OF 36 TEATIME PAPER DOILIES
23203,85099F,244,1230,1854,0.6721,0.1984,0.1316,3.8842,JUMBO BAG VINTAGE DOILY,JUMBO BAG STRAWBERRY
23204,23205,244,583,467,0.6721,0.4185,0.5225,32.5338,CHARLOTTE BAG APPLES DESIGN,CHARLOTTE BAG VINTAGE ALPHABET
21481,22423,244,1049,3860,0.6721,0.2326,0.0632,2.1875,FAWN BLUE HOT WATER BOTTLE,REGENCY CAKESTAND 3 TIER
20725,22111,244,3055,1683,0.6721,0.0799,0.145,1.7228,LUNCH BAG RED RETROSPOT,SCOTTIE DOG HOT WATER BOTTLE
84596B,85123A,244,733,5410,0.6721,0.3329,0.0451,2.2337,SMALL DOLLY MIX DESIGN ORANGE BOWL,WHITE HANGING HEART T-LIGHT HOLDER
21931,22352,244,2326,1117,0.6721,0.1049,0.2184,3.4092,JUMBO STORAGE BAG SUKI,LUNCH BOX WITH CUTLERY RETROSPOT
21218,21843,244,896,1521,0.6721,0.2723,0.1604,6.4995,RED SPOTTY BISCUIT TIN,RED RETROSPOT CAKE STAND
22083,22910,244,1399,1418,0.6721,0.1744,0.1721,4.4651,PAPER CHAIN KIT RETROSPOT,PAPER CHAIN KIT VINTAGE CHRISTMAS
22083,22197,243,1399,2278,0.6694,0.1737,0.1067,2.768,PAPER CHAIN KIT RETROSPOT,SMALL POPCORN HOLDER
84879,84991,243,2796,2126,0.6694,0.0869,0.1143,1.484,ASSORTED COLOUR BIRD ORNAMENT,60 TEATIME FAIRY CAKE CASES
21993,85123A,243,577,5410,0.6694,0.4211,0.0449,2.8259,FLORAL FOLK STATIONERY SET,WHITE HANGING HEART T-LIGHT HOLDER
22090,84988,243,1698,1016,0.6694,0.1431,0.2392,5.1133,PAPER BUNTING RETROSPOT,SET OF 72 PINK HEART PAPER DOILIES
21930,23199,243,1317,976,0.6694,0.1845,0.249,6.8628,JUMBO STORAGE BAG SKULLS,JUMBO BAG APPLES
22383,22470,243,2397,1947,0.6694,0.1014,0.1248,1.8902,LUNCH BAG SUKI DESIGN,HEART OF WICKER LARGE
22469,85099F,243,2141,1854,0.6694,0.1135,0.1311,2.2223,HEART OF WICKER SMALL,JUMBO BAG STRAWBERRY
22139,22197,243,2087,2278,0.6694,0.1164,0.1067,1.8555,RETROSPOT TEA SET CERAMIC 11 PC,SMALL POPCORN HOLDER
20725,21558,243,3055,765,0.6694,0.0795,0.3176,3.7745,LUNCH BAG RED RETROSPOT,SKULL LUNCH BOX WITH CUTLERY
23174,23175,243,322,329,0.6694,0.7547,0.7386,83.2693,REGENCY SUGAR BOWL GREEN,REGENCY MILK JUG PINK
15056N,15056P,243,1139,382,0.6694,0.2133,0.6361,20.2745,EDWARDIAN PARASOL NATURAL,EDWARDIAN PARASOL PINK
20727,21731,243,2345,1525,0.6694,0.1036,0.1593,2.4667,LUNCH BAG BLACK SKULL.,RED TOADSTOOL LED NIGHT LIGHT
79321,85123A,243,1089,5410,0.6694,0.2231,0.0449,1.4973,CHILLI LIGHTS,WHITE HANGING HEART T-LIGHT HOLDER
21535,85099B,243,1108,3979,0.6694,0.2193,0.0611,2.0009,RED RETROSPOT SMALL MILK JUG,JUMBO BAG RED RETROSPOT
21155,47566,243,964,2648,0.6694,0.2521,0.0918,3.4557,RED RETROSPOT PEG BAG,PARTY BUNTING
22551,85099B,243,1299,3979,0.6694,0.1871,0.0611,1.7067,PLASTERS IN TIN SPACEBOY,JUMBO BAG RED RETROSPOT
21213,84380,243,1477,1113,0.6694,0.1645,0.2183,5.3661,PACK OF 72 SKULL CAKE CASES,SET OF 3 BUTTERFLY COOKIE CUTTERS
21080,22382,243,2119,2153,0.6694,0.1147,0.1129,1.9336,SET/20 RED RETROSPOT PAPER NAPKINS,LUNCH BAG SPACEBOY DESIGN
20728,22328,243,2063,1152,0.6694,0.1178,0.2109,3.7118,LUNCH BAG CARS BLUE,ROUND SNACK BOXES SET OF 4 FRUITS
22697,23171,243,1352,380,0.6694,0.1797,0.6395,17.1702,GREEN REGENCY TEACUP AND SAUCER,REGENCY TEA PLATE GREEN
21731,22697,243,1525,1352,0.6694,0.1593,0.1797,4.2785,RED TOADSTOOL LED NIGHT LIGHT,GREEN REGENCY TEACUP AND SAUCER
20724,21314,243,2035,1058,0.6694,0.1194,0.2297,4.0972,RED RETROSPOT CHARLOTTE BAG,SMALL GLASS HEART TRINKET POT
20712,22381,243,1410,1099,0.6694,0.1723,0.2211,5.6927,JUMBO BAG WOODLAND ANIMALS,TOY TIDY PINK POLKADOT
21213,22090,243,1477,1698,0.6694,0.1645,0.1431,3.5174,PACK OF 72 SKULL CAKE CASES,PAPER BUNTING RETROSPOT
22816,22818,243,434,404,0.6694,0.5599,0.6015,50.3113,CARD MOTORBIKE SANTA,CARD CHRISTMAS VILLAGE
21929,23203,242,1612,1230,0.6666,0.1501,0.1967,4.4307,JUMBO BAG PINK VINTAGE PAISLEY,JUMBO BAG VINTAGE DOILY
21165,21908,242,965,974,0.6666,0.2508,0.2485,9.3467,BEWARE OF THE CAT METAL SIGN,CHOCOLATE THIS WAY METAL SIGN
84596B,85099B,242,733,3979,0.6666,0.3302,0.0608,3.0121,SMALL DOLLY MIX DESIGN ORANGE BOWL,JUMBO BAG RED RETROSPOT
21976,85099B,242,950,3979,0.6666,0.2547,0.0608,2.3241,PACK OF 60 MUSHROOM CAKE CASES,JUMBO BAG RED RETROSPOT
22139,22457,242,2087,2031,0.6666,0.116,0.1192,2.0726,RETROSPOT TEA SET CERAMIC 11 PC,NATURAL SLATE HEART CHALKBOARD
21931,84970S,242,2326,1520,0.6666,0.104,0.1592,2.4848,JUMBO STORAGE BAG SUKI,HANGING HEART ZINC T-LIGHT HOLDER
22086,22666,242,2000,1652,0.6666,0.121,0.1465,2.6589,PAPER CHAIN KIT 50'S CHRISTMAS,RECIPE BOX PANTRY YELLOW DESIGN
84978,84991,242,1417,2126,0.6666,0.1708,0.1138,2.9162,HANGING HEART JAR T-LIGHT HOLDER,60 TEATIME FAIRY CAKE CASES
22457,22960,242,2031,1157,0.6666,0.1192,0.2092,3.7385,NATURAL SLATE HEART CHALKBOARD,JAM MAKING SET WITH JARS
22419,22421,242,508,405,0.6666,0.4764,0.5975,42.6999,LIPSTICK PEN RED,LIPSTICK PEN FUSCHIA
21790,22411,242,1885,2190,0.6666,0.1284,0.1105,2.1281,VINTAGE SNAP CARDS,JUMBO SHOPPER VINTAGE RED PAISLEY
21843,84991,242,1521,2126,0.6666,0.1591,0.1138,2.7168,RED RETROSPOT CAKE STAND,60 TEATIME FAIRY CAKE CASES
21977,22086,242,1992,2000,0.6666,0.1215,0.121,2.2051,PACK OF 60 PINK PAISLEY CAKE CASES,PAPER CHAIN KIT 50'S CHRISTMAS
21977,84946,242,1992,1756,0.6666,0.1215,0.1378,2.5115,PACK OF 60 PINK PAISLEY CAKE CASES,ANTIQUE SILVER TEA GLASS ETCHED
21977,22348,242,1992,956,0.6666,0.1215,0.2531,4.6132,PACK OF 60 PINK PAISLEY CAKE CASES,TEA BAG PLATE RED RETROSPOT
22379,82482,242,1567,1999,0.6666,0.1544,0.1211,2.8046,RECYCLING BAG RETROSPOT,WOODEN PICTURE FRAME WHITE FINISH
22367,22383,242,1156,2397,0.6666,0.2093,0.101,3.1704,CHILDRENS APRON SPACEBOY DESIGN,LUNCH BAG SUKI DESIGN
22158,85123A,242,715,5410,0.6666,0.3385,0.0447,2.2711,3 HEARTS HANGING DECORATION RUSTIC,WHITE HANGING HEART T-LIGHT HOLDER
21231,22645,242,1480,741,0.6666,0.1635,0.3266,8.0106,SWEETHEART CERAMIC TRINKET BOX,CERAMIC HEART FAIRY CAKE MONEY BANK
21508,22027,242,541,845,0.6666,0.4473,0.2864,19.2173,VINTAGE KID DOLLY CARD,TEA PARTY BIRTHDAY CARD
22950,22952,242,352,1139,0.6666,0.6875,0.2125,21.9119,36 DOILIES VINTAGE CHRISTMAS,60 CAKE CASES VINTAGE CHRISTMAS
22328,22629,241,1152,1367,0.6639,0.2092,0.1763,5.5555,ROUND SNACK BOXES SET OF 4 FRUITS,SPACEBOY LUNCH BOX
22352,22384,241,1117,2101,0.6639,0.2158,0.1147,3.7279,LUNCH BOX WITH CUTLERY RETROSPOT,LUNCH BAG PINK POLKADOT
22086,22457,241,2000,2031,0.6639,0.1205,0.1187,2.1538,PAPER CHAIN KIT 50'S CHRISTMAS,NATURAL SLATE HEART CHALKBOARD
21166,21907,241,1420,770,0.6639,0.1697,0.313,8.0014,COOK WITH WINE METAL SIGN,I'M ON HOLIDAY METAL SIGN
21239,21244,241,750,445,0.6639,0.3213,0.5416,26.2136,PINK POLKADOT CUP,BLUE POLKADOT PLATE
84879,84970S,241,2796,1520,0.6639,0.0862,0.1586,2.0586,ASSORTED COLOUR BIRD ORNAMENT,HANGING HEART ZINC T-LIGHT HOLDER
20724,22114,241,2035,1578,0.6639,0.1184,0.1527,2.7244,RED RETROSPOT CHARLOTTE BAG,HOT WATER BOTTLE TEA AND SYMPATHY
21791,21912,241,1312,827,0.6639,0.1837,0.2914,8.0632,VINTAGE HEADS AND TAILS CARD GAME,VINTAGE SNAKES & LADDERS
82482,84970S,241,1999,1520,0.6639,0.1206,0.1586,2.8793,WOODEN PICTURE FRAME WHITE FINISH,HANGING HEART ZINC T-LIGHT HOLDER
21523,48138,241,1120,1638,0.6639,0.2152,0.1471,4.7689,DOORMAT FANCY FONT HOME SWEET HOME,DOORMAT UNION FLAG
22600,22603,241,429,388,0.6639,0.5618,0.6211,52.5604,CHRISTMAS RETROSPOT STAR WOOD,CHRISTMAS RETROSPOT TREE WOOD
20724,84378,241,2035,1246,0.6639,0.1184,0.1934,3.4504,RED RETROSPOT CHARLOTTE BAG,SET OF 3 HEART COOKIE CUTTERS
22378,85099B,241,545,3979,0.6639,0.4422,0.0606,4.0344,WALL TIDY RETROSPOT,JUMBO BAG RED RETROSPOT
21212,22381,241,3116,1099,0.6639,0.0773,0.2193,2.5548,PACK OF 72 RETROSPOT CAKE CASES,TOY TIDY PINK POLKADOT
22417,85099B,241,1102,3979,0.6639,0.2187,0.0606,1.9952,PACK OF 60 SPACEBOY CAKE CASES,JUMBO BAG RED RETROSPOT
21889,21892,241,1121,818,0.6639,0.215,0.2946,9.5409,WOODEN BOX OF DOMINOES,TRADITIONAL WOODEN CATCH CUP GAME
22383,22417,241,2397,1102,0.6639,0.1005,0.2187,3.3121,LUNCH BAG SUKI DESIGN,PACK OF 60 SPACEBOY CAKE CASES
20718,21928,241,1212,1538,0.6639,0.1988,0.1567,4.6934,RED RETROSPOT SHOPPER BAG,JUMBO BAG SCANDINAVIAN PAISLEY
20719,21930,241,1572,1317,0.6639,0.1533,0.183,4.2258,WOODLAND CHARLOTTE BAG,JUMBO STORAGE BAG SKULLS
22197,22993,241,2278,1071,0.6639,0.1058,0.225,3.586,SMALL POPCORN HOLDER,SET OF 4 PANTRY JELLY MOULDS
20718,84991,241,1212,2126,0.6639,0.1988,0.1134,3.3953,RED RETROSPOT SHOPPER BAG,60 TEATIME FAIRY CAKE CASES
22698,85099B,241,1028,3979,0.6639,0.2344,0.0606,2.1389,PINK REGENCY TEACUP AND SAUCER,JUMBO BAG RED RETROSPOT
21931,22178,241,2326,1802,0.6639,0.1036,0.1337,2.0873,JUMBO STORAGE BAG SUKI,VICTORIAN GLASS HANGING T-LIGHT
22178,82580,241,1802,1336,0.6639,0.1337,0.1804,3.634,VICTORIAN GLASS HANGING T-LIGHT,BATHROOM METAL SIGN
85099B,85150,240,3979,1109,0.6611,0.0603,0.2164,1.9744,JUMBO BAG RED RETROSPOT,LADIES & GENTLEMEN METAL SIGN
21802,21803,240,323,322,0.6611,0.743,0.7453,83.769,CHRISTMAS TREE HEART DECORATION,CHRISTMAS TREE STAR DECORATION
22356,84946,240,1584,1756,0.6611,0.1515,0.1367,3.1323,CHARLOTTE BAG PINK POLKADOT,ANTIQUE SILVER TEA GLASS ETCHED
21080,22138,240,2119,1896,0.6611,0.1133,0.1266,2.1686,SET/20 RED RETROSPOT PAPER NAPKINS,BAKING SET 9 PIECE RETROSPOT
21166,82580,240,1420,1336,0.6611,0.169,0.1796,4.5925,COOK WITH WINE METAL SIGN,BATHROOM METAL SIGN
20914,22077,240,2019,1751,0.6611,0.1189,0.1371,2.4644,SET/5 RED RETROSPOT LID GLASS BOWLS,6 RIBBONS RUSTIC CHARM
22630,22697,240,1333,1352,0.6611,0.18,0.1775,4.8343,DOLLY GIRL LUNCH BOX,GREEN REGENCY TEACUP AND SAUCER
21790,22149,240,1885,1380,0.6611,0.1273,0.1739,3.3493,VINTAGE SNAP CARDS,FELTCRAFT 6 FLOWER FRIENDS
21232,21535,240,2426,1108,0.6611,0.0989,0.2166,3.2412,STRAWBERRY CERAMIC TRINKET BOX,RED RETROSPOT SMALL MILK JUG
20725,21843,240,3055,1521,0.6611,0.0786,0.1578,1.875,LUNCH BAG RED RETROSPOT,RED RETROSPOT CAKE STAND
20724,21155,240,2035,964,0.6611,0.1179,0.249,4.4412,RED RETROSPOT CHARLOTTE BAG,RED RETROSPOT PEG BAG
21210,22090,240,1159,1698,0.6611,0.2071,0.1413,4.4271,SET OF 72 RETROSPOT PAPER DOILIES,PAPER BUNTING RETROSPOT
20972,84991,240,1394,2126,0.6611,0.1722,0.1129,2.9398,PINK CREAM FELT CRAFT TRINKET BOX,60 TEATIME FAIRY CAKE CASES
71459,84755,240,1007,1250,0.6611,0.2383,0.192,6.9215,HANGING JAM JAR T-LIGHT HOLDER,COLOUR GLASS T-LIGHT HOLDER HANGING
22729,22730,240,612,744,0.6611,0.3922,0.3226,19.1345,ALARM CLOCK BAKELIKE ORANGE,ALARM CLOCK BAKELIKE IVORY
22355,82580,240,1735,1336,0.6611,0.1383,0.1796,3.7587,CHARLOTTE BAG SUKI DESIGN,BATHROOM METAL SIGN
21974,22423,240,808,3860,0.6611,0.297,0.0622,2.7935,SET OF 36 PAISLEY FLOWER DOILIES,REGENCY CAKESTAND 3 TIER
22585,84879,240,1081,2796,0.6611,0.222,0.0858,2.8826,PACK OF 6 BIRDY GIFT TAGS,ASSORTED COLOUR BIRD ORNAMENT
22910,85099B,240,1418,3979,0.6611,0.1693,0.0603,1.5442,PAPER CHAIN KIT VINTAGE CHRISTMAS,JUMBO BAG RED RETROSPOT
21217,85099B,240,927,3979,0.6611,0.2589,0.0603,2.362,RED RETROSPOT ROUND CAKE TINS,JUMBO BAG RED RETROSPOT
21212,85049E,240,3116,891,0.6611,0.077,0.2694,3.1381,PACK OF 72 RETROSPOT CAKE CASES,SCANDINAVIAN REDS RIBBONS
22520,22523,240,368,351,0.6611,0.6522,0.6838,67.4508,CHILDS GARDEN TROWEL BLUE,CHILDS GARDEN FORK PINK
21217,85123A,240,927,5410,0.6611,0.2589,0.0444,1.7373,RED RETROSPOT ROUND CAKE TINS,WHITE HANGING HEART T-LIGHT HOLDER
21166,21232,240,1420,2426,0.6611,0.169,0.0989,2.5291,COOK WITH WINE METAL SIGN,STRAWBERRY CERAMIC TRINKET BOX
22457,85099F,240,2031,1854,0.6611,0.1182,0.1294,2.3138,NATURAL SLATE HEART CHALKBOARD,JUMBO BAG STRAWBERRY
21080,21936,240,2119,1043,0.6611,0.1133,0.2301,3.9421,SET/20 RED RETROSPOT PAPER NAPKINS,RED RETROSPOT PICNIC BAG
21485,84029G,240,1383,1007,0.6611,0.1735,0.2383,6.2559,RETROSPOT HEART HOT WATER BOTTLE,KNITTED UNION FLAG HOT WATER BOTTLE
21232,21928,240,2426,1538,0.6611,0.0989,0.156,2.335,STRAWBERRY CERAMIC TRINKET BOX,JUMBO BAG SCANDINAVIAN PAISLEY
20914,22355,240,2019,1735,0.6611,0.1189,0.1383,2.4872,SET/5 RED RETROSPOT LID GLASS BOWLS,CHARLOTTE BAG SUKI DESIGN
21175,21231,240,1656,1480,0.6611,0.1449,0.1622,3.5548,GIN + TONIC DIET METAL SIGN,SWEETHEART CERAMIC TRINKET BOX
82482,84406B,240,1999,838,0.6611,0.1201,0.2864,5.201,WOODEN PICTURE FRAME WHITE FINISH,CREAM CUPID HEARTS COAT HANGER
20727,22417,240,2345,1102,0.6611,0.1023,0.2178,3.3715,LUNCH BAG BLACK SKULL.,PACK OF 60 SPACEBOY CAKE CASES
21931,22629,240,2326,1367,0.6611,0.1032,0.1756,2.7401,JUMBO STORAGE BAG SUKI,SPACEBOY LUNCH BOX
22385,23199,240,1246,976,0.6611,0.1926,0.2459,7.1643,JUMBO BAG SPACEBOY DESIGN,JUMBO BAG APPLES
85014B,85099B,240,934,3979,0.6611,0.257,0.0603,2.3443,RED RETROSPOT UMBRELLA,JUMBO BAG RED RETROSPOT
20726,22367,240,1922,1156,0.6611,0.1249,0.2076,3.9213,LUNCH BAG WOODLAND,CHILDRENS APRON SPACEBOY DESIGN
21080,22333,240,2119,693,0.6611,0.1133,0.3463,5.933,SET/20 RED RETROSPOT PAPER NAPKINS,RETROSPOT PARTY BAG + STICKER SET
21232,21429,240,2426,995,0.6611,0.0989,0.2412,3.6093,STRAWBERRY CERAMIC TRINKET BOX,RED GINGHAM ROSE JEWELLERY BOX
20728,22367,240,2063,1156,0.6611,0.1163,0.2076,3.6533,LUNCH BAG CARS BLUE,CHILDRENS APRON SPACEBOY DESIGN
22188,85123A,240,564,5410,0.6611,0.4255,0.0444,2.8554,BLACK HEART CARD HOLDER,WHITE HANGING HEART T-LIGHT HOLDER
21733,21754,240,1755,2061,0.6611,0.1368,0.1164,2.4087,RED HANGING HEART T-LIGHT HOLDER,HOME BUILDING BLOCK WORD
22386,23202,240,2241,879,0.6611,0.1071,0.273,4.4229,JUMBO BAG PINK POLKADOT,JUMBO BAG VINTAGE LEAF
21181,82582,240,1796,790,0.6611,0.1336,0.3038,6.1406,PLEASE ONE PERSON METAL SIGN,AREA PATROLLED METAL SIGN
48138,48185,240,1638,983,0.6611,0.1465,0.2442,5.411,DOORMAT UNION FLAG,DOORMAT FAIRY CAKE
20728,21928,239,2063,1538,0.6584,0.1159,0.1554,2.7345,LUNCH BAG CARS BLUE,JUMBO BAG SCANDINAVIAN PAISLEY
21232,22382,239,2426,2153,0.6584,0.0985,0.111,1.6611,STRAWBERRY CERAMIC TRINKET BOX,LUNCH BAG SPACEBOY DESIGN
21931,84380,239,2326,1113,0.6584,0.1028,0.2147,3.3514,JUMBO STORAGE BAG SUKI,SET OF 3 BUTTERFLY COOKIE CUTTERS
22736,22738,239,408,498,0.6584,0.5858,0.4799,42.7011,RIBBON REEL MAKING SNOWMEN,RIBBON REEL SNOWY VILLAGE
20727,84692,239,2345,1121,0.6584,0.1019,0.2132,3.3005,LUNCH BAG BLACK SKULL.,BOX OF 24 COCKTAIL PARASOLS
20724,82482,239,2035,1999,0.6584,0.1174,0.1196,2.1328,RED RETROSPOT CHARLOTTE BAG,WOODEN PICTURE FRAME WHITE FINISH
20726,84692,239,1922,1121,0.6584,0.1243,0.2132,4.0269,LUNCH BAG WOODLAND,BOX OF 24 COCKTAIL PARASOLS
22197,22952,239,2278,1139,0.6584,0.1049,0.2098,3.3439,SMALL POPCORN HOLDER,60 CAKE CASES VINTAGE CHRISTMAS
21078,21212,239,740,3116,0.6584,0.323,0.0767,3.7627,SET/20 STRAWBERRY PAPER NAPKINS,PACK OF 72 RETROSPOT CAKE CASES
21212,21900,239,3116,835,0.6584,0.0767,0.2862,3.3346,PACK OF 72 RETROSPOT CAKE CASES,"KEY FOB , SHED"
22423,22659,239,3860,1066,0.6584,0.0619,0.2242,2.1086,REGENCY CAKESTAND 3 TIER,LUNCH BOX I LOVE LONDON
20712,22326,239,1410,1390,0.6584,0.1695,0.1719,4.4268,JUMBO BAG WOODLAND ANIMALS,ROUND SNACK BOXES SET OF4 WOODLAND
20712,22382,239,1410,2153,0.6584,0.1695,0.111,2.858,JUMBO BAG WOODLAND ANIMALS,LUNCH BAG SPACEBOY DESIGN
20726,21976,239,1922,950,0.6584,0.1243,0.2516,4.7517,LUNCH BAG WOODLAND,PACK OF 60 MUSHROOM CAKE CASES
20754,85099B,239,850,3979,0.6584,0.2812,0.0601,2.5653,RETROSPOT RED WASHING UP GLOVES,JUMBO BAG RED RETROSPOT
22629,22666,239,1367,1652,0.6584,0.1748,0.1447,3.8419,SPACEBOY LUNCH BOX,RECIPE BOX PANTRY YELLOW DESIGN
20971,85099B,239,1143,3979,0.6584,0.2091,0.0601,1.9077,PINK BLUE FELT CRAFT TRINKET BOX,JUMBO BAG RED RETROSPOT
22112,22356,239,1713,1584,0.6584,0.1395,0.1509,3.1975,CHOCOLATE HOT WATER BOTTLE,CHARLOTTE BAG PINK POLKADOT
82494L,84946,239,2055,1756,0.6584,0.1163,0.1361,2.4043,WOODEN FRAME ANTIQUE WHITE,ANTIQUE SILVER TEA GLASS ETCHED
20728,23208,239,2063,666,0.6584,0.1159,0.3589,6.3147,LUNCH BAG CARS BLUE,LUNCH BAG VINTAGE LEAF DESIGN
84946,84949,239,1756,687,0.6584,0.1361,0.3479,7.192,ANTIQUE SILVER TEA GLASS ETCHED,SILVER HANGING T-LIGHT HOLDER
22379,82580,239,1567,1336,0.6584,0.1525,0.1789,4.1443,RECYCLING BAG RETROSPOT,BATHROOM METAL SIGN
21218,21232,239,896,2426,0.6584,0.2667,0.0985,3.9914,RED SPOTTY BISCUIT TIN,STRAWBERRY CERAMIC TRINKET BOX
22197,22727,239,2278,1362,0.6584,0.1049,0.1755,2.7964,SMALL POPCORN HOLDER,ALARM CLOCK BAKELIKE RED
20914,21790,239,2019,1885,0.6584,0.1184,0.1268,2.2797,SET/5 RED RETROSPOT LID GLASS BOWLS,VINTAGE SNAP CARDS
21314,22197,239,1058,2278,0.6584,0.2259,0.1049,3.5999,SMALL GLASS HEART TRINKET POT,SMALL POPCORN HOLDER
22197,84596B,239,2278,733,0.6584,0.1049,0.3261,5.196,SMALL POPCORN HOLDER,SMALL DOLLY MIX DESIGN ORANGE BOWL
20724,21975,239,2035,1302,0.6584,0.1174,0.1836,3.2746,RED RETROSPOT CHARLOTTE BAG,PACK OF 60 DINOSAUR CAKE CASES
21731,22554,239,1525,1275,0.6584,0.1567,0.1875,4.4622,RED TOADSTOOL LED NIGHT LIGHT,PLASTERS IN TIN WOODLAND ANIMALS
22029,22423,239,1100,3860,0.6584,0.2173,0.0619,2.0434,SPACEBOY BIRTHDAY CARD,REGENCY CAKESTAND 3 TIER
22328,22384,239,1152,2101,0.6584,0.2075,0.1138,3.5847,ROUND SNACK BOXES SET OF 4 FRUITS,LUNCH BAG PINK POLKADOT
22356,22381,239,1584,1099,0.6584,0.1509,0.2175,4.984,CHARLOTTE BAG PINK POLKADOT,TOY TIDY PINK POLKADOT
22457,22961,239,2031,1188,0.6584,0.1177,0.2012,3.5959,NATURAL SLATE HEART CHALKBOARD,JAM MAKING SET PRINTED
20727,22457,238,2345,2031,0.6556,0.1015,0.1172,1.8141,LUNCH BAG BLACK SKULL.,NATURAL SLATE HEART CHALKBOARD
20725,21733,238,3055,1755,0.6556,0.0779,0.1356,1.6115,LUNCH BAG RED RETROSPOT,RED HANGING HEART T-LIGHT HOLDER
20972,22273,238,1394,809,0.6556,0.1707,0.2942,7.6612,PINK CREAM FELT CRAFT TRINKET BOX,FELTCRAFT DOLL MOLLY
21231,22457,238,1480,2031,0.6556,0.1608,0.1172,2.8743,SWEETHEART CERAMIC TRINKET BOX,NATURAL SLATE HEART CHALKBOARD
21931,22699,238,2326,1420,0.6556,0.1023,0.1676,2.6158,JUMBO STORAGE BAG SUKI,ROSES REGENCY TEACUP AND SAUCER
22386,82580,238,2241,1336,0.6556,0.1062,0.1781,2.8858,JUMBO BAG PINK POLKADOT,BATHROOM METAL SIGN
22197,82482,238,2278,1999,0.6556,0.1045,0.1191,1.8973,SMALL POPCORN HOLDER,WOODEN PICTURE FRAME WHITE FINISH
22064,85123A,238,692,5410,0.6556,0.3439,0.044,2.3078,PINK DOUGHNUT TRINKET POT,WHITE HANGING HEART T-LIGHT HOLDER
21155,85123A,238,964,5410,0.6556,0.2469,0.044,1.6567,RED RETROSPOT PEG BAG,WHITE HANGING HEART T-LIGHT HOLDER
21992,22197,238,656,2278,0.6556,0.3628,0.1045,5.7816,VINTAGE PAISLEY STATIONERY SET,SMALL POPCORN HOLDER
20719,20914,238,1572,2019,0.6556,0.1514,0.1179,2.7222,WOODLAND CHARLOTTE BAG,SET/5 RED RETROSPOT LID GLASS BOWLS
21212,84032A,238,3116,662,0.6556,0.0764,0.3595,4.1884,PACK OF 72 RETROSPOT CAKE CASES,CHARLIE+LOLA PINK HOT WATER BOTTLE
22726,47566,238,1266,2648,0.6556,0.188,0.0899,2.5772,ALARM CLOCK BAKELIKE GREEN,PARTY BUNTING
22411,22666,238,2190,1652,0.6556,0.1087,0.1441,2.3881,JUMBO SHOPPER VINTAGE RED PAISLEY,RECIPE BOX PANTRY YELLOW DESIGN
21524,48194,238,1149,1347,0.6556,0.2071,0.1767,5.5824,DOORMAT SPOTTY HOME SWEET HOME,DOORMAT HEARTS
21993,85099B,238,577,3979,0.6556,0.4125,0.0598,3.7632,FLORAL FOLK STATIONERY SET,JUMBO BAG RED RETROSPOT
21843,21977,238,1521,1992,0.6556,0.1565,0.1195,2.8516,RED RETROSPOT CAKE STAND,PACK OF 60 PINK PAISLEY CAKE CASES
21484,22114,238,864,1578,0.6556,0.2755,0.1508,6.337,CHICK GREY HOT WATER BOTTLE,HOT WATER BOTTLE TEA AND SYMPATHY
20725,84988,238,3055,1016,0.6556,0.0779,0.2343,2.7836,LUNCH BAG RED RETROSPOT,SET OF 72 PINK HEART PAPER DOILIES
21790,22469,238,1885,2141,0.6556,0.1263,0.1112,2.1408,VINTAGE SNAP CARDS,HEART OF WICKER SMALL
20975,85123A,238,898,5410,0.6556,0.265,0.044,1.7784,12 PENCILS SMALL TUBE RED RETROSPOT,WHITE HANGING HEART T-LIGHT HOLDER
20914,21754,238,2019,2061,0.6556,0.1179,0.1155,2.0763,SET/5 RED RETROSPOT LID GLASS BOWLS,HOME BUILDING BLOCK WORD
22356,22469,238,1584,2141,0.6556,0.1503,0.1112,2.5476,CHARLOTTE BAG PINK POLKADOT,HEART OF WICKER SMALL
20727,21754,238,2345,2061,0.6556,0.1015,0.1155,1.7877,LUNCH BAG BLACK SKULL.,HOME BUILDING BLOCK WORD
20719,22083,238,1572,1399,0.6556,0.1514,0.1701,3.9286,WOODLAND CHARLOTTE BAG,PAPER CHAIN KIT RETROSPOT
22090,22356,238,1698,1584,0.6556,0.1402,0.1503,3.2123,PAPER BUNTING RETROSPOT,CHARLOTTE BAG PINK POLKADOT
21931,84992,238,2326,1459,0.6556,0.1023,0.1631,2.5459,JUMBO STORAGE BAG SUKI,72 SWEETHEART FAIRY CAKE CASES
23301,85099B,238,912,3979,0.6556,0.261,0.0598,2.3809,GARDENERS KNEELING PAD KEEP CALM,JUMBO BAG RED RETROSPOT
22178,22470,238,1802,1947,0.6556,0.1321,0.1222,2.4626,VICTORIAN GLASS HANGING T-LIGHT,HEART OF WICKER LARGE
22753,22755,238,404,499,0.6556,0.5891,0.477,42.8574,SMALL YELLOW BABUSHKA NOTEBOOK,SMALL PURPLE BABUSHKA NOTEBOOK
20725,21238,238,3055,902,0.6556,0.0779,0.2639,3.1354,LUNCH BAG RED RETROSPOT,RED RETROSPOT CUP
22197,22348,238,2278,956,0.6556,0.1045,0.249,3.9673,SMALL POPCORN HOLDER,TEA BAG PLATE RED RETROSPOT
21509,22027,238,628,845,0.6556,0.379,0.2817,16.2814,COWBOYS AND INDIANS BIRTHDAY CARD,TEA PARTY BIRTHDAY CARD
21755,47566,237,1692,2648,0.6529,0.1401,0.0895,1.9203,LOVE BUILDING BLOCK WORD,PARTY BUNTING
20712,21977,237,1410,1992,0.6529,0.1681,0.119,3.0632,JUMBO BAG WOODLAND ANIMALS,PACK OF 60 PINK PAISLEY CAKE CASES
22348,22423,237,956,3860,0.6529,0.2479,0.0614,2.3315,TEA BAG PLATE RED RETROSPOT,REGENCY CAKESTAND 3 TIER
21981,21982,237,551,716,0.6529,0.4301,0.331,21.8079,PACK OF 12 WOODLAND TISSUES,PACK OF 12 SUKI TISSUES
22558,47566,237,1196,2648,0.6529,0.1982,0.0895,2.7166,CLOTHES PEGS RETROSPOT PACK 24,PARTY BUNTING
48184,85123A,237,849,5410,0.6529,0.2792,0.0438,1.8732,DOORMAT ENGLISH ROSE,WHITE HANGING HEART T-LIGHT HOLDER
22090,85099F,237,1698,1854,0.6529,0.1396,0.1278,2.7329,PAPER BUNTING RETROSPOT,JUMBO BAG STRAWBERRY
23199,23204,237,976,583,0.6529,0.2428,0.4065,15.1203,JUMBO BAG APPLES,CHARLOTTE BAG APPLES DESIGN
21977,22457,237,1992,2031,0.6529,0.119,0.1167,2.1266,PACK OF 60 PINK PAISLEY CAKE CASES,NATURAL SLATE HEART CHALKBOARD
22456,85123A,237,827,5410,0.6529,0.2866,0.0438,1.923,NATURAL SLATE CHALKBOARD LARGE,WHITE HANGING HEART T-LIGHT HOLDER
21238,21244,237,902,445,0.6529,0.2627,0.5326,21.4345,RED RETROSPOT CUP,BLUE POLKADOT PLATE
20725,22699,237,3055,1420,0.6529,0.0776,0.1669,1.9833,LUNCH BAG RED RETROSPOT,ROSES REGENCY TEACUP AND SAUCER
22411,22630,237,2190,1333,0.6529,0.1082,0.1778,2.9472,JUMBO SHOPPER VINTAGE RED PAISLEY,DOLLY GIRL LUNCH BOX
21733,82494L,237,1755,2055,0.6529,0.135,0.1153,2.3856,RED HANGING HEART T-LIGHT HOLDER,WOODEN FRAME ANTIQUE WHITE
22699,23173,237,1420,415,0.6529,0.1669,0.5711,14.5997,ROSES REGENCY TEACUP AND SAUCER,REGENCY TEAPOT ROSES
22138,84991,237,1896,2126,0.6529,0.125,0.1115,2.1344,BAKING SET 9 PIECE RETROSPOT,60 TEATIME FAIRY CAKE CASES
22077,82482,237,1751,1999,0.6529,0.1354,0.1186,2.458,6 RIBBONS RUSTIC CHARM,WOODEN PICTURE FRAME WHITE FINISH
21731,22457,237,1525,2031,0.6529,0.1554,0.1167,2.7778,RED TOADSTOOL LED NIGHT LIGHT,NATURAL SLATE HEART CHALKBOARD
21790,22666,237,1885,1652,0.6529,0.1257,0.1435,2.7629,VINTAGE SNAP CARDS,RECIPE BOX PANTRY YELLOW DESIGN
22219,22356,237,1149,1584,0.6529,0.2063,0.1496,4.7272,LOVEBIRD HANGING DECORATION WHITE,CHARLOTTE BAG PINK POLKADOT
22699,22720,237,1420,1376,0.6529,0.1669,0.1722,4.4032,ROSES REGENCY TEACUP AND SAUCER,SET OF 3 CAKE TINS PANTRY DESIGN
21078,85123A,237,740,5410,0.6529,0.3203,0.0438,2.1491,SET/20 STRAWBERRY PAPER NAPKINS,WHITE HANGING HEART T-LIGHT HOLDER
21754,82580,237,2061,1336,0.6529,0.115,0.1774,3.1246,HOME BUILDING BLOCK WORD,BATHROOM METAL SIGN
21169,85152,237,770,1455,0.6529,0.3078,0.1629,7.6794,YOU'RE CONFUSING ME METAL SIGN,HAND OVER THE CHOCOLATE SIGN
21232,22086,237,2426,2000,0.6529,0.0977,0.1185,1.7732,STRAWBERRY CERAMIC TRINKET BOX,PAPER CHAIN KIT 50'S CHRISTMAS
20717,20723,237,756,1379,0.6529,0.3135,0.1719,8.2526,STRAWBERRY SHOPPER BAG,STRAWBERRY CHARLOTTE BAG
15056BL,85123A,237,941,5410,0.6529,0.2519,0.0438,1.69,EDWARDIAN PARASOL BLACK,WHITE HANGING HEART T-LIGHT HOLDER
21928,22356,237,1538,1584,0.6529,0.1541,0.1496,3.5316,JUMBO BAG SCANDINAVIAN PAISLEY,CHARLOTTE BAG PINK POLKADOT
20754,20914,237,850,2019,0.6529,0.2788,0.1174,5.0133,RETROSPOT RED WASHING UP GLOVES,SET/5 RED RETROSPOT LID GLASS BOWLS
20728,21975,237,2063,1302,0.6529,0.1149,0.182,3.2031,LUNCH BAG CARS BLUE,PACK OF 60 DINOSAUR CAKE CASES
21232,22059,237,2426,457,0.6529,0.0977,0.5186,7.7602,STRAWBERRY CERAMIC TRINKET BOX,CERAMIC STRAWBERRY DESIGN MUG
20725,21181,237,3055,1796,0.6529,0.0776,0.132,1.5681,LUNCH BAG RED RETROSPOT,PLEASE ONE PERSON METAL SIGN
21080,22178,237,2119,1802,0.6529,0.1118,0.1315,2.2532,SET/20 RED RETROSPOT PAPER NAPKINS,VICTORIAN GLASS HANGING T-LIGHT
21212,22629,237,3116,1367,0.6529,0.0761,0.1734,2.0198,PACK OF 72 RETROSPOT CAKE CASES,SPACEBOY LUNCH BOX
22029,22712,237,1100,508,0.6529,0.2155,0.4665,15.3965,SPACEBOY BIRTHDAY CARD,CARD DOLLY GIRL
21907,85123A,237,770,5410,0.6529,0.3078,0.0438,2.0653,I'M ON HOLIDAY METAL SIGN,WHITE HANGING HEART T-LIGHT HOLDER
22457,22720,237,2031,1376,0.6529,0.1167,0.1722,3.0786,NATURAL SLATE HEART CHALKBOARD,SET OF 3 CAKE TINS PANTRY DESIGN
21977,22219,237,1992,1149,0.6529,0.119,0.2063,3.759,PACK OF 60 PINK PAISLEY CAKE CASES,LOVEBIRD HANGING DECORATION WHITE
21175,21977,237,1656,1992,0.6529,0.1431,0.119,2.6081,GIN + TONIC DIET METAL SIGN,PACK OF 60 PINK PAISLEY CAKE CASES
20725,22196,237,3055,981,0.6529,0.0776,0.2416,2.8708,LUNCH BAG RED RETROSPOT,SMALL HEART MEASURING SPOONS
22355,84380,236,1735,1113,0.6501,0.136,0.212,4.4366,CHARLOTTE BAG SUKI DESIGN,SET OF 3 BUTTERFLY COOKIE CUTTERS
22952,84991,236,1139,2126,0.6501,0.2072,0.111,3.538,60 CAKE CASES VINTAGE CHRISTMAS,60 TEATIME FAIRY CAKE CASES
21928,22090,236,1538,1698,0.6501,0.1534,0.139,3.2806,JUMBO BAG SCANDINAVIAN PAISLEY,PAPER BUNTING RETROSPOT
21212,21918,236,3116,786,0.6501,0.0757,0.3003,3.498,PACK OF 72 RETROSPOT CAKE CASES,SET 12 KIDS COLOUR CHALK STICKS
21731,84991,236,1525,2126,0.6501,0.1548,0.111,2.6425,RED TOADSTOOL LED NIGHT LIGHT,60 TEATIME FAIRY CAKE CASES
21935,82580,236,921,1336,0.6501,0.2562,0.1766,6.9627,SUKI SHOULDER BAG,BATHROOM METAL SIGN
20719,84992,236,1572,1459,0.6501,0.1501,0.1618,3.7354,WOODLAND CHARLOTTE BAG,72 SWEETHEART FAIRY CAKE CASES
21175,22178,236,1656,1802,0.6501,0.1425,0.131,2.871,GIN + TONIC DIET METAL SIGN,VICTORIAN GLASS HANGING T-LIGHT
22507,85099B,236,899,3979,0.6501,0.2625,0.0593,2.395,MEMO BOARD RETROSPOT DESIGN,JUMBO BAG RED RETROSPOT
21327,21329,236,494,555,0.6501,0.4777,0.4252,31.248,SKULLS WRITING SET,DINOSAURS WRITING SET
22077,22961,236,1751,1188,0.6501,0.1348,0.1987,4.1185,6 RIBBONS RUSTIC CHARM,JAM MAKING SET PRINTED
21232,22195,236,2426,811,0.6501,0.0973,0.291,4.3544,STRAWBERRY CERAMIC TRINKET BOX,LARGE HEART MEASURING SPOONS
22077,22090,236,1751,1698,0.6501,0.1348,0.139,2.8815,6 RIBBONS RUSTIC CHARM,PAPER BUNTING RETROSPOT
22697,82482,236,1352,1999,0.6501,0.1746,0.1181,3.17,GREEN REGENCY TEACUP AND SAUCER,WOODEN PICTURE FRAME WHITE FINISH
22086,22739,236,2000,601,0.6501,0.118,0.3927,7.1275,PAPER CHAIN KIT 50'S CHRISTMAS,RIBBON REEL CHRISTMAS SOCK BAUBLE
21212,21668,236,3116,825,0.6501,0.0757,0.2861,3.3327,PACK OF 72 RETROSPOT CAKE CASES,RED STRIPE CERAMIC DRAWER KNOB
21977,22557,236,1992,1125,0.6501,0.1185,0.2098,3.823,PACK OF 60 PINK PAISLEY CAKE CASES,PLASTERS IN TIN VINTAGE PAISLEY
22178,22355,236,1802,1735,0.6501,0.131,0.136,2.7402,VICTORIAN GLASS HANGING T-LIGHT,CHARLOTTE BAG SUKI DESIGN
21232,22111,236,2426,1683,0.6501,0.0973,0.1402,2.0983,STRAWBERRY CERAMIC TRINKET BOX,SCOTTIE DOG HOT WATER BOTTLE
21080,22457,236,2119,2031,0.6501,0.1114,0.1162,1.9907,SET/20 RED RETROSPOT PAPER NAPKINS,NATURAL SLATE HEART CHALKBOARD
21754,84836,236,2061,1406,0.6501,0.1145,0.1679,2.9565,HOME BUILDING BLOCK WORD,ZINC METAL HEART DECORATION
21980,21985,236,676,918,0.6501,0.3491,0.2571,13.8055,PACK OF 12 RED RETROSPOT TISSUES,PACK OF 12 HEARTS DESIGN TISSUES
20727,22086,236,2345,2000,0.6501,0.1006,0.118,1.8267,LUNCH BAG BLACK SKULL.,PAPER CHAIN KIT 50'S CHRISTMAS
20728,22666,236,2063,1652,0.6501,0.1144,0.1429,2.5138,LUNCH BAG CARS BLUE,RECIPE BOX PANTRY YELLOW DESIGN
21507,22027,236,584,845,0.6501,0.4041,0.2793,17.3609,"ELEPHANT, BIRTHDAY CARD,",TEA PARTY BIRTHDAY CARD
20727,22139,236,2345,2087,0.6501,0.1006,0.1131,1.7506,LUNCH BAG BLACK SKULL.,RETROSPOT TEA SET CERAMIC 11 PC
22726,22910,236,1266,1418,0.6501,0.1864,0.1664,4.7724,ALARM CLOCK BAKELIKE GREEN,PAPER CHAIN KIT VINTAGE CHRISTMAS
22962,22963,236,352,319,0.6501,0.6705,0.7398,76.2973,JAM JAR WITH PINK LID,JAM JAR WITH GREEN LID
21889,21914,236,1121,963,0.6501,0.2105,0.2451,7.9362,WOODEN BOX OF DOMINOES,BLUE HARMONICA IN BOX
23355,23356,236,778,475,0.6501,0.3033,0.4968,23.183,HOT WATER BOTTLE KEEP CALM,LOVE HOT WATER BOTTLE
21314,84978,236,1058,1417,0.6501,0.2231,0.1665,5.7146,SMALL GLASS HEART TRINKET POT,HANGING HEART JAR T-LIGHT HOLDER
20724,21559,236,2035,1219,0.6501,0.116,0.1936,3.4536,RED RETROSPOT CHARLOTTE BAG,STRAWBERRY LUNCH BOX WITH CUTLERY
20723,22077,236,1379,1751,0.6501,0.1711,0.1348,3.5481,STRAWBERRY CHARLOTTE BAG,6 RIBBONS RUSTIC CHARM
21754,22077,236,2061,1751,0.6501,0.1145,0.1348,2.374,HOME BUILDING BLOCK WORD,6 RIBBONS RUSTIC CHARM
21977,84970S,236,1992,1520,0.6501,0.1185,0.1553,2.8295,PACK OF 60 PINK PAISLEY CAKE CASES,HANGING HEART ZINC T-LIGHT HOLDER
21731,22629,236,1525,1367,0.6501,0.1548,0.1726,4.1096,RED TOADSTOOL LED NIGHT LIGHT,SPACEBOY LUNCH BOX
21411,85123A,236,624,5410,0.6501,0.3782,0.0436,2.5378,GINGHAM HEART DOORSTOP RED,WHITE HANGING HEART T-LIGHT HOLDER
21731,84946,236,1525,1756,0.6501,0.1548,0.1344,3.1993,RED TOADSTOOL LED NIGHT LIGHT,ANTIQUE SILVER TEA GLASS ETCHED
21755,22457,236,1692,2031,0.6501,0.1395,0.1162,2.4931,LOVE BUILDING BLOCK WORD,NATURAL SLATE HEART CHALKBOARD
22114,22355,236,1578,1735,0.6501,0.1496,0.136,3.1292,HOT WATER BOTTLE TEA AND SYMPATHY,CHARLOTTE BAG SUKI DESIGN
21790,22548,236,1885,428,0.6501,0.1252,0.5514,10.6191,VINTAGE SNAP CARDS,HEADS AND TAILS SPORTING FUN
47566,84380,236,2648,1113,0.6501,0.0891,0.212,2.9069,PARTY BUNTING,SET OF 3 BUTTERFLY COOKIE CUTTERS
23294,23295,235,354,444,0.6473,0.6638,0.5293,54.2765,SET OF 6 SNACK LOAF BAKING CASES,SET OF 12 MINI LOAF BAKING CASES
21931,84692,235,2326,1121,0.6473,0.101,0.2096,3.2718,JUMBO STORAGE BAG SUKI,BOX OF 24 COCKTAIL PARASOLS
21080,84978,235,2119,1417,0.6473,0.1109,0.1658,2.8412,SET/20 RED RETROSPOT PAPER NAPKINS,HANGING HEART JAR T-LIGHT HOLDER
20685,22411,235,1717,2190,0.6473,0.1369,0.1073,2.2687,DOORMAT RED RETROSPOT,JUMBO SHOPPER VINTAGE RED PAISLEY
22086,22835,235,2000,1010,0.6473,0.1175,0.2327,4.2233,PAPER CHAIN KIT 50'S CHRISTMAS,HOT WATER BOTTLE I AM SO POORLY
21907,22413,235,770,880,0.6473,0.3052,0.267,12.59,I'M ON HOLIDAY METAL SIGN,METAL SIGN TAKE IT OR LEAVE IT
21929,21935,235,1612,921,0.6473,0.1458,0.2552,5.7461,JUMBO BAG PINK VINTAGE PAISLEY,SUKI SHOULDER BAG
20726,22139,235,1922,2087,0.6473,0.1223,0.1126,2.1268,LUNCH BAG WOODLAND,RETROSPOT TEA SET CERAMIC 11 PC
22139,22411,235,2087,2190,0.6473,0.1126,0.1073,1.8665,RETROSPOT TEA SET CERAMIC 11 PC,JUMBO SHOPPER VINTAGE RED PAISLEY
21935,22457,235,921,2031,0.6473,0.2552,0.1157,4.5607,SUKI SHOULDER BAG,NATURAL SLATE HEART CHALKBOARD
21790,21935,235,1885,921,0.6473,0.1247,0.2552,4.9139,VINTAGE SNAP CARDS,SUKI SHOULDER BAG
20724,22417,235,2035,1102,0.6473,0.1155,0.2132,3.8041,RED RETROSPOT CHARLOTTE BAG,PACK OF 60 SPACEBOY CAKE CASES
21181,21870,235,1796,630,0.6473,0.1308,0.373,7.5397,PLEASE ONE PERSON METAL SIGN,I CAN ONLY PLEASE ONE PERSON MUG
22083,22356,235,1399,1584,0.6473,0.168,0.1484,3.8497,PAPER CHAIN KIT RETROSPOT,CHARLOTTE BAG PINK POLKADOT
21212,22198,235,3116,645,0.6473,0.0754,0.3643,4.2446,PACK OF 72 RETROSPOT CAKE CASES,LARGE POPCORN HOLDER
22090,22469,235,1698,2141,0.6473,0.1384,0.1098,2.3466,PAPER BUNTING RETROSPOT,HEART OF WICKER SMALL
21928,23203,235,1538,1230,0.6473,0.1528,0.1911,4.5096,JUMBO BAG SCANDINAVIAN PAISLEY,JUMBO BAG VINTAGE DOILY
22383,23199,235,2397,976,0.6473,0.098,0.2408,3.6465,LUNCH BAG SUKI DESIGN,JUMBO BAG APPLES
20726,21936,235,1922,1043,0.6473,0.1223,0.2253,4.2556,LUNCH BAG WOODLAND,RED RETROSPOT PICNIC BAG
21212,21485,235,3116,1383,0.6473,0.0754,0.1699,1.9796,PACK OF 72 RETROSPOT CAKE CASES,RETROSPOT HEART HOT WATER BOTTLE
21156,85099B,235,929,3979,0.6473,0.253,0.0591,2.3079,RETROSPOT CHILDRENS APRON,JUMBO BAG RED RETROSPOT
22630,22699,235,1333,1420,0.6473,0.1763,0.1655,4.5069,DOLLY GIRL LUNCH BOX,ROSES REGENCY TEACUP AND SAUCER
20725,22697,235,3055,1352,0.6473,0.0769,0.1738,2.0654,LUNCH BAG RED RETROSPOT,GREEN REGENCY TEACUP AND SAUCER
21527,85123A,235,828,5410,0.6473,0.2838,0.0434,1.9045,RED RETROSPOT TRADITIONAL TEAPOT,WHITE HANGING HEART T-LIGHT HOLDER
21506,22029,235,665,1100,0.6473,0.3534,0.2136,11.6623,"FANCY FONT BIRTHDAY CARD,",SPACEBOY BIRTHDAY CARD
22355,84978,235,1735,1417,0.6473,0.1354,0.1658,3.47,CHARLOTTE BAG SUKI DESIGN,HANGING HEART JAR T-LIGHT HOLDER
22383,84992,235,2397,1459,0.6473,0.098,0.1611,2.4394,LUNCH BAG SUKI DESIGN,72 SWEETHEART FAIRY CAKE CASES
21181,82494L,235,1796,2055,0.6473,0.1308,0.1144,2.3114,PLEASE ONE PERSON METAL SIGN,WOODEN FRAME ANTIQUE WHITE
21080,84378,235,2119,1246,0.6473,0.1109,0.1886,3.2311,SET/20 RED RETROSPOT PAPER NAPKINS,SET OF 3 HEART COOKIE CUTTERS
22759,85123A,235,795,5410,0.6473,0.2956,0.0434,1.9835,SET OF 3 NOTEBOOKS IN PARCEL,WHITE HANGING HEART T-LIGHT HOLDER
48111,48194,235,719,1347,0.6473,0.3268,0.1745,8.8085,DOORMAT 3 SMILEY CATS,DOORMAT HEARTS
82494L,84406B,235,2055,838,0.6473,0.1144,0.2804,4.9538,WOODEN FRAME ANTIQUE WHITE,CREAM CUPID HEARTS COAT HANGER
22379,84988,235,1567,1016,0.6473,0.15,0.2313,5.3584,RECYCLING BAG RETROSPOT,SET OF 72 PINK HEART PAPER DOILIES
21212,23307,235,3116,628,0.6473,0.0754,0.3742,4.3595,PACK OF 72 RETROSPOT CAKE CASES,SET OF 60 PANTRY DESIGN CAKE CASES
21791,22139,235,1312,2087,0.6473,0.1791,0.1126,3.1156,VINTAGE HEADS AND TAILS CARD GAME,RETROSPOT TEA SET CERAMIC 11 PC
22114,84991,235,1578,2126,0.6473,0.1489,0.1105,2.5429,HOT WATER BOTTLE TEA AND SYMPATHY,60 TEATIME FAIRY CAKE CASES
20728,84692,235,2063,1121,0.6473,0.1139,0.2096,3.6889,LUNCH BAG CARS BLUE,BOX OF 24 COCKTAIL PARASOLS
20724,22554,235,2035,1275,0.6473,0.1155,0.1843,3.2879,RED RETROSPOT CHARLOTTE BAG,PLASTERS IN TIN WOODLAND ANIMALS
22367,22384,235,1156,2101,0.6473,0.2033,0.1119,3.5125,CHILDRENS APRON SPACEBOY DESIGN,LUNCH BAG PINK POLKADOT
23202,23208,235,879,666,0.6473,0.2673,0.3529,14.5725,JUMBO BAG VINTAGE LEAF,LUNCH BAG VINTAGE LEAF DESIGN
22219,84879,235,1149,2796,0.6473,0.2045,0.084,2.6555,LOVEBIRD HANGING DECORATION WHITE,ASSORTED COLOUR BIRD ORNAMENT
21755,84978,235,1692,1417,0.6473,0.1389,0.1658,3.5582,LOVE BUILDING BLOCK WORD,HANGING HEART JAR T-LIGHT HOLDER
22381,85099C,234,1099,1867,0.6446,0.2129,0.1253,4.14,TOY TIDY PINK POLKADOT,JUMBO BAG BAROQUE BLACK WHITE
47566,84755,234,2648,1250,0.6446,0.0884,0.1872,2.5664,PARTY BUNTING,COLOUR GLASS T-LIGHT HOLDER HANGING
22077,85049C,234,1751,501,0.6446,0.1336,0.4671,9.6833,6 RIBBONS RUSTIC CHARM,ROMANTIC PINKS RIBBONS
20713,47566,234,1304,2648,0.6446,0.1794,0.0884,2.4601,JUMBO BAG OWLS,PARTY BUNTING
20727,22112,234,2345,1713,0.6446,0.0998,0.1366,2.1147,LUNCH BAG BLACK SKULL.,CHOCOLATE HOT WATER BOTTLE
22086,22578,234,2000,767,0.6446,0.117,0.3051,5.5376,PAPER CHAIN KIT 50'S CHRISTMAS,WOODEN STAR CHRISTMAS SCANDINAVIAN
20972,22423,234,1394,3860,0.6446,0.1679,0.0606,1.5787,PINK CREAM FELT CRAFT TRINKET BOX,REGENCY CAKESTAND 3 TIER
21174,21907,234,1134,770,0.6446,0.2063,0.3039,9.7284,POTTERING IN THE SHED METAL SIGN,I'M ON HOLIDAY METAL SIGN
22423,22551,234,3860,1299,0.6446,0.0606,0.1801,1.6941,REGENCY CAKESTAND 3 TIER,PLASTERS IN TIN SPACEBOY
20677,21242,234,760,657,0.6446,0.3079,0.3562,17.0125,PINK POLKADOT BOWL,RED RETROSPOT PLATE
20725,23202,234,3055,879,0.6446,0.0766,0.2662,3.1633,LUNCH BAG RED RETROSPOT,JUMBO BAG VINTAGE LEAF
21931,22326,234,2326,1390,0.6446,0.1006,0.1683,2.6274,JUMBO STORAGE BAG SUKI,ROUND SNACK BOXES SET OF4 WOODLAND
84997B,85123A,234,1102,5410,0.6446,0.2123,0.0433,1.4248,RED 3 PIECE MINI DOTS CUTLERY SET,WHITE HANGING HEART T-LIGHT HOLDER
21929,22382,234,1612,2153,0.6446,0.1452,0.1087,2.4476,JUMBO BAG PINK VINTAGE PAISLEY,LUNCH BAG SPACEBOY DESIGN
22197,84978,234,2278,1417,0.6446,0.1027,0.1651,2.6316,SMALL POPCORN HOLDER,HANGING HEART JAR T-LIGHT HOLDER
21936,22411,234,1043,2190,0.6446,0.2244,0.1068,3.7189,RED RETROSPOT PICNIC BAG,JUMBO SHOPPER VINTAGE RED PAISLEY
22086,22577,234,2000,832,0.6446,0.117,0.2812,5.105,PAPER CHAIN KIT 50'S CHRISTMAS,WOODEN HEART CHRISTMAS SCANDINAVIAN
84879,84978,234,2796,1417,0.6446,0.0837,0.1651,2.1441,ASSORTED COLOUR BIRD ORNAMENT,HANGING HEART JAR T-LIGHT HOLDER
21165,85150,234,965,1109,0.6446,0.2425,0.211,7.9376,BEWARE OF THE CAT METAL SIGN,LADIES & GENTLEMEN METAL SIGN
23202,23206,234,879,1035,0.6446,0.2662,0.2261,9.3372,JUMBO BAG VINTAGE LEAF,LUNCH BAG APPLE DESIGN
22367,85099B,234,1156,3979,0.6446,0.2024,0.0588,1.8468,CHILDRENS APRON SPACEBOY DESIGN,JUMBO BAG RED RETROSPOT
21877,85123A,234,754,5410,0.6446,0.3103,0.0433,2.0825,HOME SWEET HOME MUG,WHITE HANGING HEART T-LIGHT HOLDER
20726,22666,234,1922,1652,0.6446,0.1217,0.1416,2.6754,LUNCH BAG WOODLAND,RECIPE BOX PANTRY YELLOW DESIGN
21080,21754,234,2119,2061,0.6446,0.1104,0.1135,1.9451,SET/20 RED RETROSPOT PAPER NAPKINS,HOME BUILDING BLOCK WORD
21481,21485,234,1049,1383,0.6446,0.2231,0.1692,5.8553,FAWN BLUE HOT WATER BOTTLE,RETROSPOT HEART HOT WATER BOTTLE
22379,82494L,234,1567,2055,0.6446,0.1493,0.1139,2.6379,RECYCLING BAG RETROSPOT,WOODEN FRAME ANTIQUE WHITE
20728,21977,234,2063,1992,0.6446,0.1134,0.1175,2.0671,LUNCH BAG CARS BLUE,PACK OF 60 PINK PAISLEY CAKE CASES
22196,84992,234,981,1459,0.6446,0.2385,0.1604,5.935,SMALL HEART MEASURING SPOONS,72 SWEETHEART FAIRY CAKE CASES
21935,84946,234,921,1756,0.6446,0.2541,0.1333,5.2525,SUKI SHOULDER BAG,ANTIQUE SILVER TEA GLASS ETCHED
20725,21156,234,3055,929,0.6446,0.0766,0.2519,2.9931,LUNCH BAG RED RETROSPOT,RETROSPOT CHILDRENS APRON
22411,22697,234,2190,1352,0.6446,0.1068,0.1731,2.869,JUMBO SHOPPER VINTAGE RED PAISLEY,GREEN REGENCY TEACUP AND SAUCER
84380,84992,234,1113,1459,0.6446,0.2102,0.1604,5.2311,SET OF 3 BUTTERFLY COOKIE CUTTERS,72 SWEETHEART FAIRY CAKE CASES
20725,21035,234,3055,928,0.6446,0.0766,0.2522,2.9963,LUNCH BAG RED RETROSPOT,SET/2 RED RETROSPOT TEA TOWELS
23173,23174,233,415,322,0.6418,0.5614,0.7236,63.2969,REGENCY TEAPOT ROSES,REGENCY SUGAR BOWL GREEN
22736,22739,233,408,601,0.6418,0.5711,0.3877,34.4947,RIBBON REEL MAKING SNOWMEN,RIBBON REEL CHRISTMAS SOCK BAUBLE
15036,21790,233,974,1885,0.6418,0.2392,0.1236,4.607,ASSORTED COLOURS SILK FAN,VINTAGE SNAP CARDS
22086,84032A,233,2000,662,0.6418,0.1165,0.352,6.3885,PAPER CHAIN KIT 50'S CHRISTMAS,CHARLIE+LOLA PINK HOT WATER BOTTLE
22196,22423,233,981,3860,0.6418,0.2375,0.0604,2.2337,SMALL HEART MEASURING SPOONS,REGENCY CAKESTAND 3 TIER
21733,21755,233,1755,1692,0.6418,0.1328,0.1377,2.8485,RED HANGING HEART T-LIGHT HOLDER,LOVE BUILDING BLOCK WORD
20712,47566,233,1410,2648,0.6418,0.1652,0.088,2.2654,JUMBO BAG WOODLAND ANIMALS,PARTY BUNTING
21928,47566,233,1538,2648,0.6418,0.1515,0.088,2.0769,JUMBO BAG SCANDINAVIAN PAISLEY,PARTY BUNTING
21154,84991,233,902,2126,0.6418,0.2583,0.1096,4.4108,RED RETROSPOT OVEN GLOVE,60 TEATIME FAIRY CAKE CASES
21928,22355,233,1538,1735,0.6418,0.1515,0.1343,3.1698,JUMBO BAG SCANDINAVIAN PAISLEY,CHARLOTTE BAG SUKI DESIGN
21232,85152,233,2426,1455,0.6418,0.096,0.1601,2.3963,STRAWBERRY CERAMIC TRINKET BOX,HAND OVER THE CHOCOLATE SIGN
21888,21889,233,824,1121,0.6418,0.2828,0.2079,9.157,BINGO SET,WOODEN BOX OF DOMINOES
21928,22197,233,1538,2278,0.6418,0.1515,0.1023,2.4142,JUMBO BAG SCANDINAVIAN PAISLEY,SMALL POPCORN HOLDER
21212,21993,233,3116,577,0.6418,0.0748,0.4038,4.7045,PACK OF 72 RETROSPOT CAKE CASES,FLORAL FOLK STATIONERY SET
22383,84692,233,2397,1121,0.6418,0.0972,0.2079,3.1478,LUNCH BAG SUKI DESIGN,BOX OF 24 COCKTAIL PARASOLS
22470,84970S,233,1947,1520,0.6418,0.1197,0.1533,2.8581,HEART OF WICKER LARGE,HANGING HEART ZINC T-LIGHT HOLDER
20685,85099C,233,1717,1867,0.6418,0.1357,0.1248,2.6386,DOORMAT RED RETROSPOT,JUMBO BAG BAROQUE BLACK WHITE
22379,22630,233,1567,1333,0.6418,0.1487,0.1748,4.0494,RECYCLING BAG RETROSPOT,DOLLY GIRL LUNCH BOX
22326,22630,233,1390,1333,0.6418,0.1676,0.1748,4.565,ROUND SNACK BOXES SET OF4 WOODLAND,DOLLY GIRL LUNCH BOX
21232,22697,233,2426,1352,0.6418,0.096,0.1723,2.5788,STRAWBERRY CERAMIC TRINKET BOX,GREEN REGENCY TEACUP AND SAUCER
21790,22621,233,1885,871,0.6418,0.1236,0.2675,5.1518,VINTAGE SNAP CARDS,TRADITIONAL KNITTING NANCY
21181,21907,233,1796,770,0.6418,0.1297,0.3026,6.1163,PLEASE ONE PERSON METAL SIGN,I'M ON HOLIDAY METAL SIGN
20724,21936,233,2035,1043,0.6418,0.1145,0.2234,3.9851,RED RETROSPOT CHARLOTTE BAG,RED RETROSPOT PICNIC BAG
21231,84946,233,1480,1756,0.6418,0.1574,0.1327,3.2546,SWEETHEART CERAMIC TRINKET BOX,ANTIQUE SILVER TEA GLASS ETCHED
20725,22727,233,3055,1362,0.6418,0.0763,0.1711,2.0328,LUNCH BAG RED RETROSPOT,ALARM CLOCK BAKELIKE RED
21931,22111,233,2326,1683,0.6418,0.1002,0.1384,2.1607,JUMBO STORAGE BAG SUKI,SCOTTIE DOG HOT WATER BOTTLE
22112,84991,233,1713,2126,0.6418,0.136,0.1096,2.3226,CHOCOLATE HOT WATER BOTTLE,60 TEATIME FAIRY CAKE CASES
21181,21733,233,1796,1755,0.6418,0.1297,0.1328,2.6835,PLEASE ONE PERSON METAL SIGN,RED HANGING HEART T-LIGHT HOLDER
82551,82583,233,751,1174,0.6418,0.3103,0.1985,9.5935,LAUNDRY 15C METAL SIGN,HOT BATHS METAL SIGN
22521,22522,232,370,334,0.6391,0.627,0.6946,68.1507,CHILDS GARDEN TROWEL PINK,CHILDS GARDEN FORK BLUE
21929,22077,232,1612,1751,0.6391,0.1439,0.1325,2.9838,JUMBO BAG PINK VINTAGE PAISLEY,6 RIBBONS RUSTIC CHARM
22601,22603,232,417,388,0.6391,0.5564,0.5979,52.0536,CHRISTMAS RETROSPOT ANGEL WOOD,CHRISTMAS RETROSPOT TREE WOOD
21934,22379,232,723,1567,0.6391,0.3209,0.1481,7.4338,SKULL SHOULDER BAG,RECYCLING BAG RETROSPOT
21790,84970S,232,1885,1520,0.6391,0.1231,0.1526,2.9394,VINTAGE SNAP CARDS,HANGING HEART ZINC T-LIGHT HOLDER
21175,82482,232,1656,1999,0.6391,0.1401,0.1161,2.5442,GIN + TONIC DIET METAL SIGN,WOODEN PICTURE FRAME WHITE FINISH
20727,21790,232,2345,1885,0.6391,0.0989,0.1231,1.9053,LUNCH BAG BLACK SKULL.,VINTAGE SNAP CARDS
22326,22551,232,1390,1299,0.6391,0.1669,0.1786,4.6644,ROUND SNACK BOXES SET OF4 WOODLAND,PLASTERS IN TIN SPACEBOY
21174,21876,232,1134,622,0.6391,0.2046,0.373,11.9403,POTTERING IN THE SHED METAL SIGN,POTTERING MUG
21507,21508,232,584,541,0.6391,0.3973,0.4288,26.6568,"ELEPHANT, BIRTHDAY CARD,",VINTAGE KID DOLLY CARD
22469,85099C,232,2141,1867,0.6391,0.1084,0.1243,2.107,HEART OF WICKER SMALL,JUMBO BAG BAROQUE BLACK WHITE
21212,21531,232,3116,776,0.6391,0.0745,0.299,3.483,PACK OF 72 RETROSPOT CAKE CASES,RED RETROSPOT SUGAR JAM BOWL
21212,22646,232,3116,876,0.6391,0.0745,0.2648,3.0854,PACK OF 72 RETROSPOT CAKE CASES,CERAMIC STRAWBERRY CAKE MONEY BANK
22379,22697,232,1567,1352,0.6391,0.1481,0.1716,3.9753,RECYCLING BAG RETROSPOT,GREEN REGENCY TEACUP AND SAUCER
22386,22666,232,2241,1652,0.6391,0.1035,0.1404,2.2749,JUMBO BAG PINK POLKADOT,RECIPE BOX PANTRY YELLOW DESIGN
22662,23206,232,993,1035,0.6391,0.2336,0.2242,8.1946,LUNCH BAG DOLLY GIRL DESIGN,LUNCH BAG APPLE DESIGN
21080,82482,232,2119,1999,0.6391,0.1095,0.1161,1.9883,SET/20 RED RETROSPOT PAPER NAPKINS,WOODEN PICTURE FRAME WHITE FINISH
20724,23203,232,2035,1230,0.6391,0.114,0.1886,3.3647,RED RETROSPOT CHARLOTTE BAG,JUMBO BAG VINTAGE DOILY
22086,22727,232,2000,1362,0.6391,0.116,0.1703,3.0918,PAPER CHAIN KIT 50'S CHRISTMAS,ALARM CLOCK BAKELIKE RED
20718,21935,232,1212,921,0.6391,0.1914,0.2519,7.5449,RED RETROSPOT SHOPPER BAG,SUKI SHOULDER BAG
20726,84997B,232,1922,1102,0.6391,0.1207,0.2105,3.9763,LUNCH BAG WOODLAND,RED 3 PIECE MINI DOTS CUTLERY SET
22423,22557,232,3860,1125,0.6391,0.0601,0.2062,1.9395,REGENCY CAKESTAND 3 TIER,PLASTERS IN TIN VINTAGE PAISLEY
20727,22328,232,2345,1152,0.6391,0.0989,0.2014,3.1176,LUNCH BAG BLACK SKULL.,ROUND SNACK BOXES SET OF 4 FRUITS
21790,22383,232,1885,2397,0.6391,0.1231,0.0968,1.864,VINTAGE SNAP CARDS,LUNCH BAG SUKI DESIGN
21733,22423,232,1755,3860,0.6391,0.1322,0.0601,1.2432,RED HANGING HEART T-LIGHT HOLDER,REGENCY CAKESTAND 3 TIER
22916,22917,232,248,252,0.6391,0.9355,0.9206,134.7616,HERB MARKER THYME,HERB MARKER ROSEMARY
22909,85123A,232,1086,5410,0.6391,0.2136,0.0429,1.4335,SET OF 20 VINTAGE CHRISTMAS NAPKINS,WHITE HANGING HEART T-LIGHT HOLDER
22383,84997D,232,2397,1165,0.6391,0.0968,0.1991,3.016,LUNCH BAG SUKI DESIGN,PINK 3 PIECE MINI DOTS CUTLERY SET
22077,82494L,232,1751,2055,0.6391,0.1325,0.1129,2.3406,6 RIBBONS RUSTIC CHARM,WOODEN FRAME ANTIQUE WHITE
20718,22423,231,1212,3860,0.6363,0.1906,0.0598,1.7925,RED RETROSPOT SHOPPER BAG,REGENCY CAKESTAND 3 TIER
20728,84997C,231,2063,1021,0.6363,0.112,0.2262,3.9812,LUNCH BAG CARS BLUE,BLUE 3 PIECE MINI DOTS CUTLERY SET
21731,22382,231,1525,2153,0.6363,0.1515,0.1073,2.554,RED TOADSTOOL LED NIGHT LIGHT,LUNCH BAG SPACEBOY DESIGN
21790,22382,231,1885,2153,0.6363,0.1225,0.1073,2.0663,VINTAGE SNAP CARDS,LUNCH BAG SPACEBOY DESIGN
20728,22139,231,2063,2087,0.6363,0.112,0.1107,1.9477,LUNCH BAG CARS BLUE,RETROSPOT TEA SET CERAMIC 11 PC
22348,84991,231,956,2126,0.6363,0.2416,0.1087,4.1259,TEA BAG PLATE RED RETROSPOT,60 TEATIME FAIRY CAKE CASES
22139,22617,231,2087,941,0.6363,0.1107,0.2455,4.27,RETROSPOT TEA SET CERAMIC 11 PC,BAKING SET SPACEBOY DESIGN
22355,82583,231,1735,1174,0.6363,0.1331,0.1968,4.1169,CHARLOTTE BAG SUKI DESIGN,HOT BATHS METAL SIGN
20725,22327,231,3055,645,0.6363,0.0756,0.3581,4.2557,LUNCH BAG RED RETROSPOT,ROUND SNACK BOXES SET OF 4 SKULLS
22090,85099C,231,1698,1867,0.6363,0.136,0.1237,2.6452,PAPER BUNTING RETROSPOT,JUMBO BAG BAROQUE BLACK WHITE
20723,21231,231,1379,1480,0.6363,0.1675,0.1561,4.1088,STRAWBERRY CHARLOTTE BAG,SWEETHEART CERAMIC TRINKET BOX
22867,22952,231,1052,1139,0.6363,0.2196,0.2028,6.9985,HAND WARMER BIRD DESIGN,60 CAKE CASES VINTAGE CHRISTMAS
22739,22952,231,601,1139,0.6363,0.3844,0.2028,12.2502,RIBBON REEL CHRISTMAS SOCK BAUBLE,60 CAKE CASES VINTAGE CHRISTMAS
22356,82583,231,1584,1174,0.6363,0.1458,0.1968,4.5094,CHARLOTTE BAG PINK POLKADOT,HOT BATHS METAL SIGN
48187,85099B,231,1276,3979,0.6363,0.181,0.0581,1.6516,DOORMAT NEW ENGLAND,JUMBO BAG RED RETROSPOT
84375,84378,231,792,1246,0.6363,0.2917,0.1854,8.4977,SET OF 20 KIDS COOKIE CUTTERS,SET OF 3 HEART COOKIE CUTTERS
21484,22110,231,864,511,0.6363,0.2674,0.4521,18.9936,CHICK GREY HOT WATER BOTTLE,BIRD HOUSE HOT WATER BOTTLE
22457,84991,231,2031,2126,0.6363,0.1137,0.1087,1.9421,NATURAL SLATE HEART CHALKBOARD,60 TEATIME FAIRY CAKE CASES
21931,22662,231,2326,993,0.6363,0.0993,0.2326,3.6306,JUMBO STORAGE BAG SUKI,LUNCH BAG DOLLY GIRL DESIGN
21889,22197,231,1121,2278,0.6363,0.2061,0.1014,3.2838,WOODEN BOX OF DOMINOES,SMALL POPCORN HOLDER
20717,20725,231,756,3055,0.6363,0.3056,0.0756,3.6309,STRAWBERRY SHOPPER BAG,LUNCH BAG RED RETROSPOT
20724,22029,231,2035,1100,0.6363,0.1135,0.21,3.7462,RED RETROSPOT CHARLOTTE BAG,SPACEBOY BIRTHDAY CARD
21080,21535,231,2119,1108,0.6363,0.109,0.2085,3.5717,SET/20 RED RETROSPOT PAPER NAPKINS,RED RETROSPOT SMALL MILK JUG
23199,85099F,231,976,1854,0.6363,0.2367,0.1246,4.6343,JUMBO BAG APPLES,JUMBO BAG STRAWBERRY
22219,84970S,231,1149,1520,0.6363,0.201,0.152,4.8015,LOVEBIRD HANGING DECORATION WHITE,HANGING HEART ZINC T-LIGHT HOLDER
21874,85123A,231,615,5410,0.6363,0.3756,0.0427,2.5204,GIN AND TONIC MUG,WHITE HANGING HEART T-LIGHT HOLDER
21731,85099C,231,1525,1867,0.6363,0.1515,0.1237,2.9453,RED TOADSTOOL LED NIGHT LIGHT,JUMBO BAG BAROQUE BLACK WHITE
21731,23084,231,1525,962,0.6363,0.1515,0.2401,5.7161,RED TOADSTOOL LED NIGHT LIGHT,RABBIT NIGHT LIGHT
22584,22585,231,588,1081,0.6363,0.3929,0.2137,13.1929,PACK OF 6 PANNETONE GIFT BOXES,PACK OF 6 BIRDY GIFT TAGS
21731,21791,231,1525,1312,0.6363,0.1515,0.1761,4.1912,RED TOADSTOOL LED NIGHT LIGHT,VINTAGE HEADS AND TAILS CARD GAME
20724,21210,231,2035,1159,0.6363,0.1135,0.1993,3.5555,RED RETROSPOT CHARLOTTE BAG,SET OF 72 RETROSPOT PAPER DOILIES
22352,22386,231,1117,2241,0.6363,0.2068,0.1031,3.35,LUNCH BOX WITH CUTLERY RETROSPOT,JUMBO BAG PINK POLKADOT
22139,47566,231,2087,2648,0.6363,0.1107,0.0872,1.5174,RETROSPOT TEA SET CERAMIC 11 PC,PARTY BUNTING
20719,22086,231,1572,2000,0.6363,0.1469,0.1155,2.6672,WOODLAND CHARLOTTE BAG,PAPER CHAIN KIT 50'S CHRISTMAS
21790,22114,231,1885,1578,0.6363,0.1225,0.1464,2.8192,VINTAGE SNAP CARDS,HOT WATER BOTTLE TEA AND SYMPATHY
20723,21935,230,1379,921,0.6336,0.1668,0.2497,6.5741,STRAWBERRY CHARLOTTE BAG,SUKI SHOULDER BAG
82580,85150,230,1336,1109,0.6336,0.1722,0.2074,5.6353,BATHROOM METAL SIGN,LADIES & GENTLEMEN METAL SIGN
22086,22469,230,2000,2141,0.6336,0.115,0.1074,1.9499,PAPER CHAIN KIT 50'S CHRISTMAS,HEART OF WICKER SMALL
22993,47566,230,1071,2648,0.6336,0.2148,0.0869,2.9441,SET OF 4 PANTRY JELLY MOULDS,PARTY BUNTING
20914,22411,230,2019,2190,0.6336,0.1139,0.105,1.8883,SET/5 RED RETROSPOT LID GLASS BOWLS,JUMBO SHOPPER VINTAGE RED PAISLEY
21212,21673,230,3116,762,0.6336,0.0738,0.3018,3.5165,PACK OF 72 RETROSPOT CAKE CASES,WHITE SPOT BLUE CERAMIC DRAWER KNOB
22355,22417,230,1735,1102,0.6336,0.1326,0.2087,4.3669,CHARLOTTE BAG SUKI DESIGN,PACK OF 60 SPACEBOY CAKE CASES
22423,79321,230,3860,1089,0.6336,0.0596,0.2112,1.9863,REGENCY CAKESTAND 3 TIER,CHILLI LIGHTS
21917,21918,230,467,786,0.6336,0.4925,0.2926,22.7467,SET 12 KIDS WHITE CHALK STICKS,SET 12 KIDS COLOUR CHALK STICKS
84997C,85099B,230,1021,3979,0.6336,0.2253,0.0578,2.0552,BLUE 3 PIECE MINI DOTS CUTLERY SET,JUMBO BAG RED RETROSPOT
22411,82494L,230,2190,2055,0.6336,0.105,0.1119,1.8553,JUMBO SHOPPER VINTAGE RED PAISLEY,WOODEN FRAME ANTIQUE WHITE
20675,21212,230,692,3116,0.6336,0.3324,0.0738,3.8722,BLUE POLKADOT BOWL,PACK OF 72 RETROSPOT CAKE CASES
23295,23296,230,444,377,0.6336,0.518,0.6101,49.8809,SET OF 12 MINI LOAF BAKING CASES,SET OF 6 TEA TIME BAKING CASES
22212,22219,230,828,1149,0.6336,0.2778,0.2002,8.7762,FOUR HOOK WHITE LOVEBIRDS,LOVEBIRD HANGING DECORATION WHITE
20727,22352,230,2345,1117,0.6336,0.0981,0.2059,3.1876,LUNCH BAG BLACK SKULL.,LUNCH BOX WITH CUTLERY RETROSPOT
20728,22469,230,2063,2141,0.6336,0.1115,0.1074,1.8904,LUNCH BAG CARS BLUE,HEART OF WICKER SMALL
21232,21791,230,2426,1312,0.6336,0.0948,0.1753,2.6232,STRAWBERRY CERAMIC TRINKET BOX,VINTAGE HEADS AND TAILS CARD GAME
21080,22417,230,2119,1102,0.6336,0.1085,0.2087,3.5756,SET/20 RED RETROSPOT PAPER NAPKINS,PACK OF 60 SPACEBOY CAKE CASES
21181,21931,230,1796,2326,0.6336,0.1281,0.0989,1.9987,PLEASE ONE PERSON METAL SIGN,JUMBO STORAGE BAG SUKI
84987,84988,230,811,1016,0.6336,0.2836,0.2264,10.1331,SET OF 36 TEATIME PAPER DOILIES,SET OF 72 PINK HEART PAPER DOILIES
22579,22581,230,553,380,0.6336,0.4159,0.6053,39.7328,WOODEN TREE CHRISTMAS SCANDINAVIAN,WOOD STOCKING CHRISTMAS SCANDISPOT
21977,22114,230,1992,1578,0.6336,0.1155,0.1458,2.6562,PACK OF 60 PINK PAISLEY CAKE CASES,HOT WATER BOTTLE TEA AND SYMPATHY
21080,22348,230,2119,956,0.6336,0.1085,0.2406,4.1216,SET/20 RED RETROSPOT PAPER NAPKINS,TEA BAG PLATE RED RETROSPOT
22384,23203,230,2101,1230,0.6336,0.1095,0.187,3.2309,LUNCH BAG PINK POLKADOT,JUMBO BAG VINTAGE DOILY
21936,22382,230,1043,2153,0.6336,0.2205,0.1068,3.7182,RED RETROSPOT PICNIC BAG,LUNCH BAG SPACEBOY DESIGN
21977,85099C,230,1992,1867,0.6336,0.1155,0.1232,2.245,PACK OF 60 PINK PAISLEY CAKE CASES,JUMBO BAG BAROQUE BLACK WHITE
22457,85099C,230,2031,1867,0.6336,0.1132,0.1232,2.2019,NATURAL SLATE HEART CHALKBOARD,JUMBO BAG BAROQUE BLACK WHITE
21212,22027,230,3116,845,0.6336,0.0738,0.2722,3.1711,PACK OF 72 RETROSPOT CAKE CASES,TEA PARTY BIRTHDAY CARD
20723,21731,230,1379,1525,0.6336,0.1668,0.1508,3.9703,STRAWBERRY CHARLOTTE BAG,RED TOADSTOOL LED NIGHT LIGHT
22699,23245,230,1420,869,0.6336,0.162,0.2647,6.7663,ROSES REGENCY TEACUP AND SAUCER,SET OF 3 REGENCY CAKE TINS
22384,22457,229,2101,2031,0.6308,0.109,0.1128,1.9482,LUNCH BAG PINK POLKADOT,NATURAL SLATE HEART CHALKBOARD
22083,22379,229,1399,1567,0.6308,0.1637,0.1461,3.7921,PAPER CHAIN KIT RETROSPOT,RECYCLING BAG RETROSPOT
21928,21977,229,1538,1992,0.6308,0.1489,0.115,2.7134,JUMBO BAG SCANDINAVIAN PAISLEY,PACK OF 60 PINK PAISLEY CAKE CASES
22178,22411,229,1802,2190,0.6308,0.1271,0.1046,2.1065,VICTORIAN GLASS HANGING T-LIGHT,JUMBO SHOPPER VINTAGE RED PAISLEY
21791,22620,229,1312,841,0.6308,0.1745,0.2723,7.5342,VINTAGE HEADS AND TAILS CARD GAME,4 TRADITIONAL SPINNING TOPS
23203,85099C,229,1230,1867,0.6308,0.1862,0.1227,3.6201,JUMBO BAG VINTAGE DOILY,JUMBO BAG BAROQUE BLACK WHITE
20726,21790,229,1922,1885,0.6308,0.1191,0.1215,2.2946,LUNCH BAG WOODLAND,VINTAGE SNAP CARDS
21232,21930,229,2426,1317,0.6308,0.0944,0.1739,2.6019,STRAWBERRY CERAMIC TRINKET BOX,JUMBO STORAGE BAG SKULLS
22662,85123A,229,993,5410,0.6308,0.2306,0.0423,1.5475,LUNCH BAG DOLLY GIRL DESIGN,WHITE HANGING HEART T-LIGHT HOLDER
21524,48185,229,1149,983,0.6308,0.1993,0.233,7.3602,DOORMAT SPOTTY HOME SWEET HOME,DOORMAT FAIRY CAKE
23200,23201,229,594,904,0.6308,0.3855,0.2533,15.4814,JUMBO BAG PEARS,JUMBO BAG ALPHABET
21080,82494L,229,2119,2055,0.6308,0.1081,0.1114,1.9091,SET/20 RED RETROSPOT PAPER NAPKINS,WOODEN FRAME ANTIQUE WHITE
21790,22697,229,1885,1352,0.6308,0.1215,0.1694,3.262,VINTAGE SNAP CARDS,GREEN REGENCY TEACUP AND SAUCER
22866,22952,229,1081,1139,0.6308,0.2118,0.2011,6.7518,HAND WARMER SCOTTY DOG DESIGN,60 CAKE CASES VINTAGE CHRISTMAS
22563,22564,229,533,343,0.6308,0.4296,0.6676,45.4721,HAPPY STENCIL CRAFT,ALPHABET STENCIL CRAFT
21755,22178,229,1692,1802,0.6308,0.1353,0.1271,2.7265,LOVE BUILDING BLOCK WORD,VICTORIAN GLASS HANGING T-LIGHT
20685,20724,229,1717,2035,0.6308,0.1334,0.1125,2.3792,DOORMAT RED RETROSPOT,RED RETROSPOT CHARLOTTE BAG
22356,82580,229,1584,1336,0.6308,0.1446,0.1714,3.9283,CHARLOTTE BAG PINK POLKADOT,BATHROOM METAL SIGN
21731,22666,229,1525,1652,0.6308,0.1502,0.1386,3.2998,RED TOADSTOOL LED NIGHT LIGHT,RECIPE BOX PANTRY YELLOW DESIGN
20711,20724,229,1052,2035,0.6308,0.2177,0.1125,3.8832,JUMBO BAG TOYS,RED RETROSPOT CHARLOTTE BAG
84946,84991,229,1756,2126,0.6308,0.1304,0.1077,2.2268,ANTIQUE SILVER TEA GLASS ETCHED,60 TEATIME FAIRY CAKE CASES
23201,23206,229,904,1035,0.6308,0.2533,0.2213,8.885,JUMBO BAG ALPHABET,LUNCH BAG APPLE DESIGN
21212,22189,229,3116,1296,0.6308,0.0735,0.1767,2.0586,PACK OF 72 RETROSPOT CAKE CASES,CREAM HEART CARD HOLDER
85049A,85123A,229,717,5410,0.6308,0.3194,0.0423,2.1431,TRADITIONAL CHRISTMAS RIBBONS,WHITE HANGING HEART T-LIGHT HOLDER
20724,22630,229,2035,1333,0.6308,0.1125,0.1718,3.0646,RED RETROSPOT CHARLOTTE BAG,DOLLY GIRL LUNCH BOX
22356,22385,229,1584,1246,0.6308,0.1446,0.1838,4.212,CHARLOTTE BAG PINK POLKADOT,JUMBO BAG SPACEBOY DESIGN
22111,22867,229,1683,1052,0.6308,0.1361,0.2177,4.6953,SCOTTIE DOG HOT WATER BOTTLE,HAND WARMER BIRD DESIGN
22328,85099B,229,1152,3979,0.6308,0.1988,0.0576,1.8136,ROUND SNACK BOXES SET OF 4 FRUITS,JUMBO BAG RED RETROSPOT
22197,84970S,229,2278,1520,0.6308,0.1005,0.1507,2.4009,SMALL POPCORN HOLDER,HANGING HEART ZINC T-LIGHT HOLDER
21889,21915,229,1121,1015,0.6308,0.2043,0.2256,7.3062,WOODEN BOX OF DOMINOES,RED HARMONICA IN BOX
22196,22219,229,981,1149,0.6308,0.2334,0.1993,7.3753,SMALL HEART MEASURING SPOONS,LOVEBIRD HANGING DECORATION WHITE
20723,21934,229,1379,723,0.6308,0.1661,0.3167,8.338,STRAWBERRY CHARLOTTE BAG,SKULL SHOULDER BAG
21791,21888,229,1312,824,0.6308,0.1745,0.2779,7.6896,VINTAGE HEADS AND TAILS CARD GAME,BINGO SET
22077,22139,229,1751,2087,0.6308,0.1308,0.1097,2.2749,6 RIBBONS RUSTIC CHARM,RETROSPOT TEA SET CERAMIC 11 PC
21976,22423,229,950,3860,0.6308,0.2411,0.0593,2.267,PACK OF 60 MUSHROOM CAKE CASES,REGENCY CAKESTAND 3 TIER
84378,84988,229,1246,1016,0.6308,0.1838,0.2254,6.5668,SET OF 3 HEART COOKIE CUTTERS,SET OF 72 PINK HEART PAPER DOILIES
21240,84997C,229,769,1021,0.6308,0.2978,0.2243,10.588,BLUE POLKADOT CUP,BLUE 3 PIECE MINI DOTS CUTLERY SET
82581,85099B,229,912,3979,0.6308,0.2511,0.0576,2.2909,TOILET METAL SIGN,JUMBO BAG RED RETROSPOT
21086,85099B,229,841,3979,0.6308,0.2723,0.0576,2.4843,SET/6 RED SPOTTY PAPER CUPS,JUMBO BAG RED RETROSPOT
20713,21935,229,1304,921,0.6308,0.1756,0.2486,6.922,JUMBO BAG OWLS,SUKI SHOULDER BAG
22423,85152,229,3860,1455,0.6308,0.0593,0.1574,1.4802,REGENCY CAKESTAND 3 TIER,HAND OVER THE CHOCOLATE SIGN
21080,21121,229,2119,871,0.6308,0.1081,0.2629,4.5042,SET/20 RED RETROSPOT PAPER NAPKINS,SET/10 RED POLKADOT PARTY CANDLES
21212,22329,229,3116,610,0.6308,0.0735,0.3754,4.3736,PACK OF 72 RETROSPOT CAKE CASES,ROUND CONTAINER SET OF 5 RETROSPOT
22411,22699,229,2190,1420,0.6308,0.1046,0.1613,2.6732,JUMBO SHOPPER VINTAGE RED PAISLEY,ROSES REGENCY TEACUP AND SAUCER
20685,21754,228,1717,2061,0.6281,0.1328,0.1106,2.3389,DOORMAT RED RETROSPOT,HOME BUILDING BLOCK WORD
20719,22328,228,1572,1152,0.6281,0.145,0.1979,4.5705,WOODLAND CHARLOTTE BAG,ROUND SNACK BOXES SET OF 4 FRUITS
20972,22568,228,1394,875,0.6281,0.1636,0.2606,6.7857,PINK CREAM FELT CRAFT TRINKET BOX,FELTCRAFT CUSHION OWL
20712,82482,228,1410,1999,0.6281,0.1617,0.1141,2.9365,JUMBO BAG WOODLAND ANIMALS,WOODEN PICTURE FRAME WHITE FINISH
22086,22141,228,2000,572,0.6281,0.114,0.3986,7.235,PAPER CHAIN KIT 50'S CHRISTMAS,CHRISTMAS CRAFT TREE TOP ANGEL
84755,84879,228,1250,2796,0.6281,0.1824,0.0815,2.3682,COLOUR GLASS T-LIGHT HOLDER HANGING,ASSORTED COLOUR BIRD ORNAMENT
22699,23171,228,1420,380,0.6281,0.1606,0.6,15.3389,ROSES REGENCY TEACUP AND SAUCER,REGENCY TEA PLATE GREEN
20719,22457,228,1572,2031,0.6281,0.145,0.1123,2.5924,WOODLAND CHARLOTTE BAG,NATURAL SLATE HEART CHALKBOARD
21232,84032A,228,2426,662,0.6281,0.094,0.3444,5.1537,STRAWBERRY CERAMIC TRINKET BOX,CHARLIE+LOLA PINK HOT WATER BOTTLE
22382,22666,228,2153,1652,0.6281,0.1059,0.138,2.3271,LUNCH BAG SPACEBOY DESIGN,RECIPE BOX PANTRY YELLOW DESIGN
22467,85123A,228,1078,5410,0.6281,0.2115,0.0421,1.4192,GUMBALL COAT RACK,WHITE HANGING HEART T-LIGHT HOLDER
21175,22114,228,1656,1578,0.6281,0.1377,0.1445,3.1674,GIN + TONIC DIET METAL SIGN,HOT WATER BOTTLE TEA AND SYMPATHY
22666,82482,228,1652,1999,0.6281,0.138,0.1141,2.5064,RECIPE BOX PANTRY YELLOW DESIGN,WOODEN PICTURE FRAME WHITE FINISH
20914,21218,228,2019,896,0.6281,0.1129,0.2545,4.5753,SET/5 RED RETROSPOT LID GLASS BOWLS,RED SPOTTY BISCUIT TIN
22356,84378,228,1584,1246,0.6281,0.1439,0.183,4.1936,CHARLOTTE BAG PINK POLKADOT,SET OF 3 HEART COOKIE CUTTERS
20979,21212,228,708,3116,0.6281,0.322,0.0732,3.7518,36 PENCILS TUBE RED RETROSPOT,PACK OF 72 RETROSPOT CAKE CASES
22502,85123A,228,910,5410,0.6281,0.2505,0.0421,1.6812,PICNIC BASKET WICKER SMALL,WHITE HANGING HEART T-LIGHT HOLDER
22551,22630,228,1299,1333,0.6281,0.1755,0.171,4.78,PLASTERS IN TIN SPACEBOY,DOLLY GIRL LUNCH BOX
21931,47591D,228,2326,1210,0.6281,0.098,0.1884,2.9408,JUMBO STORAGE BAG SUKI,PINK FAIRY CAKE CHILDRENS APRON
15036,84946,228,974,1756,0.6281,0.2341,0.1298,4.8393,ASSORTED COLOURS SILK FAN,ANTIQUE SILVER TEA GLASS ETCHED
21181,82482,228,1796,1999,0.6281,0.1269,0.1141,2.3054,PLEASE ONE PERSON METAL SIGN,WOODEN PICTURE FRAME WHITE FINISH
21428,21430,228,461,809,0.6281,0.4946,0.2818,22.193,SET3 BOOK BOX GREEN GINGHAM FLOWER,SET/3 RED GINGHAM ROSE STORAGE BOX
23200,23206,228,594,1035,0.6281,0.3838,0.2203,13.4629,JUMBO BAG PEARS,LUNCH BAG APPLE DESIGN
20724,21238,228,2035,902,0.6281,0.112,0.2528,4.5091,RED RETROSPOT CHARLOTTE BAG,RED RETROSPOT CUP
22456,85099B,228,827,3979,0.6281,0.2757,0.0573,2.5153,NATURAL SLATE CHALKBOARD LARGE,JUMBO BAG RED RETROSPOT
20724,21429,228,2035,995,0.6281,0.112,0.2291,4.0877,RED RETROSPOT CHARLOTTE BAG,RED GINGHAM ROSE JEWELLERY BOX
21212,47559B,228,3116,743,0.6281,0.0732,0.3069,3.575,PACK OF 72 RETROSPOT CAKE CASES,TEA TIME OVEN GLOVE
22457,84836,228,2031,1406,0.6281,0.1123,0.1622,2.8985,NATURAL SLATE HEART CHALKBOARD,ZINC METAL HEART DECORATION
22844,22845,228,497,393,0.6281,0.4588,0.5802,42.3757,VINTAGE CREAM DOG FOOD CONTAINER,VINTAGE CREAM CAT FOOD CONTAINER
23254,23256,228,298,368,0.6281,0.7651,0.6196,75.4747,CHILDRENS CUTLERY DOLLY GIRL,CHILDRENS CUTLERY SPACEBOY
21217,21218,228,927,896,0.6281,0.246,0.2545,9.965,RED RETROSPOT ROUND CAKE TINS,RED SPOTTY BISCUIT TIN
22501,85099B,228,759,3979,0.6281,0.3004,0.0573,2.7406,PICNIC BASKET WICKER LARGE,JUMBO BAG RED RETROSPOT
22600,22602,228,429,535,0.6281,0.5315,0.4262,36.0624,CHRISTMAS RETROSPOT STAR WOOD,CHRISTMAS RETROSPOT HEART WOOD
20717,22411,228,756,2190,0.6281,0.3016,0.1041,4.9992,STRAWBERRY SHOPPER BAG,JUMBO SHOPPER VINTAGE RED PAISLEY
22112,22910,228,1713,1418,0.6281,0.1331,0.1608,3.4075,CHOCOLATE HOT WATER BOTTLE,PAPER CHAIN KIT VINTAGE CHRISTMAS
20979,85099B,228,708,3979,0.6281,0.322,0.0573,2.938,36 PENCILS TUBE RED RETROSPOT,JUMBO BAG RED RETROSPOT
22027,22037,228,845,633,0.6281,0.2698,0.3602,15.4741,TEA PARTY BIRTHDAY CARD,ROBOT BIRTHDAY CARD
20725,21791,228,3055,1312,0.6281,0.0746,0.1738,2.065,LUNCH BAG RED RETROSPOT,VINTAGE HEADS AND TAILS CARD GAME
84832,85123A,227,630,5410,0.6253,0.3603,0.042,2.4178,ZINC WILLIE WINKIE CANDLE STICK,WHITE HANGING HEART T-LIGHT HOLDER
20914,22469,227,2019,2141,0.6253,0.1124,0.106,1.9064,SET/5 RED RETROSPOT LID GLASS BOWLS,HEART OF WICKER SMALL
20725,21166,227,3055,1420,0.6253,0.0743,0.1599,1.8996,LUNCH BAG RED RETROSPOT,COOK WITH WINE METAL SIGN
22195,84378,227,811,1246,0.6253,0.2799,0.1822,8.1549,LARGE HEART MEASURING SPOONS,SET OF 3 HEART COOKIE CUTTERS
21931,22112,227,2326,1713,0.6253,0.0976,0.1325,2.0682,JUMBO STORAGE BAG SUKI,CHOCOLATE HOT WATER BOTTLE
21982,22355,227,716,1735,0.6253,0.317,0.1308,6.6335,PACK OF 12 SUKI TISSUES,CHARLOTTE BAG SUKI DESIGN
22114,22356,227,1578,1584,0.6253,0.1439,0.1433,3.2968,HOT WATER BOTTLE TEA AND SYMPATHY,CHARLOTTE BAG PINK POLKADOT
21523,21524,227,1120,1149,0.6253,0.2027,0.1976,6.4035,DOORMAT FANCY FONT HOME SWEET HOME,DOORMAT SPOTTY HOME SWEET HOME
22384,47591D,227,2101,1210,0.6253,0.108,0.1876,3.2415,LUNCH BAG PINK POLKADOT,PINK FAIRY CAKE CHILDRENS APRON
20726,84997D,227,1922,1165,0.6253,0.1181,0.1948,3.6802,LUNCH BAG WOODLAND,PINK 3 PIECE MINI DOTS CUTLERY SET
20719,21481,227,1572,1049,0.6253,0.1444,0.2164,4.9972,WOODLAND CHARLOTTE BAG,FAWN BLUE HOT WATER BOTTLE
22697,22720,227,1352,1376,0.6253,0.1679,0.165,4.4296,GREEN REGENCY TEACUP AND SAUCER,SET OF 3 CAKE TINS PANTRY DESIGN
22080,22082,227,516,955,0.6253,0.4399,0.2377,16.7226,RIBBON REEL SPOTS DESIGN,RIBBON REEL STRIPES DESIGN
20728,21559,227,2063,1219,0.6253,0.11,0.1862,3.2768,LUNCH BAG CARS BLUE,STRAWBERRY LUNCH BOX WITH CUTLERY
21080,84946,227,2119,1756,0.6253,0.1071,0.1293,2.2146,SET/20 RED RETROSPOT PAPER NAPKINS,ANTIQUE SILVER TEA GLASS ETCHED
21080,82580,227,2119,1336,0.6253,0.1071,0.1699,2.9108,SET/20 RED RETROSPOT PAPER NAPKINS,BATHROOM METAL SIGN
21985,85099B,227,918,3979,0.6253,0.2473,0.057,2.256,PACK OF 12 HEARTS DESIGN TISSUES,JUMBO BAG RED RETROSPOT
20677,84997B,227,760,1102,0.6253,0.2987,0.206,9.8392,PINK POLKADOT BOWL,RED 3 PIECE MINI DOTS CUTLERY SET
21935,22196,227,921,981,0.6253,0.2465,0.2314,9.1207,SUKI SHOULDER BAG,SMALL HEART MEASURING SPOONS
22577,22581,227,832,380,0.6253,0.2728,0.5974,26.0645,WOODEN HEART CHRISTMAS SCANDINAVIAN,WOOD STOCKING CHRISTMAS SCANDISPOT
21790,82580,227,1885,1336,0.6253,0.1204,0.1699,3.2722,VINTAGE SNAP CARDS,BATHROOM METAL SIGN
48188,48194,227,697,1347,0.6253,0.3257,0.1685,8.7772,DOORMAT WELCOME PUPPIES,DOORMAT HEARTS
21080,84380,227,2119,1113,0.6253,0.1071,0.204,3.4941,SET/20 RED RETROSPOT PAPER NAPKINS,SET OF 3 BUTTERFLY COOKIE CUTTERS
21975,22423,227,1302,3860,0.6253,0.1743,0.0588,1.6397,PACK OF 60 DINOSAUR CAKE CASES,REGENCY CAKESTAND 3 TIER
21094,47566,227,984,2648,0.6253,0.2307,0.0857,3.1626,SET/6 RED SPOTTY PAPER PLATES,PARTY BUNTING
21479,21485,227,928,1383,0.6253,0.2446,0.1641,6.4208,WHITE SKULL HOT WATER BOTTLE,RETROSPOT HEART HOT WATER BOTTLE
82580,82600,227,1336,1200,0.6253,0.1699,0.1892,5.1401,BATHROOM METAL SIGN,NO SINGING METAL SIGN
21181,22386,227,1796,2241,0.6253,0.1264,0.1013,2.0474,PLEASE ONE PERSON METAL SIGN,JUMBO BAG PINK POLKADOT
22169,85123A,227,698,5410,0.6253,0.3252,0.042,2.1822,FAMILY ALBUM WHITE PICTURE FRAME,WHITE HANGING HEART T-LIGHT HOLDER
21559,22386,227,1219,2241,0.6253,0.1862,0.1013,3.0166,STRAWBERRY LUNCH BOX WITH CUTLERY,JUMBO BAG PINK POLKADOT
21212,22385,227,3116,1246,0.6253,0.0728,0.1822,2.1225,PACK OF 72 RETROSPOT CAKE CASES,JUMBO BAG SPACEBOY DESIGN
21314,21977,227,1058,1992,0.6253,0.2146,0.114,3.91,SMALL GLASS HEART TRINKET POT,PACK OF 60 PINK PAISLEY CAKE CASES
22197,22720,227,2278,1376,0.6253,0.0996,0.165,2.629,SMALL POPCORN HOLDER,SET OF 3 CAKE TINS PANTRY DESIGN
21993,22197,227,577,2278,0.6253,0.3934,0.0996,6.2694,FLORAL FOLK STATIONERY SET,SMALL POPCORN HOLDER
23307,23308,227,628,381,0.6253,0.3615,0.5958,34.4407,SET OF 60 PANTRY DESIGN CAKE CASES,SET OF 60 VINTAGE LEAF CAKE CASES
22423,22993,227,3860,1071,0.6253,0.0588,0.212,1.9933,REGENCY CAKESTAND 3 TIER,SET OF 4 PANTRY JELLY MOULDS
21935,84032A,227,921,662,0.6253,0.2465,0.3429,13.5157,SUKI SHOULDER BAG,CHARLIE+LOLA PINK HOT WATER BOTTLE
20725,21755,227,3055,1692,0.6253,0.0743,0.1342,1.5942,LUNCH BAG RED RETROSPOT,LOVE BUILDING BLOCK WORD
22367,84991,226,1156,2126,0.6226,0.1955,0.1063,3.3382,CHILDRENS APRON SPACEBOY DESIGN,60 TEATIME FAIRY CAKE CASES
21080,21154,226,2119,902,0.6226,0.1067,0.2506,4.2924,SET/20 RED RETROSPOT PAPER NAPKINS,RED RETROSPOT OVEN GLOVE
21210,21213,226,1159,1477,0.6226,0.195,0.153,4.7926,SET OF 72 RETROSPOT PAPER DOILIES,PACK OF 72 SKULL CAKE CASES
22086,84692,226,2000,1121,0.6226,0.113,0.2016,3.6593,PAPER CHAIN KIT 50'S CHRISTMAS,BOX OF 24 COCKTAIL PARASOLS
22386,22630,226,2241,1333,0.6226,0.1008,0.1695,2.7464,JUMBO BAG PINK POLKADOT,DOLLY GIRL LUNCH BOX
22197,22554,226,2278,1275,0.6226,0.0992,0.1773,2.8247,SMALL POPCORN HOLDER,PLASTERS IN TIN WOODLAND ANIMALS
21174,82583,226,1134,1174,0.6226,0.1993,0.1925,6.1625,POTTERING IN THE SHED METAL SIGN,HOT BATHS METAL SIGN
21754,22197,226,2061,2278,0.6226,0.1097,0.0992,1.7475,HOME BUILDING BLOCK WORD,SMALL POPCORN HOLDER
22577,85123A,226,832,5410,0.6226,0.2716,0.0418,1.8227,WOODEN HEART CHRISTMAS SCANDINAVIAN,WHITE HANGING HEART T-LIGHT HOLDER
22423,23173,226,3860,415,0.6226,0.0585,0.5446,5.1216,REGENCY CAKESTAND 3 TIER,REGENCY TEAPOT ROSES
21154,21155,226,902,964,0.6226,0.2506,0.2344,9.4353,RED RETROSPOT OVEN GLOVE,RED RETROSPOT PEG BAG
23301,85123A,226,912,5410,0.6226,0.2478,0.0418,1.6628,GARDENERS KNEELING PAD KEEP CALM,WHITE HANGING HEART T-LIGHT HOLDER
22489,22560,226,784,737,0.6226,0.2883,0.3066,14.1989,PACK OF 12 TRADITIONAL CRAYONS,TRADITIONAL MODELLING CLAY
20676,84997B,226,966,1102,0.6226,0.234,0.2051,7.7069,RED RETROSPOT BOWL,RED 3 PIECE MINI DOTS CUTLERY SET
22738,22952,226,498,1139,0.6226,0.4538,0.1984,14.4639,RIBBON REEL SNOWY VILLAGE,60 CAKE CASES VINTAGE CHRISTMAS
21155,22423,226,964,3860,0.6226,0.2344,0.0585,2.2048,RED RETROSPOT PEG BAG,REGENCY CAKESTAND 3 TIER
22112,22867,226,1713,1052,0.6226,0.1319,0.2148,4.5527,CHOCOLATE HOT WATER BOTTLE,HAND WARMER BIRD DESIGN
20972,21977,226,1394,1992,0.6226,0.1621,0.1135,2.9545,PINK CREAM FELT CRAFT TRINKET BOX,PACK OF 60 PINK PAISLEY CAKE CASES
22139,22379,226,2087,1567,0.6226,0.1083,0.1442,2.5087,RETROSPOT TEA SET CERAMIC 11 PC,RECYCLING BAG RETROSPOT
21174,22423,226,1134,3860,0.6226,0.1993,0.0585,1.8743,POTTERING IN THE SHED METAL SIGN,REGENCY CAKESTAND 3 TIER
22524,22525,226,293,328,0.6226,0.7713,0.689,85.3685,CHILDRENS GARDEN GLOVES BLUE,CHILDRENS GARDEN GLOVES PINK
20723,21930,226,1379,1317,0.6226,0.1639,0.1716,4.5174,STRAWBERRY CHARLOTTE BAG,JUMBO STORAGE BAG SKULLS
84970S,84991,226,1520,2126,0.6226,0.1487,0.1063,2.5388,HANGING HEART ZINC T-LIGHT HOLDER,60 TEATIME FAIRY CAKE CASES
21080,21238,226,2119,902,0.6226,0.1067,0.2506,4.2924,SET/20 RED RETROSPOT PAPER NAPKINS,RED RETROSPOT CUP
21212,22556,226,3116,1196,0.6226,0.0725,0.189,2.2015,PACK OF 72 RETROSPOT CAKE CASES,PLASTERS IN TIN CIRCUS PARADE
20726,22469,226,1922,2141,0.6226,0.1176,0.1056,1.9937,LUNCH BAG WOODLAND,HEART OF WICKER SMALL
21314,22355,226,1058,1735,0.6226,0.2136,0.1303,4.4694,SMALL GLASS HEART TRINKET POT,CHARLOTTE BAG SUKI DESIGN
20685,85099F,226,1717,1854,0.6226,0.1316,0.1219,2.5773,DOORMAT RED RETROSPOT,JUMBO BAG STRAWBERRY
22178,22666,226,1802,1652,0.6226,0.1254,0.1368,2.756,VICTORIAN GLASS HANGING T-LIGHT,RECIPE BOX PANTRY YELLOW DESIGN
15056N,85014B,226,1139,934,0.6226,0.1984,0.242,7.712,EDWARDIAN PARASOL NATURAL,RED RETROSPOT UMBRELLA
21080,22558,226,2119,1196,0.6226,0.1067,0.189,3.2373,SET/20 RED RETROSPOT PAPER NAPKINS,CLOTHES PEGS RETROSPOT PACK 24
21485,22086,226,1383,2000,0.6226,0.1634,0.113,2.9661,RETROSPOT HEART HOT WATER BOTTLE,PAPER CHAIN KIT 50'S CHRISTMAS
20677,21244,226,760,445,0.6226,0.2974,0.5079,24.2586,PINK POLKADOT BOWL,BLUE POLKADOT PLATE
84755,84970S,226,1250,1520,0.6226,0.1808,0.1487,4.318,COLOUR GLASS T-LIGHT HOLDER HANGING,HANGING HEART ZINC T-LIGHT HOLDER
22865,22909,226,1211,1086,0.6226,0.1866,0.2081,6.2383,HAND WARMER OWL DESIGN,SET OF 20 VINTAGE CHRISTMAS NAPKINS
20971,22273,226,1143,809,0.6226,0.1977,0.2794,8.8725,PINK BLUE FELT CRAFT TRINKET BOX,FELTCRAFT DOLL MOLLY
20719,22178,226,1572,1802,0.6226,0.1438,0.1254,2.8962,WOODLAND CHARLOTTE BAG,VICTORIAN GLASS HANGING T-LIGHT
21523,22423,226,1120,3860,0.6226,0.2018,0.0585,1.8977,DOORMAT FANCY FONT HOME SWEET HOME,REGENCY CAKESTAND 3 TIER
21731,21934,226,1525,723,0.6226,0.1482,0.3126,7.441,RED TOADSTOOL LED NIGHT LIGHT,SKULL SHOULDER BAG
23173,23175,226,415,329,0.6226,0.5446,0.6869,60.089,REGENCY TEAPOT ROSES,REGENCY MILK JUG PINK
21531,21843,226,776,1521,0.6226,0.2912,0.1486,6.951,RED RETROSPOT SUGAR JAM BOWL,RED RETROSPOT CAKE STAND
21914,85123A,226,963,5410,0.6226,0.2347,0.0418,1.5748,BLUE HARMONICA IN BOX,WHITE HANGING HEART T-LIGHT HOLDER
20677,20725,226,760,3055,0.6226,0.2974,0.074,3.5336,PINK POLKADOT BOWL,LUNCH BAG RED RETROSPOT
22489,22491,226,784,389,0.6226,0.2883,0.581,26.9013,PACK OF 12 TRADITIONAL CRAYONS,PACK OF 12 COLOURED PENCILS
21731,22178,226,1525,1802,0.6226,0.1482,0.1254,2.9855,RED TOADSTOOL LED NIGHT LIGHT,VICTORIAN GLASS HANGING T-LIGHT
22487,85123A,226,893,5410,0.6226,0.2531,0.0418,1.6982,WHITE WOOD GARDEN PLANT LADDER,WHITE HANGING HEART T-LIGHT HOLDER
22722,22961,226,826,1188,0.6226,0.2736,0.1902,8.3607,SET OF 6 SPICE TINS PANTRY DESIGN,JAM MAKING SET PRINTED
20718,21977,226,1212,1992,0.6226,0.1865,0.1135,3.3982,RED RETROSPOT SHOPPER BAG,PACK OF 60 PINK PAISLEY CAKE CASES
22131,85123A,226,692,5410,0.6226,0.3266,0.0418,2.1915,FOOD CONTAINER SET 3 LOVE HEART,WHITE HANGING HEART T-LIGHT HOLDER
21889,22139,226,1121,2087,0.6226,0.2016,0.1083,3.5068,WOODEN BOX OF DOMINOES,RETROSPOT TEA SET CERAMIC 11 PC
21175,22112,226,1656,1713,0.6226,0.1365,0.1319,2.8922,GIN + TONIC DIET METAL SIGN,CHOCOLATE HOT WATER BOTTLE
21790,84378,226,1885,1246,0.6226,0.1199,0.1814,3.4931,VINTAGE SNAP CARDS,SET OF 3 HEART COOKIE CUTTERS
82551,82580,226,751,1336,0.6226,0.3009,0.1692,8.177,LAUNDRY 15C METAL SIGN,BATHROOM METAL SIGN
21932,85099B,226,648,3979,0.6226,0.3488,0.0568,3.1819,SCANDINAVIAN PAISLEY PICNIC BAG,JUMBO BAG RED RETROSPOT
82580,85152,225,1336,1455,0.6198,0.1684,0.1546,4.2019,BATHROOM METAL SIGN,HAND OVER THE CHOCOLATE SIGN
22355,84378,225,1735,1246,0.6198,0.1297,0.1806,3.7783,CHARLOTTE BAG SUKI DESIGN,SET OF 3 HEART COOKIE CUTTERS
22384,22470,225,2101,1947,0.6198,0.1071,0.1156,1.9967,LUNCH BAG PINK POLKADOT,HEART OF WICKER LARGE
22662,23209,225,993,1096,0.6198,0.2266,0.2053,7.505,LUNCH BAG DOLLY GIRL DESIGN,LUNCH BAG VINTAGE DOILY
20719,23206,225,1572,1035,0.6198,0.1431,0.2174,5.0202,WOODLAND CHARLOTTE BAG,LUNCH BAG APPLE DESIGN
22196,22411,225,981,2190,0.6198,0.2294,0.1027,3.8019,SMALL HEART MEASURING SPOONS,JUMBO SHOPPER VINTAGE RED PAISLEY
21174,85150,225,1134,1109,0.6198,0.1984,0.2029,6.4948,POTTERING IN THE SHED METAL SIGN,LADIES & GENTLEMEN METAL SIGN
21232,21889,225,2426,1121,0.6198,0.0927,0.2007,3.0034,STRAWBERRY CERAMIC TRINKET BOX,WOODEN BOX OF DOMINOES
84347,85123A,225,747,5410,0.6198,0.3012,0.0416,2.0211,ROTATING SILVER ANGELS T-LIGHT HLDR,WHITE HANGING HEART T-LIGHT HOLDER
22219,84988,225,1149,1016,0.6198,0.1958,0.2215,6.9968,LOVEBIRD HANGING DECORATION WHITE,SET OF 72 PINK HEART PAPER DOILIES
21231,22178,225,1480,1802,0.6198,0.152,0.1249,3.0626,SWEETHEART CERAMIC TRINKET BOX,VICTORIAN GLASS HANGING T-LIGHT
20724,21754,225,2035,2061,0.6198,0.1106,0.1092,1.9475,RED RETROSPOT CHARLOTTE BAG,HOME BUILDING BLOCK WORD
47566,84970L,225,2648,1142,0.6198,0.085,0.197,2.701,PARTY BUNTING,SINGLE HEART ZINC T-LIGHT HOLDER
22086,84991,225,2000,2126,0.6198,0.1125,0.1058,1.921,PAPER CHAIN KIT 50'S CHRISTMAS,60 TEATIME FAIRY CAKE CASES
20685,22379,225,1717,1567,0.6198,0.131,0.1436,3.0358,DOORMAT RED RETROSPOT,RECYCLING BAG RETROSPOT
21484,85123A,225,864,5410,0.6198,0.2604,0.0416,1.7474,CHICK GREY HOT WATER BOTTLE,WHITE HANGING HEART T-LIGHT HOLDER
22027,85123A,225,845,5410,0.6198,0.2663,0.0416,1.7867,TEA PARTY BIRTHDAY CARD,WHITE HANGING HEART T-LIGHT HOLDER
21485,22423,225,1383,3860,0.6198,0.1627,0.0583,1.53,RETROSPOT HEART HOT WATER BOTTLE,REGENCY CAKESTAND 3 TIER
20727,23199,225,2345,976,0.6198,0.0959,0.2305,3.5688,LUNCH BAG BLACK SKULL.,JUMBO BAG APPLES
20724,20972,225,2035,1394,0.6198,0.1106,0.1614,2.8793,RED RETROSPOT CHARLOTTE BAG,PINK CREAM FELT CRAFT TRINKET BOX
22087,47566,225,838,2648,0.6198,0.2685,0.085,3.6809,PAPER BUNTING WHITE LACE,PARTY BUNTING
20676,21931,225,966,2326,0.6198,0.2329,0.0967,3.6352,RED RETROSPOT BOWL,JUMBO STORAGE BAG SUKI
20725,21429,225,3055,995,0.6198,0.0736,0.2261,2.6871,LUNCH BAG RED RETROSPOT,RED GINGHAM ROSE JEWELLERY BOX
22866,85099B,225,1081,3979,0.6198,0.2081,0.0565,1.8989,HAND WARMER SCOTTY DOG DESIGN,JUMBO BAG RED RETROSPOT
20724,22727,225,2035,1362,0.6198,0.1106,0.1652,2.9469,RED RETROSPOT CHARLOTTE BAG,ALARM CLOCK BAKELIKE RED
21481,22086,225,1049,2000,0.6198,0.2145,0.1125,3.8932,FAWN BLUE HOT WATER BOTTLE,PAPER CHAIN KIT 50'S CHRISTMAS
20726,23208,225,1922,666,0.6198,0.1171,0.3378,6.381,LUNCH BAG WOODLAND,LUNCH BAG VINTAGE LEAF DESIGN
22917,22918,225,252,249,0.6198,0.8929,0.9036,130.1707,HERB MARKER ROSEMARY,HERB MARKER PARSLEY
21239,84997B,225,750,1102,0.6198,0.3,0.2042,9.8826,PINK POLKADOT CUP,RED 3 PIECE MINI DOTS CUTLERY SET
20727,84879,225,2345,2796,0.6198,0.0959,0.0805,1.2458,LUNCH BAG BLACK SKULL.,ASSORTED COLOUR BIRD ORNAMENT
15056BL,85014B,225,941,934,0.6198,0.2391,0.2409,9.2934,EDWARDIAN PARASOL BLACK,RED RETROSPOT UMBRELLA
20971,22271,225,1143,787,0.6198,0.1969,0.2859,9.0801,PINK BLUE FELT CRAFT TRINKET BOX,FELTCRAFT DOLL ROSIE
20724,21791,225,2035,1312,0.6198,0.1106,0.1715,3.0592,RED RETROSPOT CHARLOTTE BAG,VINTAGE HEADS AND TAILS CARD GAME
20727,84997C,225,2345,1021,0.6198,0.0959,0.2204,3.4115,LUNCH BAG BLACK SKULL.,BLUE 3 PIECE MINI DOTS CUTLERY SET
21232,82600,224,2426,1200,0.617,0.0923,0.1867,2.7932,STRAWBERRY CERAMIC TRINKET BOX,NO SINGING METAL SIGN
22577,22595,224,832,795,0.617,0.2692,0.2818,12.2939,WOODEN HEART CHRISTMAS SCANDINAVIAN,GINGHAM HEART DECORATION
22766,85123A,224,638,5410,0.617,0.3511,0.0414,2.3559,PHOTO FRAME CORNICE,WHITE HANGING HEART T-LIGHT HOLDER
20914,22090,224,2019,1698,0.617,0.1109,0.1319,2.3719,SET/5 RED RETROSPOT LID GLASS BOWLS,PAPER BUNTING RETROSPOT
20713,21080,224,1304,2119,0.617,0.1718,0.1057,2.9429,JUMBO BAG OWLS,SET/20 RED RETROSPOT PAPER NAPKINS
21078,85099B,224,740,3979,0.617,0.3027,0.0563,2.7617,SET/20 STRAWBERRY PAPER NAPKINS,JUMBO BAG RED RETROSPOT
48185,48187,224,983,1276,0.617,0.2279,0.1755,6.483,DOORMAT FAIRY CAKE,DOORMAT NEW ENGLAND
22219,84978,224,1149,1417,0.617,0.195,0.1581,4.9945,LOVEBIRD HANGING DECORATION WHITE,HANGING HEART JAR T-LIGHT HOLDER
21181,22411,224,1796,2190,0.617,0.1247,0.1023,2.0674,PLEASE ONE PERSON METAL SIGN,JUMBO SHOPPER VINTAGE RED PAISLEY
20718,20914,224,1212,2019,0.617,0.1848,0.1109,3.3231,RED RETROSPOT SHOPPER BAG,SET/5 RED RETROSPOT LID GLASS BOWLS
22916,22918,224,248,249,0.617,0.9032,0.8996,131.6823,HERB MARKER THYME,HERB MARKER PARSLEY
82580,84970S,224,1336,1520,0.617,0.1677,0.1474,4.0043,BATHROOM METAL SIGN,HANGING HEART ZINC T-LIGHT HOLDER
22178,22699,224,1802,1420,0.617,0.1243,0.1577,3.1779,VICTORIAN GLASS HANGING T-LIGHT,ROSES REGENCY TEACUP AND SAUCER
21790,22083,224,1885,1399,0.617,0.1188,0.1601,3.0835,VINTAGE SNAP CARDS,PAPER CHAIN KIT RETROSPOT
21175,21733,224,1656,1755,0.617,0.1353,0.1276,2.798,GIN + TONIC DIET METAL SIGN,RED HANGING HEART T-LIGHT HOLDER
20718,21930,224,1212,1317,0.617,0.1848,0.1701,5.0944,RED RETROSPOT SHOPPER BAG,JUMBO STORAGE BAG SKULLS
22139,84879,224,2087,2796,0.617,0.1073,0.0801,1.3935,RETROSPOT TEA SET CERAMIC 11 PC,ASSORTED COLOUR BIRD ORNAMENT
22697,23170,224,1352,444,0.617,0.1657,0.5045,13.5462,GREEN REGENCY TEACUP AND SAUCER,REGENCY TEA PLATE ROSES
21935,21977,224,921,1992,0.617,0.2432,0.1124,4.4323,SUKI SHOULDER BAG,PACK OF 60 PINK PAISLEY CAKE CASES
22469,23321,224,2141,629,0.617,0.1046,0.3561,6.0383,HEART OF WICKER SMALL,SMALL WHITE HEART OF WICKER
22355,79321,224,1735,1089,0.617,0.1291,0.2057,4.3038,CHARLOTTE BAG SUKI DESIGN,CHILLI LIGHTS
20728,23199,224,2063,976,0.617,0.1086,0.2295,4.0386,LUNCH BAG CARS BLUE,JUMBO BAG APPLES
21327,21328,224,494,643,0.617,0.4534,0.3484,25.6,SKULLS WRITING SET,BALLOONS WRITING SET
21484,22423,224,864,3860,0.617,0.2593,0.058,2.4382,CHICK GREY HOT WATER BOTTLE,REGENCY CAKESTAND 3 TIER
84378,84946,224,1246,1756,0.617,0.1798,0.1276,3.7165,SET OF 3 HEART COOKIE CUTTERS,ANTIQUE SILVER TEA GLASS ETCHED
21231,84992,224,1480,1459,0.617,0.1514,0.1535,3.7658,SWEETHEART CERAMIC TRINKET BOX,72 SWEETHEART FAIRY CAKE CASES
21212,84596B,224,3116,733,0.617,0.0719,0.3056,3.5602,PACK OF 72 RETROSPOT CAKE CASES,SMALL DOLLY MIX DESIGN ORANGE BOWL
21733,84836,224,1755,1406,0.617,0.1276,0.1593,3.2955,RED HANGING HEART T-LIGHT HOLDER,ZINC METAL HEART DECORATION
22423,22467,224,3860,1078,0.617,0.058,0.2078,1.9542,REGENCY CAKESTAND 3 TIER,GUMBALL COAT RACK
23200,23209,224,594,1096,0.617,0.3771,0.2044,12.4906,JUMBO BAG PEARS,LUNCH BAG VINTAGE DOILY
85049E,85099B,224,891,3979,0.617,0.2514,0.0563,2.2936,SCANDINAVIAN REDS RIBBONS,JUMBO BAG RED RETROSPOT
21622,85123A,224,625,5410,0.617,0.3584,0.0414,2.4049,VINTAGE UNION JACK CUSHION COVER,WHITE HANGING HEART T-LIGHT HOLDER
22384,23199,224,2101,976,0.617,0.1066,0.2295,3.9655,LUNCH BAG PINK POLKADOT,JUMBO BAG APPLES
21733,22457,224,1755,2031,0.617,0.1276,0.1103,2.2813,RED HANGING HEART T-LIGHT HOLDER,NATURAL SLATE HEART CHALKBOARD
22621,85123A,224,871,5410,0.617,0.2572,0.0414,1.7257,TRADITIONAL KNITTING NANCY,WHITE HANGING HEART T-LIGHT HOLDER
20725,22961,224,3055,1188,0.617,0.0733,0.1886,2.2405,LUNCH BAG RED RETROSPOT,JAM MAKING SET PRINTED
22189,82494L,224,1296,2055,0.617,0.1728,0.109,3.0532,CREAM HEART CARD HOLDER,WOODEN FRAME ANTIQUE WHITE
22966,84378,224,729,1246,0.617,0.3073,0.1798,8.9523,GINGERBREAD MAN COOKIE CUTTER,SET OF 3 HEART COOKIE CUTTERS
22178,22356,224,1802,1584,0.617,0.1243,0.1414,2.8488,VICTORIAN GLASS HANGING T-LIGHT,CHARLOTTE BAG PINK POLKADOT
22356,22457,223,1584,2031,0.6143,0.1408,0.1098,2.5163,CHARLOTTE BAG PINK POLKADOT,NATURAL SLATE HEART CHALKBOARD
20914,22457,223,2019,2031,0.6143,0.1105,0.1098,1.9742,SET/5 RED RETROSPOT LID GLASS BOWLS,NATURAL SLATE HEART CHALKBOARD
22090,22178,223,1698,1802,0.6143,0.1313,0.1238,2.6457,PAPER BUNTING RETROSPOT,VICTORIAN GLASS HANGING T-LIGHT
21314,22219,223,1058,1149,0.6143,0.2108,0.1941,6.6593,SMALL GLASS HEART TRINKET POT,LOVEBIRD HANGING DECORATION WHITE
85061W,85123A,223,468,5410,0.6143,0.4765,0.0412,3.1974,WHITE JEWELLED HEART DECORATION,WHITE HANGING HEART T-LIGHT HOLDER
21238,85099B,223,902,3979,0.6143,0.2472,0.056,2.2556,RED RETROSPOT CUP,JUMBO BAG RED RETROSPOT
22077,22697,223,1751,1352,0.6143,0.1274,0.1649,3.4196,6 RIBBONS RUSTIC CHARM,GREEN REGENCY TEACUP AND SAUCER
21933,85099B,223,623,3979,0.6143,0.3579,0.056,3.2657,PINK VINTAGE PAISLEY PICNIC BAG,JUMBO BAG RED RETROSPOT
22699,82482,223,1420,1999,0.6143,0.157,0.1116,2.8519,ROSES REGENCY TEACUP AND SAUCER,WOODEN PICTURE FRAME WHITE FINISH
21559,22630,223,1219,1333,0.6143,0.1829,0.1673,4.982,STRAWBERRY LUNCH BOX WITH CUTLERY,DOLLY GIRL LUNCH BOX
21791,21915,223,1312,1015,0.6143,0.17,0.2197,6.079,VINTAGE HEADS AND TAILS CARD GAME,RED HARMONICA IN BOX
23203,23208,223,1230,666,0.6143,0.1813,0.3348,9.8823,JUMBO BAG VINTAGE DOILY,LUNCH BAG VINTAGE LEAF DESIGN
21213,85099F,223,1477,1854,0.6143,0.151,0.1203,2.9563,PACK OF 72 SKULL CAKE CASES,JUMBO BAG STRAWBERRY
22077,84970S,223,1751,1520,0.6143,0.1274,0.1467,3.0416,6 RIBBONS RUSTIC CHARM,HANGING HEART ZINC T-LIGHT HOLDER
21231,22379,223,1480,1567,0.6143,0.1507,0.1423,3.4906,SWEETHEART CERAMIC TRINKET BOX,RECYCLING BAG RETROSPOT
22917,22920,223,252,251,0.6143,0.8849,0.8884,127.9856,HERB MARKER ROSEMARY,HERB MARKER BASIL
20979,85123A,223,708,5410,0.6143,0.315,0.0412,2.1135,36 PENCILS TUBE RED RETROSPOT,WHITE HANGING HEART T-LIGHT HOLDER
22355,22726,223,1735,1266,0.6143,0.1285,0.1761,3.6855,CHARLOTTE BAG SUKI DESIGN,ALARM CLOCK BAKELIKE GREEN
20724,84988,223,2035,1016,0.6143,0.1096,0.2195,3.9154,RED RETROSPOT CHARLOTTE BAG,SET OF 72 PINK HEART PAPER DOILIES
21524,85099B,223,1149,3979,0.6143,0.1941,0.056,1.7707,DOORMAT SPOTTY HOME SWEET HOME,JUMBO BAG RED RETROSPOT
21181,84991,223,1796,2126,0.6143,0.1242,0.1049,2.1201,PLEASE ONE PERSON METAL SIGN,60 TEATIME FAIRY CAKE CASES
82483,82484,223,1120,1170,0.6143,0.1991,0.1906,6.1778,WOOD 2 DRAWER CABINET WHITE FINISH,WOOD BLACK BOARD ANT WHITE FINISH
22727,85123A,223,1362,5410,0.6143,0.1637,0.0412,1.0987,ALARM CLOCK BAKELIKE RED,WHITE HANGING HEART T-LIGHT HOLDER
21754,84991,223,2061,2126,0.6143,0.1082,0.1049,1.8475,HOME BUILDING BLOCK WORD,60 TEATIME FAIRY CAKE CASES
21212,21733,223,3116,1755,0.6143,0.0716,0.1271,1.4803,PACK OF 72 RETROSPOT CAKE CASES,RED HANGING HEART T-LIGHT HOLDER
23298,85099B,223,1142,3979,0.6143,0.1953,0.056,1.7815,SPOTTY BUNTING,JUMBO BAG RED RETROSPOT
22382,84997B,223,2153,1102,0.6143,0.1036,0.2024,3.412,LUNCH BAG SPACEBOY DESIGN,RED 3 PIECE MINI DOTS CUTLERY SET
21935,22697,223,921,1352,0.6143,0.2421,0.1649,6.5013,SUKI SHOULDER BAG,GREEN REGENCY TEACUP AND SAUCER
22470,22666,223,1947,1652,0.6143,0.1145,0.135,2.5169,HEART OF WICKER LARGE,RECIPE BOX PANTRY YELLOW DESIGN
21935,22219,223,921,1149,0.6143,0.2421,0.1941,7.6499,SUKI SHOULDER BAG,LOVEBIRD HANGING DECORATION WHITE
23201,85099C,223,904,1867,0.6143,0.2467,0.1194,4.7965,JUMBO BAG ALPHABET,JUMBO BAG BAROQUE BLACK WHITE
21212,22174,223,3116,556,0.6143,0.0716,0.4011,4.6726,PACK OF 72 RETROSPOT CAKE CASES,PHOTO CUBE
21936,85099F,223,1043,1854,0.6143,0.2138,0.1203,4.1864,RED RETROSPOT PICNIC BAG,JUMBO BAG STRAWBERRY
21156,85123A,223,929,5410,0.6143,0.24,0.0412,1.6107,RETROSPOT CHILDRENS APRON,WHITE HANGING HEART T-LIGHT HOLDER
21212,21990,223,3116,497,0.6143,0.0716,0.4487,5.2273,PACK OF 72 RETROSPOT CAKE CASES,MODERN FLORAL STATIONERY SET
22294,84879,223,860,2796,0.6143,0.2593,0.0798,3.3667,HEART FILIGREE DOVE SMALL,ASSORTED COLOUR BIRD ORNAMENT
21231,85099F,223,1480,1854,0.6143,0.1507,0.1203,2.9503,SWEETHEART CERAMIC TRINKET BOX,JUMBO BAG STRAWBERRY
22077,22384,223,1751,2101,0.6143,0.1274,0.1061,2.2005,6 RIBBONS RUSTIC CHARM,LUNCH BAG PINK POLKADOT
21935,22666,223,921,1652,0.6143,0.2421,0.135,5.3207,SUKI SHOULDER BAG,RECIPE BOX PANTRY YELLOW DESIGN
21498,21500,223,796,491,0.6143,0.2802,0.4542,20.7129,RED RETROSPOT WRAP,PINK POLKADOT WRAP
21328,85123A,223,643,5410,0.6143,0.3468,0.0412,2.3272,BALLOONS WRITING SET,WHITE HANGING HEART T-LIGHT HOLDER
20727,21976,222,2345,950,0.6115,0.0947,0.2337,3.6176,LUNCH BAG BLACK SKULL.,PACK OF 60 MUSHROOM CAKE CASES
21936,22379,222,1043,1567,0.6115,0.2128,0.1417,4.9309,RED RETROSPOT PICNIC BAG,RECYCLING BAG RETROSPOT
21523,48194,222,1120,1347,0.6115,0.1982,0.1648,5.3419,DOORMAT FANCY FONT HOME SWEET HOME,DOORMAT HEARTS
21232,22189,222,2426,1296,0.6115,0.0915,0.1713,2.5632,STRAWBERRY CERAMIC TRINKET BOX,CREAM HEART CARD HOLDER
21790,84978,222,1885,1417,0.6115,0.1178,0.1567,3.0172,VINTAGE SNAP CARDS,HANGING HEART JAR T-LIGHT HOLDER
22383,47591D,222,2397,1210,0.6115,0.0926,0.1835,2.7786,LUNCH BAG SUKI DESIGN,PINK FAIRY CAKE CHILDRENS APRON
84949,85123A,222,687,5410,0.6115,0.3231,0.041,2.1684,SILVER HANGING T-LIGHT HOLDER,WHITE HANGING HEART T-LIGHT HOLDER
48184,48194,222,849,1347,0.6115,0.2615,0.1648,7.0471,DOORMAT ENGLISH ROSE,DOORMAT HEARTS
21975,22197,222,1302,2278,0.6115,0.1705,0.0975,2.7172,PACK OF 60 DINOSAUR CAKE CASES,SMALL POPCORN HOLDER
21975,22951,222,1302,633,0.6115,0.1705,0.3507,9.7784,PACK OF 60 DINOSAUR CAKE CASES,60 CAKE CASES DOLLY GIRL DESIGN
20723,22326,222,1379,1390,0.6115,0.161,0.1597,4.2044,STRAWBERRY CHARLOTTE BAG,ROUND SNACK BOXES SET OF4 WOODLAND
20725,23204,222,3055,583,0.6115,0.0727,0.3808,4.5248,LUNCH BAG RED RETROSPOT,CHARLOTTE BAG APPLES DESIGN
21212,21621,222,3116,1275,0.6115,0.0712,0.1741,2.0285,PACK OF 72 RETROSPOT CAKE CASES,VINTAGE UNION JACK BUNTING
23298,85123A,222,1142,5410,0.6115,0.1944,0.041,1.3044,SPOTTY BUNTING,WHITE HANGING HEART T-LIGHT HOLDER
20726,22417,222,1922,1102,0.6115,0.1155,0.2015,3.8049,LUNCH BAG WOODLAND,PACK OF 60 SPACEBOY CAKE CASES
22918,22920,222,249,251,0.6115,0.8916,0.8845,128.9468,HERB MARKER PARSLEY,HERB MARKER BASIL
22111,22197,222,1683,2278,0.6115,0.1319,0.0975,2.1021,SCOTTIE DOG HOT WATER BOTTLE,SMALL POPCORN HOLDER
22469,84970L,222,2141,1142,0.6115,0.1037,0.1944,3.2961,HEART OF WICKER SMALL,SINGLE HEART ZINC T-LIGHT HOLDER
22113,22114,222,992,1578,0.6115,0.2238,0.1407,5.1483,GREY HEART HOT WATER BOTTLE,HOT WATER BOTTLE TEA AND SYMPATHY
21870,85123A,222,630,5410,0.6115,0.3524,0.041,2.3645,I CAN ONLY PLEASE ONE PERSON MUG,WHITE HANGING HEART T-LIGHT HOLDER
20725,22726,222,3055,1266,0.6115,0.0727,0.1754,2.0837,LUNCH BAG RED RETROSPOT,ALARM CLOCK BAKELIKE GREEN
22727,85099B,222,1362,3979,0.6115,0.163,0.0558,1.4871,ALARM CLOCK BAKELIKE RED,JUMBO BAG RED RETROSPOT
20718,21731,222,1212,1525,0.6115,0.1832,0.1456,4.3602,RED RETROSPOT SHOPPER BAG,RED TOADSTOOL LED NIGHT LIGHT
22356,84970S,222,1584,1520,0.6115,0.1402,0.1461,3.3472,CHARLOTTE BAG PINK POLKADOT,HANGING HEART ZINC T-LIGHT HOLDER
22738,22909,222,498,1086,0.6115,0.4458,0.2044,14.9013,RIBBON REEL SNOWY VILLAGE,SET OF 20 VINTAGE CHRISTMAS NAPKINS
21977,22697,222,1992,1352,0.6115,0.1114,0.1642,2.9924,PACK OF 60 PINK PAISLEY CAKE CASES,GREEN REGENCY TEACUP AND SAUCER
21790,22630,222,1885,1333,0.6115,0.1178,0.1665,3.2073,VINTAGE SNAP CARDS,DOLLY GIRL LUNCH BOX
21931,84378,222,2326,1246,0.6115,0.0954,0.1782,2.7807,JUMBO STORAGE BAG SUKI,SET OF 3 HEART COOKIE CUTTERS
82582,82600,222,790,1200,0.6115,0.281,0.185,8.5011,AREA PATROLLED METAL SIGN,NO SINGING METAL SIGN
20723,21790,222,1379,1885,0.6115,0.161,0.1178,3.1003,STRAWBERRY CHARLOTTE BAG,VINTAGE SNAP CARDS
20719,22469,222,1572,2141,0.6115,0.1412,0.1037,2.3945,WOODLAND CHARLOTTE BAG,HEART OF WICKER SMALL
21213,22083,222,1477,1399,0.6115,0.1503,0.1587,3.9002,PACK OF 72 SKULL CAKE CASES,PAPER CHAIN KIT RETROSPOT
22585,85123A,222,1081,5410,0.6115,0.2054,0.041,1.378,PACK OF 6 BIRDY GIFT TAGS,WHITE HANGING HEART T-LIGHT HOLDER
22197,22352,222,2278,1117,0.6115,0.0975,0.1987,3.1672,SMALL POPCORN HOLDER,LUNCH BOX WITH CUTLERY RETROSPOT
21166,22197,222,1420,2278,0.6115,0.1563,0.0975,2.4914,COOK WITH WINE METAL SIGN,SMALL POPCORN HOLDER
82494L,85099F,222,2055,1854,0.6115,0.108,0.1197,2.1153,WOODEN FRAME ANTIQUE WHITE,JUMBO BAG STRAWBERRY
20676,20725,222,966,3055,0.6115,0.2298,0.0727,2.7308,RED RETROSPOT BOWL,LUNCH BAG RED RETROSPOT
21216,85123A,222,797,5410,0.6115,0.2785,0.041,1.8691,"SET 3 RETROSPOT TEA,COFFEE,SUGAR",WHITE HANGING HEART T-LIGHT HOLDER
21181,21755,222,1796,1692,0.6115,0.1236,0.1312,2.652,PLEASE ONE PERSON METAL SIGN,LOVE BUILDING BLOCK WORD
21918,85099B,222,786,3979,0.6115,0.2824,0.0558,2.5768,SET 12 KIDS COLOUR CHALK STICKS,JUMBO BAG RED RETROSPOT
21094,85123A,222,984,5410,0.6115,0.2256,0.041,1.5139,SET/6 RED SPOTTY PAPER PLATES,WHITE HANGING HEART T-LIGHT HOLDER
22326,22556,222,1390,1196,0.6115,0.1597,0.1856,4.8477,ROUND SNACK BOXES SET OF4 WOODLAND,PLASTERS IN TIN CIRCUS PARADE
20727,22178,222,2345,1802,0.6115,0.0947,0.1232,1.9072,LUNCH BAG BLACK SKULL.,VICTORIAN GLASS HANGING T-LIGHT
20914,22386,222,2019,2241,0.6115,0.11,0.0991,1.7812,SET/5 RED RETROSPOT LID GLASS BOWLS,JUMBO BAG PINK POLKADOT
22195,22197,222,811,2278,0.6115,0.2737,0.0975,4.3622,LARGE HEART MEASURING SPOONS,SMALL POPCORN HOLDER
22086,22411,222,2000,2190,0.6115,0.111,0.1014,1.84,PAPER CHAIN KIT 50'S CHRISTMAS,JUMBO SHOPPER VINTAGE RED PAISLEY
84992,85099F,222,1459,1854,0.6115,0.1522,0.1197,2.9793,72 SWEETHEART FAIRY CAKE CASES,JUMBO BAG STRAWBERRY
21891,85123A,222,829,5410,0.6115,0.2678,0.041,1.7969,TRADITIONAL WOODEN SKIPPING ROPE,WHITE HANGING HEART T-LIGHT HOLDER
22697,23245,222,1352,869,0.6115,0.1642,0.2555,6.8594,GREEN REGENCY TEACUP AND SAUCER,SET OF 3 REGENCY CAKE TINS
21754,21977,222,2061,1992,0.6115,0.1077,0.1114,1.963,HOME BUILDING BLOCK WORD,PACK OF 60 PINK PAISLEY CAKE CASES
20712,22457,222,1410,2031,0.6115,0.1574,0.1093,2.8142,JUMBO BAG WOODLAND ANIMALS,NATURAL SLATE HEART CHALKBOARD
21231,82580,222,1480,1336,0.6115,0.15,0.1662,4.0758,SWEETHEART CERAMIC TRINKET BOX,BATHROOM METAL SIGN
20725,21889,221,3055,1121,0.6088,0.0723,0.1971,2.3426,LUNCH BAG RED RETROSPOT,WOODEN BOX OF DOMINOES
22423,48194,221,3860,1347,0.6088,0.0573,0.1641,1.543,REGENCY CAKESTAND 3 TIER,DOORMAT HEARTS
21212,85152,221,3116,1455,0.6088,0.0709,0.1519,1.7695,PACK OF 72 RETROSPOT CAKE CASES,HAND OVER THE CHOCOLATE SIGN
21232,22381,221,2426,1099,0.6088,0.0911,0.2011,3.0091,STRAWBERRY CERAMIC TRINKET BOX,TOY TIDY PINK POLKADOT
21907,21908,221,770,974,0.6088,0.287,0.2269,10.6973,I'M ON HOLIDAY METAL SIGN,CHOCOLATE THIS WAY METAL SIGN
15036,21931,221,974,2326,0.6088,0.2269,0.095,3.5412,ASSORTED COLOURS SILK FAN,JUMBO STORAGE BAG SUKI
22189,22457,221,1296,2031,0.6088,0.1705,0.1088,3.048,CREAM HEART CARD HOLDER,NATURAL SLATE HEART CHALKBOARD
21928,22663,221,1538,688,0.6088,0.1437,0.3212,7.5819,JUMBO BAG SCANDINAVIAN PAISLEY,JUMBO BAG DOLLY GIRL DESIGN
20914,22630,221,2019,1333,0.6088,0.1095,0.1658,2.981,SET/5 RED RETROSPOT LID GLASS BOWLS,DOLLY GIRL LUNCH BOX
20719,22029,221,1572,1100,0.6088,0.1406,0.2009,4.6396,WOODLAND CHARLOTTE BAG,SPACEBOY BIRTHDAY CARD
21314,22697,221,1058,1352,0.6088,0.2089,0.1635,5.6087,SMALL GLASS HEART TRINKET POT,GREEN REGENCY TEACUP AND SAUCER
20974,85123A,221,821,5410,0.6088,0.2692,0.0409,1.8063,12 PENCILS SMALL TUBE SKULL,WHITE HANGING HEART T-LIGHT HOLDER
21174,22197,221,1134,2278,0.6088,0.1949,0.097,3.1057,POTTERING IN THE SHED METAL SIGN,SMALL POPCORN HOLDER
21136,85123A,221,739,5410,0.6088,0.2991,0.0409,2.0067,PAINTED METAL PEARS ASSORTED,WHITE HANGING HEART T-LIGHT HOLDER
82580,84970L,221,1336,1142,0.6088,0.1654,0.1935,5.2584,BATHROOM METAL SIGN,SINGLE HEART ZINC T-LIGHT HOLDER
21731,84988,221,1525,1016,0.6088,0.1449,0.2175,5.178,RED TOADSTOOL LED NIGHT LIGHT,SET OF 72 PINK HEART PAPER DOILIES
22197,22865,221,2278,1211,0.6088,0.097,0.1825,2.9082,SMALL POPCORN HOLDER,HAND WARMER OWL DESIGN
22384,23208,221,2101,666,0.6088,0.1052,0.3318,5.7335,LUNCH BAG PINK POLKADOT,LUNCH BAG VINTAGE LEAF DESIGN
20727,22629,221,2345,1367,0.6088,0.0942,0.1617,2.5027,LUNCH BAG BLACK SKULL.,SPACEBOY LUNCH BOX
21974,85099B,221,808,3979,0.6088,0.2735,0.0555,2.4954,SET OF 36 PAISLEY FLOWER DOILIES,JUMBO BAG RED RETROSPOT
21212,22064,221,3116,692,0.6088,0.0709,0.3194,3.7207,PACK OF 72 RETROSPOT CAKE CASES,PINK DOUGHNUT TRINKET POT
21232,84970L,221,2426,1142,0.6088,0.0911,0.1935,2.8958,STRAWBERRY CERAMIC TRINKET BOX,SINGLE HEART ZINC T-LIGHT HOLDER
22423,22631,221,3860,662,0.6088,0.0573,0.3338,3.1396,REGENCY CAKESTAND 3 TIER,CIRCUS PARADE LUNCH BOX
21668,85123A,221,825,5410,0.6088,0.2679,0.0409,1.7975,RED STRIPE CERAMIC DRAWER KNOB,WHITE HANGING HEART T-LIGHT HOLDER
47566,47590A,221,2648,682,0.6088,0.0835,0.324,4.4424,PARTY BUNTING,BLUE HAPPY BIRTHDAY BUNTING
21990,85099B,221,497,3979,0.6088,0.4447,0.0555,4.0569,MODERN FLORAL STATIONERY SET,JUMBO BAG RED RETROSPOT
22149,22273,221,1380,809,0.6088,0.1601,0.2732,7.1861,FELTCRAFT 6 FLOWER FRIENDS,FELTCRAFT DOLL MOLLY
21239,84997C,221,750,1021,0.6088,0.2947,0.2165,10.477,PINK POLKADOT CUP,BLUE 3 PIECE MINI DOTS CUTLERY SET
22411,82580,221,2190,1336,0.6088,0.1009,0.1654,2.742,JUMBO SHOPPER VINTAGE RED PAISLEY,BATHROOM METAL SIGN
20726,84992,221,1922,1459,0.6088,0.115,0.1515,2.861,LUNCH BAG WOODLAND,72 SWEETHEART FAIRY CAKE CASES
22077,22734,221,1751,749,0.6088,0.1262,0.2951,6.1172,6 RIBBONS RUSTIC CHARM,SET OF 6 RIBBONS VINTAGE CHRISTMAS
21930,22197,221,1317,2278,0.6088,0.1678,0.097,2.6741,JUMBO STORAGE BAG SKULLS,SMALL POPCORN HOLDER
22077,22470,221,1751,1947,0.6088,0.1262,0.1135,2.3533,6 RIBBONS RUSTIC CHARM,HEART OF WICKER LARGE
21164,85123A,221,720,5410,0.6088,0.3069,0.0409,2.0596,HOME SWEET HOME METAL SIGN,WHITE HANGING HEART T-LIGHT HOLDER
21908,85099B,221,974,3979,0.6088,0.2269,0.0555,2.0701,CHOCOLATE THIS WAY METAL SIGN,JUMBO BAG RED RETROSPOT
85123A,85199S,221,5410,486,0.6088,0.0409,0.4547,3.0513,WHITE HANGING HEART T-LIGHT HOLDER,SMALL HANGING IVORY/RED WOOD BIRD
21889,21912,221,1121,827,0.6088,0.1971,0.2672,8.6539,WOODEN BOX OF DOMINOES,VINTAGE SNAKES & LADDERS
21982,85099B,221,716,3979,0.6088,0.3087,0.0555,2.816,PACK OF 12 SUKI TISSUES,JUMBO BAG RED RETROSPOT
22666,84946,221,1652,1756,0.6088,0.1338,0.1259,2.7656,RECIPE BOX PANTRY YELLOW DESIGN,ANTIQUE SILVER TEA GLASS ETCHED
22413,82600,221,880,1200,0.6088,0.2511,0.1842,7.5973,METAL SIGN TAKE IT OR LEAVE IT,NO SINGING METAL SIGN
21935,85099F,221,921,1854,0.6088,0.24,0.1192,4.6984,SUKI SHOULDER BAG,JUMBO BAG STRAWBERRY
22086,22738,221,2000,498,0.6088,0.1105,0.4438,8.055,PAPER CHAIN KIT 50'S CHRISTMAS,RIBBON REEL SNOWY VILLAGE
21165,82582,221,965,790,0.6088,0.229,0.2797,10.5237,BEWARE OF THE CAT METAL SIGN,AREA PATROLLED METAL SIGN
20727,22381,221,2345,1099,0.6088,0.0942,0.2011,3.113,LUNCH BAG BLACK SKULL.,TOY TIDY PINK POLKADOT
21731,84692,221,1525,1121,0.6088,0.1449,0.1971,4.693,RED TOADSTOOL LED NIGHT LIGHT,BOX OF 24 COCKTAIL PARASOLS
22196,84946,221,981,1756,0.6088,0.2253,0.1259,4.6572,SMALL HEART MEASURING SPOONS,ANTIQUE SILVER TEA GLASS ETCHED
22328,85123A,221,1152,5410,0.6088,0.1918,0.0409,1.2873,ROUND SNACK BOXES SET OF 4 FRUITS,WHITE HANGING HEART T-LIGHT HOLDER
22809,22810,220,379,327,0.606,0.5805,0.6728,64.4416,SET OF 6 T-LIGHTS SANTA,SET OF 6 T-LIGHTS SNOWMEN
20717,22355,220,756,1735,0.606,0.291,0.1268,6.0888,STRAWBERRY SHOPPER BAG,CHARLOTTE BAG SUKI DESIGN
20723,21154,220,1379,902,0.606,0.1595,0.2439,6.4207,STRAWBERRY CHARLOTTE BAG,RED RETROSPOT OVEN GLOVE
20914,21154,220,2019,902,0.606,0.109,0.2439,4.3854,SET/5 RED RETROSPOT LID GLASS BOWLS,RED RETROSPOT OVEN GLOVE
21876,85099B,220,622,3979,0.606,0.3537,0.0553,3.2269,POTTERING MUG,JUMBO BAG RED RETROSPOT
21791,84946,220,1312,1756,0.606,0.1677,0.1253,3.4665,VINTAGE HEADS AND TAILS CARD GAME,ANTIQUE SILVER TEA GLASS ETCHED
21240,84997D,220,769,1165,0.606,0.2861,0.1888,8.9146,BLUE POLKADOT CUP,PINK 3 PIECE MINI DOTS CUTLERY SET
23201,23209,220,904,1096,0.606,0.2434,0.2007,8.0607,JUMBO BAG ALPHABET,LUNCH BAG VINTAGE DOILY
21731,22029,220,1525,1100,0.606,0.1443,0.2,4.7609,RED TOADSTOOL LED NIGHT LIGHT,SPACEBOY BIRTHDAY CARD
21080,21935,220,2119,921,0.606,0.1038,0.2389,4.0923,SET/20 RED RETROSPOT PAPER NAPKINS,SUKI SHOULDER BAG
21078,84520B,220,740,732,0.606,0.2973,0.3005,14.7438,SET/20 STRAWBERRY PAPER NAPKINS,PACK 20 ENGLISH ROSE PAPER NAPKINS
22666,82580,220,1652,1336,0.606,0.1332,0.1647,3.6186,RECIPE BOX PANTRY YELLOW DESIGN,BATHROOM METAL SIGN
22916,22920,220,248,251,0.606,0.8871,0.8765,128.3003,HERB MARKER THYME,HERB MARKER BASIL
21232,21976,220,2426,950,0.606,0.0907,0.2316,3.4653,STRAWBERRY CERAMIC TRINKET BOX,PACK OF 60 MUSHROOM CAKE CASES
20712,23203,220,1410,1230,0.606,0.156,0.1789,4.605,JUMBO BAG WOODLAND ANIMALS,JUMBO BAG VINTAGE DOILY
21212,35961,220,3116,637,0.606,0.0706,0.3454,4.0236,PACK OF 72 RETROSPOT CAKE CASES,FOLKART ZINC HEART CHRISTMAS DEC
22326,22352,220,1390,1117,0.606,0.1583,0.197,5.1438,ROUND SNACK BOXES SET OF4 WOODLAND,LUNCH BOX WITH CUTLERY RETROSPOT
20724,22328,220,2035,1152,0.606,0.1081,0.191,3.4067,RED RETROSPOT CHARLOTTE BAG,ROUND SNACK BOXES SET OF 4 FRUITS
22917,22919,220,252,248,0.606,0.873,0.8871,127.7912,HERB MARKER ROSEMARY,HERB MARKER MINT
20725,22149,220,3055,1380,0.606,0.072,0.1594,1.8944,LUNCH BAG RED RETROSPOT,FELTCRAFT 6 FLOWER FRIENDS
84536A,85099B,220,623,3979,0.606,0.3531,0.0553,3.2217,ENGLISH ROSE NOTEBOOK A7 SIZE,JUMBO BAG RED RETROSPOT
22835,22866,220,1010,1081,0.606,0.2178,0.2035,7.3149,HOT WATER BOTTLE I AM SO POORLY,HAND WARMER SCOTTY DOG DESIGN
21080,22219,220,2119,1149,0.606,0.1038,0.1915,3.2802,SET/20 RED RETROSPOT PAPER NAPKINS,LOVEBIRD HANGING DECORATION WHITE
20718,22197,220,1212,2278,0.606,0.1815,0.0966,2.8927,RED RETROSPOT SHOPPER BAG,SMALL POPCORN HOLDER
20685,84991,220,1717,2126,0.606,0.1281,0.1035,2.1879,DOORMAT RED RETROSPOT,60 TEATIME FAIRY CAKE CASES
21175,82494L,220,1656,2055,0.606,0.1329,0.1071,2.3468,GIN + TONIC DIET METAL SIGN,WOODEN FRAME ANTIQUE WHITE
20724,22196,220,2035,981,0.606,0.1081,0.2243,4.0006,RED RETROSPOT CHARLOTTE BAG,SMALL HEART MEASURING SPOONS
22417,22551,220,1102,1299,0.606,0.1996,0.1694,5.5791,PACK OF 60 SPACEBOY CAKE CASES,PLASTERS IN TIN SPACEBOY
15036,20719,220,974,1572,0.606,0.2259,0.1399,5.216,ASSORTED COLOURS SILK FAN,WOODLAND CHARLOTTE BAG
21731,22699,220,1525,1420,0.606,0.1443,0.1549,3.688,RED TOADSTOOL LED NIGHT LIGHT,ROSES REGENCY TEACUP AND SAUCER
22151,85123A,220,709,5410,0.606,0.3103,0.0407,2.0821,PLACE SETTING WHITE HEART,WHITE HANGING HEART T-LIGHT HOLDER
21314,21790,220,1058,1885,0.606,0.2079,0.1167,4.0046,SMALL GLASS HEART TRINKET POT,VINTAGE SNAP CARDS
20725,21479,220,3055,928,0.606,0.072,0.2371,2.817,LUNCH BAG RED RETROSPOT,WHITE SKULL HOT WATER BOTTLE
22918,22919,219,249,248,0.6033,0.8795,0.8831,128.743,HERB MARKER PARSLEY,HERB MARKER MINT
22432,22433,219,517,421,0.6033,0.4236,0.5202,36.526,WATERING CAN PINK BUNNY,WATERING CAN GREEN DINOSAUR
22377,22379,219,434,1567,0.6033,0.5046,0.1398,11.69,BOTTLE BAG RETROSPOT,RECYCLING BAG RETROSPOT
21212,22645,219,3116,741,0.6033,0.0703,0.2955,3.4432,PACK OF 72 RETROSPOT CAKE CASES,CERAMIC HEART FAIRY CAKE MONEY BANK
20914,21975,219,2019,1302,0.6033,0.1085,0.1682,3.0243,SET/5 RED RETROSPOT LID GLASS BOWLS,PACK OF 60 DINOSAUR CAKE CASES
20914,85099C,219,2019,1867,0.6033,0.1085,0.1173,2.1091,SET/5 RED RETROSPOT LID GLASS BOWLS,JUMBO BAG BAROQUE BLACK WHITE
21314,22356,219,1058,1584,0.6033,0.207,0.1383,4.7439,SMALL GLASS HEART TRINKET POT,CHARLOTTE BAG PINK POLKADOT
20728,22077,219,2063,1751,0.6033,0.1062,0.1251,2.2008,LUNCH BAG CARS BLUE,6 RIBBONS RUSTIC CHARM
22499,85123A,219,773,5410,0.6033,0.2833,0.0405,1.9011,WOODEN UNION JACK BUNTING,WHITE HANGING HEART T-LIGHT HOLDER
20725,23298,219,3055,1142,0.6033,0.0717,0.1918,2.2788,LUNCH BAG RED RETROSPOT,SPOTTY BUNTING
21935,22961,219,921,1188,0.6033,0.2378,0.1843,7.2661,SUKI SHOULDER BAG,JAM MAKING SET PRINTED
21175,47566,219,1656,2648,0.6033,0.1322,0.0827,1.813,GIN + TONIC DIET METAL SIGN,PARTY BUNTING
82482,84978,219,1999,1417,0.6033,0.1096,0.1546,2.8067,WOODEN PICTURE FRAME WHITE FINISH,HANGING HEART JAR T-LIGHT HOLDER
22382,23203,219,2153,1230,0.6033,0.1017,0.178,3.0021,LUNCH BAG SPACEBOY DESIGN,JUMBO BAG VINTAGE DOILY
21977,47591D,219,1992,1210,0.6033,0.1099,0.181,3.2984,PACK OF 60 PINK PAISLEY CAKE CASES,PINK FAIRY CAKE CHILDRENS APRON
23203,85123A,219,1230,5410,0.6033,0.178,0.0405,1.1947,JUMBO BAG VINTAGE DOILY,WHITE HANGING HEART T-LIGHT HOLDER
22197,22960,219,2278,1157,0.6033,0.0961,0.1893,3.0164,SMALL POPCORN HOLDER,JAM MAKING SET WITH JARS
21754,84970S,219,2061,1520,0.6033,0.1063,0.1441,2.5378,HOME BUILDING BLOCK WORD,HANGING HEART ZINC T-LIGHT HOLDER
21212,21527,219,3116,828,0.6033,0.0703,0.2645,3.0814,PACK OF 72 RETROSPOT CAKE CASES,RED RETROSPOT TRADITIONAL TEAPOT
21977,22961,219,1992,1188,0.6033,0.1099,0.1843,3.3595,PACK OF 60 PINK PAISLEY CAKE CASES,JAM MAKING SET PRINTED
82494L,84991,219,2055,2126,0.6033,0.1066,0.103,1.8197,WOODEN FRAME ANTIQUE WHITE,60 TEATIME FAIRY CAKE CASES
22114,22910,219,1578,1418,0.6033,0.1388,0.1544,3.553,HOT WATER BOTTLE TEA AND SYMPATHY,PAPER CHAIN KIT VINTAGE CHRISTMAS
22077,84380,219,1751,1113,0.6033,0.1251,0.1968,4.0794,6 RIBBONS RUSTIC CHARM,SET OF 3 BUTTERFLY COOKIE CUTTERS
22666,84378,219,1652,1246,0.6033,0.1326,0.1758,3.8623,RECIPE BOX PANTRY YELLOW DESIGN,SET OF 3 HEART COOKIE CUTTERS
22383,22551,219,2397,1299,0.6033,0.0914,0.1686,2.5533,LUNCH BAG SUKI DESIGN,PLASTERS IN TIN SPACEBOY
21212,21672,219,3116,813,0.6033,0.0703,0.2694,3.1382,PACK OF 72 RETROSPOT CAKE CASES,WHITE SPOT RED CERAMIC DRAWER KNOB
47566,84378,219,2648,1246,0.6033,0.0827,0.1758,2.4096,PARTY BUNTING,SET OF 3 HEART COOKIE CUTTERS
22109,85123A,219,642,5410,0.6033,0.3411,0.0405,2.289,FULL ENGLISH BREAKFAST PLATE,WHITE HANGING HEART T-LIGHT HOLDER
22624,22666,219,1214,1652,0.6033,0.1804,0.1326,3.9641,IVORY KITCHEN SCALES,RECIPE BOX PANTRY YELLOW DESIGN
22909,85099B,219,1086,3979,0.6033,0.2017,0.055,1.8398,SET OF 20 VINTAGE CHRISTMAS NAPKINS,JUMBO BAG RED RETROSPOT
21212,21908,219,3116,974,0.6033,0.0703,0.2248,2.6195,PACK OF 72 RETROSPOT CAKE CASES,CHOCOLATE THIS WAY METAL SIGN
22951,84992,219,633,1459,0.6033,0.346,0.1501,8.6083,60 CAKE CASES DOLLY GIRL DESIGN,72 SWEETHEART FAIRY CAKE CASES
22197,22557,219,2278,1125,0.6033,0.0961,0.1947,3.1022,SMALL POPCORN HOLDER,PLASTERS IN TIN VINTAGE PAISLEY
20723,23206,219,1379,1035,0.6033,0.1588,0.2116,5.5702,STRAWBERRY CHARLOTTE BAG,LUNCH BAG APPLE DESIGN
21755,84970S,219,1692,1520,0.6033,0.1294,0.1441,3.0912,LOVE BUILDING BLOCK WORD,HANGING HEART ZINC T-LIGHT HOLDER
21210,21843,219,1159,1521,0.6033,0.189,0.144,4.5098,SET OF 72 RETROSPOT PAPER DOILIES,RED RETROSPOT CAKE STAND
23265,23266,219,293,319,0.6033,0.7474,0.6865,85.0582,SET OF 3 WOODEN TREE DECORATIONS,SET OF 3 WOODEN STOCKING DECORATION
20719,22219,219,1572,1149,0.6033,0.1393,0.1906,4.4015,WOODLAND CHARLOTTE BAG,LOVEBIRD HANGING DECORATION WHITE
22464,22465,218,781,459,0.6005,0.2791,0.4749,22.0761,HANGING METAL HEART LANTERN,HANGING METAL STAR LANTERN
22348,22355,218,956,1735,0.6005,0.228,0.1256,4.7712,TEA BAG PLATE RED RETROSPOT,CHARLOTTE BAG SUKI DESIGN
21731,21928,218,1525,1538,0.6005,0.143,0.1417,3.3741,RED TOADSTOOL LED NIGHT LIGHT,JUMBO BAG SCANDINAVIAN PAISLEY
21899,85123A,218,622,5410,0.6005,0.3505,0.0403,2.3518,"KEY FOB , GARAGE DESIGN",WHITE HANGING HEART T-LIGHT HOLDER
21238,84997D,218,902,1165,0.6005,0.2417,0.1871,7.531,RED RETROSPOT CUP,PINK 3 PIECE MINI DOTS CUTLERY SET
22131,85099B,218,692,3979,0.6005,0.315,0.0548,2.8741,FOOD CONTAINER SET 3 LOVE HEART,JUMBO BAG RED RETROSPOT
21212,21479,218,3116,928,0.6005,0.07,0.2349,2.7368,PACK OF 72 RETROSPOT CAKE CASES,WHITE SKULL HOT WATER BOTTLE
22083,22411,218,1399,2190,0.6005,0.1558,0.0995,2.583,PAPER CHAIN KIT RETROSPOT,JUMBO SHOPPER VINTAGE RED PAISLEY
20713,22382,218,1304,2153,0.6005,0.1672,0.1013,2.8188,JUMBO BAG OWLS,LUNCH BAG SPACEBOY DESIGN
22367,22899,218,1156,420,0.6005,0.1886,0.519,16.2997,CHILDRENS APRON SPACEBOY DESIGN,CHILDREN'S APRON DOLLY GIRL
21481,22355,218,1049,1735,0.6005,0.2078,0.1256,4.3482,FAWN BLUE HOT WATER BOTTLE,CHARLOTTE BAG SUKI DESIGN
20727,22077,218,2345,1751,0.6005,0.093,0.1245,1.9273,LUNCH BAG BLACK SKULL.,6 RIBBONS RUSTIC CHARM
22865,23439,218,1211,397,0.6005,0.18,0.5491,16.4609,HAND WARMER OWL DESIGN,HAND WARMER RED LOVE HEART
22139,22630,218,2087,1333,0.6005,0.1045,0.1635,2.8447,RETROSPOT TEA SET CERAMIC 11 PC,DOLLY GIRL LUNCH BOX
21931,48185,218,2326,983,0.6005,0.0937,0.2218,3.4612,JUMBO STORAGE BAG SUKI,DOORMAT FAIRY CAKE
22197,84032A,218,2278,662,0.6005,0.0957,0.3293,5.2478,SMALL POPCORN HOLDER,CHARLIE+LOLA PINK HOT WATER BOTTLE
84375,84380,218,792,1113,0.6005,0.2753,0.1959,8.9777,SET OF 20 KIDS COOKIE CUTTERS,SET OF 3 BUTTERFLY COOKIE CUTTERS
21155,22558,218,964,1196,0.6005,0.2261,0.1823,6.864,RED RETROSPOT PEG BAG,CLOTHES PEGS RETROSPOT PACK 24
22328,22423,218,1152,3860,0.6005,0.1892,0.0565,1.7797,ROUND SNACK BOXES SET OF 4 FRUITS,REGENCY CAKESTAND 3 TIER
20724,22662,218,2035,993,0.6005,0.1071,0.2195,3.9163,RED RETROSPOT CHARLOTTE BAG,LUNCH BAG DOLLY GIRL DESIGN
21240,84997B,218,769,1102,0.6005,0.2835,0.1978,9.3385,BLUE POLKADOT CUP,RED 3 PIECE MINI DOTS CUTLERY SET
22661,85099B,218,631,3979,0.6005,0.3455,0.0548,3.152,CHARLOTTE BAG DOLLY GIRL DESIGN,JUMBO BAG RED RETROSPOT
23263,23266,218,445,319,0.6005,0.4899,0.6834,55.7489,SET OF 3 WOODEN HEART DECORATIONS,SET OF 3 WOODEN STOCKING DECORATION
22666,84380,218,1652,1113,0.6005,0.132,0.1959,4.3041,RECIPE BOX PANTRY YELLOW DESIGN,SET OF 3 BUTTERFLY COOKIE CUTTERS
22383,82583,218,2397,1174,0.6005,0.0909,0.1857,2.8122,LUNCH BAG SUKI DESIGN,HOT BATHS METAL SIGN
22553,84991,218,1090,2126,0.6005,0.2,0.1025,3.4151,PLASTERS IN TIN SKULLS,60 TEATIME FAIRY CAKE CASES
20719,84978,218,1572,1417,0.6005,0.1387,0.1538,3.5528,WOODLAND CHARLOTTE BAG,HANGING HEART JAR T-LIGHT HOLDER
21213,22086,218,1477,2000,0.6005,0.1476,0.109,2.679,PACK OF 72 SKULL CAKE CASES,PAPER CHAIN KIT 50'S CHRISTMAS
20914,21213,218,2019,1477,0.6005,0.108,0.1476,2.6538,SET/5 RED RETROSPOT LID GLASS BOWLS,PACK OF 72 SKULL CAKE CASES
84836,85099B,218,1406,3979,0.6005,0.155,0.0548,1.4146,ZINC METAL HEART DECORATION,JUMBO BAG RED RETROSPOT
22423,22646,218,3860,876,0.6005,0.0565,0.2489,2.3404,REGENCY CAKESTAND 3 TIER,CERAMIC STRAWBERRY CAKE MONEY BANK
21876,85123A,218,622,5410,0.6005,0.3505,0.0403,2.3518,POTTERING MUG,WHITE HANGING HEART T-LIGHT HOLDER
21213,84378,218,1477,1246,0.6005,0.1476,0.175,4.3002,PACK OF 72 SKULL CAKE CASES,SET OF 3 HEART COOKIE CUTTERS
21791,21914,218,1312,963,0.6005,0.1662,0.2264,6.2636,VINTAGE HEADS AND TAILS CARD GAME,BLUE HARMONICA IN BOX
21174,21931,218,1134,2326,0.6005,0.1922,0.0937,3.0003,POTTERING IN THE SHED METAL SIGN,JUMBO STORAGE BAG SUKI
21175,21931,218,1656,2326,0.6005,0.1316,0.0937,2.0546,GIN + TONIC DIET METAL SIGN,JUMBO STORAGE BAG SUKI
23209,23298,218,1096,1142,0.6005,0.1989,0.1909,6.3228,LUNCH BAG VINTAGE DOILY,SPOTTY BUNTING
22666,22907,218,1652,829,0.6005,0.132,0.263,5.7786,RECIPE BOX PANTRY YELLOW DESIGN,PACK OF 20 NAPKINS PANTRY DESIGN
20719,84380,218,1572,1113,0.6005,0.1387,0.1959,4.5231,WOODLAND CHARLOTTE BAG,SET OF 3 BUTTERFLY COOKIE CUTTERS
22469,22697,218,2141,1352,0.6005,0.1018,0.1612,2.734,HEART OF WICKER SMALL,GREEN REGENCY TEACUP AND SAUCER
22379,84692,218,1567,1121,0.6005,0.1391,0.1945,4.5052,RECYCLING BAG RETROSPOT,BOX OF 24 COCKTAIL PARASOLS
20719,22112,218,1572,1713,0.6005,0.1387,0.1273,2.9388,WOODLAND CHARLOTTE BAG,CHOCOLATE HOT WATER BOTTLE
22423,84997D,218,3860,1165,0.6005,0.0565,0.1871,1.7598,REGENCY CAKESTAND 3 TIER,PINK 3 PIECE MINI DOTS CUTLERY SET
21990,22197,218,497,2278,0.6005,0.4386,0.0957,6.99,MODERN FLORAL STATIONERY SET,SMALL POPCORN HOLDER
22381,22382,218,1099,2153,0.6005,0.1984,0.1013,3.3446,TOY TIDY PINK POLKADOT,LUNCH BAG SPACEBOY DESIGN
22666,22698,218,1652,1028,0.6005,0.132,0.2121,4.66,RECIPE BOX PANTRY YELLOW DESIGN,PINK REGENCY TEACUP AND SAUCER
20712,22090,218,1410,1698,0.6005,0.1546,0.1284,3.3054,JUMBO BAG WOODLAND ANIMALS,PAPER BUNTING RETROSPOT
22423,22909,218,3860,1086,0.6005,0.0565,0.2007,1.8879,REGENCY CAKESTAND 3 TIER,SET OF 20 VINTAGE CHRISTMAS NAPKINS
22197,22558,218,2278,1196,0.6005,0.0957,0.1823,2.9047,SMALL POPCORN HOLDER,CLOTHES PEGS RETROSPOT PACK 24
21754,84978,217,2061,1417,0.5978,0.1053,0.1531,2.6974,HOME BUILDING BLOCK WORD,HANGING HEART JAR T-LIGHT HOLDER
22633,85123A,217,855,5410,0.5978,0.2538,0.0401,1.703,HAND WARMER UNION JACK,WHITE HANGING HEART T-LIGHT HOLDER
23199,85123A,217,976,5410,0.5978,0.2223,0.0401,1.4919,JUMBO BAG APPLES,WHITE HANGING HEART T-LIGHT HOLDER
22726,85099B,217,1266,3979,0.5978,0.1714,0.0545,1.5638,ALARM CLOCK BAKELIKE GREEN,JUMBO BAG RED RETROSPOT
22139,22382,217,2087,2153,0.5978,0.104,0.1008,1.7532,RETROSPOT TEA SET CERAMIC 11 PC,LUNCH BAG SPACEBOY DESIGN
21977,22382,217,1992,2153,0.5978,0.1089,0.1008,1.8368,PACK OF 60 PINK PAISLEY CAKE CASES,LUNCH BAG SPACEBOY DESIGN
21889,22620,217,1121,841,0.5978,0.1936,0.258,8.3558,WOODEN BOX OF DOMINOES,4 TRADITIONAL SPINNING TOPS
22413,85150,217,880,1109,0.5978,0.2466,0.1957,8.0719,METAL SIGN TAKE IT OR LEAVE IT,LADIES & GENTLEMEN METAL SIGN
21977,82482,217,1992,1999,0.5978,0.1089,0.1086,1.9783,PACK OF 60 PINK PAISLEY CAKE CASES,WOODEN PICTURE FRAME WHITE FINISH
21181,22666,217,1796,1652,0.5978,0.1208,0.1314,2.6551,PLEASE ONE PERSON METAL SIGN,RECIPE BOX PANTRY YELLOW DESIGN
21210,22197,217,1159,2278,0.5978,0.1872,0.0953,2.9837,SET OF 72 RETROSPOT PAPER DOILIES,SMALL POPCORN HOLDER
21790,84077,217,1885,1011,0.5978,0.1151,0.2146,4.1336,VINTAGE SNAP CARDS,WORLD WAR 2 GLIDERS ASSTD DESIGNS
22835,23355,217,1010,778,0.5978,0.2149,0.2789,10.0251,HOT WATER BOTTLE I AM SO POORLY,HOT WATER BOTTLE KEEP CALM
20914,21929,217,2019,1612,0.5978,0.1075,0.1346,2.4204,SET/5 RED RETROSPOT LID GLASS BOWLS,JUMBO BAG PINK VINTAGE PAISLEY
21212,22327,217,3116,645,0.5978,0.0696,0.3364,3.9195,PACK OF 72 RETROSPOT CAKE CASES,ROUND SNACK BOXES SET OF 4 SKULLS
21181,22457,217,1796,2031,0.5978,0.1208,0.1068,2.1596,PLEASE ONE PERSON METAL SIGN,NATURAL SLATE HEART CHALKBOARD
21212,21484,217,3116,864,0.5978,0.0696,0.2512,2.926,PACK OF 72 RETROSPOT CAKE CASES,CHICK GREY HOT WATER BOTTLE
22197,22551,217,2278,1299,0.5978,0.0953,0.1671,2.6621,SMALL POPCORN HOLDER,PLASTERS IN TIN SPACEBOY
21790,22952,217,1885,1139,0.5978,0.1151,0.1905,3.6691,VINTAGE SNAP CARDS,60 CAKE CASES VINTAGE CHRISTMAS
21328,85099B,217,643,3979,0.5978,0.3375,0.0545,3.079,BALLOONS WRITING SET,JUMBO BAG RED RETROSPOT
21790,22560,217,1885,737,0.5978,0.1151,0.2944,5.6704,VINTAGE SNAP CARDS,TRADITIONAL MODELLING CLAY
21169,85123A,217,770,5410,0.5978,0.2818,0.0401,1.891,YOU'RE CONFUSING ME METAL SIGN,WHITE HANGING HEART T-LIGHT HOLDER
21907,82600,217,770,1200,0.5978,0.2818,0.1808,8.5255,I'M ON HOLIDAY METAL SIGN,NO SINGING METAL SIGN
20725,22720,217,3055,1376,0.5978,0.071,0.1577,1.874,LUNCH BAG RED RETROSPOT,SET OF 3 CAKE TINS PANTRY DESIGN
21931,21975,217,2326,1302,0.5978,0.0933,0.1667,2.6012,JUMBO STORAGE BAG SUKI,PACK OF 60 DINOSAUR CAKE CASES
21930,21934,217,1317,723,0.5978,0.1648,0.3001,8.2731,JUMBO STORAGE BAG SKULLS,SKULL SHOULDER BAG
20724,22726,217,2035,1266,0.5978,0.1066,0.1714,3.0577,RED RETROSPOT CHARLOTTE BAG,ALARM CLOCK BAKELIKE GREEN
20724,84970L,217,2035,1142,0.5978,0.1066,0.19,3.3897,RED RETROSPOT CHARLOTTE BAG,SINGLE HEART ZINC T-LIGHT HOLDER
22328,22352,217,1152,1117,0.5978,0.1884,0.1943,6.1219,ROUND SNACK BOXES SET OF 4 FRUITS,LUNCH BOX WITH CUTLERY RETROSPOT
15036,22356,217,974,1584,0.5978,0.2228,0.137,5.1059,ASSORTED COLOURS SILK FAN,CHARLOTTE BAG PINK POLKADOT
21930,21935,217,1317,921,0.5978,0.1648,0.2356,6.4945,JUMBO STORAGE BAG SKULLS,SUKI SHOULDER BAG
21212,22585,217,3116,1081,0.5978,0.0696,0.2007,2.3387,PACK OF 72 RETROSPOT CAKE CASES,PACK OF 6 BIRDY GIFT TAGS
22348,22356,217,956,1584,0.5978,0.227,0.137,5.2021,TEA BAG PLATE RED RETROSPOT,CHARLOTTE BAG PINK POLKADOT
21704,21790,217,567,1885,0.5978,0.3827,0.1151,7.3705,BAG 250G SWIRLY MARBLES,VINTAGE SNAP CARDS
21935,22077,217,921,1751,0.5978,0.2356,0.1239,4.8848,SUKI SHOULDER BAG,6 RIBBONS RUSTIC CHARM
22381,22385,217,1099,1246,0.5978,0.1975,0.1742,5.7527,TOY TIDY PINK POLKADOT,JUMBO BAG SPACEBOY DESIGN
84997C,85123A,217,1021,5410,0.5978,0.2125,0.0401,1.4262,BLUE 3 PIECE MINI DOTS CUTLERY SET,WHITE HANGING HEART T-LIGHT HOLDER
21212,84029G,217,3116,1007,0.5978,0.0696,0.2155,2.5105,PACK OF 72 RETROSPOT CAKE CASES,KNITTED UNION FLAG HOT WATER BOTTLE
22111,22910,217,1683,1418,0.5978,0.1289,0.153,3.3009,SCOTTIE DOG HOT WATER BOTTLE,PAPER CHAIN KIT VINTAGE CHRISTMAS
22355,22630,216,1735,1333,0.595,0.1245,0.162,3.3904,CHARLOTTE BAG SUKI DESIGN,DOLLY GIRL LUNCH BOX
20719,22385,216,1572,1246,0.595,0.1374,0.1734,4.0033,WOODLAND CHARLOTTE BAG,JUMBO BAG SPACEBOY DESIGN
22727,22910,216,1362,1418,0.595,0.1586,0.1523,4.06,ALARM CLOCK BAKELIKE RED,PAPER CHAIN KIT VINTAGE CHRISTMAS
22356,22666,216,1584,1652,0.595,0.1364,0.1308,2.9965,CHARLOTTE BAG PINK POLKADOT,RECIPE BOX PANTRY YELLOW DESIGN
20726,22381,216,1922,1099,0.595,0.1124,0.1965,3.7122,LUNCH BAG WOODLAND,TOY TIDY PINK POLKADOT
21231,22348,216,1480,956,0.595,0.1459,0.2259,5.542,SWEETHEART CERAMIC TRINKET BOX,TEA BAG PLATE RED RETROSPOT
23206,23298,216,1035,1142,0.595,0.2087,0.1891,6.634,LUNCH BAG APPLE DESIGN,SPOTTY BUNTING
84032B,85123A,216,597,5410,0.595,0.3618,0.0399,2.4278,CHARLIE + LOLA RED HOT WATER BOTTLE,WHITE HANGING HEART T-LIGHT HOLDER
20725,21314,216,3055,1058,0.595,0.0707,0.2042,2.426,LUNCH BAG RED RETROSPOT,SMALL GLASS HEART TRINKET POT
20728,22554,216,2063,1275,0.595,0.1047,0.1694,2.9811,LUNCH BAG CARS BLUE,PLASTERS IN TIN WOODLAND ANIMALS
22720,22907,216,1376,829,0.595,0.157,0.2606,6.874,SET OF 3 CAKE TINS PANTRY DESIGN,PACK OF 20 NAPKINS PANTRY DESIGN
22355,84970S,216,1735,1520,0.595,0.1245,0.1421,2.9733,CHARLOTTE BAG SUKI DESIGN,HANGING HEART ZINC T-LIGHT HOLDER
20725,21174,216,3055,1134,0.595,0.0707,0.1905,2.2634,LUNCH BAG RED RETROSPOT,POTTERING IN THE SHED METAL SIGN
22411,84988,216,2190,1016,0.595,0.0986,0.2126,3.5241,JUMBO SHOPPER VINTAGE RED PAISLEY,SET OF 72 PINK HEART PAPER DOILIES
21985,21986,216,918,469,0.595,0.2353,0.4606,18.2125,PACK OF 12 HEARTS DESIGN TISSUES,PACK OF 12 PINK POLKADOT TISSUES
22382,84692,216,2153,1121,0.595,0.1003,0.1927,3.2489,LUNCH BAG SPACEBOY DESIGN,BOX OF 24 COCKTAIL PARASOLS
22386,82494L,216,2241,2055,0.595,0.0964,0.1051,1.7027,JUMBO BAG PINK POLKADOT,WOODEN FRAME ANTIQUE WHITE
22090,22384,216,1698,2101,0.595,0.1272,0.1028,2.198,PAPER BUNTING RETROSPOT,LUNCH BAG PINK POLKADOT
20914,22326,216,2019,1390,0.595,0.107,0.1554,2.794,SET/5 RED RETROSPOT LID GLASS BOWLS,ROUND SNACK BOXES SET OF4 WOODLAND
21731,22352,216,1525,1117,0.595,0.1416,0.1934,4.6032,RED TOADSTOOL LED NIGHT LIGHT,LUNCH BOX WITH CUTLERY RETROSPOT
22111,84991,216,1683,2126,0.595,0.1283,0.1016,2.1915,SCOTTIE DOG HOT WATER BOTTLE,60 TEATIME FAIRY CAKE CASES
21430,85123A,216,809,5410,0.595,0.267,0.0399,1.7916,SET/3 RED GINGHAM ROSE STORAGE BOX,WHITE HANGING HEART T-LIGHT HOLDER
21982,21985,216,716,918,0.595,0.3017,0.2353,11.9297,PACK OF 12 SUKI TISSUES,PACK OF 12 HEARTS DESIGN TISSUES
22384,82494L,216,2101,2055,0.595,0.1028,0.1051,1.8161,LUNCH BAG PINK POLKADOT,WOODEN FRAME ANTIQUE WHITE
21908,82583,216,974,1174,0.595,0.2218,0.184,6.8574,CHOCOLATE THIS WAY METAL SIGN,HOT BATHS METAL SIGN
22196,22457,216,981,2031,0.595,0.2202,0.1064,3.9355,SMALL HEART MEASURING SPOONS,NATURAL SLATE HEART CHALKBOARD
21212,21915,216,3116,1015,0.595,0.0693,0.2128,2.4793,PACK OF 72 RETROSPOT CAKE CASES,RED HARMONICA IN BOX
21484,84029E,216,864,1141,0.595,0.25,0.1893,7.954,CHICK GREY HOT WATER BOTTLE,RED WOOLLY HOTTIE WHITE HEART.
84836,84978,216,1406,1417,0.595,0.1536,0.1524,3.9358,ZINC METAL HEART DECORATION,HANGING HEART JAR T-LIGHT HOLDER
21080,21930,216,2119,1317,0.595,0.1019,0.164,2.8097,SET/20 RED RETROSPOT PAPER NAPKINS,JUMBO STORAGE BAG SKULLS
82494L,82580,216,2055,1336,0.595,0.1051,0.1617,2.8561,WOODEN FRAME ANTIQUE WHITE,BATHROOM METAL SIGN
21314,22379,216,1058,1567,0.595,0.2042,0.1378,4.7297,SMALL GLASS HEART TRINKET POT,RECYCLING BAG RETROSPOT
20717,21212,216,756,3116,0.595,0.2857,0.0693,3.3286,STRAWBERRY SHOPPER BAG,PACK OF 72 RETROSPOT CAKE CASES
22423,82486,216,3860,1268,0.595,0.056,0.1703,1.6021,REGENCY CAKESTAND 3 TIER,WOOD S/3 CABINET ANT WHITE FINISH
21314,22469,216,1058,2141,0.595,0.2042,0.1009,3.4616,SMALL GLASS HEART TRINKET POT,HEART OF WICKER SMALL
20725,22195,216,3055,811,0.595,0.0707,0.2663,3.1648,LUNCH BAG RED RETROSPOT,LARGE HEART MEASURING SPOONS
21990,85123A,216,497,5410,0.595,0.4346,0.0399,2.9163,MODERN FLORAL STATIONERY SET,WHITE HANGING HEART T-LIGHT HOLDER
21790,22909,216,1885,1086,0.595,0.1146,0.1989,3.8304,VINTAGE SNAP CARDS,SET OF 20 VINTAGE CHRISTMAS NAPKINS
22086,84029G,216,2000,1007,0.595,0.108,0.2145,3.8934,PAPER CHAIN KIT 50'S CHRISTMAS,KNITTED UNION FLAG HOT WATER BOTTLE
21175,21755,216,1656,1692,0.595,0.1304,0.1277,2.7985,GIN + TONIC DIET METAL SIGN,LOVE BUILDING BLOCK WORD
20727,47591D,216,2345,1210,0.595,0.0921,0.1785,2.7635,LUNCH BAG BLACK SKULL.,PINK FAIRY CAKE CHILDRENS APRON
21790,22219,216,1885,1149,0.595,0.1146,0.188,3.6204,VINTAGE SNAP CARDS,LOVEBIRD HANGING DECORATION WHITE
22666,22726,216,1652,1266,0.595,0.1308,0.1706,3.7492,RECIPE BOX PANTRY YELLOW DESIGN,ALARM CLOCK BAKELIKE GREEN
20724,21481,216,2035,1049,0.595,0.1061,0.2059,3.6732,RED RETROSPOT CHARLOTTE BAG,FAWN BLUE HOT WATER BOTTLE
22469,22961,216,2141,1188,0.595,0.1009,0.1818,3.0828,HEART OF WICKER SMALL,JAM MAKING SET PRINTED
22960,47566,216,1157,2648,0.595,0.1867,0.0816,2.5594,JAM MAKING SET WITH JARS,PARTY BUNTING
22411,84970S,216,2190,1520,0.595,0.0986,0.1421,2.3556,JUMBO SHOPPER VINTAGE RED PAISLEY,HANGING HEART ZINC T-LIGHT HOLDER
20725,22659,216,3055,1066,0.595,0.0707,0.2026,2.4078,LUNCH BAG RED RETROSPOT,LUNCH BOX I LOVE LONDON
21975,22384,215,1302,2101,0.5923,0.1651,0.1023,2.8532,PACK OF 60 DINOSAUR CAKE CASES,LUNCH BAG PINK POLKADOT
21094,22333,215,984,693,0.5923,0.2185,0.3102,11.4457,SET/6 RED SPOTTY PAPER PLATES,RETROSPOT PARTY BAG + STICKER SET
20724,21992,215,2035,656,0.5923,0.1057,0.3277,5.8466,RED RETROSPOT CHARLOTTE BAG,VINTAGE PAISLEY STATIONERY SET
21080,21976,215,2119,950,0.5923,0.1015,0.2263,3.8772,SET/20 RED RETROSPOT PAPER NAPKINS,PACK OF 60 MUSHROOM CAKE CASES
22090,84978,215,1698,1417,0.5923,0.1266,0.1517,3.2439,PAPER BUNTING RETROSPOT,HANGING HEART JAR T-LIGHT HOLDER
22083,22457,215,1399,2031,0.5923,0.1537,0.1059,2.7469,PAPER CHAIN KIT RETROSPOT,NATURAL SLATE HEART CHALKBOARD
21976,22326,215,950,1390,0.5923,0.2263,0.1547,5.9106,PACK OF 60 MUSHROOM CAKE CASES,ROUND SNACK BOXES SET OF4 WOODLAND
20727,22630,215,2345,1333,0.5923,0.0917,0.1613,2.4969,LUNCH BAG BLACK SKULL.,DOLLY GIRL LUNCH BOX
21539,21843,215,708,1521,0.5923,0.3037,0.1414,7.2478,RED RETROSPOT BUTTER DISH,RED RETROSPOT CAKE STAND
22077,22699,215,1751,1420,0.5923,0.1228,0.1514,3.139,6 RIBBONS RUSTIC CHARM,ROSES REGENCY TEACUP AND SAUCER
22919,22920,215,248,251,0.5923,0.8669,0.8566,125.3844,HERB MARKER MINT,HERB MARKER BASIL
22367,22551,215,1156,1299,0.5923,0.186,0.1655,5.1976,CHILDRENS APRON SPACEBOY DESIGN,PLASTERS IN TIN SPACEBOY
21790,22029,215,1885,1100,0.5923,0.1141,0.1955,3.7641,VINTAGE SNAP CARDS,SPACEBOY BIRTHDAY CARD
21976,47566,215,950,2648,0.5923,0.2263,0.0812,3.1026,PACK OF 60 MUSHROOM CAKE CASES,PARTY BUNTING
22109,85099B,215,642,3979,0.5923,0.3349,0.054,3.0553,FULL ENGLISH BREAKFAST PLATE,JUMBO BAG RED RETROSPOT
20677,22423,215,760,3860,0.5923,0.2829,0.0557,2.6605,PINK POLKADOT BOWL,REGENCY CAKESTAND 3 TIER
20728,23203,215,2063,1230,0.5923,0.1042,0.1748,3.0758,LUNCH BAG CARS BLUE,JUMBO BAG VINTAGE DOILY
21977,22195,215,1992,811,0.5923,0.1079,0.2651,4.8312,PACK OF 60 PINK PAISLEY CAKE CASES,LARGE HEART MEASURING SPOONS
21212,22909,215,3116,1086,0.5923,0.069,0.198,2.3064,PACK OF 72 RETROSPOT CAKE CASES,SET OF 20 VINTAGE CHRISTMAS NAPKINS
21535,22348,215,1108,956,0.5923,0.194,0.2249,7.3684,RED RETROSPOT SMALL MILK JUG,TEA BAG PLATE RED RETROSPOT
20728,22629,215,2063,1367,0.5923,0.1042,0.1573,2.7676,LUNCH BAG CARS BLUE,SPACEBOY LUNCH BOX
22629,22699,215,1367,1420,0.5923,0.1573,0.1514,4.0208,SPACEBOY LUNCH BOX,ROSES REGENCY TEACUP AND SAUCER
21172,85099B,215,965,3979,0.5923,0.2228,0.054,2.0327,PARTY METAL SIGN,JUMBO BAG RED RETROSPOT
22113,22835,215,992,1010,0.5923,0.2167,0.2129,7.79,GREY HEART HOT WATER BOTTLE,HOT WATER BOTTLE I AM SO POORLY
21936,47566,215,1043,2648,0.5923,0.2061,0.0812,2.826,RED RETROSPOT PICNIC BAG,PARTY BUNTING
21559,22328,215,1219,1152,0.5923,0.1764,0.1866,5.5579,STRAWBERRY LUNCH BOX WITH CUTLERY,ROUND SNACK BOXES SET OF 4 FRUITS
20719,23205,215,1572,467,0.5923,0.1368,0.4604,10.6316,WOODLAND CHARLOTTE BAG,CHARLOTTE BAG VINTAGE ALPHABET
20725,84970L,215,3055,1142,0.5923,0.0704,0.1883,2.2371,LUNCH BAG RED RETROSPOT,SINGLE HEART ZINC T-LIGHT HOLDER
22139,22149,215,2087,1380,0.5923,0.103,0.1558,2.71,RETROSPOT TEA SET CERAMIC 11 PC,FELTCRAFT 6 FLOWER FRIENDS
21908,85150,215,974,1109,0.5923,0.2207,0.1939,7.2257,CHOCOLATE THIS WAY METAL SIGN,LADIES & GENTLEMEN METAL SIGN
21754,22189,215,2061,1296,0.5923,0.1043,0.1659,2.922,HOME BUILDING BLOCK WORD,CREAM HEART CARD HOLDER
21790,22196,215,1885,981,0.5923,0.1141,0.2192,4.2207,VINTAGE SNAP CARDS,SMALL HEART MEASURING SPOONS
21231,22077,214,1480,1751,0.5895,0.1446,0.1222,2.9978,SWEETHEART CERAMIC TRINKET BOX,6 RIBBONS RUSTIC CHARM
22029,22355,214,1100,1735,0.5895,0.1945,0.1233,4.0705,SPACEBOY BIRTHDAY CARD,CHARLOTTE BAG SUKI DESIGN
21212,22227,214,3116,641,0.5895,0.0687,0.3339,3.8895,PACK OF 72 RETROSPOT CAKE CASES,HANGING HEART MIRROR DECORATION
20675,84997C,214,692,1021,0.5895,0.3092,0.2096,10.9954,BLUE POLKADOT BOWL,BLUE 3 PIECE MINI DOTS CUTLERY SET
20719,22726,214,1572,1266,0.5895,0.1361,0.169,3.9035,WOODLAND CHARLOTTE BAG,ALARM CLOCK BAKELIKE GREEN
20972,22086,214,1394,2000,0.5895,0.1535,0.107,2.7865,PINK CREAM FELT CRAFT TRINKET BOX,PAPER CHAIN KIT 50'S CHRISTMAS
20719,82580,214,1572,1336,0.5895,0.1361,0.1602,3.699,WOODLAND CHARLOTTE BAG,BATHROOM METAL SIGN
21977,22149,214,1992,1380,0.5895,0.1074,0.1551,2.826,PACK OF 60 PINK PAISLEY CAKE CASES,FELTCRAFT 6 FLOWER FRIENDS
21670,85123A,214,766,5410,0.5895,0.2794,0.0396,1.8746,BLUE SPOT CERAMIC DRAWER KNOB,WHITE HANGING HEART T-LIGHT HOLDER
22384,22554,214,2101,1275,0.5895,0.1019,0.1678,2.9001,LUNCH BAG PINK POLKADOT,PLASTERS IN TIN WOODLAND ANIMALS
20726,21935,214,1922,921,0.5895,0.1113,0.2324,4.3887,LUNCH BAG WOODLAND,SUKI SHOULDER BAG
22966,84380,214,729,1113,0.5895,0.2936,0.1923,9.5746,GINGERBREAD MAN COOKIE CUTTER,SET OF 3 BUTTERFLY COOKIE CUTTERS
82580,85099C,214,1336,1867,0.5895,0.1602,0.1146,3.1145,BATHROOM METAL SIGN,JUMBO BAG BAROQUE BLACK WHITE
21108,85123A,214,612,5410,0.5895,0.3497,0.0396,2.3464,FAIRY CAKE FLANNEL ASSORTED COLOUR,WHITE HANGING HEART T-LIGHT HOLDER
21558,85123A,214,765,5410,0.5895,0.2797,0.0396,1.8771,SKULL LUNCH BOX WITH CUTLERY,WHITE HANGING HEART T-LIGHT HOLDER
21731,22083,214,1525,1399,0.5895,0.1403,0.153,3.6413,RED TOADSTOOL LED NIGHT LIGHT,PAPER CHAIN KIT RETROSPOT
20719,22139,214,1572,2087,0.5895,0.1361,0.1025,2.3679,WOODLAND CHARLOTTE BAG,RETROSPOT TEA SET CERAMIC 11 PC
22384,84997B,214,2101,1102,0.5895,0.1019,0.1942,3.3553,LUNCH BAG PINK POLKADOT,RED 3 PIECE MINI DOTS CUTLERY SET
20725,79321,214,3055,1089,0.5895,0.07,0.1965,2.3351,LUNCH BAG RED RETROSPOT,CHILLI LIGHTS
22734,22739,214,749,601,0.5895,0.2857,0.3561,17.2579,SET OF 6 RIBBONS VINTAGE CHRISTMAS,RIBBON REEL CHRISTMAS SOCK BAUBLE
21314,84991,214,1058,2126,0.5895,0.2023,0.1007,3.4538,SMALL GLASS HEART TRINKET POT,60 TEATIME FAIRY CAKE CASES
21181,21977,214,1796,1992,0.5895,0.1192,0.1074,2.1714,PLEASE ONE PERSON METAL SIGN,PACK OF 60 PINK PAISLEY CAKE CASES
21731,84380,214,1525,1113,0.5895,0.1403,0.1923,4.577,RED TOADSTOOL LED NIGHT LIGHT,SET OF 3 BUTTERFLY COOKIE CUTTERS
21889,21891,214,1121,829,0.5895,0.1909,0.2581,8.3596,WOODEN BOX OF DOMINOES,TRADITIONAL WOODEN SKIPPING ROPE
22620,85123A,214,841,5410,0.5895,0.2545,0.0396,1.7075,4 TRADITIONAL SPINNING TOPS,WHITE HANGING HEART T-LIGHT HOLDER
22029,22197,214,1100,2278,0.5895,0.1945,0.0939,3.1003,SPACEBOY BIRTHDAY CARD,SMALL POPCORN HOLDER
20726,21975,214,1922,1302,0.5895,0.1113,0.1644,3.1044,LUNCH BAG WOODLAND,PACK OF 60 DINOSAUR CAKE CASES
22197,22553,214,2278,1090,0.5895,0.0939,0.1963,3.1287,SMALL POPCORN HOLDER,PLASTERS IN TIN SKULLS
22625,85123A,214,942,5410,0.5895,0.2272,0.0396,1.5244,RED KITCHEN SCALES,WHITE HANGING HEART T-LIGHT HOLDER
22916,22919,214,248,248,0.5895,0.8629,0.8629,126.3109,HERB MARKER THYME,HERB MARKER MINT
22077,85099F,214,1751,1854,0.5895,0.1222,0.1154,2.393,6 RIBBONS RUSTIC CHARM,JUMBO BAG STRAWBERRY
21934,22197,214,723,2278,0.5895,0.296,0.0939,4.7169,SKULL SHOULDER BAG,SMALL POPCORN HOLDER
22077,22219,214,1751,1149,0.5895,0.1222,0.1862,3.8613,6 RIBBONS RUSTIC CHARM,LOVEBIRD HANGING DECORATION WHITE
22197,22502,214,2278,910,0.5895,0.0939,0.2352,3.7476,SMALL POPCORN HOLDER,PICNIC BASKET WICKER SMALL
22112,82494L,214,1713,2055,0.5895,0.1249,0.1041,2.2069,CHOCOLATE HOT WATER BOTTLE,WOODEN FRAME ANTIQUE WHITE
21731,84378,214,1525,1246,0.5895,0.1403,0.1717,4.0884,RED TOADSTOOL LED NIGHT LIGHT,SET OF 3 HEART COOKIE CUTTERS
22077,22112,214,1751,1713,0.5895,0.1222,0.1249,2.59,6 RIBBONS RUSTIC CHARM,CHOCOLATE HOT WATER BOTTLE
21212,22297,214,3116,969,0.5895,0.0687,0.2208,2.5729,PACK OF 72 RETROSPOT CAKE CASES,HEART IVORY TRELLIS SMALL
20719,22114,214,1572,1578,0.5895,0.1361,0.1356,3.1317,WOODLAND CHARLOTTE BAG,HOT WATER BOTTLE TEA AND SYMPATHY
21928,84991,214,1538,2126,0.5895,0.1391,0.1007,2.3759,JUMBO BAG SCANDINAVIAN PAISLEY,60 TEATIME FAIRY CAKE CASES
21755,84991,214,1692,2126,0.5895,0.1265,0.1007,2.1596,LOVE BUILDING BLOCK WORD,60 TEATIME FAIRY CAKE CASES
20725,21239,214,3055,750,0.5895,0.07,0.2853,3.3906,LUNCH BAG RED RETROSPOT,PINK POLKADOT CUP
21175,22355,214,1656,1735,0.5895,0.1292,0.1233,2.7039,GIN + TONIC DIET METAL SIGN,CHARLOTTE BAG SUKI DESIGN
21232,22630,214,2426,1333,0.5895,0.0882,0.1605,2.4023,STRAWBERRY CERAMIC TRINKET BOX,DOLLY GIRL LUNCH BOX
22663,85099C,214,688,1867,0.5895,0.311,0.1146,6.048,JUMBO BAG DOLLY GIRL DESIGN,JUMBO BAG BAROQUE BLACK WHITE
22356,22417,214,1584,1102,0.5895,0.1351,0.1942,4.4505,CHARLOTTE BAG PINK POLKADOT,PACK OF 60 SPACEBOY CAKE CASES
21213,21231,214,1477,1480,0.5895,0.1449,0.1446,3.5539,PACK OF 72 SKULL CAKE CASES,SWEETHEART CERAMIC TRINKET BOX
22386,84970S,213,2241,1520,0.5867,0.095,0.1401,2.27,JUMBO BAG PINK POLKADOT,HANGING HEART ZINC T-LIGHT HOLDER
21481,85099B,213,1049,3979,0.5867,0.2031,0.0535,1.8525,FAWN BLUE HOT WATER BOTTLE,JUMBO BAG RED RETROSPOT
21213,21731,213,1477,1525,0.5867,0.1442,0.1397,3.4329,PACK OF 72 SKULL CAKE CASES,RED TOADSTOOL LED NIGHT LIGHT
21034,22470,213,1874,1947,0.5867,0.1137,0.1094,2.1192,REX CASH+CARRY JUMBO SHOPPER,HEART OF WICKER LARGE
20971,21790,213,1143,1885,0.5867,0.1864,0.113,3.5888,PINK BLUE FELT CRAFT TRINKET BOX,VINTAGE SNAP CARDS
21232,22227,213,2426,641,0.5867,0.0878,0.3323,4.9723,STRAWBERRY CERAMIC TRINKET BOX,HANGING HEART MIRROR DECORATION
21934,22423,213,723,3860,0.5867,0.2946,0.0552,2.7707,SKULL SHOULDER BAG,REGENCY CAKESTAND 3 TIER
20725,21218,213,3055,896,0.5867,0.0697,0.2377,2.8248,LUNCH BAG RED RETROSPOT,RED SPOTTY BISCUIT TIN
20727,22551,213,2345,1299,0.5867,0.0908,0.164,2.5384,LUNCH BAG BLACK SKULL.,PLASTERS IN TIN SPACEBOY
20713,20723,213,1304,1379,0.5867,0.1633,0.1545,4.3,JUMBO BAG OWLS,STRAWBERRY CHARLOTTE BAG
21479,22197,213,928,2278,0.5867,0.2295,0.0935,3.6577,WHITE SKULL HOT WATER BOTTLE,SMALL POPCORN HOLDER
22423,84970L,213,3860,1142,0.5867,0.0552,0.1865,1.7541,REGENCY CAKESTAND 3 TIER,SINGLE HEART ZINC T-LIGHT HOLDER
20724,22138,213,2035,1896,0.5867,0.1047,0.1123,2.004,RED RETROSPOT CHARLOTTE BAG,BAKING SET 9 PIECE RETROSPOT
84836,84946,213,1406,1756,0.5867,0.1515,0.1213,3.1318,ZINC METAL HEART DECORATION,ANTIQUE SILVER TEA GLASS ETCHED
20975,85099B,213,898,3979,0.5867,0.2372,0.0535,2.164,12 PENCILS SMALL TUBE RED RETROSPOT,JUMBO BAG RED RETROSPOT
21790,21992,213,1885,656,0.5867,0.113,0.3247,6.2531,VINTAGE SNAP CARDS,VINTAGE PAISLEY STATIONERY SET
22356,84988,213,1584,1016,0.5867,0.1345,0.2096,4.8046,CHARLOTTE BAG PINK POLKADOT,SET OF 72 PINK HEART PAPER DOILIES
20972,22355,213,1394,1735,0.5867,0.1528,0.1228,3.197,PINK CREAM FELT CRAFT TRINKET BOX,CHARLOTTE BAG SUKI DESIGN
20724,23199,213,2035,976,0.5867,0.1047,0.2182,3.8931,RED RETROSPOT CHARLOTTE BAG,JUMBO BAG APPLES
22090,84970S,213,1698,1520,0.5867,0.1254,0.1401,2.9959,PAPER BUNTING RETROSPOT,HANGING HEART ZINC T-LIGHT HOLDER
20724,84997B,213,2035,1102,0.5867,0.1047,0.1933,3.448,RED RETROSPOT CHARLOTTE BAG,RED 3 PIECE MINI DOTS CUTLERY SET
21929,22663,213,1612,688,0.5867,0.1321,0.3096,6.972,JUMBO BAG PINK VINTAGE PAISLEY,JUMBO BAG DOLLY GIRL DESIGN
21174,22413,213,1134,880,0.5867,0.1878,0.242,7.7484,POTTERING IN THE SHED METAL SIGN,METAL SIGN TAKE IT OR LEAVE IT
22835,22865,213,1010,1211,0.5867,0.2109,0.1759,6.3219,HOT WATER BOTTLE I AM SO POORLY,HAND WARMER OWL DESIGN
21429,21431,213,995,278,0.5867,0.2141,0.7662,27.9539,RED GINGHAM ROSE JEWELLERY BOX,GREEN GINGHAM FLOWER JEWELLERY BOX
22077,22386,213,1751,2241,0.5867,0.1216,0.095,1.9705,6 RIBBONS RUSTIC CHARM,JUMBO BAG PINK POLKADOT
22356,84978,213,1584,1417,0.5867,0.1345,0.1503,3.445,CHARLOTTE BAG PINK POLKADOT,HANGING HEART JAR T-LIGHT HOLDER
21985,84992,213,918,1459,0.5867,0.232,0.146,5.7731,PACK OF 12 HEARTS DESIGN TISSUES,72 SWEETHEART FAIRY CAKE CASES
21754,21790,213,2061,1885,0.5867,0.1033,0.113,1.9903,HOME BUILDING BLOCK WORD,VINTAGE SNAP CARDS
22219,84991,213,1149,2126,0.5867,0.1854,0.1002,3.1654,LOVEBIRD HANGING DECORATION WHITE,60 TEATIME FAIRY CAKE CASES
20724,79321,213,2035,1089,0.5867,0.1047,0.1956,3.4891,RED RETROSPOT CHARLOTTE BAG,CHILLI LIGHTS
22371,85099B,213,674,3979,0.5867,0.316,0.0535,2.8832,AIRLINE BAG VINTAGE TOKYO 78,JUMBO BAG RED RETROSPOT
22212,85099B,213,828,3979,0.5867,0.2572,0.0535,2.347,FOUR HOOK WHITE LOVEBIRDS,JUMBO BAG RED RETROSPOT
20974,21212,213,821,3116,0.5867,0.2594,0.0684,3.0225,12 PENCILS SMALL TUBE SKULL,PACK OF 72 RETROSPOT CAKE CASES
20725,20971,213,3055,1143,0.5867,0.0697,0.1864,2.2144,LUNCH BAG RED RETROSPOT,PINK BLUE FELT CRAFT TRINKET BOX
20914,21731,213,2019,1525,0.5867,0.1055,0.1397,2.5113,SET/5 RED RETROSPOT LID GLASS BOWLS,RED TOADSTOOL LED NIGHT LIGHT
22384,22553,213,2101,1090,0.5867,0.1014,0.1954,3.3764,LUNCH BAG PINK POLKADOT,PLASTERS IN TIN SKULLS
22382,84997C,213,2153,1021,0.5867,0.0989,0.2086,3.5176,LUNCH BAG SPACEBOY DESIGN,BLUE 3 PIECE MINI DOTS CUTLERY SET
22383,84997B,213,2397,1102,0.5867,0.0889,0.1933,2.9273,LUNCH BAG SUKI DESIGN,RED 3 PIECE MINI DOTS CUTLERY SET
21931,22114,213,2326,1578,0.5867,0.0916,0.135,2.1067,JUMBO STORAGE BAG SUKI,HOT WATER BOTTLE TEA AND SYMPATHY
20728,21790,213,2063,1885,0.5867,0.1032,0.113,1.9884,LUNCH BAG CARS BLUE,VINTAGE SNAP CARDS
20725,84032A,213,3055,662,0.5867,0.0697,0.3218,3.8233,LUNCH BAG RED RETROSPOT,CHARLIE+LOLA PINK HOT WATER BOTTLE
21232,22326,213,2426,1390,0.5867,0.0878,0.1532,2.293,STRAWBERRY CERAMIC TRINKET BOX,ROUND SNACK BOXES SET OF4 WOODLAND
82552,82580,213,791,1336,0.5867,0.2693,0.1594,7.3169,WASHROOM METAL SIGN,BATHROOM METAL SIGN
22423,22907,213,3860,829,0.5867,0.0552,0.2569,2.4164,REGENCY CAKESTAND 3 TIER,PACK OF 20 NAPKINS PANTRY DESIGN
20727,84380,213,2345,1113,0.5867,0.0908,0.1914,2.9626,LUNCH BAG BLACK SKULL.,SET OF 3 BUTTERFLY COOKIE CUTTERS
20726,22178,213,1922,1802,0.5867,0.1108,0.1182,2.2326,LUNCH BAG WOODLAND,VICTORIAN GLASS HANGING T-LIGHT
84987,85123A,213,811,5410,0.5867,0.2626,0.0394,1.7623,SET OF 36 TEATIME PAPER DOILIES,WHITE HANGING HEART T-LIGHT HOLDER
22726,85123A,213,1266,5410,0.5867,0.1682,0.0394,1.129,ALARM CLOCK BAKELIKE GREEN,WHITE HANGING HEART T-LIGHT HOLDER
22077,84988,213,1751,1016,0.5867,0.1216,0.2096,4.3464,6 RIBBONS RUSTIC CHARM,SET OF 72 PINK HEART PAPER DOILIES
21889,22423,212,1121,3860,0.584,0.1891,0.0549,1.7786,WOODEN BOX OF DOMINOES,REGENCY CAKESTAND 3 TIER
22077,22585,212,1751,1081,0.584,0.1211,0.1961,4.0659,6 RIBBONS RUSTIC CHARM,PACK OF 6 BIRDY GIFT TAGS
20719,22630,212,1572,1333,0.584,0.1349,0.159,3.6727,WOODLAND CHARLOTTE BAG,DOLLY GIRL LUNCH BOX
21165,21232,212,965,2426,0.584,0.2197,0.0874,3.2874,BEWARE OF THE CAT METAL SIGN,STRAWBERRY CERAMIC TRINKET BOX
20712,22077,212,1410,1751,0.584,0.1504,0.1211,3.1172,JUMBO BAG WOODLAND ANIMALS,6 RIBBONS RUSTIC CHARM
82482,85099F,212,1999,1854,0.584,0.1061,0.1143,2.0766,WOODEN PICTURE FRAME WHITE FINISH,JUMBO BAG STRAWBERRY
21155,22355,212,964,1735,0.584,0.2199,0.1222,4.6014,RED RETROSPOT PEG BAG,CHARLOTTE BAG SUKI DESIGN
21213,22077,212,1477,1751,0.584,0.1435,0.1211,2.9758,PACK OF 72 SKULL CAKE CASES,6 RIBBONS RUSTIC CHARM
20685,48111,212,1717,719,0.584,0.1235,0.2949,6.234,DOORMAT RED RETROSPOT,DOORMAT 3 SMILEY CATS
20677,84997C,212,760,1021,0.584,0.2789,0.2076,9.9181,PINK POLKADOT BOWL,BLUE 3 PIECE MINI DOTS CUTLERY SET
21559,22423,212,1219,3860,0.584,0.1739,0.0549,1.6356,STRAWBERRY LUNCH BOX WITH CUTLERY,REGENCY CAKESTAND 3 TIER
21870,21874,212,630,615,0.584,0.3365,0.3447,19.8633,I CAN ONLY PLEASE ONE PERSON MUG,GIN AND TONIC MUG
22355,82494L,212,1735,2055,0.584,0.1222,0.1032,2.1585,CHARLOTTE BAG SUKI DESIGN,WOODEN FRAME ANTIQUE WHITE
84836,84970L,212,1406,1142,0.584,0.1508,0.1856,4.7931,ZINC METAL HEART DECORATION,SINGLE HEART ZINC T-LIGHT HOLDER
22196,84988,212,981,1016,0.584,0.2161,0.2087,7.7215,SMALL HEART MEASURING SPOONS,SET OF 72 PINK HEART PAPER DOILIES
20724,22697,212,2035,1352,0.584,0.1042,0.1568,2.7972,RED RETROSPOT CHARLOTTE BAG,GREEN REGENCY TEACUP AND SAUCER
85049C,85049D,212,501,402,0.584,0.4232,0.5274,38.2123,ROMANTIC PINKS RIBBONS,BRIGHT BLUES RIBBONS
21165,85099B,212,965,3979,0.584,0.2197,0.0533,2.0043,BEWARE OF THE CAT METAL SIGN,JUMBO BAG RED RETROSPOT
20725,21240,212,3055,769,0.584,0.0694,0.2757,3.2759,LUNCH BAG RED RETROSPOT,BLUE POLKADOT CUP
20971,84991,212,1143,2126,0.584,0.1855,0.0997,3.1671,PINK BLUE FELT CRAFT TRINKET BOX,60 TEATIME FAIRY CAKE CASES
82482,85152,212,1999,1455,0.584,0.1061,0.1457,2.646,WOODEN PICTURE FRAME WHITE FINISH,HAND OVER THE CHOCOLATE SIGN
22197,22698,212,2278,1028,0.584,0.0931,0.2062,3.2864,SMALL POPCORN HOLDER,PINK REGENCY TEACUP AND SAUCER
22557,85099B,212,1125,3979,0.584,0.1884,0.0533,1.7193,PLASTERS IN TIN VINTAGE PAISLEY,JUMBO BAG RED RETROSPOT
20723,21928,212,1379,1538,0.584,0.1537,0.1378,3.6287,STRAWBERRY CHARLOTTE BAG,JUMBO BAG SCANDINAVIAN PAISLEY
21673,85123A,212,762,5410,0.584,0.2782,0.0392,1.8669,WHITE SPOT BLUE CERAMIC DRAWER KNOB,WHITE HANGING HEART T-LIGHT HOLDER
20712,22630,212,1410,1333,0.584,0.1504,0.159,4.0947,JUMBO BAG WOODLAND ANIMALS,DOLLY GIRL LUNCH BOX
20972,21231,212,1394,1480,0.584,0.1521,0.1432,3.7303,PINK CREAM FELT CRAFT TRINKET BOX,SWEETHEART CERAMIC TRINKET BOX
84946,85099F,212,1756,1854,0.584,0.1207,0.1143,2.3639,ANTIQUE SILVER TEA GLASS ETCHED,JUMBO BAG STRAWBERRY
21181,22086,212,1796,2000,0.584,0.118,0.106,2.1425,PLEASE ONE PERSON METAL SIGN,PAPER CHAIN KIT 50'S CHRISTMAS
22996,22998,212,408,534,0.584,0.5196,0.397,35.3236,TRAVEL CARD WALLET VINTAGE TICKET,TRAVEL CARD WALLET KEEP CALM
16237,21212,212,579,3116,0.584,0.3661,0.068,4.2657,SLEEPING CAT ERASERS,PACK OF 72 RETROSPOT CAKE CASES
21975,22382,212,1302,2153,0.584,0.1628,0.0985,2.7454,PACK OF 60 DINOSAUR CAKE CASES,LUNCH BAG SPACEBOY DESIGN
21931,84032A,212,2326,662,0.584,0.0911,0.3202,4.998,JUMBO STORAGE BAG SUKI,CHARLIE+LOLA PINK HOT WATER BOTTLE
21232,21527,212,2426,828,0.584,0.0874,0.256,3.8313,STRAWBERRY CERAMIC TRINKET BOX,RED RETROSPOT TRADITIONAL TEAPOT
82482,84991,212,1999,2126,0.584,0.1061,0.0997,1.8109,WOODEN PICTURE FRAME WHITE FINISH,60 TEATIME FAIRY CAKE CASES
21668,22423,212,825,3860,0.584,0.257,0.0549,2.4167,RED STRIPE CERAMIC DRAWER KNOB,REGENCY CAKESTAND 3 TIER
21212,84536A,212,3116,623,0.584,0.068,0.3403,3.9644,PACK OF 72 RETROSPOT CAKE CASES,ENGLISH ROSE NOTEBOOK A7 SIZE
20723,22666,212,1379,1652,0.584,0.1537,0.1283,3.3783,STRAWBERRY CHARLOTTE BAG,RECIPE BOX PANTRY YELLOW DESIGN
21931,22502,212,2326,910,0.584,0.0911,0.233,3.6359,JUMBO STORAGE BAG SUKI,PICNIC BASKET WICKER SMALL
21912,85123A,212,827,5410,0.584,0.2563,0.0392,1.7201,VINTAGE SNAKES & LADDERS,WHITE HANGING HEART T-LIGHT HOLDER
21916,85123A,212,712,5410,0.584,0.2978,0.0392,1.998,SET 12 RETRO WHITE CHALK STICKS,WHITE HANGING HEART T-LIGHT HOLDER
20725,84836,212,3055,1406,0.584,0.0694,0.1508,1.7917,LUNCH BAG RED RETROSPOT,ZINC METAL HEART DECORATION
22077,22079,212,1751,683,0.584,0.1211,0.3104,6.4352,6 RIBBONS RUSTIC CHARM,RIBBON REEL HEARTS DESIGN
22423,71459,212,3860,1007,0.584,0.0549,0.2105,1.9799,REGENCY CAKESTAND 3 TIER,HANGING JAM JAR T-LIGHT HOLDER
21479,22835,212,928,1010,0.584,0.2284,0.2099,8.211,WHITE SKULL HOT WATER BOTTLE,HOT WATER BOTTLE I AM SO POORLY
21535,22423,211,1108,3860,0.5812,0.1904,0.0547,1.791,RED RETROSPOT SMALL MILK JUG,REGENCY CAKESTAND 3 TIER
20725,22960,211,3055,1157,0.5812,0.0691,0.1824,2.167,LUNCH BAG RED RETROSPOT,JAM MAKING SET WITH JARS
22384,22630,211,2101,1333,0.5812,0.1004,0.1583,2.735,LUNCH BAG PINK POLKADOT,DOLLY GIRL LUNCH BOX
21232,22174,211,2426,556,0.5812,0.087,0.3795,5.6787,STRAWBERRY CERAMIC TRINKET BOX,PHOTO CUBE
21731,22384,211,1525,2101,0.5812,0.1384,0.1004,2.3907,RED TOADSTOOL LED NIGHT LIGHT,LUNCH BAG PINK POLKADOT
21791,22138,211,1312,1896,0.5812,0.1608,0.1113,3.0792,VINTAGE HEADS AND TAILS CARD GAME,BAKING SET 9 PIECE RETROSPOT
23263,23265,211,445,293,0.5812,0.4742,0.7201,58.747,SET OF 3 WOODEN HEART DECORATIONS,SET OF 3 WOODEN TREE DECORATIONS
20724,21175,211,2035,1656,0.5812,0.1037,0.1274,2.2729,RED RETROSPOT CHARLOTTE BAG,GIN + TONIC DIET METAL SIGN
21212,22624,211,3116,1214,0.5812,0.0677,0.1738,2.0249,PACK OF 72 RETROSPOT CAKE CASES,IVORY KITCHEN SCALES
21218,21931,211,896,2326,0.5812,0.2355,0.0907,3.6753,RED SPOTTY BISCUIT TIN,JUMBO STORAGE BAG SUKI
21098,22910,211,591,1418,0.5812,0.357,0.1488,9.1401,CHRISTMAS TOILET ROLL,PAPER CHAIN KIT VINTAGE CHRISTMAS
20725,22631,211,3055,662,0.5812,0.0691,0.3187,3.7874,LUNCH BAG RED RETROSPOT,CIRCUS PARADE LUNCH BOX
21035,21218,211,928,896,0.5812,0.2274,0.2355,9.2121,SET/2 RED RETROSPOT TEA TOWELS,RED SPOTTY BISCUIT TIN
20719,22417,211,1572,1102,0.5812,0.1342,0.1915,4.4216,WOODLAND CHARLOTTE BAG,PACK OF 60 SPACEBOY CAKE CASES
21935,21993,211,921,577,0.5812,0.2291,0.3657,14.4138,SUKI SHOULDER BAG,FLORAL FOLK STATIONERY SET
84029E,85099B,211,1141,3979,0.5812,0.1849,0.053,1.6871,RED WOOLLY HOTTIE WHITE HEART.,JUMBO BAG RED RETROSPOT
21731,22961,211,1525,1188,0.5812,0.1384,0.1776,4.2279,RED TOADSTOOL LED NIGHT LIGHT,JAM MAKING SET PRINTED
21212,22907,211,3116,829,0.5812,0.0677,0.2545,2.9652,PACK OF 72 RETROSPOT CAKE CASES,PACK OF 20 NAPKINS PANTRY DESIGN
21212,22555,211,3116,966,0.5812,0.0677,0.2184,2.5447,PACK OF 72 RETROSPOT CAKE CASES,PLASTERS IN TIN STRONGMAN
21175,22469,211,1656,2141,0.5812,0.1274,0.0986,2.1604,GIN + TONIC DIET METAL SIGN,HEART OF WICKER SMALL
21935,22423,211,921,3860,0.5812,0.2291,0.0547,2.1546,SUKI SHOULDER BAG,REGENCY CAKESTAND 3 TIER
21918,85123A,211,786,5410,0.5812,0.2684,0.039,1.8013,SET 12 KIDS COLOUR CHALK STICKS,WHITE HANGING HEART T-LIGHT HOLDER
20717,85123A,211,756,5410,0.5812,0.2791,0.039,1.8728,STRAWBERRY SHOPPER BAG,WHITE HANGING HEART T-LIGHT HOLDER
22090,22457,211,1698,2031,0.5812,0.1243,0.1039,2.2211,PAPER BUNTING RETROSPOT,NATURAL SLATE HEART CHALKBOARD
20712,82580,211,1410,1336,0.5812,0.1496,0.1579,4.0662,JUMBO BAG WOODLAND ANIMALS,BATHROOM METAL SIGN
20717,22379,211,756,1567,0.5812,0.2791,0.1347,6.4658,STRAWBERRY SHOPPER BAG,RECYCLING BAG RETROSPOT
21212,22728,211,3116,968,0.5812,0.0677,0.218,2.5395,PACK OF 72 RETROSPOT CAKE CASES,ALARM CLOCK BAKELIKE PINK
22356,84380,211,1584,1113,0.5812,0.1332,0.1896,4.3447,CHARLOTTE BAG PINK POLKADOT,SET OF 3 BUTTERFLY COOKIE CUTTERS
22077,84992,211,1751,1459,0.5812,0.1205,0.1446,2.9983,6 RIBBONS RUSTIC CHARM,72 SWEETHEART FAIRY CAKE CASES
20676,22090,211,966,1698,0.5812,0.2184,0.1243,4.6698,RED RETROSPOT BOWL,PAPER BUNTING RETROSPOT
20711,22355,211,1052,1735,0.5812,0.2006,0.1216,4.1966,JUMBO BAG TOYS,CHARLOTTE BAG SUKI DESIGN
20727,22138,211,2345,1896,0.5812,0.09,0.1113,1.7228,LUNCH BAG BLACK SKULL.,BAKING SET 9 PIECE RETROSPOT
23203,47566,211,1230,2648,0.5812,0.1715,0.0797,2.3517,JUMBO BAG VINTAGE DOILY,PARTY BUNTING
22149,22423,211,1380,3860,0.5812,0.1529,0.0547,1.438,FELTCRAFT 6 FLOWER FRIENDS,REGENCY CAKESTAND 3 TIER
22423,22502,211,3860,910,0.5812,0.0547,0.2319,2.1806,REGENCY CAKESTAND 3 TIER,PICNIC BASKET WICKER SMALL
21231,22470,211,1480,1947,0.5812,0.1426,0.1084,2.6582,SWEETHEART CERAMIC TRINKET BOX,HEART OF WICKER LARGE
22866,22909,211,1081,1086,0.5812,0.1952,0.1943,6.5247,HAND WARMER SCOTTY DOG DESIGN,SET OF 20 VINTAGE CHRISTMAS NAPKINS
22189,82482,211,1296,1999,0.5812,0.1628,0.1056,2.9566,CREAM HEART CARD HOLDER,WOODEN PICTURE FRAME WHITE FINISH
22725,22729,211,547,612,0.5812,0.3857,0.3448,22.881,ALARM CLOCK BAKELIKE CHOCOLATE,ALARM CLOCK BAKELIKE ORANGE
21212,21912,211,3116,827,0.5812,0.0677,0.2551,2.9724,PACK OF 72 RETROSPOT CAKE CASES,VINTAGE SNAKES & LADDERS
21982,22423,211,716,3860,0.5812,0.2947,0.0547,2.7715,PACK OF 12 SUKI TISSUES,REGENCY CAKESTAND 3 TIER
20724,21239,211,2035,750,0.5812,0.1037,0.2813,5.0187,RED RETROSPOT CHARLOTTE BAG,PINK POLKADOT CUP
21930,22663,211,1317,688,0.5812,0.1602,0.3067,8.4535,JUMBO STORAGE BAG SKULLS,JUMBO BAG DOLLY GIRL DESIGN
20713,23199,211,1304,976,0.5812,0.1618,0.2162,6.0185,JUMBO BAG OWLS,JUMBO BAG APPLES
22662,22663,211,993,688,0.5812,0.2125,0.3067,11.2118,LUNCH BAG DOLLY GIRL DESIGN,JUMBO BAG DOLLY GIRL DESIGN
22411,22629,211,2190,1367,0.5812,0.0963,0.1544,2.5586,JUMBO SHOPPER VINTAGE RED PAISLEY,SPACEBOY LUNCH BOX
21242,84997B,210,657,1102,0.5785,0.3196,0.1906,10.5294,RED RETROSPOT PLATE,RED 3 PIECE MINI DOTS CUTLERY SET
22554,22629,210,1275,1367,0.5785,0.1647,0.1536,4.3739,PLASTERS IN TIN WOODLAND ANIMALS,SPACEBOY LUNCH BOX
21212,21989,210,3116,654,0.5785,0.0674,0.3211,3.7409,PACK OF 72 RETROSPOT CAKE CASES,PACK OF 20 SKULL PAPER NAPKINS
22077,22383,210,1751,2397,0.5785,0.1199,0.0876,1.8163,6 RIBBONS RUSTIC CHARM,LUNCH BAG SUKI DESIGN
21166,21754,210,1420,2061,0.5785,0.1479,0.1019,2.6049,COOK WITH WINE METAL SIGN,HOME BUILDING BLOCK WORD
22355,22381,210,1735,1099,0.5785,0.121,0.1911,3.9981,CHARLOTTE BAG SUKI DESIGN,TOY TIDY PINK POLKADOT
22666,85099C,210,1652,1867,0.5785,0.1271,0.1125,2.4717,RECIPE BOX PANTRY YELLOW DESIGN,JUMBO BAG BAROQUE BLACK WHITE
21914,22197,210,963,2278,0.5785,0.2181,0.0922,3.4751,BLUE HARMONICA IN BOX,SMALL POPCORN HOLDER
22357,22358,210,461,604,0.5785,0.4555,0.3477,27.3786,KINGS CHOICE BISCUIT TIN,KINGS CHOICE TEA CADDY
22382,22553,210,2153,1090,0.5785,0.0975,0.1927,3.2485,LUNCH BAG SPACEBOY DESIGN,PLASTERS IN TIN SKULLS
84375,85123A,210,792,5410,0.5785,0.2652,0.0388,1.7792,SET OF 20 KIDS COOKIE CUTTERS,WHITE HANGING HEART T-LIGHT HOLDER
22196,22355,210,981,1735,0.5785,0.2141,0.121,4.479,SMALL HEART MEASURING SPOONS,CHARLOTTE BAG SUKI DESIGN
84375,84991,210,792,2126,0.5785,0.2652,0.0988,4.5275,SET OF 20 KIDS COOKIE CUTTERS,60 TEATIME FAIRY CAKE CASES
20719,22348,210,1572,956,0.5785,0.1336,0.2197,5.0727,WOODLAND CHARLOTTE BAG,TEA BAG PLATE RED RETROSPOT
22149,22271,210,1380,787,0.5785,0.1522,0.2668,7.0193,FELTCRAFT 6 FLOWER FRIENDS,FELTCRAFT DOLL ROSIE
21935,21992,210,921,656,0.5785,0.228,0.3201,12.6179,SUKI SHOULDER BAG,VINTAGE PAISLEY STATIONERY SET
22423,22665,210,3860,702,0.5785,0.0544,0.2991,2.8134,REGENCY CAKESTAND 3 TIER,RECIPE BOX BLUE SKETCHBOOK DESIGN
22739,22909,210,601,1086,0.5785,0.3494,0.1934,11.6801,RIBBON REEL CHRISTMAS SOCK BAUBLE,SET OF 20 VINTAGE CHRISTMAS NAPKINS
22554,84991,210,1275,2126,0.5785,0.1647,0.0988,2.8124,PLASTERS IN TIN WOODLAND ANIMALS,60 TEATIME FAIRY CAKE CASES
20727,21155,210,2345,964,0.5785,0.0896,0.2178,3.3723,LUNCH BAG BLACK SKULL.,RED RETROSPOT PEG BAG
21231,22219,210,1480,1149,0.5785,0.1419,0.1828,4.483,SWEETHEART CERAMIC TRINKET BOX,LOVEBIRD HANGING DECORATION WHITE
22379,84970L,210,1567,1142,0.5785,0.134,0.1839,4.2601,RECYCLING BAG RETROSPOT,SINGLE HEART ZINC T-LIGHT HOLDER
20675,84997B,210,692,1102,0.5785,0.3035,0.1906,9.9968,BLUE POLKADOT BOWL,RED 3 PIECE MINI DOTS CUTLERY SET
22356,82494L,210,1584,2055,0.5785,0.1326,0.1022,2.342,CHARLOTTE BAG PINK POLKADOT,WOODEN FRAME ANTIQUE WHITE
22090,22139,210,1698,2087,0.5785,0.1237,0.1006,2.1512,PAPER BUNTING RETROSPOT,RETROSPOT TEA SET CERAMIC 11 PC
22457,22630,210,2031,1333,0.5785,0.1034,0.1575,2.8159,NATURAL SLATE HEART CHALKBOARD,DOLLY GIRL LUNCH BOX
22219,22411,210,1149,2190,0.5785,0.1828,0.0959,3.0296,LOVEBIRD HANGING DECORATION WHITE,JUMBO SHOPPER VINTAGE RED PAISLEY
21094,22197,210,984,2278,0.5785,0.2134,0.0922,3.401,SET/6 RED SPOTTY PAPER PLATES,SMALL POPCORN HOLDER
21756,85123A,210,578,5410,0.5785,0.3633,0.0388,2.4379,BATH BUILDING BLOCK WORD,WHITE HANGING HEART T-LIGHT HOLDER
20725,23201,210,3055,904,0.5785,0.0687,0.2323,2.7604,LUNCH BAG RED RETROSPOT,JUMBO BAG ALPHABET
20711,21212,210,1052,3116,0.5785,0.1996,0.0674,2.3256,JUMBO BAG TOYS,PACK OF 72 RETROSPOT CAKE CASES
21212,21671,210,3116,726,0.5785,0.0674,0.2893,3.3699,PACK OF 72 RETROSPOT CAKE CASES,RED SPOT CERAMIC DRAWER KNOB
20685,48188,210,1717,697,0.5785,0.1223,0.3013,6.3701,DOORMAT RED RETROSPOT,DOORMAT WELCOME PUPPIES
20724,23209,210,2035,1096,0.5785,0.1032,0.1916,3.418,RED RETROSPOT CHARLOTTE BAG,LUNCH BAG VINTAGE DOILY
22835,84029E,210,1010,1141,0.5785,0.2079,0.184,6.6152,HOT WATER BOTTLE I AM SO POORLY,RED WOOLLY HOTTIE WHITE HEART.
84380,84692,210,1113,1121,0.5785,0.1887,0.1873,6.1101,SET OF 3 BUTTERFLY COOKIE CUTTERS,BOX OF 24 COCKTAIL PARASOLS
20914,84692,210,2019,1121,0.5785,0.104,0.1873,3.3683,SET/5 RED RETROSPOT LID GLASS BOWLS,BOX OF 24 COCKTAIL PARASOLS
20723,20914,210,1379,2019,0.5785,0.1523,0.104,2.7381,STRAWBERRY CHARLOTTE BAG,SET/5 RED RETROSPOT LID GLASS BOWLS
22174,22423,209,556,3860,0.5757,0.3759,0.0541,3.5352,PHOTO CUBE,REGENCY CAKESTAND 3 TIER
22197,22385,209,2278,1246,0.5757,0.0917,0.1677,2.673,SMALL POPCORN HOLDER,JUMBO BAG SPACEBOY DESIGN
22090,84946,209,1698,1756,0.5757,0.1231,0.119,2.5446,PAPER BUNTING RETROSPOT,ANTIQUE SILVER TEA GLASS ETCHED
22667,85123A,209,845,5410,0.5757,0.2473,0.0386,1.6597,RECIPE BOX RETROSPOT,WHITE HANGING HEART T-LIGHT HOLDER
20713,21977,209,1304,1992,0.5757,0.1603,0.1049,2.9209,JUMBO BAG OWLS,PACK OF 60 PINK PAISLEY CAKE CASES
22356,23206,209,1584,1035,0.5757,0.1319,0.2019,4.6279,CHARLOTTE BAG PINK POLKADOT,LUNCH BAG APPLE DESIGN
22297,22457,209,969,2031,0.5757,0.2157,0.1029,3.8552,HEART IVORY TRELLIS SMALL,NATURAL SLATE HEART CHALKBOARD
22423,22553,209,3860,1090,0.5757,0.0541,0.1917,1.8033,REGENCY CAKESTAND 3 TIER,PLASTERS IN TIN SKULLS
22383,84879,209,2397,2796,0.5757,0.0872,0.0747,1.1321,LUNCH BAG SUKI DESIGN,ASSORTED COLOUR BIRD ORNAMENT
35961,84836,209,637,1406,0.5757,0.3281,0.1486,8.4713,FOLKART ZINC HEART CHRISTMAS DEC,ZINC METAL HEART DECORATION
21232,84836,209,2426,1406,0.5757,0.0862,0.1486,2.2243,STRAWBERRY CERAMIC TRINKET BOX,ZINC METAL HEART DECORATION
20726,22086,209,1922,2000,0.5757,0.1087,0.1045,1.9738,LUNCH BAG WOODLAND,PAPER CHAIN KIT 50'S CHRISTMAS
21982,22197,209,716,2278,0.5757,0.2919,0.0917,4.6517,PACK OF 12 SUKI TISSUES,SMALL POPCORN HOLDER
20725,85152,209,3055,1455,0.5757,0.0684,0.1436,1.7069,LUNCH BAG RED RETROSPOT,HAND OVER THE CHOCOLATE SIGN
21731,21929,209,1525,1612,0.5757,0.137,0.1297,3.0863,RED TOADSTOOL LED NIGHT LIGHT,JUMBO BAG PINK VINTAGE PAISLEY
21935,22086,209,921,2000,0.5757,0.2269,0.1045,4.119,SUKI SHOULDER BAG,PAPER CHAIN KIT 50'S CHRISTMAS
15036,22197,209,974,2278,0.5757,0.2146,0.0917,3.4195,ASSORTED COLOURS SILK FAN,SMALL POPCORN HOLDER
21977,82494L,209,1992,2055,0.5757,0.1049,0.1017,1.8534,PACK OF 60 PINK PAISLEY CAKE CASES,WOODEN FRAME ANTIQUE WHITE
22620,85099B,209,841,3979,0.5757,0.2485,0.0525,2.2673,4 TRADITIONAL SPINNING TOPS,JUMBO BAG RED RETROSPOT
20713,20718,209,1304,1212,0.5757,0.1603,0.1724,4.8006,JUMBO BAG OWLS,RED RETROSPOT SHOPPER BAG
20728,21731,209,2063,1525,0.5757,0.1013,0.137,2.4116,LUNCH BAG CARS BLUE,RED TOADSTOOL LED NIGHT LIGHT
21175,22383,209,1656,2397,0.5757,0.1262,0.0872,1.9114,GIN + TONIC DIET METAL SIGN,LUNCH BAG SUKI DESIGN
22079,22080,209,683,516,0.5757,0.306,0.405,21.5281,RIBBON REEL HEARTS DESIGN,RIBBON REEL SPOTS DESIGN
22502,47566,209,910,2648,0.5757,0.2297,0.0789,3.1486,PICNIC BASKET WICKER SMALL,PARTY BUNTING
21912,22550,209,827,425,0.5757,0.2527,0.4918,21.5865,VINTAGE SNAKES & LADDERS,HOLIDAY FUN LUDO
20713,22423,209,1304,3860,0.5757,0.1603,0.0541,1.5073,JUMBO BAG OWLS,REGENCY CAKESTAND 3 TIER
21232,22699,209,2426,1420,0.5757,0.0862,0.1472,2.2024,STRAWBERRY CERAMIC TRINKET BOX,ROSES REGENCY TEACUP AND SAUCER
20718,21790,209,1212,1885,0.5757,0.1724,0.1109,3.321,RED RETROSPOT SHOPPER BAG,VINTAGE SNAP CARDS
20723,22112,209,1379,1713,0.5757,0.1516,0.122,3.2118,STRAWBERRY CHARLOTTE BAG,CHOCOLATE HOT WATER BOTTLE
22077,22952,209,1751,1139,0.5757,0.1194,0.1835,3.8042,6 RIBBONS RUSTIC CHARM,60 CAKE CASES VINTAGE CHRISTMAS
22423,22556,209,3860,1196,0.5757,0.0541,0.1747,1.6435,REGENCY CAKESTAND 3 TIER,PLASTERS IN TIN CIRCUS PARADE
21242,21245,209,657,304,0.5757,0.3181,0.6875,37.9873,RED RETROSPOT PLATE,GREEN POLKADOT PLATE
21212,21892,209,3116,818,0.5757,0.0671,0.2555,2.9766,PACK OF 72 RETROSPOT CAKE CASES,TRADITIONAL WOODEN CATCH CUP GAME
20727,21231,209,2345,1480,0.5757,0.0891,0.1412,2.1861,LUNCH BAG BLACK SKULL.,SWEETHEART CERAMIC TRINKET BOX
21035,22197,209,928,2278,0.5757,0.2252,0.0917,3.589,SET/2 RED RETROSPOT TEA TOWELS,SMALL POPCORN HOLDER
82580,84946,209,1336,1756,0.5757,0.1564,0.119,3.234,BATHROOM METAL SIGN,ANTIQUE SILVER TEA GLASS ETCHED
22059,37448,209,457,527,0.5757,0.4573,0.3966,31.5029,CERAMIC STRAWBERRY DESIGN MUG,CERAMIC CAKE DESIGN SPOTTED MUG
20728,22470,209,2063,1947,0.5757,0.1013,0.1073,1.8889,LUNCH BAG CARS BLUE,HEART OF WICKER LARGE
22556,85099B,209,1196,3979,0.5757,0.1747,0.0525,1.5943,PLASTERS IN TIN CIRCUS PARADE,JUMBO BAG RED RETROSPOT
85049C,85049G,209,501,562,0.5757,0.4172,0.3719,26.9465,ROMANTIC PINKS RIBBONS,CHOCOLATE BOX RIBBONS
21212,21523,209,3116,1120,0.5757,0.0671,0.1866,2.174,PACK OF 72 RETROSPOT CAKE CASES,DOORMAT FANCY FONT HOME SWEET HOME
21080,21218,209,2119,896,0.5757,0.0986,0.2333,3.9961,SET/20 RED RETROSPOT PAPER NAPKINS,RED SPOTTY BISCUIT TIN
20719,21238,209,1572,902,0.5757,0.133,0.2317,5.3508,WOODLAND CHARLOTTE BAG,RED RETROSPOT CUP
20719,22196,209,1572,981,0.5757,0.133,0.213,4.9199,WOODLAND CHARLOTTE BAG,SMALL HEART MEASURING SPOONS
22666,22727,209,1652,1362,0.5757,0.1265,0.1535,3.372,RECIPE BOX PANTRY YELLOW DESIGN,ALARM CLOCK BAKELIKE RED
21527,21539,209,828,708,0.5757,0.2524,0.2952,12.9424,RED RETROSPOT TRADITIONAL TEAPOT,RED RETROSPOT BUTTER DISH
21733,84879,209,1755,2796,0.5757,0.1191,0.0747,1.5462,RED HANGING HEART T-LIGHT HOLDER,ASSORTED COLOUR BIRD ORNAMENT
22112,47566,209,1713,2648,0.5757,0.122,0.0789,1.6726,CHOCOLATE HOT WATER BOTTLE,PARTY BUNTING
21929,22381,209,1612,1099,0.5757,0.1297,0.1902,4.2827,JUMBO BAG PINK VINTAGE PAISLEY,TOY TIDY PINK POLKADOT
21993,22355,208,577,1735,0.573,0.3605,0.1199,7.5426,FLORAL FOLK STATIONERY SET,CHARLOTTE BAG SUKI DESIGN
21212,48187,208,3116,1276,0.573,0.0668,0.163,1.8991,PACK OF 72 RETROSPOT CAKE CASES,DOORMAT NEW ENGLAND
21931,22195,208,2326,811,0.573,0.0894,0.2565,4.0028,JUMBO STORAGE BAG SUKI,LARGE HEART MEASURING SPOONS
21731,22385,208,1525,1246,0.573,0.1364,0.1669,3.9738,RED TOADSTOOL LED NIGHT LIGHT,JUMBO BAG SPACEBOY DESIGN
22867,22909,208,1052,1086,0.573,0.1977,0.1915,6.6092,HAND WARMER BIRD DESIGN,SET OF 20 VINTAGE CHRISTMAS NAPKINS
21755,84946,208,1692,1756,0.573,0.1229,0.1185,2.5414,LOVE BUILDING BLOCK WORD,ANTIQUE SILVER TEA GLASS ETCHED
22114,22139,208,1578,2087,0.573,0.1318,0.0997,2.2928,HOT WATER BOTTLE TEA AND SYMPATHY,RETROSPOT TEA SET CERAMIC 11 PC
22077,84692,208,1751,1121,0.573,0.1188,0.1855,3.8468,6 RIBBONS RUSTIC CHARM,BOX OF 24 COCKTAIL PARASOLS
21977,22699,208,1992,1420,0.573,0.1044,0.1465,2.6694,PACK OF 60 PINK PAISLEY CAKE CASES,ROSES REGENCY TEACUP AND SAUCER
20728,22112,208,2063,1713,0.573,0.1008,0.1214,2.1367,LUNCH BAG CARS BLUE,CHOCOLATE HOT WATER BOTTLE
20712,22663,208,1410,688,0.573,0.1475,0.3023,7.7837,JUMBO BAG WOODLAND ANIMALS,JUMBO BAG DOLLY GIRL DESIGN
21754,22114,208,2061,1578,0.573,0.1009,0.1318,2.3217,HOME BUILDING BLOCK WORD,HOT WATER BOTTLE TEA AND SYMPATHY
22139,22383,208,2087,2397,0.573,0.0997,0.0868,1.5094,RETROSPOT TEA SET CERAMIC 11 PC,LUNCH BAG SUKI DESIGN
21790,84879,208,1885,2796,0.573,0.1103,0.0744,1.4327,VINTAGE SNAP CARDS,ASSORTED COLOUR BIRD ORNAMENT
21790,22961,208,1885,1188,0.573,0.1103,0.1751,3.3718,VINTAGE SNAP CARDS,JAM MAKING SET PRINTED
20727,22149,208,2345,1380,0.573,0.0887,0.1507,2.3333,LUNCH BAG BLACK SKULL.,FELTCRAFT 6 FLOWER FRIENDS
21754,22120,208,2061,367,0.573,0.1009,0.5668,9.9827,HOME BUILDING BLOCK WORD,WELCOME WOODEN BLOCK LETTERS
22423,84755,208,3860,1250,0.573,0.0539,0.1664,1.5649,REGENCY CAKESTAND 3 TIER,COLOUR GLASS T-LIGHT HOLDER HANGING
22147,22271,208,1131,787,0.573,0.1839,0.2643,8.4831,FELTCRAFT BUTTERFLY HEARTS,FELTCRAFT DOLL ROSIE
21212,22333,208,3116,693,0.573,0.0668,0.3001,3.4967,PACK OF 72 RETROSPOT CAKE CASES,RETROSPOT PARTY BAG + STICKER SET
22147,22570,208,1131,807,0.573,0.1839,0.2577,8.2729,FELTCRAFT BUTTERFLY HEARTS,FELTCRAFT CUSHION RABBIT
20725,84029E,208,3055,1141,0.573,0.0681,0.1823,2.1662,LUNCH BAG RED RETROSPOT,RED WOOLLY HOTTIE WHITE HEART.
21801,21802,208,258,323,0.573,0.8062,0.644,90.6091,CHRISTMAS TREE DECORATION WITH BELL,CHRISTMAS TREE HEART DECORATION
23203,23301,208,1230,912,0.573,0.1691,0.2281,6.7312,JUMBO BAG VINTAGE DOILY,GARDENERS KNEELING PAD KEEP CALM
20719,84378,208,1572,1246,0.573,0.1323,0.1669,3.855,WOODLAND CHARLOTTE BAG,SET OF 3 HEART COOKIE CUTTERS
20726,22553,208,1922,1090,0.573,0.1082,0.1908,3.6042,LUNCH BAG WOODLAND,PLASTERS IN TIN SKULLS
21166,82582,208,1420,790,0.573,0.1465,0.2633,6.731,COOK WITH WINE METAL SIGN,AREA PATROLLED METAL SIGN
21080,22697,208,2119,1352,0.573,0.0982,0.1538,2.6356,SET/20 RED RETROSPOT PAPER NAPKINS,GREEN REGENCY TEACUP AND SAUCER
20675,84997D,208,692,1165,0.573,0.3006,0.1785,9.3662,BLUE POLKADOT BOWL,PINK 3 PIECE MINI DOTS CUTLERY SET
23307,23309,208,628,407,0.573,0.3312,0.5111,29.542,SET OF 60 PANTRY DESIGN CAKE CASES,SET OF 60 I LOVE LONDON CAKE CASES
84978,85099F,208,1417,1854,0.573,0.1468,0.1122,2.8742,HANGING HEART JAR T-LIGHT HOLDER,JUMBO BAG STRAWBERRY
20712,84991,208,1410,2126,0.573,0.1475,0.0978,2.5189,JUMBO BAG WOODLAND ANIMALS,60 TEATIME FAIRY CAKE CASES
22909,22950,208,1086,352,0.573,0.1915,0.5909,19.7525,SET OF 20 VINTAGE CHRISTMAS NAPKINS,36 DOILIES VINTAGE CHRISTMAS
21929,23201,208,1612,904,0.573,0.129,0.2301,5.1816,JUMBO BAG PINK VINTAGE PAISLEY,JUMBO BAG ALPHABET
84971S,85123A,208,461,5410,0.573,0.4512,0.0384,3.0276,SMALL HEART FLOWERS HOOK,WHITE HANGING HEART T-LIGHT HOLDER
21033,22411,208,573,2190,0.573,0.363,0.095,6.0172,JUMBO BAG CHARLIE AND LOLA TOYS,JUMBO SHOPPER VINTAGE RED PAISLEY
22835,22910,208,1010,1418,0.573,0.2059,0.1467,5.2723,HOT WATER BOTTLE I AM SO POORLY,PAPER CHAIN KIT VINTAGE CHRISTMAS
22356,23205,208,1584,467,0.573,0.1313,0.4454,10.2076,CHARLOTTE BAG PINK POLKADOT,CHARLOTTE BAG VINTAGE ALPHABET
21494,21935,208,501,921,0.573,0.4152,0.2258,16.3643,ROTATING LEAVES T-LIGHT HOLDER,SUKI SHOULDER BAG
22629,22697,208,1367,1352,0.573,0.1522,0.1538,4.0855,SPACEBOY LUNCH BOX,GREEN REGENCY TEACUP AND SAUCER
22326,84991,208,1390,2126,0.573,0.1496,0.0978,2.5551,ROUND SNACK BOXES SET OF4 WOODLAND,60 TEATIME FAIRY CAKE CASES
20724,22174,208,2035,556,0.573,0.1022,0.3741,6.6735,RED RETROSPOT CHARLOTTE BAG,PHOTO CUBE
21494,85099B,208,501,3979,0.573,0.4152,0.0523,3.7878,ROTATING LEAVES T-LIGHT HOLDER,JUMBO BAG RED RETROSPOT
22722,85123A,208,826,5410,0.573,0.2518,0.0384,1.6897,SET OF 6 SPICE TINS PANTRY DESIGN,WHITE HANGING HEART T-LIGHT HOLDER
21908,22413,208,974,880,0.573,0.2136,0.2364,8.8095,CHOCOLATE THIS WAY METAL SIGN,METAL SIGN TAKE IT OR LEAVE IT
22355,22727,207,1735,1362,0.5702,0.1193,0.152,3.18,CHARLOTTE BAG SUKI DESIGN,ALARM CLOCK BAKELIKE RED
22616,85099B,207,817,3979,0.5702,0.2534,0.052,2.3116,PACK OF 12 LONDON TISSUES,JUMBO BAG RED RETROSPOT
22355,82482,207,1735,1999,0.5702,0.1193,0.1036,2.1666,CHARLOTTE BAG SUKI DESIGN,WOODEN PICTURE FRAME WHITE FINISH
20723,23205,207,1379,467,0.5702,0.1501,0.4433,11.6686,STRAWBERRY CHARLOTTE BAG,CHARLOTTE BAG VINTAGE ALPHABET
21080,22352,207,2119,1117,0.5702,0.0977,0.1853,3.1748,SET/20 RED RETROSPOT PAPER NAPKINS,LUNCH BOX WITH CUTLERY RETROSPOT
21212,21981,207,3116,551,0.5702,0.0664,0.3757,4.3768,PACK OF 72 RETROSPOT CAKE CASES,PACK OF 12 WOODLAND TISSUES
20728,22327,207,2063,645,0.5702,0.1003,0.3209,5.6473,LUNCH BAG CARS BLUE,ROUND SNACK BOXES SET OF 4 SKULLS
20679,85123A,207,714,5410,0.5702,0.2899,0.0383,1.9454,EDWARDIAN PARASOL RED,WHITE HANGING HEART T-LIGHT HOLDER
20726,22457,207,1922,2031,0.5702,0.1077,0.1019,1.925,LUNCH BAG WOODLAND,NATURAL SLATE HEART CHALKBOARD
20724,21993,207,2035,577,0.5702,0.1017,0.3588,6.3997,RED RETROSPOT CHARLOTTE BAG,FLORAL FOLK STATIONERY SET
22382,84879,207,2153,2796,0.5702,0.0961,0.074,1.2483,LUNCH BAG SPACEBOY DESIGN,ASSORTED COLOUR BIRD ORNAMENT
21992,22355,207,656,1735,0.5702,0.3155,0.1193,6.6023,VINTAGE PAISLEY STATIONERY SET,CHARLOTTE BAG SUKI DESIGN
22381,22423,207,1099,3860,0.5702,0.1884,0.0536,1.7714,TOY TIDY PINK POLKADOT,REGENCY CAKESTAND 3 TIER
23202,85099F,207,879,1854,0.5702,0.2355,0.1117,4.6111,JUMBO BAG VINTAGE LEAF,JUMBO BAG STRAWBERRY
21232,22029,207,2426,1100,0.5702,0.0853,0.1882,2.8159,STRAWBERRY CERAMIC TRINKET BOX,SPACEBOY BIRTHDAY CARD
22384,82482,207,2101,1999,0.5702,0.0985,0.1036,1.7892,LUNCH BAG PINK POLKADOT,WOODEN PICTURE FRAME WHITE FINISH
20914,21533,207,2019,954,0.5702,0.1025,0.217,3.9014,SET/5 RED RETROSPOT LID GLASS BOWLS,RETRO SPOT LARGE MILK JUG
20727,21175,207,2345,1656,0.5702,0.0883,0.125,1.9351,LUNCH BAG BLACK SKULL.,GIN + TONIC DIET METAL SIGN
21669,85123A,207,804,5410,0.5702,0.2575,0.0383,1.7276,BLUE STRIPE CERAMIC DRAWER KNOB,WHITE HANGING HEART T-LIGHT HOLDER
21166,84991,207,1420,2126,0.5702,0.1458,0.0974,2.4891,COOK WITH WINE METAL SIGN,60 TEATIME FAIRY CAKE CASES
21212,22082,207,3116,955,0.5702,0.0664,0.2168,2.5252,PACK OF 72 RETROSPOT CAKE CASES,RIBBON REEL STRIPES DESIGN
21930,22381,207,1317,1099,0.5702,0.1572,0.1884,5.1918,JUMBO STORAGE BAG SKULLS,TOY TIDY PINK POLKADOT
21232,84879,207,2426,2796,0.5702,0.0853,0.074,1.1078,STRAWBERRY CERAMIC TRINKET BOX,ASSORTED COLOUR BIRD ORNAMENT
22423,85150,207,3860,1109,0.5702,0.0536,0.1867,1.7554,REGENCY CAKESTAND 3 TIER,LADIES & GENTLEMEN METAL SIGN
22423,82600,207,3860,1200,0.5702,0.0536,0.1725,1.6223,REGENCY CAKESTAND 3 TIER,NO SINGING METAL SIGN
84596B,84596L,207,733,255,0.5702,0.2824,0.8118,40.2028,SMALL DOLLY MIX DESIGN ORANGE BOWL,BISCUITS SMALL BOWL LIGHT BLUE
22379,84978,207,1567,1417,0.5702,0.1321,0.1461,3.3842,RECYCLING BAG RETROSPOT,HANGING HEART JAR T-LIGHT HOLDER
22174,85123A,207,556,5410,0.5702,0.3723,0.0383,2.4982,PHOTO CUBE,WHITE HANGING HEART T-LIGHT HOLDER
22219,82482,207,1149,1999,0.5702,0.1802,0.1036,3.2717,LOVEBIRD HANGING DECORATION WHITE,WOODEN PICTURE FRAME WHITE FINISH
22835,22867,207,1010,1052,0.5702,0.205,0.1968,7.0724,HOT WATER BOTTLE I AM SO POORLY,HAND WARMER BIRD DESIGN
22622,22623,207,563,541,0.5702,0.3677,0.3826,24.6715,BOX OF VINTAGE ALPHABET BLOCKS,BOX OF VINTAGE JIGSAW BLOCKS
22110,22111,207,511,1683,0.5702,0.4051,0.123,8.7377,BIRD HOUSE HOT WATER BOTTLE,SCOTTIE DOG HOT WATER BOTTLE
22077,22960,207,1751,1157,0.5702,0.1182,0.1789,3.7092,6 RIBBONS RUSTIC CHARM,JAM MAKING SET WITH JARS
21035,21232,207,928,2426,0.5702,0.2231,0.0853,3.3378,SET/2 RED RETROSPOT TEA TOWELS,STRAWBERRY CERAMIC TRINKET BOX
22383,84970S,207,2397,1520,0.5702,0.0864,0.1362,2.0625,LUNCH BAG SUKI DESIGN,HANGING HEART ZINC T-LIGHT HOLDER
21931,22961,207,2326,1188,0.5702,0.089,0.1742,2.7194,JUMBO STORAGE BAG SUKI,JAM MAKING SET PRINTED
21429,22355,207,995,1735,0.5702,0.208,0.1193,4.3529,RED GINGHAM ROSE JEWELLERY BOX,CHARLOTTE BAG SUKI DESIGN
21754,85152,207,2061,1455,0.5702,0.1004,0.1423,2.5059,HOME BUILDING BLOCK WORD,HAND OVER THE CHOCOLATE SIGN
22384,84997C,207,2101,1021,0.5702,0.0985,0.2027,3.5031,LUNCH BAG PINK POLKADOT,BLUE 3 PIECE MINI DOTS CUTLERY SET
20685,20914,207,1717,2019,0.5702,0.1206,0.1025,2.1677,DOORMAT RED RETROSPOT,SET/5 RED RETROSPOT LID GLASS BOWLS
21238,84997C,207,902,1021,0.5702,0.2295,0.2027,8.1596,RED RETROSPOT CUP,BLUE 3 PIECE MINI DOTS CUTLERY SET
21928,22381,207,1538,1099,0.5702,0.1346,0.1884,4.4458,JUMBO BAG SCANDINAVIAN PAISLEY,TOY TIDY PINK POLKADOT
23294,23296,207,354,377,0.5702,0.5847,0.5491,56.3062,SET OF 6 SNACK LOAF BAKING CASES,SET OF 6 TEA TIME BAKING CASES
21934,84692,207,723,1121,0.5702,0.2863,0.1847,9.2716,SKULL SHOULDER BAG,BOX OF 24 COCKTAIL PARASOLS
21165,82580,207,965,1336,0.5702,0.2145,0.1549,5.8286,BEWARE OF THE CAT METAL SIGN,BATHROOM METAL SIGN
22411,84946,207,2190,1756,0.5702,0.0945,0.1179,1.954,JUMBO SHOPPER VINTAGE RED PAISLEY,ANTIQUE SILVER TEA GLASS ETCHED
21931,22470,207,2326,1947,0.5702,0.089,0.1063,1.6593,JUMBO STORAGE BAG SUKI,HEART OF WICKER LARGE
22355,22554,207,1735,1275,0.5702,0.1193,0.1624,3.397,CHARLOTTE BAG SUKI DESIGN,PLASTERS IN TIN WOODLAND ANIMALS
22149,22570,207,1380,807,0.5702,0.15,0.2565,6.7476,FELTCRAFT 6 FLOWER FRIENDS,FELTCRAFT CUSHION RABBIT
21155,21232,207,964,2426,0.5702,0.2147,0.0853,3.2132,RED RETROSPOT PEG BAG,STRAWBERRY CERAMIC TRINKET BOX
20718,22077,207,1212,1751,0.5702,0.1708,0.1182,3.5409,RED RETROSPOT SHOPPER BAG,6 RIBBONS RUSTIC CHARM
21977,22960,207,1992,1157,0.5702,0.1039,0.1789,3.2605,PACK OF 60 PINK PAISLEY CAKE CASES,JAM MAKING SET WITH JARS
22737,22910,207,493,1418,0.5702,0.4199,0.146,10.7492,RIBBON REEL CHRISTMAS PRESENT,PAPER CHAIN KIT VINTAGE CHRISTMAS
22630,47566,207,1333,2648,0.5702,0.1553,0.0782,2.1289,DOLLY GIRL LUNCH BOX,PARTY BUNTING
20728,84992,207,2063,1459,0.5702,0.1003,0.1419,2.4966,LUNCH BAG CARS BLUE,72 SWEETHEART FAIRY CAKE CASES
22149,84991,206,1380,2126,0.5675,0.1493,0.0969,2.5489,FELTCRAFT 6 FLOWER FRIENDS,60 TEATIME FAIRY CAKE CASES
22139,22356,206,2087,1584,0.5675,0.0987,0.1301,2.2621,RETROSPOT TEA SET CERAMIC 11 PC,CHARLOTTE BAG PINK POLKADOT
21843,22197,206,1521,2278,0.5675,0.1354,0.0904,2.1583,RED RETROSPOT CAKE STAND,SMALL POPCORN HOLDER
21790,82482,206,1885,1999,0.5675,0.1093,0.1031,1.9846,VINTAGE SNAP CARDS,WOODEN PICTURE FRAME WHITE FINISH
21980,21982,206,676,716,0.5675,0.3047,0.2877,15.4503,PACK OF 12 RED RETROSPOT TISSUES,PACK OF 12 SUKI TISSUES
21975,84378,206,1302,1246,0.5675,0.1582,0.1653,4.6097,PACK OF 60 DINOSAUR CAKE CASES,SET OF 3 HEART COOKIE CUTTERS
22867,85099B,206,1052,3979,0.5675,0.1958,0.0518,1.7865,HAND WARMER BIRD DESIGN,JUMBO BAG RED RETROSPOT
22423,23170,206,3860,444,0.5675,0.0534,0.464,4.3634,REGENCY CAKESTAND 3 TIER,REGENCY TEA PLATE ROSES
21212,84755,206,3116,1250,0.5675,0.0661,0.1648,1.92,PACK OF 72 RETROSPOT CAKE CASES,COLOUR GLASS T-LIGHT HOLDER HANGING
21559,22629,206,1219,1367,0.5675,0.169,0.1507,4.4877,STRAWBERRY LUNCH BOX WITH CUTLERY,SPACEBOY LUNCH BOX
20725,22661,206,3055,631,0.5675,0.0674,0.3265,3.8793,LUNCH BAG RED RETROSPOT,CHARLOTTE BAG DOLLY GIRL DESIGN
22138,22197,206,1896,2278,0.5675,0.1086,0.0904,1.7314,BAKING SET 9 PIECE RETROSPOT,SMALL POPCORN HOLDER
22377,85099B,206,434,3979,0.5675,0.4747,0.0518,4.3305,BOTTLE BAG RETROSPOT,JUMBO BAG RED RETROSPOT
22197,84029G,206,2278,1007,0.5675,0.0904,0.2046,3.26,SMALL POPCORN HOLDER,KNITTED UNION FLAG HOT WATER BOTTLE
21314,22077,206,1058,1751,0.5675,0.1947,0.1176,4.0367,SMALL GLASS HEART TRINKET POT,6 RIBBONS RUSTIC CHARM
20719,21314,206,1572,1058,0.5675,0.131,0.1947,4.4963,WOODLAND CHARLOTTE BAG,SMALL GLASS HEART TRINKET POT
21231,21314,206,1480,1058,0.5675,0.1392,0.1947,4.7758,SWEETHEART CERAMIC TRINKET BOX,SMALL GLASS HEART TRINKET POT
20723,22385,206,1379,1246,0.5675,0.1494,0.1653,4.3523,STRAWBERRY CHARLOTTE BAG,JUMBO BAG SPACEBOY DESIGN
21080,22385,206,2119,1246,0.5675,0.0972,0.1653,2.8324,SET/20 RED RETROSPOT PAPER NAPKINS,JUMBO BAG SPACEBOY DESIGN
22411,84879,206,2190,2796,0.5675,0.0941,0.0737,1.2213,JUMBO SHOPPER VINTAGE RED PAISLEY,ASSORTED COLOUR BIRD ORNAMENT
21175,22457,206,1656,2031,0.5675,0.1244,0.1014,2.2235,GIN + TONIC DIET METAL SIGN,NATURAL SLATE HEART CHALKBOARD
22352,22379,206,1117,1567,0.5675,0.1844,0.1315,4.2724,LUNCH BOX WITH CUTLERY RETROSPOT,RECYCLING BAG RETROSPOT
20725,22329,206,3055,610,0.5675,0.0674,0.3377,4.0129,LUNCH BAG RED RETROSPOT,ROUND CONTAINER SET OF 5 RETROSPOT
20914,84378,206,2019,1246,0.5675,0.102,0.1653,2.9726,SET/5 RED RETROSPOT LID GLASS BOWLS,SET OF 3 HEART COOKIE CUTTERS
22297,22469,206,969,2141,0.5675,0.2126,0.0962,3.6046,HEART IVORY TRELLIS SMALL,HEART OF WICKER SMALL
21212,22835,206,3116,1010,0.5675,0.0661,0.204,2.3762,PACK OF 72 RETROSPOT CAKE CASES,HOT WATER BOTTLE I AM SO POORLY
22178,22297,206,1802,969,0.5675,0.1143,0.2126,4.2827,VICTORIAN GLASS HANGING T-LIGHT,HEART IVORY TRELLIS SMALL
21164,21175,206,720,1656,0.5675,0.2861,0.1244,6.272,HOME SWEET HOME METAL SIGN,GIN + TONIC DIET METAL SIGN
20719,82583,206,1572,1174,0.5675,0.131,0.1755,4.0521,WOODLAND CHARLOTTE BAG,HOT BATHS METAL SIGN
21790,22112,206,1885,1713,0.5675,0.1093,0.1203,2.3159,VINTAGE SNAP CARDS,CHOCOLATE HOT WATER BOTTLE
20914,21175,206,2019,1656,0.5675,0.102,0.1244,2.2367,SET/5 RED RETROSPOT LID GLASS BOWLS,GIN + TONIC DIET METAL SIGN
21314,21931,206,1058,2326,0.5675,0.1947,0.0886,3.0388,SMALL GLASS HEART TRINKET POT,JUMBO STORAGE BAG SUKI
22900,85099B,206,721,3979,0.5675,0.2857,0.0518,2.6067,SET 2 TEA TOWELS I LOVE LONDON,JUMBO BAG RED RETROSPOT
22558,84991,206,1196,2126,0.5675,0.1722,0.0969,2.9411,CLOTHES PEGS RETROSPOT PACK 24,60 TEATIME FAIRY CAKE CASES
21213,84997B,206,1477,1102,0.5675,0.1395,0.1869,4.5945,PACK OF 72 SKULL CAKE CASES,RED 3 PIECE MINI DOTS CUTLERY SET
21935,22699,206,921,1420,0.5675,0.2237,0.1451,5.7181,SUKI SHOULDER BAG,ROSES REGENCY TEACUP AND SAUCER
21232,22417,206,2426,1102,0.5675,0.0849,0.1869,2.7972,STRAWBERRY CERAMIC TRINKET BOX,PACK OF 60 SPACEBOY CAKE CASES
21212,21216,206,3116,797,0.5675,0.0661,0.2585,3.0112,PACK OF 72 RETROSPOT CAKE CASES,"SET 3 RETROSPOT TEA,COFFEE,SUGAR"
22090,22219,206,1698,1149,0.5675,0.1213,0.1793,3.833,PAPER BUNTING RETROSPOT,LOVEBIRD HANGING DECORATION WHITE
22086,22470,206,2000,1947,0.5675,0.103,0.1058,1.9204,PAPER CHAIN KIT 50'S CHRISTMAS,HEART OF WICKER LARGE
22465,85123A,206,459,5410,0.5675,0.4488,0.0381,3.0115,HANGING METAL STAR LANTERN,WHITE HANGING HEART T-LIGHT HOLDER
22197,82494L,206,2278,2055,0.5675,0.0904,0.1002,1.5975,SMALL POPCORN HOLDER,WOODEN FRAME ANTIQUE WHITE
20981,20982,206,513,576,0.5675,0.4016,0.3576,25.308,12 PENCILS TALL TUBE WOODLAND,12 PENCILS TALL TUBE SKULLS
20728,22381,206,2063,1099,0.5675,0.0999,0.1874,3.2984,LUNCH BAG CARS BLUE,TOY TIDY PINK POLKADOT
22348,22379,206,956,1567,0.5675,0.2155,0.1315,4.992,TEA BAG PLATE RED RETROSPOT,RECYCLING BAG RETROSPOT
21935,82482,206,921,1999,0.5675,0.2237,0.1031,4.0619,SUKI SHOULDER BAG,WOODEN PICTURE FRAME WHITE FINISH
20711,22356,206,1052,1584,0.5675,0.1958,0.1301,4.4877,JUMBO BAG TOYS,CHARLOTTE BAG PINK POLKADOT
21213,22379,206,1477,1567,0.5675,0.1395,0.1315,3.2311,PACK OF 72 SKULL CAKE CASES,RECYCLING BAG RETROSPOT
20728,21936,206,2063,1043,0.5675,0.0999,0.1975,3.4755,LUNCH BAG CARS BLUE,RED RETROSPOT PICNIC BAG
21931,22659,206,2326,1066,0.5675,0.0886,0.1932,3.016,JUMBO STORAGE BAG SUKI,LUNCH BOX I LOVE LONDON
21928,22382,206,1538,2153,0.5675,0.1339,0.0957,2.2584,JUMBO BAG SCANDINAVIAN PAISLEY,LUNCH BAG SPACEBOY DESIGN
15036,21935,206,974,921,0.5675,0.2115,0.2237,8.3364,ASSORTED COLOURS SILK FAN,SUKI SHOULDER BAG
21314,21935,206,1058,921,0.5675,0.1947,0.2237,7.6745,SMALL GLASS HEART TRINKET POT,SUKI SHOULDER BAG
20717,22386,206,756,2241,0.5675,0.2725,0.0919,4.414,STRAWBERRY SHOPPER BAG,JUMBO BAG PINK POLKADOT
21430,22386,206,809,2241,0.5675,0.2546,0.0919,4.1248,SET/3 RED GINGHAM ROSE STORAGE BOX,JUMBO BAG PINK POLKADOT
20972,21791,206,1394,1312,0.5675,0.1478,0.157,4.0888,PINK CREAM FELT CRAFT TRINKET BOX,VINTAGE HEADS AND TAILS CARD GAME
21931,48194,206,2326,1347,0.5675,0.0886,0.1529,2.3868,JUMBO STORAGE BAG SUKI,DOORMAT HEARTS
21975,22356,206,1302,1584,0.5675,0.1582,0.1301,3.626,PACK OF 60 DINOSAUR CAKE CASES,CHARLOTTE BAG PINK POLKADOT
22196,22356,206,981,1584,0.5675,0.21,0.1301,4.8125,SMALL HEART MEASURING SPOONS,CHARLOTTE BAG PINK POLKADOT
22199,22203,206,404,392,0.5675,0.5099,0.5255,47.2205,FRYING PAN RED RETROSPOT,MILK PAN RED RETROSPOT
22077,82580,206,1751,1336,0.5675,0.1176,0.1542,3.1967,6 RIBBONS RUSTIC CHARM,BATHROOM METAL SIGN
22666,82494L,206,1652,2055,0.5675,0.1247,0.1002,2.2028,RECIPE BOX PANTRY YELLOW DESIGN,WOODEN FRAME ANTIQUE WHITE
22560,22561,206,737,904,0.5675,0.2795,0.2279,11.2244,TRADITIONAL MODELLING CLAY,WOODEN SCHOOL COLOURING SET
20727,23202,206,2345,879,0.5675,0.0878,0.2344,3.628,LUNCH BAG BLACK SKULL.,JUMBO BAG VINTAGE LEAF
21892,85099B,206,818,3979,0.5675,0.2518,0.0518,2.2976,TRADITIONAL WOODEN CATCH CUP GAME,JUMBO BAG RED RETROSPOT
21935,22178,206,921,1802,0.5675,0.2237,0.1143,4.5059,SUKI SHOULDER BAG,VICTORIAN GLASS HANGING T-LIGHT
21977,22630,205,1992,1333,0.5647,0.1029,0.1538,2.8026,PACK OF 60 PINK PAISLEY CAKE CASES,DOLLY GIRL LUNCH BOX
20914,22178,205,2019,1802,0.5647,0.1015,0.1138,2.0455,SET/5 RED RETROSPOT LID GLASS BOWLS,VICTORIAN GLASS HANGING T-LIGHT
22384,22417,205,2101,1102,0.5647,0.0976,0.186,3.2142,LUNCH BAG PINK POLKADOT,PACK OF 60 SPACEBOY CAKE CASES
22197,84879,205,2278,2796,0.5647,0.09,0.0733,1.1684,SMALL POPCORN HOLDER,ASSORTED COLOUR BIRD ORNAMENT
22356,82482,205,1584,1999,0.5647,0.1294,0.1026,2.3503,CHARLOTTE BAG PINK POLKADOT,WOODEN PICTURE FRAME WHITE FINISH
21754,22383,205,2061,2397,0.5647,0.0995,0.0855,1.5064,HOME BUILDING BLOCK WORD,LUNCH BAG SUKI DESIGN
21790,21993,205,1885,577,0.5647,0.1088,0.3553,6.8422,VINTAGE SNAP CARDS,FLORAL FOLK STATIONERY SET
21754,21931,205,2061,2326,0.5647,0.0995,0.0881,1.5524,HOME BUILDING BLOCK WORD,JUMBO STORAGE BAG SUKI
20914,21559,205,2019,1219,0.5647,0.1015,0.1682,3.0237,SET/5 RED RETROSPOT LID GLASS BOWLS,STRAWBERRY LUNCH BOX WITH CUTLERY
22296,22469,205,832,2141,0.5647,0.2464,0.0957,4.1778,HEART IVORY TRELLIS LARGE,HEART OF WICKER SMALL
22219,22294,205,1149,860,0.5647,0.1784,0.2384,7.5312,LOVEBIRD HANGING DECORATION WHITE,HEART FILIGREE DOVE SMALL
21992,22457,205,656,2031,0.5647,0.3125,0.1009,5.5856,VINTAGE PAISLEY STATIONERY SET,NATURAL SLATE HEART CHALKBOARD
21080,22086,205,2119,2000,0.5647,0.0967,0.1025,1.756,SET/20 RED RETROSPOT PAPER NAPKINS,PAPER CHAIN KIT 50'S CHRISTMAS
20972,22274,205,1394,656,0.5647,0.1471,0.3125,8.138,PINK CREAM FELT CRAFT TRINKET BOX,FELTCRAFT DOLL EMILY
22728,85099B,205,968,3979,0.5647,0.2118,0.0515,1.9321,ALARM CLOCK BAKELIKE PINK,JUMBO BAG RED RETROSPOT
21154,47559B,205,902,743,0.5647,0.2273,0.2759,11.1042,RED RETROSPOT OVEN GLOVE,TEA TIME OVEN GLOVE
22699,84946,205,1420,1756,0.5647,0.1444,0.1167,2.9845,ROSES REGENCY TEACUP AND SAUCER,ANTIQUE SILVER TEA GLASS ETCHED
22086,22113,205,2000,992,0.5647,0.1025,0.2067,3.751,PAPER CHAIN KIT 50'S CHRISTMAS,GREY HEART HOT WATER BOTTLE
21930,23203,205,1317,1230,0.5647,0.1557,0.1667,4.594,JUMBO STORAGE BAG SKULLS,JUMBO BAG VINTAGE DOILY
82482,84836,205,1999,1406,0.5647,0.1026,0.1458,2.6478,WOODEN PICTURE FRAME WHITE FINISH,ZINC METAL HEART DECORATION
82551,85099B,205,751,3979,0.5647,0.273,0.0515,2.4904,LAUNDRY 15C METAL SIGN,JUMBO BAG RED RETROSPOT
21080,22196,205,2119,981,0.5647,0.0967,0.209,3.58,SET/20 RED RETROSPOT PAPER NAPKINS,SMALL HEART MEASURING SPOONS
21754,22384,205,2061,2101,0.5647,0.0995,0.0976,1.7186,HOME BUILDING BLOCK WORD,LUNCH BAG PINK POLKADOT
84596F,85123A,205,614,5410,0.5647,0.3339,0.0379,2.2404,SMALL MARSHMALLOWS PINK BOWL,WHITE HANGING HEART T-LIGHT HOLDER
22734,85049A,205,749,717,0.5647,0.2737,0.2859,13.8575,SET OF 6 RIBBONS VINTAGE CHRISTMAS,TRADITIONAL CHRISTMAS RIBBONS
84692,84946,205,1121,1756,0.5647,0.1829,0.1167,3.7805,BOX OF 24 COCKTAIL PARASOLS,ANTIQUE SILVER TEA GLASS ETCHED
20727,20972,205,2345,1394,0.5647,0.0874,0.1471,2.2766,LUNCH BAG BLACK SKULL.,PINK CREAM FELT CRAFT TRINKET BOX
22469,82484,205,2141,1170,0.5647,0.0957,0.1752,2.9709,HEART OF WICKER SMALL,WOOD BLACK BOARD ANT WHITE FINISH
15056N,22411,205,1139,2190,0.5647,0.18,0.0936,2.9834,EDWARDIAN PARASOL NATURAL,JUMBO SHOPPER VINTAGE RED PAISLEY
21232,21908,205,2426,974,0.5647,0.0845,0.2105,3.1494,STRAWBERRY CERAMIC TRINKET BOX,CHOCOLATE THIS WAY METAL SIGN
20727,84978,205,2345,1417,0.5647,0.0874,0.1447,2.2396,LUNCH BAG BLACK SKULL.,HANGING HEART JAR T-LIGHT HOLDER
21210,22356,205,1159,1584,0.5647,0.1769,0.1294,4.0536,SET OF 72 RETROSPOT PAPER DOILIES,CHARLOTTE BAG PINK POLKADOT
22505,85123A,205,742,5410,0.5647,0.2763,0.0379,1.8539,MEMO BOARD COTTAGE DESIGN,WHITE HANGING HEART T-LIGHT HOLDER
20712,22697,205,1410,1352,0.5647,0.1454,0.1516,3.9038,JUMBO BAG WOODLAND ANIMALS,GREEN REGENCY TEACUP AND SAUCER
22383,82580,205,2397,1336,0.5647,0.0855,0.1534,2.3239,LUNCH BAG SUKI DESIGN,BATHROOM METAL SIGN
22411,84692,205,2190,1121,0.5647,0.0936,0.1829,3.0313,JUMBO SHOPPER VINTAGE RED PAISLEY,BOX OF 24 COCKTAIL PARASOLS
20685,21843,205,1717,1521,0.5647,0.1194,0.1348,2.8496,DOORMAT RED RETROSPOT,RED RETROSPOT CAKE STAND
21934,22077,205,723,1751,0.5647,0.2835,0.1171,5.8784,SKULL SHOULDER BAG,6 RIBBONS RUSTIC CHARM
21790,22619,204,1885,705,0.562,0.1082,0.2894,5.5726,VINTAGE SNAP CARDS,SET OF 6 SOLDIER SKITTLES
20713,22381,204,1304,1099,0.562,0.1564,0.1856,5.1676,JUMBO BAG OWLS,TOY TIDY PINK POLKADOT
21933,22383,204,623,2397,0.562,0.3274,0.0851,4.9591,PINK VINTAGE PAISLEY PICNIC BAG,LUNCH BAG SUKI DESIGN
21931,84978,204,2326,1417,0.562,0.0877,0.144,2.2469,JUMBO STORAGE BAG SUKI,HANGING HEART JAR T-LIGHT HOLDER
22470,47566,204,1947,2648,0.562,0.1048,0.077,1.4364,HEART OF WICKER LARGE,PARTY BUNTING
20725,22663,204,3055,688,0.562,0.0668,0.2965,3.5234,LUNCH BAG RED RETROSPOT,JUMBO BAG DOLLY GIRL DESIGN
21080,84970S,204,2119,1520,0.562,0.0963,0.1342,2.2992,SET/20 RED RETROSPOT PAPER NAPKINS,HANGING HEART ZINC T-LIGHT HOLDER
20972,22749,204,1394,684,0.562,0.1463,0.2982,7.7668,PINK CREAM FELT CRAFT TRINKET BOX,FELTCRAFT PRINCESS CHARLOTTE DOLL
22663,85099F,204,688,1854,0.562,0.2965,0.11,5.8058,JUMBO BAG DOLLY GIRL DESIGN,JUMBO BAG STRAWBERRY
21232,22109,204,2426,642,0.562,0.0841,0.3178,4.7548,STRAWBERRY CERAMIC TRINKET BOX,FULL ENGLISH BREAKFAST PLATE
23245,23307,204,869,628,0.562,0.2348,0.3248,13.57,SET OF 3 REGENCY CAKE TINS,SET OF 60 PANTRY DESIGN CAKE CASES
22722,22993,204,826,1071,0.562,0.247,0.1905,8.3713,SET OF 6 SPICE TINS PANTRY DESIGN,SET OF 4 PANTRY JELLY MOULDS
20726,23199,204,1922,976,0.562,0.1061,0.209,3.9478,LUNCH BAG WOODLAND,JUMBO BAG APPLES
21212,22659,204,3116,1066,0.562,0.0655,0.1914,2.2295,PACK OF 72 RETROSPOT CAKE CASES,LUNCH BOX I LOVE LONDON
21212,22087,204,3116,838,0.562,0.0655,0.2434,2.8361,PACK OF 72 RETROSPOT CAKE CASES,PAPER BUNTING WHITE LACE
20719,21155,204,1572,964,0.562,0.1298,0.2116,4.8869,WOODLAND CHARLOTTE BAG,RED RETROSPOT PEG BAG
21992,84946,204,656,1756,0.562,0.311,0.1162,6.4288,VINTAGE PAISLEY STATIONERY SET,ANTIQUE SILVER TEA GLASS ETCHED
22084,85123A,204,806,5410,0.562,0.2531,0.0377,1.6984,PAPER CHAIN KIT EMPIRE,WHITE HANGING HEART T-LIGHT HOLDER
21232,21992,204,2426,656,0.562,0.0841,0.311,4.6534,STRAWBERRY CERAMIC TRINKET BOX,VINTAGE PAISLEY STATIONERY SET
20725,84596B,204,3055,733,0.562,0.0668,0.2783,3.3071,LUNCH BAG RED RETROSPOT,SMALL DOLLY MIX DESIGN ORANGE BOWL
20972,22077,204,1394,1751,0.562,0.1463,0.1165,3.034,PINK CREAM FELT CRAFT TRINKET BOX,6 RIBBONS RUSTIC CHARM
21429,22197,204,995,2278,0.562,0.205,0.0896,3.2673,RED GINGHAM ROSE JEWELLERY BOX,SMALL POPCORN HOLDER
22907,85123A,204,829,5410,0.562,0.2461,0.0377,1.6512,PACK OF 20 NAPKINS PANTRY DESIGN,WHITE HANGING HEART T-LIGHT HOLDER
21977,22558,204,1992,1196,0.562,0.1024,0.1706,3.1084,PACK OF 60 PINK PAISLEY CAKE CASES,CLOTHES PEGS RETROSPOT PACK 24
21929,22139,204,1612,2087,0.562,0.1266,0.0977,2.2013,JUMBO BAG PINK VINTAGE PAISLEY,RETROSPOT TEA SET CERAMIC 11 PC
47566,79321,204,2648,1089,0.562,0.077,0.1873,2.5681,PARTY BUNTING,CHILLI LIGHTS
21155,22383,204,964,2397,0.562,0.2116,0.0851,3.2049,RED RETROSPOT PEG BAG,LUNCH BAG SUKI DESIGN
22379,22699,204,1567,1420,0.562,0.1302,0.1437,3.3282,RECYCLING BAG RETROSPOT,ROSES REGENCY TEACUP AND SAUCER
22423,22645,204,3860,741,0.562,0.0528,0.2753,2.5891,REGENCY CAKESTAND 3 TIER,CERAMIC HEART FAIRY CAKE MONEY BANK
22918,22921,204,249,220,0.562,0.8193,0.9273,135.1882,HERB MARKER PARSLEY,HERB MARKER CHIVES
20914,22329,204,2019,610,0.562,0.101,0.3344,6.013,SET/5 RED RETROSPOT LID GLASS BOWLS,ROUND CONTAINER SET OF 5 RETROSPOT
82494L,84978,204,2055,1417,0.562,0.0993,0.144,2.5432,WOODEN FRAME ANTIQUE WHITE,HANGING HEART JAR T-LIGHT HOLDER
22355,22662,204,1735,993,0.562,0.1176,0.2054,4.2985,CHARLOTTE BAG SUKI DESIGN,LUNCH BAG DOLLY GIRL DESIGN
21314,22699,204,1058,1420,0.562,0.1928,0.1437,4.9293,SMALL GLASS HEART TRINKET POT,ROSES REGENCY TEACUP AND SAUCER
15056N,47566,204,1139,2648,0.562,0.1791,0.077,2.4554,EDWARDIAN PARASOL NATURAL,PARTY BUNTING
20914,22086,204,2019,2000,0.562,0.101,0.102,1.834,SET/5 RED RETROSPOT LID GLASS BOWLS,PAPER CHAIN KIT 50'S CHRISTMAS
21791,21891,204,1312,829,0.562,0.1555,0.2461,6.8088,VINTAGE HEADS AND TAILS CARD GAME,TRADITIONAL WOODEN SKIPPING ROPE
22737,22738,204,493,498,0.562,0.4138,0.4096,30.1637,RIBBON REEL CHRISTMAS PRESENT,RIBBON REEL SNOWY VILLAGE
21212,21242,204,3116,657,0.562,0.0655,0.3105,3.6174,PACK OF 72 RETROSPOT CAKE CASES,RED RETROSPOT PLATE
21931,82600,204,2326,1200,0.562,0.0877,0.17,2.6532,JUMBO STORAGE BAG SUKI,NO SINGING METAL SIGN
21934,85099C,204,723,1867,0.562,0.2822,0.1093,5.4863,SKULL SHOULDER BAG,JUMBO BAG BAROQUE BLACK WHITE
21929,22457,204,1612,2031,0.562,0.1266,0.1004,2.262,JUMBO BAG PINK VINTAGE PAISLEY,NATURAL SLATE HEART CHALKBOARD
21929,82482,204,1612,1999,0.562,0.1266,0.1021,2.2982,JUMBO BAG PINK VINTAGE PAISLEY,WOODEN PICTURE FRAME WHITE FINISH
22457,84378,204,2031,1246,0.562,0.1004,0.1637,2.9264,NATURAL SLATE HEART CHALKBOARD,SET OF 3 HEART COOKIE CUTTERS
21212,22549,204,3116,710,0.562,0.0655,0.2873,3.3474,PACK OF 72 RETROSPOT CAKE CASES,PICTURE DOMINOES
22411,48138,204,2190,1638,0.562,0.0932,0.1245,2.0644,JUMBO SHOPPER VINTAGE RED PAISLEY,DOORMAT UNION FLAG
21523,21754,204,1120,2061,0.562,0.1821,0.099,3.2082,DOORMAT FANCY FONT HOME SWEET HOME,HOME BUILDING BLOCK WORD
21930,22423,204,1317,3860,0.562,0.1549,0.0528,1.4568,JUMBO STORAGE BAG SKULLS,REGENCY CAKESTAND 3 TIER
84991,84997D,204,2126,1165,0.562,0.096,0.1751,2.99,60 TEATIME FAIRY CAKE CASES,PINK 3 PIECE MINI DOTS CUTLERY SET
20727,84970S,204,2345,1520,0.562,0.087,0.1342,2.0777,LUNCH BAG BLACK SKULL.,HANGING HEART ZINC T-LIGHT HOLDER
22386,22470,204,2241,1947,0.562,0.091,0.1048,1.6973,JUMBO BAG PINK POLKADOT,HEART OF WICKER LARGE
22961,23245,204,1188,869,0.562,0.1717,0.2348,7.1734,JAM MAKING SET PRINTED,SET OF 3 REGENCY CAKE TINS
21843,22090,204,1521,1698,0.562,0.1341,0.1201,2.8674,RED RETROSPOT CAKE STAND,PAPER BUNTING RETROSPOT
20725,22557,204,3055,1125,0.562,0.0668,0.1813,2.1548,LUNCH BAG RED RETROSPOT,PLASTERS IN TIN VINTAGE PAISLEY
82484,85099B,204,1170,3979,0.562,0.1744,0.0513,1.5907,WOOD BLACK BOARD ANT WHITE FINISH,JUMBO BAG RED RETROSPOT
22355,47591D,203,1735,1210,0.5592,0.117,0.1678,3.5103,CHARLOTTE BAG SUKI DESIGN,PINK FAIRY CAKE CHILDRENS APRON
21155,22382,203,964,2153,0.5592,0.2106,0.0943,3.5506,RED RETROSPOT PEG BAG,LUNCH BAG SPACEBOY DESIGN
22505,22507,203,742,899,0.5592,0.2736,0.2258,11.0475,MEMO BOARD COTTAGE DESIGN,MEMO BOARD RETROSPOT DESIGN
21080,21217,203,2119,927,0.5592,0.0958,0.219,3.7516,SET/20 RED RETROSPOT PAPER NAPKINS,RED RETROSPOT ROUND CAKE TINS
22386,22697,203,2241,1352,0.5592,0.0906,0.1501,2.4322,JUMBO BAG PINK POLKADOT,GREEN REGENCY TEACUP AND SAUCER
21094,21731,203,984,1525,0.5592,0.2063,0.1331,4.9109,SET/6 RED SPOTTY PAPER PLATES,RED TOADSTOOL LED NIGHT LIGHT
21982,22383,203,716,2397,0.5592,0.2835,0.0847,4.2938,PACK OF 12 SUKI TISSUES,LUNCH BAG SUKI DESIGN
20724,21240,203,2035,769,0.5592,0.0998,0.264,4.7091,RED RETROSPOT CHARLOTTE BAG,BLUE POLKADOT CUP
22327,22382,203,645,2153,0.5592,0.3147,0.0943,5.3067,ROUND SNACK BOXES SET OF 4 SKULLS,LUNCH BAG SPACEBOY DESIGN
22326,47566,203,1390,2648,0.5592,0.146,0.0767,2.0021,ROUND SNACK BOXES SET OF4 WOODLAND,PARTY BUNTING
22139,22384,203,2087,2101,0.5592,0.0973,0.0966,1.6807,RETROSPOT TEA SET CERAMIC 11 PC,LUNCH BAG PINK POLKADOT
21232,22198,203,2426,645,0.5592,0.0837,0.3147,4.7095,STRAWBERRY CERAMIC TRINKET BOX,LARGE POPCORN HOLDER
20719,21992,203,1572,656,0.5592,0.1291,0.3095,7.1461,WOODLAND CHARLOTTE BAG,VINTAGE PAISLEY STATIONERY SET
21080,22666,203,2119,1652,0.5592,0.0958,0.1229,2.1052,SET/20 RED RETROSPOT PAPER NAPKINS,RECIPE BOX PANTRY YELLOW DESIGN
22297,84836,203,969,1406,0.5592,0.2095,0.1444,5.409,HEART IVORY TRELLIS SMALL,ZINC METAL HEART DECORATION
21094,21977,203,984,1992,0.5592,0.2063,0.1019,3.7596,SET/6 RED SPOTTY PAPER PLATES,PACK OF 60 PINK PAISLEY CAKE CASES
15036,22090,203,974,1698,0.5592,0.2084,0.1196,4.4558,ASSORTED COLOURS SILK FAN,PAPER BUNTING RETROSPOT
22630,82482,203,1333,1999,0.5592,0.1523,0.1016,2.7656,DOLLY GIRL LUNCH BOX,WOODEN PICTURE FRAME WHITE FINISH
20724,20971,203,2035,1143,0.5592,0.0998,0.1776,3.1682,RED RETROSPOT CHARLOTTE BAG,PINK BLUE FELT CRAFT TRINKET BOX
22759,85099B,203,795,3979,0.5592,0.2553,0.051,2.3296,SET OF 3 NOTEBOOKS IN PARCEL,JUMBO BAG RED RETROSPOT
20724,22629,203,2035,1367,0.5592,0.0998,0.1485,2.6491,RED RETROSPOT CHARLOTTE BAG,SPACEBOY LUNCH BOX
20713,84991,203,1304,2126,0.5592,0.1557,0.0955,2.6582,JUMBO BAG OWLS,60 TEATIME FAIRY CAKE CASES
22469,85152,203,2141,1455,0.5592,0.0948,0.1395,2.3656,HEART OF WICKER SMALL,HAND OVER THE CHOCOLATE SIGN
22189,84879,203,1296,2796,0.5592,0.1566,0.0726,2.0337,CREAM HEART CARD HOLDER,ASSORTED COLOUR BIRD ORNAMENT
20719,21928,203,1572,1538,0.5592,0.1291,0.132,3.048,WOODLAND CHARLOTTE BAG,JUMBO BAG SCANDINAVIAN PAISLEY
20914,82580,203,2019,1336,0.5592,0.1005,0.1519,2.732,SET/5 RED RETROSPOT LID GLASS BOWLS,BATHROOM METAL SIGN
22327,22383,203,645,2397,0.5592,0.3147,0.0847,4.7665,ROUND SNACK BOXES SET OF 4 SKULLS,LUNCH BAG SUKI DESIGN
20914,21733,203,2019,1755,0.5592,0.1005,0.1157,2.0798,SET/5 RED RETROSPOT LID GLASS BOWLS,RED HANGING HEART T-LIGHT HOLDER
22835,84029G,203,1010,1007,0.5592,0.201,0.2016,7.2456,HOT WATER BOTTLE I AM SO POORLY,KNITTED UNION FLAG HOT WATER BOTTLE
21731,22659,203,1525,1066,0.5592,0.1331,0.1904,4.5331,RED TOADSTOOL LED NIGHT LIGHT,LUNCH BOX I LOVE LONDON
20728,22086,203,2063,2000,0.5592,0.0984,0.1015,1.7861,LUNCH BAG CARS BLUE,PAPER CHAIN KIT 50'S CHRISTMAS
23209,85123A,203,1096,5410,0.5592,0.1852,0.0375,1.2429,LUNCH BAG VINTAGE DOILY,WHITE HANGING HEART T-LIGHT HOLDER
20719,22727,203,1572,1362,0.5592,0.1291,0.149,3.4419,WOODLAND CHARLOTTE BAG,ALARM CLOCK BAKELIKE RED
20728,21935,203,2063,921,0.5592,0.0984,0.2204,3.8785,LUNCH BAG CARS BLUE,SUKI SHOULDER BAG
23264,23266,203,299,319,0.5592,0.6789,0.6364,77.2618,SET OF 3 WOODEN SLEIGH DECORATIONS,SET OF 3 WOODEN STOCKING DECORATION
20712,21936,203,1410,1043,0.5592,0.144,0.1946,5.011,JUMBO BAG WOODLAND ANIMALS,RED RETROSPOT PICNIC BAG
21212,22759,203,3116,795,0.5592,0.0651,0.2553,2.9748,PACK OF 72 RETROSPOT CAKE CASES,SET OF 3 NOTEBOOKS IN PARCEL
20719,21559,203,1572,1219,0.5592,0.1291,0.1665,3.8457,WOODLAND CHARLOTTE BAG,STRAWBERRY LUNCH BOX WITH CUTLERY
22411,22961,203,2190,1188,0.5592,0.0927,0.1709,2.8325,JUMBO SHOPPER VINTAGE RED PAISLEY,JAM MAKING SET PRINTED
22352,22629,203,1117,1367,0.5592,0.1817,0.1485,4.8262,LUNCH BOX WITH CUTLERY RETROSPOT,SPACEBOY LUNCH BOX
20973,85123A,203,658,5410,0.5592,0.3085,0.0375,2.0702,12 PENCIL SMALL TUBE WOODLAND,WHITE HANGING HEART T-LIGHT HOLDER
21231,22383,203,1480,2397,0.5592,0.1372,0.0847,2.0773,SWEETHEART CERAMIC TRINKET BOX,LUNCH BAG SUKI DESIGN
23199,23208,203,976,666,0.5592,0.208,0.3048,11.3371,JUMBO BAG APPLES,LUNCH BAG VINTAGE LEAF DESIGN
22661,22662,203,631,993,0.5592,0.3217,0.2044,11.7611,CHARLOTTE BAG DOLLY GIRL DESIGN,LUNCH BAG DOLLY GIRL DESIGN
21080,22907,203,2119,829,0.5592,0.0958,0.2449,4.1951,SET/20 RED RETROSPOT PAPER NAPKINS,PACK OF 20 NAPKINS PANTRY DESIGN
21928,82482,203,1538,1999,0.5592,0.132,0.1016,2.3969,JUMBO BAG SCANDINAVIAN PAISLEY,WOODEN PICTURE FRAME WHITE FINISH
20718,22090,203,1212,1698,0.5592,0.1675,0.1196,3.5809,RED RETROSPOT SHOPPER BAG,PAPER BUNTING RETROSPOT
22600,22601,203,429,417,0.5592,0.4732,0.4868,41.1939,CHRISTMAS RETROSPOT STAR WOOD,CHRISTMAS RETROSPOT ANGEL WOOD
22698,23170,203,1028,444,0.5592,0.1975,0.4572,16.1455,PINK REGENCY TEACUP AND SAUCER,REGENCY TEA PLATE ROSES
20724,84997D,203,2035,1165,0.5592,0.0998,0.1742,3.1084,RED RETROSPOT CHARLOTTE BAG,PINK 3 PIECE MINI DOTS CUTLERY SET
21231,82482,203,1480,1999,0.5592,0.1372,0.1016,2.4909,SWEETHEART CERAMIC TRINKET BOX,WOODEN PICTURE FRAME WHITE FINISH
20726,84380,203,1922,1113,0.5592,0.1056,0.1824,3.4449,LUNCH BAG WOODLAND,SET OF 3 BUTTERFLY COOKIE CUTTERS
20717,22356,203,756,1584,0.5592,0.2685,0.1282,6.1539,STRAWBERRY SHOPPER BAG,CHARLOTTE BAG PINK POLKADOT
21790,84692,203,1885,1121,0.5592,0.1077,0.1811,3.4875,VINTAGE SNAP CARDS,BOX OF 24 COCKTAIL PARASOLS
22174,22356,203,556,1584,0.5592,0.3651,0.1282,8.3675,PHOTO CUBE,CHARLOTTE BAG PINK POLKADOT
20719,84970S,203,1572,1520,0.5592,0.1291,0.1336,3.0841,WOODLAND CHARLOTTE BAG,HANGING HEART ZINC T-LIGHT HOLDER
22077,22720,203,1751,1376,0.5592,0.1159,0.1475,3.0586,6 RIBBONS RUSTIC CHARM,SET OF 3 CAKE TINS PANTRY DESIGN
21175,21790,203,1656,1885,0.5592,0.1226,0.1077,2.3608,GIN + TONIC DIET METAL SIGN,VINTAGE SNAP CARDS
22616,85123A,203,817,5410,0.5592,0.2485,0.0375,1.6673,PACK OF 12 LONDON TISSUES,WHITE HANGING HEART T-LIGHT HOLDER
22139,85099C,203,2087,1867,0.5592,0.0973,0.1087,1.8913,RETROSPOT TEA SET CERAMIC 11 PC,JUMBO BAG BAROQUE BLACK WHITE
22348,47566,203,956,2648,0.5592,0.2123,0.0767,2.9111,TEA BAG PLATE RED RETROSPOT,PARTY BUNTING
20725,22189,203,3055,1296,0.5592,0.0664,0.1566,1.8613,LUNCH BAG RED RETROSPOT,CREAM HEART CARD HOLDER
21914,22086,203,963,2000,0.5592,0.2108,0.1015,3.8262,BLUE HARMONICA IN BOX,PAPER CHAIN KIT 50'S CHRISTMAS
22383,22553,203,2397,1090,0.5592,0.0847,0.1862,2.8205,LUNCH BAG SUKI DESIGN,PLASTERS IN TIN SKULLS
20728,22417,203,2063,1102,0.5592,0.0984,0.1842,3.2415,LUNCH BAG CARS BLUE,PACK OF 60 SPACEBOY CAKE CASES
22469,84992,203,2141,1459,0.5592,0.0948,0.1391,2.3591,HEART OF WICKER SMALL,72 SWEETHEART FAIRY CAKE CASES
22138,47566,202,1896,2648,0.5564,0.1065,0.0763,1.4606,BAKING SET 9 PIECE RETROSPOT,PARTY BUNTING
21155,22356,202,964,1584,0.5564,0.2095,0.1275,4.8023,RED RETROSPOT PEG BAG,CHARLOTTE BAG PINK POLKADOT
47599A,47599B,202,367,286,0.5564,0.5504,0.7063,69.8634,PINK PARTY BAGS,BLUE PARTY BAGS
22029,22045,202,1100,473,0.5564,0.1836,0.4271,14.0938,SPACEBOY BIRTHDAY CARD,SPACEBOY GIFT WRAP
22355,84032A,202,1735,662,0.5564,0.1164,0.3051,6.3845,CHARLOTTE BAG SUKI DESIGN,CHARLIE+LOLA PINK HOT WATER BOTTLE
22114,84032A,202,1578,662,0.5564,0.128,0.3051,7.0197,HOT WATER BOTTLE TEA AND SYMPATHY,CHARLIE+LOLA PINK HOT WATER BOTTLE
22383,23204,202,2397,583,0.5564,0.0843,0.3465,5.2474,LUNCH BAG SUKI DESIGN,CHARLOTTE BAG APPLES DESIGN
21892,22197,202,818,2278,0.5564,0.2469,0.0887,3.9353,TRADITIONAL WOODEN CATCH CUP GAME,SMALL POPCORN HOLDER
21213,84988,202,1477,1016,0.5564,0.1368,0.1988,4.8866,PACK OF 72 SKULL CAKE CASES,SET OF 72 PINK HEART PAPER DOILIES
22219,22386,202,1149,2241,0.5564,0.1758,0.0901,2.8479,LOVEBIRD HANGING DECORATION WHITE,JUMBO BAG PINK POLKADOT
22114,22666,202,1578,1652,0.5564,0.128,0.1223,2.813,HOT WATER BOTTLE TEA AND SYMPATHY,RECIPE BOX PANTRY YELLOW DESIGN
22139,82482,202,2087,1999,0.5564,0.0968,0.1011,1.7577,RETROSPOT TEA SET CERAMIC 11 PC,WOODEN PICTURE FRAME WHITE FINISH
21790,22699,202,1885,1420,0.5564,0.1072,0.1423,2.7396,VINTAGE SNAP CARDS,ROSES REGENCY TEACUP AND SAUCER
21212,22378,202,3116,545,0.5564,0.0648,0.3706,4.3181,PACK OF 72 RETROSPOT CAKE CASES,WALL TIDY RETROSPOT
21080,21621,202,2119,1275,0.5564,0.0953,0.1584,2.7142,SET/20 RED RETROSPOT PAPER NAPKINS,VINTAGE UNION JACK BUNTING
23202,85099C,202,879,1867,0.5564,0.2298,0.1082,4.4684,JUMBO BAG VINTAGE LEAF,JUMBO BAG BAROQUE BLACK WHITE
21977,22111,202,1992,1683,0.5564,0.1014,0.12,2.1873,PACK OF 60 PINK PAISLEY CAKE CASES,SCOTTIE DOG HOT WATER BOTTLE
20971,22568,202,1143,875,0.5564,0.1767,0.2309,7.3321,PINK BLUE FELT CRAFT TRINKET BOX,FELTCRAFT CUSHION OWL
22620,22621,202,841,871,0.5564,0.2402,0.2319,10.0108,4 TRADITIONAL SPINNING TOPS,TRADITIONAL KNITTING NANCY
22196,82580,202,981,1336,0.5564,0.2059,0.1512,5.5951,SMALL HEART MEASURING SPOONS,BATHROOM METAL SIGN
21212,85150,202,3116,1109,0.5564,0.0648,0.1821,2.122,PACK OF 72 RETROSPOT CAKE CASES,LADIES & GENTLEMEN METAL SIGN
22086,22737,202,2000,493,0.5564,0.101,0.4097,7.4371,PAPER CHAIN KIT 50'S CHRISTMAS,RIBBON REEL CHRISTMAS PRESENT
84991,85152,202,2126,1455,0.5564,0.095,0.1388,2.3706,60 TEATIME FAIRY CAKE CASES,HAND OVER THE CHOCOLATE SIGN
21124,21212,202,628,3116,0.5564,0.3217,0.0648,3.7474,SET/10 BLUE SPOTTY PARTY CANDLES,PACK OF 72 RETROSPOT CAKE CASES
20971,22150,202,1143,937,0.5564,0.1767,0.2156,6.8469,PINK BLUE FELT CRAFT TRINKET BOX,3 STRIPEY MICE FELTCRAFT
22332,22333,202,381,693,0.5564,0.5302,0.2915,27.7731,SKULLS PARTY BAG + STICKER SET,RETROSPOT PARTY BAG + STICKER SET
21801,21803,202,258,322,0.5564,0.7829,0.6273,88.2686,CHRISTMAS TREE DECORATION WITH BELL,CHRISTMAS TREE STAR DECORATION
21900,22197,202,835,2278,0.5564,0.2419,0.0887,3.8552,"KEY FOB , SHED",SMALL POPCORN HOLDER
22356,22727,202,1584,1362,0.5564,0.1275,0.1483,3.399,CHARLOTTE BAG PINK POLKADOT,ALARM CLOCK BAKELIKE RED
21314,21731,202,1058,1525,0.5564,0.1909,0.1325,4.5449,SMALL GLASS HEART TRINKET POT,RED TOADSTOOL LED NIGHT LIGHT
22197,22417,202,2278,1102,0.5564,0.0887,0.1833,2.9211,SMALL POPCORN HOLDER,PACK OF 60 SPACEBOY CAKE CASES
22064,85099B,202,692,3979,0.5564,0.2919,0.0508,2.6632,PINK DOUGHNUT TRINKET POT,JUMBO BAG RED RETROSPOT
22423,84987,202,3860,811,0.5564,0.0523,0.2491,2.3425,REGENCY CAKESTAND 3 TIER,SET OF 36 TEATIME PAPER DOILIES
21212,22865,202,3116,1211,0.5564,0.0648,0.1668,1.9433,PACK OF 72 RETROSPOT CAKE CASES,HAND WARMER OWL DESIGN
22960,22969,202,1157,703,0.5564,0.1746,0.2873,9.0156,JAM MAKING SET WITH JARS,HOMEMADE JAM SCENTED CANDLES
21154,22348,202,902,956,0.5564,0.2239,0.2113,8.5039,RED RETROSPOT OVEN GLOVE,TEA BAG PLATE RED RETROSPOT
20726,22327,202,1922,645,0.5564,0.1051,0.3132,5.9152,LUNCH BAG WOODLAND,ROUND SNACK BOXES SET OF 4 SKULLS
22386,22629,202,2241,1367,0.5564,0.0901,0.1478,2.3937,JUMBO BAG PINK POLKADOT,SPACEBOY LUNCH BOX
20728,22090,202,2063,1698,0.5564,0.0979,0.119,2.0934,LUNCH BAG CARS BLUE,PAPER BUNTING RETROSPOT
20972,22569,202,1394,784,0.5564,0.1449,0.2577,6.7097,PINK CREAM FELT CRAFT TRINKET BOX,FELTCRAFT CUSHION BUTTERFLY
21232,37450,202,2426,391,0.5564,0.0833,0.5166,7.7306,STRAWBERRY CERAMIC TRINKET BOX,CERAMIC CAKE BOWL + HANGING CAKES
21929,23202,202,1612,879,0.5564,0.1253,0.2298,5.1752,JUMBO BAG PINK VINTAGE PAISLEY,JUMBO BAG VINTAGE LEAF
21098,85123A,202,591,5410,0.5564,0.3418,0.0373,2.2935,CHRISTMAS TOILET ROLL,WHITE HANGING HEART T-LIGHT HOLDER
20711,22384,202,1052,2101,0.5564,0.192,0.0961,3.3177,JUMBO BAG TOYS,LUNCH BAG PINK POLKADOT
84520B,85099B,202,732,3979,0.5564,0.276,0.0508,2.5177,PACK 20 ENGLISH ROSE PAPER NAPKINS,JUMBO BAG RED RETROSPOT
20676,22411,202,966,2190,0.5564,0.2091,0.0922,3.4663,RED RETROSPOT BOWL,JUMBO SHOPPER VINTAGE RED PAISLEY
22329,85099B,202,610,3979,0.5564,0.3311,0.0508,3.0212,ROUND CONTAINER SET OF 5 RETROSPOT,JUMBO BAG RED RETROSPOT
20719,84988,202,1572,1016,0.5564,0.1285,0.1988,4.5913,WOODLAND CHARLOTTE BAG,SET OF 72 PINK HEART PAPER DOILIES
22469,22558,202,2141,1196,0.5564,0.0943,0.1689,2.8637,HEART OF WICKER SMALL,CLOTHES PEGS RETROSPOT PACK 24
22090,84692,202,1698,1121,0.5564,0.119,0.1802,3.8525,PAPER BUNTING RETROSPOT,BOX OF 24 COCKTAIL PARASOLS
22356,22726,202,1584,1266,0.5564,0.1275,0.1596,3.6567,CHARLOTTE BAG PINK POLKADOT,ALARM CLOCK BAKELIKE GREEN
21790,84380,202,1885,1113,0.5564,0.1072,0.1815,3.4952,VINTAGE SNAP CARDS,SET OF 3 BUTTERFLY COOKIE CUTTERS
22470,23322,202,1947,561,0.5564,0.1037,0.3601,6.7136,HEART OF WICKER LARGE,LARGE WHITE HEART OF WICKER
22029,22356,202,1100,1584,0.5564,0.1836,0.1275,4.2086,SPACEBOY BIRTHDAY CARD,CHARLOTTE BAG PINK POLKADOT
15036,21731,202,974,1525,0.5564,0.2074,0.1325,4.9369,ASSORTED COLOURS SILK FAN,RED TOADSTOOL LED NIGHT LIGHT
22652,22654,201,830,596,0.5537,0.2422,0.3372,14.7503,TRAVEL SEWING KIT,DELUXE SEWING KIT
84991,84997B,201,2126,1102,0.5537,0.0945,0.1824,3.1145,60 TEATIME FAIRY CAKE CASES,RED 3 PIECE MINI DOTS CUTLERY SET
21975,84380,201,1302,1113,0.5537,0.1544,0.1806,5.0352,PACK OF 60 DINOSAUR CAKE CASES,SET OF 3 BUTTERFLY COOKIE CUTTERS
20725,20979,201,3055,708,0.5537,0.0658,0.2839,3.3735,LUNCH BAG RED RETROSPOT,36 PENCILS TUBE RED RETROSPOT
48111,48188,201,719,697,0.5537,0.2796,0.2884,14.5601,DOORMAT 3 SMILEY CATS,DOORMAT WELCOME PUPPIES
21992,47566,201,656,2648,0.5537,0.3064,0.0759,4.2005,VINTAGE PAISLEY STATIONERY SET,PARTY BUNTING
20725,21900,201,3055,835,0.5537,0.0658,0.2407,2.8604,LUNCH BAG RED RETROSPOT,"KEY FOB , SHED"
16237,85123A,201,579,5410,0.5537,0.3472,0.0372,2.3294,SLEEPING CAT ERASERS,WHITE HANGING HEART T-LIGHT HOLDER
20725,22993,201,3055,1071,0.5537,0.0658,0.1877,2.2301,LUNCH BAG RED RETROSPOT,SET OF 4 PANTRY JELLY MOULDS
22470,84991,201,1947,2126,0.5537,0.1032,0.0945,1.7628,HEART OF WICKER LARGE,60 TEATIME FAIRY CAKE CASES
22112,22383,201,1713,2397,0.5537,0.1173,0.0839,1.7771,CHOCOLATE HOT WATER BOTTLE,LUNCH BAG SUKI DESIGN
20726,21754,201,1922,2061,0.5537,0.1046,0.0975,1.842,LUNCH BAG WOODLAND,HOME BUILDING BLOCK WORD
21232,21559,201,2426,1219,0.5537,0.0829,0.1649,2.4674,STRAWBERRY CERAMIC TRINKET BOX,STRAWBERRY LUNCH BOX WITH CUTLERY
20713,20914,201,1304,2019,0.5537,0.1541,0.0996,2.7715,JUMBO BAG OWLS,SET/5 RED RETROSPOT LID GLASS BOWLS
20724,21479,201,2035,928,0.5537,0.0988,0.2166,3.8638,RED RETROSPOT CHARLOTTE BAG,WHITE SKULL HOT WATER BOTTLE
22197,22381,201,2278,1099,0.5537,0.0882,0.1829,2.9146,SMALL POPCORN HOLDER,TOY TIDY PINK POLKADOT
22961,47566,201,1188,2648,0.5537,0.1692,0.0759,2.3195,JAM MAKING SET PRINTED,PARTY BUNTING
22197,84596F,201,2278,614,0.5537,0.0882,0.3274,5.2168,SMALL POPCORN HOLDER,SMALL MARSHMALLOWS PINK BOWL
21935,84692,201,921,1121,0.5537,0.2182,0.1793,7.0674,SUKI SHOULDER BAG,BOX OF 24 COCKTAIL PARASOLS
21212,48138,201,3116,1638,0.5537,0.0645,0.1227,1.4296,PACK OF 72 RETROSPOT CAKE CASES,DOORMAT UNION FLAG
22666,22952,201,1652,1139,0.5537,0.1217,0.1765,3.8779,RECIPE BOX PANTRY YELLOW DESIGN,60 CAKE CASES VINTAGE CHRISTMAS
21703,21790,201,561,1885,0.5537,0.3583,0.1066,6.9001,BAG 125G SWIRLY MARBLES,VINTAGE SNAP CARDS
22086,84029E,201,2000,1141,0.5537,0.1005,0.1762,3.1975,PAPER CHAIN KIT 50'S CHRISTMAS,RED WOOLLY HOTTIE WHITE HEART.
22114,84946,201,1578,1756,0.5537,0.1274,0.1145,2.6333,HOT WATER BOTTLE TEA AND SYMPATHY,ANTIQUE SILVER TEA GLASS ETCHED
22174,22355,201,556,1735,0.5537,0.3615,0.1159,7.564,PHOTO CUBE,CHARLOTTE BAG SUKI DESIGN
20727,22348,201,2345,956,0.5537,0.0857,0.2103,3.2548,LUNCH BAG BLACK SKULL.,TEA BAG PLATE RED RETROSPOT
22112,22727,201,1713,1362,0.5537,0.1173,0.1476,3.1275,CHOCOLATE HOT WATER BOTTLE,ALARM CLOCK BAKELIKE RED
22385,23203,201,1246,1230,0.5537,0.1613,0.1634,4.7611,JUMBO BAG SPACEBOY DESIGN,JUMBO BAG VINTAGE DOILY
22382,22556,201,2153,1196,0.5537,0.0934,0.1681,2.8337,LUNCH BAG SPACEBOY DESIGN,PLASTERS IN TIN CIRCUS PARADE
22147,22569,201,1131,784,0.5537,0.1777,0.2564,8.229,FELTCRAFT BUTTERFLY HEARTS,FELTCRAFT CUSHION BUTTERFLY
21231,21754,201,1480,2061,0.5537,0.1358,0.0975,2.3921,SWEETHEART CERAMIC TRINKET BOX,HOME BUILDING BLOCK WORD
21931,47566B,201,2326,871,0.5537,0.0864,0.2308,3.6016,JUMBO STORAGE BAG SUKI,TEA TIME PARTY BUNTING
22355,23203,201,1735,1230,0.5537,0.1159,0.1634,3.4192,CHARLOTTE BAG SUKI DESIGN,JUMBO BAG VINTAGE DOILY
21080,21175,201,2119,1656,0.5537,0.0949,0.1214,2.0794,SET/20 RED RETROSPOT PAPER NAPKINS,GIN + TONIC DIET METAL SIGN
82583,84991,201,1174,2126,0.5537,0.1712,0.0945,2.9234,HOT BATHS METAL SIGN,60 TEATIME FAIRY CAKE CASES
22178,84836,201,1802,1406,0.5537,0.1115,0.143,2.88,VICTORIAN GLASS HANGING T-LIGHT,ZINC METAL HEART DECORATION
21485,85099B,201,1383,3979,0.5537,0.1453,0.0505,1.326,RETROSPOT HEART HOT WATER BOTTLE,JUMBO BAG RED RETROSPOT
20724,22367,201,2035,1156,0.5537,0.0988,0.1739,3.1017,RED RETROSPOT CHARLOTTE BAG,CHILDRENS APRON SPACEBOY DESIGN
20727,84378,201,2345,1246,0.5537,0.0857,0.1613,2.4973,LUNCH BAG BLACK SKULL.,SET OF 3 HEART COOKIE CUTTERS
84692,85099F,201,1121,1854,0.5537,0.1793,0.1084,3.5108,BOX OF 24 COCKTAIL PARASOLS,JUMBO BAG STRAWBERRY
21213,84997D,201,1477,1165,0.5537,0.1361,0.1725,4.2405,PACK OF 72 SKULL CAKE CASES,PINK 3 PIECE MINI DOTS CUTLERY SET
21731,22219,201,1525,1149,0.5537,0.1318,0.1749,4.1642,RED TOADSTOOL LED NIGHT LIGHT,LOVEBIRD HANGING DECORATION WHITE
22624,85099B,201,1214,3979,0.5537,0.1656,0.0505,1.5105,IVORY KITCHEN SCALES,JUMBO BAG RED RETROSPOT
22551,84991,201,1299,2126,0.5537,0.1547,0.0945,2.6421,PLASTERS IN TIN SPACEBOY,60 TEATIME FAIRY CAKE CASES
20711,20726,201,1052,1922,0.5537,0.1911,0.1046,3.6088,JUMBO BAG TOYS,LUNCH BAG WOODLAND
84970S,85099C,201,1520,1867,0.5537,0.1322,0.1077,2.5712,HANGING HEART ZINC T-LIGHT HOLDER,JUMBO BAG BAROQUE BLACK WHITE
21212,22147,201,3116,1131,0.5537,0.0645,0.1777,2.0705,PACK OF 72 RETROSPOT CAKE CASES,FELTCRAFT BUTTERFLY HEARTS
20972,22383,201,1394,2397,0.5537,0.1442,0.0839,2.1837,PINK CREAM FELT CRAFT TRINKET BOX,LUNCH BAG SUKI DESIGN
82599,82600,201,506,1200,0.5537,0.3972,0.1675,12.017,FANNY'S REST STOPMETAL SIGN,NO SINGING METAL SIGN
21212,21914,201,3116,963,0.5537,0.0645,0.2087,2.4317,PACK OF 72 RETROSPOT CAKE CASES,BLUE HARMONICA IN BOX
22178,85099C,201,1802,1867,0.5537,0.1115,0.1077,2.1688,VICTORIAN GLASS HANGING T-LIGHT,JUMBO BAG BAROQUE BLACK WHITE
22352,22411,201,1117,2190,0.5537,0.1799,0.0918,2.9828,LUNCH BOX WITH CUTLERY RETROSPOT,JUMBO SHOPPER VINTAGE RED PAISLEY
21754,22090,201,2061,1698,0.5537,0.0975,0.1184,2.085,HOME BUILDING BLOCK WORD,PAPER BUNTING RETROSPOT
20725,21535,201,3055,1108,0.5537,0.0658,0.1814,2.1556,LUNCH BAG RED RETROSPOT,RED RETROSPOT SMALL MILK JUG
23203,23343,201,1230,474,0.5537,0.1634,0.4241,12.5154,JUMBO BAG VINTAGE DOILY,JUMBO BAG VINTAGE CHRISTMAS
20971,22355,200,1143,1735,0.5509,0.175,0.1153,3.6611,PINK BLUE FELT CRAFT TRINKET BOX,CHARLOTTE BAG SUKI DESIGN
20723,22083,200,1379,1399,0.5509,0.145,0.143,3.7634,STRAWBERRY CHARLOTTE BAG,PAPER CHAIN KIT RETROSPOT
21967,21982,200,478,716,0.5509,0.4184,0.2793,21.2139,PACK OF 12 SKULL TISSUES,PACK OF 12 SUKI TISSUES
22379,22961,200,1567,1188,0.5509,0.1276,0.1684,3.9001,RECYCLING BAG RETROSPOT,JAM MAKING SET PRINTED
21231,22644,200,1480,607,0.5509,0.1351,0.3295,8.0818,SWEETHEART CERAMIC TRINKET BOX,CERAMIC CHERRY CAKE MONEY BANK
21786,85099B,200,450,3979,0.5509,0.4444,0.0503,4.0548,POLKADOT RAIN HAT,JUMBO BAG RED RETROSPOT
21931,84970L,200,2326,1142,0.5509,0.086,0.1751,2.7333,JUMBO STORAGE BAG SUKI,SINGLE HEART ZINC T-LIGHT HOLDER
21754,22219,200,2061,1149,0.5509,0.097,0.1741,3.0659,HOME BUILDING BLOCK WORD,LOVEBIRD HANGING DECORATION WHITE
21212,22662,200,3116,993,0.5509,0.0642,0.2014,2.3465,PACK OF 72 RETROSPOT CAKE CASES,LUNCH BAG DOLLY GIRL DESIGN
21175,84946,200,1656,1756,0.5509,0.1208,0.1139,2.4968,GIN + TONIC DIET METAL SIGN,ANTIQUE SILVER TEA GLASS ETCHED
21232,22149,200,2426,1380,0.5509,0.0824,0.1449,2.1687,STRAWBERRY CERAMIC TRINKET BOX,FELTCRAFT 6 FLOWER FRIENDS
22086,22178,200,2000,1802,0.5509,0.1,0.111,2.0145,PAPER CHAIN KIT 50'S CHRISTMAS,VICTORIAN GLASS HANGING T-LIGHT
22380,22383,200,688,2397,0.5509,0.2907,0.0834,4.4025,TOY TIDY SPACEBOY,LUNCH BAG SUKI DESIGN
22384,84992,200,2101,1459,0.5509,0.0952,0.1371,2.3685,LUNCH BAG PINK POLKADOT,72 SWEETHEART FAIRY CAKE CASES
21033,22386,200,573,2241,0.5509,0.349,0.0892,5.6541,JUMBO BAG CHARLIE AND LOLA TOYS,JUMBO BAG PINK POLKADOT
22916,22921,200,248,220,0.5509,0.8065,0.9091,133.0718,HERB MARKER THYME,HERB MARKER CHIVES
82599,85152,200,506,1455,0.5509,0.3953,0.1375,9.8616,FANNY'S REST STOPMETAL SIGN,HAND OVER THE CHOCOLATE SIGN
22219,22697,200,1149,1352,0.5509,0.1741,0.1479,4.6737,LOVEBIRD HANGING DECORATION WHITE,GREEN REGENCY TEACUP AND SAUCER
22086,22379,200,2000,1567,0.5509,0.1,0.1276,2.3167,PAPER CHAIN KIT 50'S CHRISTMAS,RECYCLING BAG RETROSPOT
20972,21931,200,1394,2326,0.5509,0.1435,0.086,2.2392,PINK CREAM FELT CRAFT TRINKET BOX,JUMBO STORAGE BAG SUKI
21385,22297,200,690,969,0.5509,0.2899,0.2064,10.8589,IVORY HANGING DECORATION HEART,HEART IVORY TRELLIS SMALL
21928,22457,200,1538,2031,0.5509,0.13,0.0985,2.3243,JUMBO BAG SCANDINAVIAN PAISLEY,NATURAL SLATE HEART CHALKBOARD
21790,22090,200,1885,1698,0.5509,0.1061,0.1178,2.2684,VINTAGE SNAP CARDS,PAPER BUNTING RETROSPOT
84946,84992,200,1756,1459,0.5509,0.1139,0.1371,2.8339,ANTIQUE SILVER TEA GLASS ETCHED,72 SWEETHEART FAIRY CAKE CASES
21232,22138,200,2426,1896,0.5509,0.0824,0.1055,1.5785,STRAWBERRY CERAMIC TRINKET BOX,BAKING SET 9 PIECE RETROSPOT
22086,84879,200,2000,2796,0.5509,0.1,0.0715,1.2984,PAPER CHAIN KIT 50'S CHRISTMAS,ASSORTED COLOUR BIRD ORNAMENT
21928,23201,200,1538,904,0.5509,0.13,0.2212,5.222,JUMBO BAG SCANDINAVIAN PAISLEY,JUMBO BAG ALPHABET
20724,22631,200,2035,662,0.5509,0.0983,0.3021,5.3894,RED RETROSPOT CHARLOTTE BAG,CIRCUS PARADE LUNCH BOX
84536A,84536B,200,623,403,0.5509,0.321,0.4963,28.9179,ENGLISH ROSE NOTEBOOK A7 SIZE,FAIRY CAKES NOTEBOOK A7 SIZE
21481,22865,200,1049,1211,0.5509,0.1907,0.1652,5.7153,FAWN BLUE HOT WATER BOTTLE,HAND WARMER OWL DESIGN
22419,85123A,200,508,5410,0.5509,0.3937,0.037,2.6418,LIPSTICK PEN RED,WHITE HANGING HEART T-LIGHT HOLDER
20677,20724,200,760,2035,0.5509,0.2632,0.0983,4.6944,PINK POLKADOT BOWL,RED RETROSPOT CHARLOTTE BAG
22138,22382,200,1896,2153,0.5509,0.1055,0.0929,1.7786,BAKING SET 9 PIECE RETROSPOT,LUNCH BAG SPACEBOY DESIGN
22386,48194,200,2241,1347,0.5509,0.0892,0.1485,2.4052,JUMBO BAG PINK POLKADOT,DOORMAT HEARTS
21137,22041,200,608,551,0.5509,0.3289,0.363,21.6723,BLACK RECORD COVER FRAME,"RECORD FRAME 7"" SINGLE SIZE"
22423,22730,200,3860,744,0.5509,0.0518,0.2688,2.5281,REGENCY CAKESTAND 3 TIER,ALARM CLOCK BAKELIKE IVORY
21790,84988,200,1885,1016,0.5509,0.1061,0.1969,3.791,VINTAGE SNAP CARDS,SET OF 72 PINK HEART PAPER DOILIES
15036,22219,200,974,1149,0.5509,0.2053,0.1741,6.4876,ASSORTED COLOURS SILK FAN,LOVEBIRD HANGING DECORATION WHITE
21559,22355,200,1219,1735,0.5509,0.1641,0.1153,3.4329,STRAWBERRY LUNCH BOX WITH CUTLERY,CHARLOTTE BAG SUKI DESIGN
22379,22629,200,1567,1367,0.5509,0.1276,0.1463,3.3894,RECYCLING BAG RETROSPOT,SPACEBOY LUNCH BOX
15036,21231,200,974,1480,0.5509,0.2053,0.1351,5.0366,ASSORTED COLOURS SILK FAN,SWEETHEART CERAMIC TRINKET BOX
22384,22629,200,2101,1367,0.5509,0.0952,0.1463,2.5279,LUNCH BAG PINK POLKADOT,SPACEBOY LUNCH BOX
22112,22666,200,1713,1652,0.5509,0.1168,0.1211,2.5656,CHOCOLATE HOT WATER BOTTLE,RECIPE BOX PANTRY YELLOW DESIGN
21231,22666,200,1480,1652,0.5509,0.1351,0.1211,2.9695,SWEETHEART CERAMIC TRINKET BOX,RECIPE BOX PANTRY YELLOW DESIGN
84946,84988,200,1756,1016,0.5509,0.1139,0.1969,4.0695,ANTIQUE SILVER TEA GLASS ETCHED,SET OF 72 PINK HEART PAPER DOILIES
21232,84029E,200,2426,1141,0.5509,0.0824,0.1753,2.6229,STRAWBERRY CERAMIC TRINKET BOX,RED WOOLLY HOTTIE WHITE HEART.
22355,84988,200,1735,1016,0.5509,0.1153,0.1969,4.1188,CHARLOTTE BAG SUKI DESIGN,SET OF 72 PINK HEART PAPER DOILIES
22697,84970S,200,1352,1520,0.5509,0.1479,0.1316,3.533,GREEN REGENCY TEACUP AND SAUCER,HANGING HEART ZINC T-LIGHT HOLDER
22382,22469,200,2153,2141,0.5509,0.0929,0.0934,1.5751,LUNCH BAG SPACEBOY DESIGN,HEART OF WICKER SMALL
22386,48138,200,2241,1638,0.5509,0.0892,0.1221,1.9779,JUMBO BAG PINK POLKADOT,DOORMAT UNION FLAG
21900,82580,200,835,1336,0.5509,0.2395,0.1497,6.5083,"KEY FOB , SHED",BATHROOM METAL SIGN
22077,22554,200,1751,1275,0.5509,0.1142,0.1569,3.2521,6 RIBBONS RUSTIC CHARM,PLASTERS IN TIN WOODLAND ANIMALS
20728,47591D,200,2063,1210,0.5509,0.0969,0.1653,2.9085,LUNCH BAG CARS BLUE,PINK FAIRY CAKE CHILDRENS APRON
21212,21524,200,3116,1149,0.5509,0.0642,0.1741,2.0279,PACK OF 72 RETROSPOT CAKE CASES,DOORMAT SPOTTY HOME SWEET HOME
21155,22197,199,964,2278,0.5482,0.2064,0.0874,3.2897,RED RETROSPOT PEG BAG,SMALL POPCORN HOLDER
22666,82583,199,1652,1174,0.5482,0.1205,0.1695,3.7248,RECIPE BOX PANTRY YELLOW DESIGN,HOT BATHS METAL SIGN
22055,85123A,199,724,5410,0.5482,0.2749,0.0368,1.8444,MINI CAKE STAND HANGING STRAWBERY,WHITE HANGING HEART T-LIGHT HOLDER
21791,22355,199,1312,1735,0.5482,0.1517,0.1147,3.1736,VINTAGE HEADS AND TAILS CARD GAME,CHARLOTTE BAG SUKI DESIGN
21035,22379,199,928,1567,0.5482,0.2144,0.127,4.9678,SET/2 RED RETROSPOT TEA TOWELS,RECYCLING BAG RETROSPOT
22866,23439,199,1081,397,0.5482,0.1841,0.5013,16.8332,HAND WARMER SCOTTY DOG DESIGN,HAND WARMER RED LOVE HEART
21930,47566,199,1317,2648,0.5482,0.1511,0.0752,2.0715,JUMBO STORAGE BAG SKULLS,PARTY BUNTING
21932,22383,199,648,2397,0.5482,0.3071,0.083,4.6509,SCANDINAVIAN PAISLEY PICNIC BAG,LUNCH BAG SUKI DESIGN
21930,84991,199,1317,2126,0.5482,0.1511,0.0936,2.5801,JUMBO STORAGE BAG SKULLS,60 TEATIME FAIRY CAKE CASES
22139,22355,199,2087,1735,0.5482,0.0954,0.1147,1.9951,RETROSPOT TEA SET CERAMIC 11 PC,CHARLOTTE BAG SUKI DESIGN
22382,82482,199,2153,1999,0.5482,0.0924,0.0995,1.6785,LUNCH BAG SPACEBOY DESIGN,WOODEN PICTURE FRAME WHITE FINISH
21977,21992,199,1992,656,0.5482,0.0999,0.3034,5.5283,PACK OF 60 PINK PAISLEY CAKE CASES,VINTAGE PAISLEY STATIONERY SET
21314,84879,199,1058,2796,0.5482,0.1881,0.0712,2.4421,SMALL GLASS HEART TRINKET POT,ASSORTED COLOUR BIRD ORNAMENT
21672,22423,199,813,3860,0.5482,0.2448,0.0516,2.302,WHITE SPOT RED CERAMIC DRAWER KNOB,REGENCY CAKESTAND 3 TIER
21934,22411,199,723,2190,0.5482,0.2752,0.0909,4.5625,SKULL SHOULDER BAG,JUMBO SHOPPER VINTAGE RED PAISLEY
21864,21866,199,411,453,0.5482,0.4842,0.4393,38.8011,UNION JACK FLAG PASSPORT COVER,UNION JACK FLAG LUGGAGE TAG
21098,22909,199,591,1086,0.5482,0.3367,0.1832,11.2555,CHRISTMAS TOILET ROLL,SET OF 20 VINTAGE CHRISTMAS NAPKINS
22379,23199,199,1567,976,0.5482,0.127,0.2039,4.7235,RECYCLING BAG RETROSPOT,JUMBO BAG APPLES
21559,22139,199,1219,2087,0.5482,0.1632,0.0954,2.8396,STRAWBERRY LUNCH BOX WITH CUTLERY,RETROSPOT TEA SET CERAMIC 11 PC
20725,84755,199,3055,1250,0.5482,0.0651,0.1592,1.8917,LUNCH BAG RED RETROSPOT,COLOUR GLASS T-LIGHT HOLDER HANGING
22666,22910,199,1652,1418,0.5482,0.1205,0.1403,3.0839,RECIPE BOX PANTRY YELLOW DESIGN,PAPER CHAIN KIT VINTAGE CHRISTMAS
22383,22661,199,2397,631,0.5482,0.083,0.3154,4.7762,LUNCH BAG SUKI DESIGN,CHARLOTTE BAG DOLLY GIRL DESIGN
22027,22423,199,845,3860,0.5482,0.2355,0.0516,2.2148,TEA PARTY BIRTHDAY CARD,REGENCY CAKESTAND 3 TIER
20712,21790,199,1410,1885,0.5482,0.1411,0.1056,2.718,JUMBO BAG WOODLAND ANIMALS,VINTAGE SNAP CARDS
48138,48184,199,1638,849,0.5482,0.1215,0.2344,5.1947,DOORMAT UNION FLAG,DOORMAT ENGLISH ROSE
20724,84032A,199,2035,662,0.5482,0.0978,0.3006,5.3624,RED RETROSPOT CHARLOTTE BAG,CHARLIE+LOLA PINK HOT WATER BOTTLE
22196,22386,199,981,2241,0.5482,0.2029,0.0888,3.286,SMALL HEART MEASURING SPOONS,JUMBO BAG PINK POLKADOT
21080,22326,199,2119,1390,0.5482,0.0939,0.1432,2.4527,SET/20 RED RETROSPOT PAPER NAPKINS,ROUND SNACK BOXES SET OF4 WOODLAND
20719,79321,199,1572,1089,0.5482,0.1266,0.1827,4.2199,WOODLAND CHARLOTTE BAG,CHILLI LIGHTS
22355,22631,199,1735,662,0.5482,0.1147,0.3006,6.2896,CHARLOTTE BAG SUKI DESIGN,CIRCUS PARADE LUNCH BOX
22077,84378,199,1751,1246,0.5482,0.1136,0.1597,3.3112,6 RIBBONS RUSTIC CHARM,SET OF 3 HEART COOKIE CUTTERS
23170,23173,199,444,415,0.5482,0.4482,0.4795,39.206,REGENCY TEA PLATE ROSES,REGENCY TEAPOT ROSES
22077,84978,199,1751,1417,0.5482,0.1136,0.1404,2.9116,6 RIBBONS RUSTIC CHARM,HANGING HEART JAR T-LIGHT HOLDER
22077,22558,199,1751,1196,0.5482,0.1136,0.1664,3.4496,6 RIBBONS RUSTIC CHARM,CLOTHES PEGS RETROSPOT PACK 24
22917,22921,199,252,220,0.5482,0.7897,0.9045,130.3048,HERB MARKER ROSEMARY,HERB MARKER CHIVES
22616,22900,199,817,721,0.5482,0.2436,0.276,12.2638,PACK OF 12 LONDON TISSUES,SET 2 TEA TOWELS I LOVE LONDON
21731,82580,199,1525,1336,0.5482,0.1305,0.149,3.5457,RED TOADSTOOL LED NIGHT LIGHT,BATHROOM METAL SIGN
20725,22556,199,3055,1196,0.5482,0.0651,0.1664,1.9772,LUNCH BAG RED RETROSPOT,PLASTERS IN TIN CIRCUS PARADE
22138,84879,199,1896,2796,0.5482,0.105,0.0712,1.3627,BAKING SET 9 PIECE RETROSPOT,ASSORTED COLOUR BIRD ORNAMENT
21791,21977,199,1312,1992,0.5482,0.1517,0.0999,2.7641,VINTAGE HEADS AND TAILS CARD GAME,PACK OF 60 PINK PAISLEY CAKE CASES
22736,22737,199,408,493,0.5482,0.4877,0.4037,35.9151,RIBBON REEL MAKING SNOWMEN,RIBBON REEL CHRISTMAS PRESENT
22139,22386,199,2087,2241,0.5482,0.0954,0.0888,1.5446,RETROSPOT TEA SET CERAMIC 11 PC,JUMBO BAG PINK POLKADOT
21733,22189,199,1755,1296,0.5482,0.1134,0.1535,3.1762,RED HANGING HEART T-LIGHT HOLDER,CREAM HEART CARD HOLDER
22578,85123A,199,767,5410,0.5482,0.2595,0.0368,1.741,WOODEN STAR CHRISTMAS SCANDINAVIAN,WHITE HANGING HEART T-LIGHT HOLDER
22110,22112,199,511,1713,0.5482,0.3894,0.1162,8.2529,BIRD HOUSE HOT WATER BOTTLE,CHOCOLATE HOT WATER BOTTLE
22111,22355,199,1683,1735,0.5482,0.1182,0.1147,2.474,SCOTTIE DOG HOT WATER BOTTLE,CHARLOTTE BAG SUKI DESIGN
21154,84692,199,902,1121,0.5482,0.2206,0.1775,7.1445,RED RETROSPOT OVEN GLOVE,BOX OF 24 COCKTAIL PARASOLS
21790,84032A,199,1885,662,0.5482,0.1056,0.3006,5.7891,VINTAGE SNAP CARDS,CHARLIE+LOLA PINK HOT WATER BOTTLE
21232,21985,199,2426,918,0.5482,0.082,0.2168,3.2438,STRAWBERRY CERAMIC TRINKET BOX,PACK OF 12 HEARTS DESIGN TISSUES
21174,47566,199,1134,2648,0.5482,0.1755,0.0752,2.4058,POTTERING IN THE SHED METAL SIGN,PARTY BUNTING
21232,79321,199,2426,1089,0.5482,0.082,0.1827,2.7344,STRAWBERRY CERAMIC TRINKET BOX,CHILLI LIGHTS
21621,22090,199,1275,1698,0.5482,0.1561,0.1172,3.3368,VINTAGE UNION JACK BUNTING,PAPER BUNTING RETROSPOT
22602,85123A,199,535,5410,0.5482,0.372,0.0368,2.4959,CHRISTMAS RETROSPOT HEART WOOD,WHITE HANGING HEART T-LIGHT HOLDER
22699,22727,199,1420,1362,0.5482,0.1401,0.1461,3.7352,ROSES REGENCY TEACUP AND SAUCER,ALARM CLOCK BAKELIKE RED
21558,22383,199,765,2397,0.5482,0.2601,0.083,3.9396,SKULL LUNCH BOX WITH CUTLERY,LUNCH BAG SUKI DESIGN
20723,22469,199,1379,2141,0.5482,0.1443,0.0929,2.4468,STRAWBERRY CHARLOTTE BAG,HEART OF WICKER SMALL
21238,21241,199,902,260,0.5482,0.2206,0.7654,30.8038,RED RETROSPOT CUP,GREEN SPOTTY CUP
22728,85123A,198,968,5410,0.5454,0.2045,0.0366,1.3725,ALARM CLOCK BAKELIKE PINK,WHITE HANGING HEART T-LIGHT HOLDER
21791,22548,198,1312,428,0.5454,0.1509,0.4626,12.8002,VINTAGE HEADS AND TAILS CARD GAME,HEADS AND TAILS SPORTING FUN
20981,20983,198,513,641,0.5454,0.386,0.3089,21.8585,12 PENCILS TALL TUBE WOODLAND,12 PENCILS TALL TUBE RED RETROSPOT
21232,21481,198,2426,1049,0.5454,0.0816,0.1888,2.8244,STRAWBERRY CERAMIC TRINKET BOX,FAWN BLUE HOT WATER BOTTLE
20728,22630,198,2063,1333,0.5454,0.096,0.1485,2.6138,LUNCH BAG CARS BLUE,DOLLY GIRL LUNCH BOX
21791,21918,198,1312,786,0.5454,0.1509,0.2519,6.9701,VINTAGE HEADS AND TAILS CARD GAME,SET 12 KIDS COLOUR CHALK STICKS
21754,22139,198,2061,2087,0.5454,0.0961,0.0949,1.6711,HOME BUILDING BLOCK WORD,RETROSPOT TEA SET CERAMIC 11 PC
21174,21790,198,1134,1885,0.5454,0.1746,0.105,3.3626,POTTERING IN THE SHED METAL SIGN,VINTAGE SNAP CARDS
20726,84997C,198,1922,1021,0.5454,0.103,0.1939,3.6628,LUNCH BAG WOODLAND,BLUE 3 PIECE MINI DOTS CUTLERY SET
22469,84988,198,2141,1016,0.5454,0.0925,0.1949,3.3043,HEART OF WICKER SMALL,SET OF 72 PINK HEART PAPER DOILIES
21935,47566,198,921,2648,0.5454,0.215,0.0748,2.9473,SUKI SHOULDER BAG,PARTY BUNTING
21210,22083,198,1159,1399,0.5454,0.1708,0.1415,4.433,SET OF 72 RETROSPOT PAPER DOILIES,PAPER CHAIN KIT RETROSPOT
20914,84380,198,2019,1113,0.5454,0.0981,0.1779,3.1986,SET/5 RED RETROSPOT LID GLASS BOWLS,SET OF 3 BUTTERFLY COOKIE CUTTERS
22352,22355,198,1117,1735,0.5454,0.1773,0.1141,3.7089,LUNCH BOX WITH CUTLERY RETROSPOT,CHARLOTTE BAG SUKI DESIGN
82494L,84970S,198,2055,1520,0.5454,0.0964,0.1303,2.3011,WOODEN FRAME ANTIQUE WHITE,HANGING HEART ZINC T-LIGHT HOLDER
22326,22379,198,1390,1567,0.5454,0.1424,0.1264,3.3,ROUND SNACK BOXES SET OF4 WOODLAND,RECYCLING BAG RETROSPOT
22147,22273,198,1131,809,0.5454,0.1751,0.2447,7.8557,FELTCRAFT BUTTERFLY HEARTS,FELTCRAFT DOLL MOLLY
20717,20727,198,756,2345,0.5454,0.2619,0.0844,4.0544,STRAWBERRY SHOPPER BAG,LUNCH BAG BLACK SKULL.
20969,20971,198,613,1143,0.5454,0.323,0.1732,10.2586,RED FLORAL FELTCRAFT SHOULDER BAG,PINK BLUE FELT CRAFT TRINKET BOX
20727,20971,198,2345,1143,0.5454,0.0844,0.1732,2.6817,LUNCH BAG BLACK SKULL.,PINK BLUE FELT CRAFT TRINKET BOX
23204,85099B,198,583,3979,0.5454,0.3396,0.0498,3.0985,CHARLOTTE BAG APPLES DESIGN,JUMBO BAG RED RETROSPOT
21175,21874,198,1656,615,0.5454,0.1196,0.322,7.0577,GIN + TONIC DIET METAL SIGN,GIN AND TONIC MUG
23307,84991,198,628,2126,0.5454,0.3153,0.0931,5.3836,SET OF 60 PANTRY DESIGN CAKE CASES,60 TEATIME FAIRY CAKE CASES
21790,21934,198,1885,723,0.5454,0.105,0.2739,5.2741,VINTAGE SNAP CARDS,SKULL SHOULDER BAG
21558,21931,198,765,2326,0.5454,0.2588,0.0851,4.0395,SKULL LUNCH BOX WITH CUTLERY,JUMBO STORAGE BAG SUKI
21232,48194,198,2426,1347,0.5454,0.0816,0.147,2.1996,STRAWBERRY CERAMIC TRINKET BOX,DOORMAT HEARTS
21232,22212,198,2426,828,0.5454,0.0816,0.2391,3.5783,STRAWBERRY CERAMIC TRINKET BOX,FOUR HOOK WHITE LOVEBIRDS
22178,22383,198,1802,2397,0.5454,0.1099,0.0826,1.6641,VICTORIAN GLASS HANGING T-LIGHT,LUNCH BAG SUKI DESIGN
84997A,85099B,198,670,3979,0.5454,0.2955,0.0498,2.6962,GREEN 3 PIECE MINI DOTS CUTLERY SET,JUMBO BAG RED RETROSPOT
21975,47566,198,1302,2648,0.5454,0.1521,0.0748,2.0848,PACK OF 60 DINOSAUR CAKE CASES,PARTY BUNTING
20685,48173C,198,1717,530,0.5454,0.1153,0.3736,7.8986,DOORMAT RED RETROSPOT,DOORMAT BLACK FLOCK
21430,21931,198,809,2326,0.5454,0.2447,0.0851,3.8198,SET/3 RED GINGHAM ROSE STORAGE BOX,JUMBO STORAGE BAG SUKI
22086,84378,198,2000,1246,0.5454,0.099,0.1589,2.8843,PAPER CHAIN KIT 50'S CHRISTMAS,SET OF 3 HEART COOKIE CUTTERS
22698,23171,198,1028,380,0.5454,0.1926,0.5211,18.4001,PINK REGENCY TEACUP AND SAUCER,REGENCY TEA PLATE GREEN
22197,23203,198,2278,1230,0.5454,0.0869,0.161,2.5653,SMALL POPCORN HOLDER,JUMBO BAG VINTAGE DOILY
20679,85014B,198,714,934,0.5454,0.2773,0.212,10.7783,EDWARDIAN PARASOL RED,RED RETROSPOT UMBRELLA
22086,47566,198,2000,2648,0.5454,0.099,0.0748,1.3572,PAPER CHAIN KIT 50'S CHRISTMAS,PARTY BUNTING
20723,22178,198,1379,1802,0.5454,0.1436,0.1099,2.8925,STRAWBERRY CHARLOTTE BAG,VICTORIAN GLASS HANGING T-LIGHT
20972,22197,198,1394,2278,0.5454,0.142,0.0869,2.2635,PINK CREAM FELT CRAFT TRINKET BOX,SMALL POPCORN HOLDER
15036,84692,198,974,1121,0.5454,0.2033,0.1766,6.5831,ASSORTED COLOURS SILK FAN,BOX OF 24 COCKTAIL PARASOLS
22736,22910,198,408,1418,0.5454,0.4853,0.1396,12.4239,RIBBON REEL MAKING SNOWMEN,PAPER CHAIN KIT VINTAGE CHRISTMAS
21931,23206,198,2326,1035,0.5454,0.0851,0.1913,2.9857,JUMBO STORAGE BAG SUKI,LUNCH BAG APPLE DESIGN
21175,22086,198,1656,2000,0.5454,0.1196,0.099,2.1702,GIN + TONIC DIET METAL SIGN,PAPER CHAIN KIT 50'S CHRISTMAS
21890,21892,198,545,818,0.5454,0.3633,0.2421,16.123,S/6 WOODEN SKITTLES IN COTTON BAG,TRADITIONAL WOODEN CATCH CUP GAME
20685,21955,198,1717,723,0.5454,0.1153,0.2739,5.7901,DOORMAT RED RETROSPOT,DOORMAT UNION JACK GUNS AND ROSES
21080,22381,198,2119,1099,0.5454,0.0934,0.1802,3.0865,SET/20 RED RETROSPOT PAPER NAPKINS,TOY TIDY PINK POLKADOT
20725,21993,198,3055,577,0.5454,0.0648,0.3432,4.0776,LUNCH BAG RED RETROSPOT,FLORAL FOLK STATIONERY SET
21754,22411,198,2061,2190,0.5454,0.0961,0.0904,1.5925,HOME BUILDING BLOCK WORD,JUMBO SHOPPER VINTAGE RED PAISLEY
22086,22633,198,2000,855,0.5454,0.099,0.2316,4.2034,PAPER CHAIN KIT 50'S CHRISTMAS,HAND WARMER UNION JACK
21080,21559,198,2119,1219,0.5454,0.0934,0.1624,2.7827,SET/20 RED RETROSPOT PAPER NAPKINS,STRAWBERRY LUNCH BOX WITH CUTLERY
20712,23201,198,1410,904,0.5454,0.1404,0.219,5.6391,JUMBO BAG WOODLAND ANIMALS,JUMBO BAG ALPHABET
21232,37447,198,2426,363,0.5454,0.0816,0.5455,8.162,STRAWBERRY CERAMIC TRINKET BOX,CERAMIC CAKE DESIGN SPOTTED PLATE
20973,21212,198,658,3116,0.5454,0.3009,0.0635,3.5057,12 PENCIL SMALL TUBE WOODLAND,PACK OF 72 RETROSPOT CAKE CASES
21928,21935,198,1538,921,0.5454,0.1287,0.215,5.0743,JUMBO BAG SCANDINAVIAN PAISLEY,SUKI SHOULDER BAG
20728,21934,197,2063,723,0.5427,0.0955,0.2725,4.7947,LUNCH BAG CARS BLUE,SKULL SHOULDER BAG
22111,23355,197,1683,778,0.5427,0.1171,0.2532,5.4618,SCOTTIE DOG HOT WATER BOTTLE,HOT WATER BOTTLE KEEP CALM
21213,22386,197,1477,2241,0.5427,0.1334,0.0879,2.1606,PACK OF 72 SKULL CAKE CASES,JUMBO BAG PINK POLKADOT
21479,85099B,197,928,3979,0.5427,0.2123,0.0495,1.9368,WHITE SKULL HOT WATER BOTTLE,JUMBO BAG RED RETROSPOT
22457,84988,197,2031,1016,0.5427,0.097,0.1939,3.4657,NATURAL SLATE HEART CHALKBOARD,SET OF 72 PINK HEART PAPER DOILIES
22383,84997C,197,2397,1021,0.5427,0.0822,0.1929,2.9222,LUNCH BAG SUKI DESIGN,BLUE 3 PIECE MINI DOTS CUTLERY SET
22197,22867,197,2278,1052,0.5427,0.0865,0.1873,2.9842,SMALL POPCORN HOLDER,HAND WARMER BIRD DESIGN
21035,21041,197,928,523,0.5427,0.2123,0.3767,14.7349,SET/2 RED RETROSPOT TEA TOWELS,RED RETROSPOT OVEN GLOVE DOUBLE
22029,22551,197,1100,1299,0.5427,0.1791,0.1517,5.0049,SPACEBOY BIRTHDAY CARD,PLASTERS IN TIN SPACEBOY
15056BL,85014A,197,941,711,0.5427,0.2094,0.2771,10.689,EDWARDIAN PARASOL BLACK,BLACK/BLUE POLKADOT UMBRELLA
22489,22561,197,784,904,0.5427,0.2513,0.2179,10.0905,PACK OF 12 TRADITIONAL CRAYONS,WOODEN SCHOOL COLOURING SET
21429,22356,197,995,1584,0.5427,0.198,0.1244,4.5375,RED GINGHAM ROSE JEWELLERY BOX,CHARLOTTE BAG PINK POLKADOT
21218,22386,197,896,2241,0.5427,0.2199,0.0879,3.5616,RED SPOTTY BISCUIT TIN,JUMBO BAG PINK POLKADOT
21755,84836,197,1692,1406,0.5427,0.1164,0.1401,3.0062,LOVE BUILDING BLOCK WORD,ZINC METAL HEART DECORATION
20723,21976,197,1379,950,0.5427,0.1429,0.2074,5.4589,STRAWBERRY CHARLOTTE BAG,PACK OF 60 MUSHROOM CAKE CASES
21238,22356,197,902,1584,0.5427,0.2184,0.1244,5.0054,RED RETROSPOT CUP,CHARLOTTE BAG PINK POLKADOT
21731,21889,197,1525,1121,0.5427,0.1292,0.1757,4.1833,RED TOADSTOOL LED NIGHT LIGHT,WOODEN BOX OF DOMINOES
22470,82484,197,1947,1170,0.5427,0.1012,0.1684,3.1394,HEART OF WICKER LARGE,WOOD BLACK BOARD ANT WHITE FINISH
20712,22629,197,1410,1367,0.5427,0.1397,0.1441,3.7103,JUMBO BAG WOODLAND ANIMALS,SPACEBOY LUNCH BOX
21238,22423,197,902,3860,0.5427,0.2184,0.051,2.054,RED RETROSPOT CUP,REGENCY CAKESTAND 3 TIER
20718,22381,197,1212,1099,0.5427,0.1625,0.1793,5.369,RED RETROSPOT SHOPPER BAG,TOY TIDY PINK POLKADOT
22138,22367,197,1896,1156,0.5427,0.1039,0.1704,3.2629,BAKING SET 9 PIECE RETROSPOT,CHILDRENS APRON SPACEBOY DESIGN
21929,22090,197,1612,1698,0.5427,0.1222,0.116,2.6127,JUMBO BAG PINK VINTAGE PAISLEY,PAPER BUNTING RETROSPOT
20726,82482,197,1922,1999,0.5427,0.1025,0.0985,1.8614,LUNCH BAG WOODLAND,WOODEN PICTURE FRAME WHITE FINISH
22355,22629,197,1735,1367,0.5427,0.1135,0.1441,3.0153,CHARLOTTE BAG SUKI DESIGN,SPACEBOY LUNCH BOX
22111,84030E,197,1683,531,0.5427,0.1171,0.371,8.0024,SCOTTIE DOG HOT WATER BOTTLE,ENGLISH ROSE HOT WATER BOTTLE
21733,22197,197,1755,2278,0.5427,0.1123,0.0865,1.7888,RED HANGING HEART T-LIGHT HOLDER,SMALL POPCORN HOLDER
20712,22139,197,1410,2087,0.5427,0.1397,0.0944,2.4303,JUMBO BAG WOODLAND ANIMALS,RETROSPOT TEA SET CERAMIC 11 PC
20725,21086,197,3055,841,0.5427,0.0645,0.2342,2.7835,LUNCH BAG RED RETROSPOT,SET/6 RED SPOTTY PAPER CUPS
20723,22086,197,1379,2000,0.5427,0.1429,0.0985,2.593,STRAWBERRY CHARLOTTE BAG,PAPER CHAIN KIT 50'S CHRISTMAS
22469,22699,197,2141,1420,0.5427,0.092,0.1387,2.3523,HEART OF WICKER SMALL,ROSES REGENCY TEACUP AND SAUCER
23245,85099B,197,869,3979,0.5427,0.2267,0.0495,2.0683,SET OF 3 REGENCY CAKE TINS,JUMBO BAG RED RETROSPOT
21181,22470,197,1796,1947,0.5427,0.1097,0.1012,2.0451,PLEASE ONE PERSON METAL SIGN,HEART OF WICKER LARGE
22083,84946,197,1399,1756,0.5427,0.1408,0.1122,2.9111,PAPER CHAIN KIT RETROSPOT,ANTIQUE SILVER TEA GLASS ETCHED
23201,85099F,197,904,1854,0.5427,0.2179,0.1063,4.267,JUMBO BAG ALPHABET,JUMBO BAG STRAWBERRY
20711,22381,197,1052,1099,0.5427,0.1873,0.1793,6.1856,JUMBO BAG TOYS,TOY TIDY PINK POLKADOT
21935,21990,197,921,497,0.5427,0.2139,0.3964,15.6236,SUKI SHOULDER BAG,MODERN FLORAL STATIONERY SET
21991,21992,197,288,656,0.5427,0.684,0.3003,37.853,BOHEMIAN COLLAGE STATIONERY SET,VINTAGE PAISLEY STATIONERY SET
22219,84836,197,1149,1406,0.5427,0.1715,0.1401,4.4268,LOVEBIRD HANGING DECORATION WHITE,ZINC METAL HEART DECORATION
20727,22083,197,2345,1399,0.5427,0.084,0.1408,2.1799,LUNCH BAG BLACK SKULL.,PAPER CHAIN KIT RETROSPOT
21175,22666,197,1656,1652,0.5427,0.119,0.1192,2.6141,GIN + TONIC DIET METAL SIGN,RECIPE BOX PANTRY YELLOW DESIGN
22919,22921,197,248,220,0.5427,0.7944,0.8955,131.0758,HERB MARKER MINT,HERB MARKER CHIVES
84596F,85099B,197,614,3979,0.5427,0.3208,0.0495,2.9272,SMALL MARSHMALLOWS PINK BOWL,JUMBO BAG RED RETROSPOT
21080,84997B,197,2119,1102,0.5427,0.093,0.1788,3.0626,SET/20 RED RETROSPOT PAPER NAPKINS,RED 3 PIECE MINI DOTS CUTLERY SET
22385,22629,197,1246,1367,0.5427,0.1581,0.1441,4.1987,JUMBO BAG SPACEBOY DESIGN,SPACEBOY LUNCH BOX
21212,22616,197,3116,817,0.5427,0.0632,0.2411,2.8092,PACK OF 72 RETROSPOT CAKE CASES,PACK OF 12 LONDON TISSUES
21212,22631,197,3116,662,0.5427,0.0632,0.2976,3.4669,PACK OF 72 RETROSPOT CAKE CASES,CIRCUS PARADE LUNCH BOX
20711,20727,197,1052,2345,0.5427,0.1873,0.084,2.8989,JUMBO BAG TOYS,LUNCH BAG BLACK SKULL.
22383,22697,197,2397,1352,0.5427,0.0822,0.1457,2.2067,LUNCH BAG SUKI DESIGN,GREEN REGENCY TEACUP AND SAUCER
22501,85123A,197,759,5410,0.5427,0.2596,0.0364,1.7416,PICNIC BASKET WICKER LARGE,WHITE HANGING HEART T-LIGHT HOLDER
21231,84378,197,1480,1246,0.5427,0.1331,0.1581,3.8781,SWEETHEART CERAMIC TRINKET BOX,SET OF 3 HEART COOKIE CUTTERS
21731,82482,197,1525,1999,0.5427,0.1292,0.0985,2.3459,RED TOADSTOOL LED NIGHT LIGHT,WOODEN PICTURE FRAME WHITE FINISH
22352,22630,196,1117,1333,0.5399,0.1755,0.147,4.7786,LUNCH BOX WITH CUTLERY RETROSPOT,DOLLY GIRL LUNCH BOX
23321,85123A,196,629,5410,0.5399,0.3116,0.0362,2.0909,SMALL WHITE HEART OF WICKER,WHITE HANGING HEART T-LIGHT HOLDER
22086,35970,196,2000,691,0.5399,0.098,0.2836,5.1485,PAPER CHAIN KIT 50'S CHRISTMAS,ZINC FOLKART SLEIGH BELLS
23203,23207,196,1230,739,0.5399,0.1593,0.2652,7.8278,JUMBO BAG VINTAGE DOILY,LUNCH BAG ALPHABET DESIGN
20969,20972,196,613,1394,0.5399,0.3197,0.1406,8.3265,RED FLORAL FELTCRAFT SHOULDER BAG,PINK CREAM FELT CRAFT TRINKET BOX
21212,48194,196,3116,1347,0.5399,0.0629,0.1455,1.6952,PACK OF 72 RETROSPOT CAKE CASES,DOORMAT HEARTS
21755,82580,196,1692,1336,0.5399,0.1158,0.1467,3.1476,LOVE BUILDING BLOCK WORD,BATHROOM METAL SIGN
21213,22951,196,1477,633,0.5399,0.1327,0.3096,7.6103,PACK OF 72 SKULL CAKE CASES,60 CAKE CASES DOLLY GIRL DESIGN
22161,85099B,196,489,3979,0.5399,0.4008,0.0493,3.6568,HEART DECORATION RUSTIC HANGING,JUMBO BAG RED RETROSPOT
20726,21934,196,1922,723,0.5399,0.102,0.2711,5.1203,LUNCH BAG WOODLAND,SKULL SHOULDER BAG
22385,22423,196,1246,3860,0.5399,0.1573,0.0508,1.4794,JUMBO BAG SPACEBOY DESIGN,REGENCY CAKESTAND 3 TIER
20726,23203,196,1922,1230,0.5399,0.102,0.1593,3.0097,LUNCH BAG WOODLAND,JUMBO BAG VINTAGE DOILY
21212,22665,196,3116,702,0.5399,0.0629,0.2792,3.2528,PACK OF 72 RETROSPOT CAKE CASES,RECIPE BOX BLUE SKETCHBOOK DESIGN
22189,22470,196,1296,1947,0.5399,0.1512,0.1007,2.8198,CREAM HEART CARD HOLDER,HEART OF WICKER LARGE
22195,84992,196,811,1459,0.5399,0.2417,0.1343,6.0133,LARGE HEART MEASURING SPOONS,72 SWEETHEART FAIRY CAKE CASES
20724,22327,196,2035,645,0.5399,0.0963,0.3039,5.4208,RED RETROSPOT CHARLOTTE BAG,ROUND SNACK BOXES SET OF 4 SKULLS
22379,84378,196,1567,1246,0.5399,0.1251,0.1573,3.6442,RECYCLING BAG RETROSPOT,SET OF 3 HEART COOKIE CUTTERS
21210,22355,196,1159,1735,0.5399,0.1691,0.113,3.5384,SET OF 72 RETROSPOT PAPER DOILIES,CHARLOTTE BAG SUKI DESIGN
20725,21982,196,3055,716,0.5399,0.0642,0.2737,3.2528,LUNCH BAG RED RETROSPOT,PACK OF 12 SUKI TISSUES
22090,22352,196,1698,1117,0.5399,0.1154,0.1755,3.7514,PAPER BUNTING RETROSPOT,LUNCH BOX WITH CUTLERY RETROSPOT
20728,22551,196,2063,1299,0.5399,0.095,0.1509,2.6551,LUNCH BAG CARS BLUE,PLASTERS IN TIN SPACEBOY
21212,22620,196,3116,841,0.5399,0.0629,0.2331,2.7151,PACK OF 72 RETROSPOT CAKE CASES,4 TRADITIONAL SPINNING TOPS
21908,82580,196,974,1336,0.5399,0.2012,0.1467,5.4679,CHOCOLATE THIS WAY METAL SIGN,BATHROOM METAL SIGN
22355,22697,196,1735,1352,0.5399,0.113,0.145,3.0333,CHARLOTTE BAG SUKI DESIGN,GREEN REGENCY TEACUP AND SAUCER
21561,22352,196,522,1117,0.5399,0.3755,0.1755,12.2029,DINOSAUR LUNCH BOX WITH CUTLERY,LUNCH BOX WITH CUTLERY RETROSPOT
21933,22384,196,623,2101,0.5399,0.3146,0.0933,5.4359,PINK VINTAGE PAISLEY PICNIC BAG,LUNCH BAG PINK POLKADOT
22173,22469,196,993,2141,0.5399,0.1974,0.0915,3.3467,METAL 4 HOOK HANGER FRENCH CHATEAU,HEART OF WICKER SMALL
47566,48187,196,2648,1276,0.5399,0.074,0.1536,2.1058,PARTY BUNTING,DOORMAT NEW ENGLAND
82484,84879,196,1170,2796,0.5399,0.1675,0.0701,2.175,WOOD BLACK BOARD ANT WHITE FINISH,ASSORTED COLOUR BIRD ORNAMENT
21212,22084,196,3116,806,0.5399,0.0629,0.2432,2.833,PACK OF 72 RETROSPOT CAKE CASES,PAPER CHAIN KIT EMPIRE
22086,22383,196,2000,2397,0.5399,0.098,0.0818,1.4842,PAPER CHAIN KIT 50'S CHRISTMAS,LUNCH BAG SUKI DESIGN
22170,85123A,196,570,5410,0.5399,0.3439,0.0362,2.3074,PICTURE FRAME WOOD TRIPLE PORTRAIT,WHITE HANGING HEART T-LIGHT HOLDER
20713,22457,196,1304,2031,0.5399,0.1503,0.0965,2.6866,JUMBO BAG OWLS,NATURAL SLATE HEART CHALKBOARD
22386,84988,196,2241,1016,0.5399,0.0875,0.1929,3.125,JUMBO BAG PINK POLKADOT,SET OF 72 PINK HEART PAPER DOILIES
22149,22274,196,1380,656,0.5399,0.142,0.2988,7.8597,FELTCRAFT 6 FLOWER FRIENDS,FELTCRAFT DOLL EMILY
20914,82482,196,2019,1999,0.5399,0.0971,0.098,1.7629,SET/5 RED RETROSPOT LID GLASS BOWLS,WOODEN PICTURE FRAME WHITE FINISH
22197,79321,196,2278,1089,0.5399,0.086,0.18,2.8682,SMALL POPCORN HOLDER,CHILLI LIGHTS
20974,85099B,196,821,3979,0.5399,0.2387,0.0493,2.1781,12 PENCILS SMALL TUBE SKULL,JUMBO BAG RED RETROSPOT
21931,84879,196,2326,2796,0.5399,0.0843,0.0701,1.0941,JUMBO STORAGE BAG SUKI,ASSORTED COLOUR BIRD ORNAMENT
21175,84879,196,1656,2796,0.5399,0.1184,0.0701,1.5367,GIN + TONIC DIET METAL SIGN,ASSORTED COLOUR BIRD ORNAMENT
22619,22620,196,705,841,0.5399,0.278,0.2331,12.0006,SET OF 6 SOLDIER SKITTLES,4 TRADITIONAL SPINNING TOPS
20972,22570,196,1394,807,0.5399,0.1406,0.2429,6.3249,PINK CREAM FELT CRAFT TRINKET BOX,FELTCRAFT CUSHION RABBIT
21977,22554,196,1992,1275,0.5399,0.0984,0.1537,2.8015,PACK OF 60 PINK PAISLEY CAKE CASES,PLASTERS IN TIN WOODLAND ANIMALS
22666,85099F,196,1652,1854,0.5399,0.1186,0.1057,2.3231,RECIPE BOX PANTRY YELLOW DESIGN,JUMBO BAG STRAWBERRY
23199,23344,196,976,712,0.5399,0.2008,0.2753,10.239,JUMBO BAG APPLES,JUMBO BAG 50'S CHRISTMAS
22528,85123A,196,550,5410,0.5399,0.3564,0.0362,2.3913,GARDENERS KNEELING PAD,WHITE HANGING HEART T-LIGHT HOLDER
22029,22030,196,1100,683,0.5399,0.1782,0.287,9.4705,SPACEBOY BIRTHDAY CARD,SWALLOWS GREETING CARD
21559,22379,196,1219,1567,0.5399,0.1608,0.1251,3.7249,STRAWBERRY LUNCH BOX WITH CUTLERY,RECYCLING BAG RETROSPOT
21754,85099F,196,2061,1854,0.5399,0.0951,0.1057,1.8621,HOME BUILDING BLOCK WORD,JUMBO BAG STRAWBERRY
22078,22082,196,477,955,0.5399,0.4109,0.2052,15.6194,RIBBON REEL LACE DESIGN,RIBBON REEL STRIPES DESIGN
22109,22197,196,642,2278,0.5399,0.3053,0.086,4.8652,FULL ENGLISH BREAKFAST PLATE,SMALL POPCORN HOLDER
21843,22139,196,1521,2087,0.5399,0.1289,0.0939,2.2415,RED RETROSPOT CAKE STAND,RETROSPOT TEA SET CERAMIC 11 PC
21937,22383,196,656,2397,0.5399,0.2988,0.0818,4.525,STRAWBERRY PICNIC BAG,LUNCH BAG SUKI DESIGN
22079,85123A,196,683,5410,0.5399,0.287,0.0362,1.9256,RIBBON REEL HEARTS DESIGN,WHITE HANGING HEART T-LIGHT HOLDER
20719,22629,196,1572,1367,0.5399,0.1247,0.1434,3.311,WOODLAND CHARLOTTE BAG,SPACEBOY LUNCH BOX
22090,84992,196,1698,1459,0.5399,0.1154,0.1343,2.8721,PAPER BUNTING RETROSPOT,72 SWEETHEART FAIRY CAKE CASES
20727,21154,196,2345,902,0.5399,0.0836,0.2173,3.3639,LUNCH BAG BLACK SKULL.,RED RETROSPOT OVEN GLOVE
21166,21977,196,1420,1992,0.5399,0.138,0.0984,2.5154,COOK WITH WINE METAL SIGN,PACK OF 60 PINK PAISLEY CAKE CASES
21977,23307,196,1992,628,0.5399,0.0984,0.3121,5.6877,PACK OF 60 PINK PAISLEY CAKE CASES,SET OF 60 PANTRY DESIGN CAKE CASES
21181,21928,196,1796,1538,0.5399,0.1091,0.1274,2.5759,PLEASE ONE PERSON METAL SIGN,JUMBO BAG SCANDINAVIAN PAISLEY
20725,48138,196,3055,1638,0.5399,0.0642,0.1197,1.4219,LUNCH BAG RED RETROSPOT,DOORMAT UNION FLAG
21929,22469,196,1612,2141,0.5399,0.1216,0.0915,2.0616,JUMBO BAG PINK VINTAGE PAISLEY,HEART OF WICKER SMALL
22383,82482,196,2397,1999,0.5399,0.0818,0.098,1.4849,LUNCH BAG SUKI DESIGN,WOODEN PICTURE FRAME WHITE FINISH
20724,22111,196,2035,1683,0.5399,0.0963,0.1165,2.0775,RED RETROSPOT CHARLOTTE BAG,SCOTTIE DOG HOT WATER BOTTLE
23264,23265,196,299,293,0.5399,0.6555,0.6689,81.2172,SET OF 3 WOODEN SLEIGH DECORATIONS,SET OF 3 WOODEN TREE DECORATIONS
16237,85099B,196,579,3979,0.5399,0.3385,0.0493,3.0884,SLEEPING CAT ERASERS,JUMBO BAG RED RETROSPOT
21672,85123A,196,813,5410,0.5399,0.2411,0.0362,1.6177,WHITE SPOT RED CERAMIC DRAWER KNOB,WHITE HANGING HEART T-LIGHT HOLDER
21791,84991,195,1312,2126,0.5372,0.1486,0.0917,2.5379,VINTAGE HEADS AND TAILS CARD GAME,60 TEATIME FAIRY CAKE CASES
23203,23245,195,1230,869,0.5372,0.1585,0.2244,6.6228,JUMBO BAG VINTAGE DOILY,SET OF 3 REGENCY CAKE TINS
21232,22352,195,2426,1117,0.5372,0.0804,0.1746,2.6123,STRAWBERRY CERAMIC TRINKET BOX,LUNCH BOX WITH CUTLERY RETROSPOT
22112,22633,195,1713,855,0.5372,0.1138,0.2281,4.8333,CHOCOLATE HOT WATER BOTTLE,HAND WARMER UNION JACK
21174,22411,195,1134,2190,0.5372,0.172,0.089,2.8504,POTTERING IN THE SHED METAL SIGN,JUMBO SHOPPER VINTAGE RED PAISLEY
20727,22111,195,2345,1683,0.5372,0.0832,0.1159,1.7937,LUNCH BAG BLACK SKULL.,SCOTTIE DOG HOT WATER BOTTLE
22470,84978,195,1947,1417,0.5372,0.1002,0.1376,2.5658,HEART OF WICKER LARGE,HANGING HEART JAR T-LIGHT HOLDER
48187,48188,195,1276,697,0.5372,0.1528,0.2798,7.9594,DOORMAT NEW ENGLAND,DOORMAT WELCOME PUPPIES
20727,84029E,195,2345,1141,0.5372,0.0832,0.1709,2.6457,LUNCH BAG BLACK SKULL.,RED WOOLLY HOTTIE WHITE HEART.
20719,84997B,195,1572,1102,0.5372,0.124,0.177,4.0863,WOODLAND CHARLOTTE BAG,RED 3 PIECE MINI DOTS CUTLERY SET
21169,82600,195,770,1200,0.5372,0.2532,0.1625,7.6611,YOU'RE CONFUSING ME METAL SIGN,NO SINGING METAL SIGN
22383,23201,195,2397,904,0.5372,0.0814,0.2157,3.2668,LUNCH BAG SUKI DESIGN,JUMBO BAG ALPHABET
21993,84946,195,577,1756,0.5372,0.338,0.111,6.9866,FLORAL FOLK STATIONERY SET,ANTIQUE SILVER TEA GLASS ETCHED
22114,82494L,195,1578,2055,0.5372,0.1236,0.0949,2.183,HOT WATER BOTTLE TEA AND SYMPATHY,WOODEN FRAME ANTIQUE WHITE
22386,22699,195,2241,1420,0.5372,0.087,0.1373,2.2245,JUMBO BAG PINK POLKADOT,ROSES REGENCY TEACUP AND SAUCER
82486,84879,195,1268,2796,0.5372,0.1538,0.0697,1.9967,WOOD S/3 CABINET ANT WHITE FINISH,ASSORTED COLOUR BIRD ORNAMENT
22355,84997B,195,1735,1102,0.5372,0.1124,0.177,3.7024,CHARLOTTE BAG SUKI DESIGN,RED 3 PIECE MINI DOTS CUTLERY SET
22384,84879,195,2101,2796,0.5372,0.0928,0.0697,1.205,LUNCH BAG PINK POLKADOT,ASSORTED COLOUR BIRD ORNAMENT
22383,84946,195,2397,1756,0.5372,0.0814,0.111,1.6818,LUNCH BAG SUKI DESIGN,ANTIQUE SILVER TEA GLASS ETCHED
20727,22114,195,2345,1578,0.5372,0.0832,0.1236,1.913,LUNCH BAG BLACK SKULL.,HOT WATER BOTTLE TEA AND SYMPATHY
21212,23206,195,3116,1035,0.5372,0.0626,0.1884,2.195,PACK OF 72 RETROSPOT CAKE CASES,LUNCH BAG APPLE DESIGN
22646,84991,195,876,2126,0.5372,0.2226,0.0917,3.801,CERAMIC STRAWBERRY CAKE MONEY BANK,60 TEATIME FAIRY CAKE CASES
21479,22423,195,928,3860,0.5372,0.2101,0.0505,1.9762,WHITE SKULL HOT WATER BOTTLE,REGENCY CAKESTAND 3 TIER
22411,22720,195,2190,1376,0.5372,0.089,0.1417,2.3491,JUMBO SHOPPER VINTAGE RED PAISLEY,SET OF 3 CAKE TINS PANTRY DESIGN
21731,85099F,195,1525,1854,0.5372,0.1279,0.1052,2.5037,RED TOADSTOOL LED NIGHT LIGHT,JUMBO BAG STRAWBERRY
21232,22061,195,2426,516,0.5372,0.0804,0.3779,5.6549,STRAWBERRY CERAMIC TRINKET BOX,LARGE CAKE STAND HANGING STRAWBERY
22423,22501,195,3860,759,0.5372,0.0505,0.2569,2.4162,REGENCY CAKESTAND 3 TIER,PICNIC BASKET WICKER LARGE
22358,85123A,195,604,5410,0.5372,0.3228,0.036,2.1664,KINGS CHOICE TEA CADDY,WHITE HANGING HEART T-LIGHT HOLDER
22197,22835,195,2278,1010,0.5372,0.0856,0.1931,3.0767,SMALL POPCORN HOLDER,HOT WATER BOTTLE I AM SO POORLY
21154,21213,195,902,1477,0.5372,0.2162,0.132,5.3135,RED RETROSPOT OVEN GLOVE,PACK OF 72 SKULL CAKE CASES
22348,84946,195,956,1756,0.5372,0.204,0.111,4.2168,TEA BAG PLATE RED RETROSPOT,ANTIQUE SILVER TEA GLASS ETCHED
20712,22196,195,1410,981,0.5372,0.1383,0.1988,5.1177,JUMBO BAG WOODLAND ANIMALS,SMALL HEART MEASURING SPOONS
22382,22457,195,2153,2031,0.5372,0.0906,0.096,1.6189,LUNCH BAG SPACEBOY DESIGN,NATURAL SLATE HEART CHALKBOARD
20713,82580,195,1304,1336,0.5372,0.1495,0.146,4.0633,JUMBO BAG OWLS,BATHROOM METAL SIGN
20719,21791,195,1572,1312,0.5372,0.124,0.1486,3.4322,WOODLAND CHARLOTTE BAG,VINTAGE HEADS AND TAILS CARD GAME
22423,47591D,195,3860,1210,0.5372,0.0505,0.1612,1.5156,REGENCY CAKESTAND 3 TIER,PINK FAIRY CAKE CHILDRENS APRON
21929,21934,195,1612,723,0.5372,0.121,0.2697,6.0738,JUMBO BAG PINK VINTAGE PAISLEY,SKULL SHOULDER BAG
22090,22381,195,1698,1099,0.5372,0.1148,0.1774,3.7934,PAPER BUNTING RETROSPOT,TOY TIDY PINK POLKADOT
21673,22423,195,762,3860,0.5372,0.2559,0.0505,2.4067,WHITE SPOT BLUE CERAMIC DRAWER KNOB,REGENCY CAKESTAND 3 TIER
21908,82582,195,974,790,0.5372,0.2002,0.2468,9.1998,CHOCOLATE THIS WAY METAL SIGN,AREA PATROLLED METAL SIGN
20719,21429,195,1572,995,0.5372,0.124,0.196,4.5257,WOODLAND CHARLOTTE BAG,RED GINGHAM ROSE JEWELLERY BOX
22630,22961,195,1333,1188,0.5372,0.1463,0.1641,4.4701,DOLLY GIRL LUNCH BOX,JAM MAKING SET PRINTED
15056BL,85099B,195,941,3979,0.5372,0.2072,0.049,1.8906,EDWARDIAN PARASOL BLACK,JUMBO BAG RED RETROSPOT
21993,22457,195,577,2031,0.5372,0.338,0.096,6.0406,FLORAL FOLK STATIONERY SET,NATURAL SLATE HEART CHALKBOARD
21035,21216,195,928,797,0.5372,0.2101,0.2447,9.571,SET/2 RED RETROSPOT TEA TOWELS,"SET 3 RETROSPOT TEA,COFFEE,SUGAR"
20727,79321,195,2345,1089,0.5372,0.0832,0.1791,2.772,LUNCH BAG BLACK SKULL.,CHILLI LIGHTS
20725,20754,195,3055,850,0.5372,0.0638,0.2294,2.7261,LUNCH BAG RED RETROSPOT,RETROSPOT RED WASHING UP GLOVES
22144,22910,195,701,1418,0.5372,0.2782,0.1375,7.1215,CHRISTMAS CRAFT LITTLE FRIENDS,PAPER CHAIN KIT VINTAGE CHRISTMAS
21671,85123A,195,726,5410,0.5372,0.2686,0.036,1.8023,RED SPOT CERAMIC DRAWER KNOB,WHITE HANGING HEART T-LIGHT HOLDER
20711,20719,195,1052,1572,0.5372,0.1854,0.124,4.2805,JUMBO BAG TOYS,WOODLAND CHARLOTTE BAG
20725,85014B,195,3055,934,0.5372,0.0638,0.2088,2.4809,LUNCH BAG RED RETROSPOT,RED RETROSPOT UMBRELLA
15036,21080,195,974,2119,0.5372,0.2002,0.092,3.4299,ASSORTED COLOURS SILK FAN,SET/20 RED RETROSPOT PAPER NAPKINS
20914,22328,195,2019,1152,0.5372,0.0966,0.1693,3.0435,SET/5 RED RETROSPOT LID GLASS BOWLS,ROUND SNACK BOXES SET OF 4 FRUITS
22419,85099B,195,508,3979,0.5372,0.3839,0.049,3.5021,LIPSTICK PEN RED,JUMBO BAG RED RETROSPOT
21929,84692,195,1612,1121,0.5372,0.121,0.174,3.9174,JUMBO BAG PINK VINTAGE PAISLEY,BOX OF 24 COCKTAIL PARASOLS
22147,22568,195,1131,875,0.5372,0.1724,0.2229,7.1531,FELTCRAFT BUTTERFLY HEARTS,FELTCRAFT CUSHION OWL
21976,22383,195,950,2397,0.5372,0.2053,0.0814,3.1087,PACK OF 60 MUSHROOM CAKE CASES,LUNCH BAG SUKI DESIGN
21892,22086,195,818,2000,0.5372,0.2384,0.0975,4.3269,TRADITIONAL WOODEN CATCH CUP GAME,PAPER CHAIN KIT 50'S CHRISTMAS
21733,22086,195,1755,2000,0.5372,0.1111,0.0975,2.0168,RED HANGING HEART T-LIGHT HOLDER,PAPER CHAIN KIT 50'S CHRISTMAS
21935,22630,195,921,1333,0.5372,0.2117,0.1463,5.766,SUKI SHOULDER BAG,DOLLY GIRL LUNCH BOX
22196,22666,195,981,1652,0.5372,0.1988,0.118,4.368,SMALL HEART MEASURING SPOONS,RECIPE BOX PANTRY YELLOW DESIGN
22173,22457,195,993,2031,0.5372,0.1964,0.096,3.51,METAL 4 HOOK HANGER FRENCH CHATEAU,NATURAL SLATE HEART CHALKBOARD
21754,82486,195,2061,1268,0.5372,0.0946,0.1538,2.7087,HOME BUILDING BLOCK WORD,WOOD S/3 CABINET ANT WHITE FINISH
22197,22556,195,2278,1196,0.5372,0.0856,0.163,2.5982,SMALL POPCORN HOLDER,PLASTERS IN TIN CIRCUS PARADE
20712,84988,195,1410,1016,0.5372,0.1383,0.1919,4.9414,JUMBO BAG WOODLAND ANIMALS,SET OF 72 PINK HEART PAPER DOILIES
22077,22196,195,1751,981,0.5372,0.1114,0.1988,4.1211,6 RIBBONS RUSTIC CHARM,SMALL HEART MEASURING SPOONS
21671,22423,195,726,3860,0.5372,0.2686,0.0505,2.526,RED SPOT CERAMIC DRAWER KNOB,REGENCY CAKESTAND 3 TIER
21174,22178,195,1134,1802,0.5372,0.172,0.1082,3.4642,POTTERING IN THE SHED METAL SIGN,VICTORIAN GLASS HANGING T-LIGHT
20727,23204,195,2345,583,0.5372,0.0832,0.3345,5.1779,LUNCH BAG BLACK SKULL.,CHARLOTTE BAG APPLES DESIGN
48185,85099C,195,983,1867,0.5372,0.1984,0.1044,3.8572,DOORMAT FAIRY CAKE,JUMBO BAG BAROQUE BLACK WHITE
22161,85123A,195,489,5410,0.5372,0.3988,0.036,2.6758,HEART DECORATION RUSTIC HANGING,WHITE HANGING HEART T-LIGHT HOLDER
21527,22072,195,828,511,0.5372,0.2355,0.3816,16.7307,RED RETROSPOT TRADITIONAL TEAPOT,RED RETROSPOT TEA CUP AND SAUCER
21172,21212,195,965,3116,0.5372,0.2021,0.0626,2.3542,PARTY METAL SIGN,PACK OF 72 RETROSPOT CAKE CASES
22327,22384,195,645,2101,0.5372,0.3023,0.0928,5.2237,ROUND SNACK BOXES SET OF 4 SKULLS,LUNCH BAG PINK POLKADOT
22470,82580,195,1947,1336,0.5372,0.1002,0.146,2.7214,HEART OF WICKER LARGE,BATHROOM METAL SIGN
21731,22196,195,1525,981,0.5372,0.1279,0.1988,4.7318,RED TOADSTOOL LED NIGHT LIGHT,SMALL HEART MEASURING SPOONS
20726,84879,195,1922,2796,0.5372,0.1015,0.0697,1.3173,LUNCH BAG WOODLAND,ASSORTED COLOUR BIRD ORNAMENT
21240,21241,195,769,260,0.5372,0.2536,0.75,35.4051,BLUE POLKADOT CUP,GREEN SPOTTY CUP
15036,22178,195,974,1802,0.5372,0.2002,0.1082,4.0332,ASSORTED COLOURS SILK FAN,VICTORIAN GLASS HANGING T-LIGHT
22086,23319,195,2000,402,0.5372,0.0975,0.4851,8.8046,PAPER CHAIN KIT 50'S CHRISTMAS,BOX OF 6 MINI 50'S CRACKERS
20717,20728,194,756,2063,0.5344,0.2566,0.094,4.5156,STRAWBERRY SHOPPER BAG,LUNCH BAG CARS BLUE
21535,21844,194,1108,493,0.5344,0.1751,0.3935,12.8928,RED RETROSPOT SMALL MILK JUG,RED RETROSPOT MUG
21524,48184,194,1149,849,0.5344,0.1688,0.2285,7.2195,DOORMAT SPOTTY HOME SWEET HOME,DOORMAT ENGLISH ROSE
84970S,85099F,194,1520,1854,0.5344,0.1276,0.1046,2.4991,HANGING HEART ZINC T-LIGHT HOLDER,JUMBO BAG STRAWBERRY
21755,22077,194,1692,1751,0.5344,0.1147,0.1108,2.3771,LOVE BUILDING BLOCK WORD,6 RIBBONS RUSTIC CHARM
21731,21930,194,1525,1317,0.5344,0.1272,0.1473,3.5065,RED TOADSTOOL LED NIGHT LIGHT,JUMBO STORAGE BAG SKULLS
21930,22090,194,1317,1698,0.5344,0.1473,0.1143,3.1493,JUMBO STORAGE BAG SKULLS,PAPER BUNTING RETROSPOT
20718,22382,194,1212,2153,0.5344,0.1601,0.0901,2.6989,RED RETROSPOT SHOPPER BAG,LUNCH BAG SPACEBOY DESIGN
21731,84032A,194,1525,662,0.5344,0.1272,0.2931,6.976,RED TOADSTOOL LED NIGHT LIGHT,CHARLIE+LOLA PINK HOT WATER BOTTLE
21559,47566,194,1219,2648,0.5344,0.1591,0.0733,2.1818,STRAWBERRY LUNCH BOX WITH CUTLERY,PARTY BUNTING
20719,22697,194,1572,1352,0.5344,0.1234,0.1435,3.3136,WOODLAND CHARLOTTE BAG,GREEN REGENCY TEACUP AND SAUCER
20972,22356,194,1394,1584,0.5344,0.1392,0.1225,3.1894,PINK CREAM FELT CRAFT TRINKET BOX,CHARLOTTE BAG PINK POLKADOT
22423,23298,194,3860,1142,0.5344,0.0503,0.1699,1.5976,REGENCY CAKESTAND 3 TIER,SPOTTY BUNTING
21216,21931,194,797,2326,0.5344,0.2434,0.0834,3.799,"SET 3 RETROSPOT TEA,COFFEE,SUGAR",JUMBO STORAGE BAG SUKI
22411,84992,194,2190,1459,0.5344,0.0886,0.133,2.2041,JUMBO SHOPPER VINTAGE RED PAISLEY,72 SWEETHEART FAIRY CAKE CASES
21931,48138,194,2326,1638,0.5344,0.0834,0.1184,1.8485,JUMBO STORAGE BAG SUKI,DOORMAT UNION FLAG
20971,22086,194,1143,2000,0.5344,0.1697,0.097,3.0807,PINK BLUE FELT CRAFT TRINKET BOX,PAPER CHAIN KIT 50'S CHRISTMAS
22411,22659,194,2190,1066,0.5344,0.0886,0.182,3.0167,JUMBO SHOPPER VINTAGE RED PAISLEY,LUNCH BOX I LOVE LONDON
21479,22865,194,928,1211,0.5344,0.2091,0.1602,6.2667,WHITE SKULL HOT WATER BOTTLE,HAND WARMER OWL DESIGN
22355,23199,194,1735,976,0.5344,0.1118,0.1988,4.1589,CHARLOTTE BAG SUKI DESIGN,JUMBO BAG APPLES
22112,84946,194,1713,1756,0.5344,0.1133,0.1105,2.3413,CHOCOLATE HOT WATER BOTTLE,ANTIQUE SILVER TEA GLASS ETCHED
23300,85123A,194,757,5410,0.5344,0.2563,0.0359,1.7196,GARDENERS KNEELING PAD CUP OF TEA,WHITE HANGING HEART T-LIGHT HOLDER
20685,21977,194,1717,1992,0.5344,0.113,0.0974,2.0591,DOORMAT RED RETROSPOT,PACK OF 60 PINK PAISLEY CAKE CASES
22197,84970L,194,2278,1142,0.5344,0.0852,0.1699,2.7072,SMALL POPCORN HOLDER,SINGLE HEART ZINC T-LIGHT HOLDER
22197,23301,194,2278,912,0.5344,0.0852,0.2127,3.3899,SMALL POPCORN HOLDER,GARDENERS KNEELING PAD KEEP CALM
21908,22423,194,974,3860,0.5344,0.1992,0.0503,1.8732,CHOCOLATE THIS WAY METAL SIGN,REGENCY CAKESTAND 3 TIER
15036,21314,194,974,1058,0.5344,0.1992,0.1834,6.8342,ASSORTED COLOURS SILK FAN,SMALL GLASS HEART TRINKET POT
84077,85123A,194,1011,5410,0.5344,0.1919,0.0359,1.2876,WORLD WAR 2 GLIDERS ASSTD DESIGNS,WHITE HANGING HEART T-LIGHT HOLDER
21212,84077,194,3116,1011,0.5344,0.0623,0.1919,2.2355,PACK OF 72 RETROSPOT CAKE CASES,WORLD WAR 2 GLIDERS ASSTD DESIGNS
22355,22910,194,1735,1418,0.5344,0.1118,0.1368,2.8626,CHARLOTTE BAG SUKI DESIGN,PAPER CHAIN KIT VINTAGE CHRISTMAS
21154,21977,194,902,1992,0.5344,0.2151,0.0974,3.9196,RED RETROSPOT OVEN GLOVE,PACK OF 60 PINK PAISLEY CAKE CASES
20752,20754,194,358,850,0.5344,0.5419,0.2282,23.1436,BLUE POLKADOT WASHING UP GLOVES,RETROSPOT RED WASHING UP GLOVES
20719,84032A,194,1572,662,0.5344,0.1234,0.2931,6.7674,WOODLAND CHARLOTTE BAG,CHARLIE+LOLA PINK HOT WATER BOTTLE
22086,84992,194,2000,1459,0.5344,0.097,0.133,2.4135,PAPER CHAIN KIT 50'S CHRISTMAS,72 SWEETHEART FAIRY CAKE CASES
22697,23173,194,1352,415,0.5344,0.1435,0.4675,12.5518,GREEN REGENCY TEACUP AND SAUCER,REGENCY TEAPOT ROSES
22573,22576,194,405,330,0.5344,0.479,0.5879,52.6943,STAR WOODEN CHRISTMAS DECORATION,SWALLOW WOODEN CHRISTMAS DECORATION
20726,22083,194,1922,1399,0.5344,0.1009,0.1387,2.6192,LUNCH BAG WOODLAND,PAPER CHAIN KIT RETROSPOT
22411,22502,194,2190,910,0.5344,0.0886,0.2132,3.5338,JUMBO SHOPPER VINTAGE RED PAISLEY,PICNIC BASKET WICKER SMALL
20712,22352,194,1410,1117,0.5344,0.1376,0.1737,4.4716,JUMBO BAG WOODLAND ANIMALS,LUNCH BOX WITH CUTLERY RETROSPOT
22355,22367,194,1735,1156,0.5344,0.1118,0.1678,3.5114,CHARLOTTE BAG SUKI DESIGN,CHILDRENS APRON SPACEBOY DESIGN
22469,22720,194,2141,1376,0.5344,0.0906,0.141,2.3905,HEART OF WICKER SMALL,SET OF 3 CAKE TINS PANTRY DESIGN
20724,21094,194,2035,984,0.5344,0.0953,0.1972,3.517,RED RETROSPOT CHARLOTTE BAG,SET/6 RED SPOTTY PAPER PLATES
21935,22469,194,921,2141,0.5344,0.2106,0.0906,3.5715,SUKI SHOULDER BAG,HEART OF WICKER SMALL
22197,22900,194,2278,721,0.5344,0.0852,0.2691,4.2879,SMALL POPCORN HOLDER,SET 2 TEA TOWELS I LOVE LONDON
82552,82583,194,791,1174,0.5344,0.2453,0.1652,7.5838,WASHROOM METAL SIGN,HOT BATHS METAL SIGN
82567,85123A,194,489,5410,0.5344,0.3967,0.0359,2.6621,"AIRLINE LOUNGE,METAL SIGN",WHITE HANGING HEART T-LIGHT HOLDER
21165,21212,194,965,3116,0.5344,0.201,0.0623,2.3421,BEWARE OF THE CAT METAL SIGN,PACK OF 72 RETROSPOT CAKE CASES
21084,21090,194,223,278,0.5344,0.87,0.6978,113.6011,SET/6 COLLAGE PAPER CUPS,SET/6 COLLAGE PAPER PLATES
22699,84879,194,1420,2796,0.5344,0.1366,0.0694,1.7738,ROSES REGENCY TEACUP AND SAUCER,ASSORTED COLOUR BIRD ORNAMENT
21212,21670,194,3116,766,0.5344,0.0623,0.2533,2.9506,PACK OF 72 RETROSPOT CAKE CASES,BLUE SPOT CERAMIC DRAWER KNOB
20712,21559,194,1410,1219,0.5344,0.1376,0.1591,4.0974,JUMBO BAG WOODLAND ANIMALS,STRAWBERRY LUNCH BOX WITH CUTLERY
84509A,85099B,194,479,3979,0.5344,0.405,0.0488,3.6951,SET OF 4 ENGLISH ROSE PLACEMATS,JUMBO BAG RED RETROSPOT
21494,22197,194,501,2278,0.5344,0.3872,0.0852,6.1708,ROTATING LEAVES T-LIGHT HOLDER,SMALL POPCORN HOLDER
22423,84029E,194,3860,1141,0.5344,0.0503,0.17,1.599,REGENCY CAKESTAND 3 TIER,RED WOOLLY HOTTIE WHITE HEART.
20676,20724,194,966,2035,0.5344,0.2008,0.0953,3.5825,RED RETROSPOT BOWL,RED RETROSPOT CHARLOTTE BAG
22090,22382,194,1698,2153,0.5344,0.1143,0.0901,1.9264,PAPER BUNTING RETROSPOT,LUNCH BAG SPACEBOY DESIGN
21218,22197,194,896,2278,0.5344,0.2165,0.0852,3.4504,RED SPOTTY BISCUIT TIN,SMALL POPCORN HOLDER
22423,85014B,194,3860,934,0.5344,0.0503,0.2077,1.9534,REGENCY CAKESTAND 3 TIER,RED RETROSPOT UMBRELLA
22367,22629,194,1156,1367,0.5344,0.1678,0.1419,4.4566,CHILDRENS APRON SPACEBOY DESIGN,SPACEBOY LUNCH BOX
22227,85099B,194,641,3979,0.5344,0.3027,0.0488,2.7612,HANGING HEART MIRROR DECORATION,JUMBO BAG RED RETROSPOT
22197,85152,194,2278,1455,0.5344,0.0852,0.1333,2.1248,SMALL POPCORN HOLDER,HAND OVER THE CHOCOLATE SIGN
20713,22196,194,1304,981,0.5344,0.1488,0.1978,5.5054,JUMBO BAG OWLS,SMALL HEART MEASURING SPOONS
20724,22470,194,2035,1947,0.5344,0.0953,0.0996,1.7775,RED RETROSPOT CHARLOTTE BAG,HEART OF WICKER LARGE
22296,22470,194,832,1947,0.5344,0.2332,0.0996,4.3475,HEART IVORY TRELLIS LARGE,HEART OF WICKER LARGE
22297,22470,194,969,1947,0.5344,0.2002,0.0996,3.7329,HEART IVORY TRELLIS SMALL,HEART OF WICKER LARGE
21791,22077,193,1312,1751,0.5317,0.1471,0.1102,3.0498,VINTAGE HEADS AND TAILS CARD GAME,6 RIBBONS RUSTIC CHARM
21790,84992,193,1885,1459,0.5317,0.1024,0.1323,2.5475,VINTAGE SNAP CARDS,72 SWEETHEART FAIRY CAKE CASES
20726,82494L,193,1922,2055,0.5317,0.1004,0.0939,1.7739,LUNCH BAG WOODLAND,WOODEN FRAME ANTIQUE WHITE
22698,47566,193,1028,2648,0.5317,0.1877,0.0729,2.5738,PINK REGENCY TEACUP AND SAUCER,PARTY BUNTING
15056N,82482,193,1139,1999,0.5317,0.1694,0.0965,3.0772,EDWARDIAN PARASOL NATURAL,WOODEN PICTURE FRAME WHITE FINISH
22189,22423,193,1296,3860,0.5317,0.1489,0.05,1.4005,CREAM HEART CARD HOLDER,REGENCY CAKESTAND 3 TIER
22385,23201,193,1246,904,0.5317,0.1549,0.2135,6.2202,JUMBO BAG SPACEBOY DESIGN,JUMBO BAG ALPHABET
21790,22550,193,1885,425,0.5317,0.1024,0.4541,8.7456,VINTAGE SNAP CARDS,HOLIDAY FUN LUDO
20754,21232,193,850,2426,0.5317,0.2271,0.0796,3.3976,RETROSPOT RED WASHING UP GLOVES,STRAWBERRY CERAMIC TRINKET BOX
22328,22630,193,1152,1333,0.5317,0.1675,0.1448,4.5625,ROUND SNACK BOXES SET OF 4 FRUITS,DOLLY GIRL LUNCH BOX
20711,21232,193,1052,2426,0.5317,0.1835,0.0796,2.7452,JUMBO BAG TOYS,STRAWBERRY CERAMIC TRINKET BOX
22382,82494L,193,2153,2055,0.5317,0.0896,0.0939,1.5836,LUNCH BAG SPACEBOY DESIGN,WOODEN FRAME ANTIQUE WHITE
21992,22379,193,656,1567,0.5317,0.2942,0.1232,6.8158,VINTAGE PAISLEY STATIONERY SET,RECYCLING BAG RETROSPOT
22383,82494L,193,2397,2055,0.5317,0.0805,0.0939,1.4224,LUNCH BAG SUKI DESIGN,WOODEN FRAME ANTIQUE WHITE
20724,21982,193,2035,716,0.5317,0.0948,0.2696,4.8085,RED RETROSPOT CHARLOTTE BAG,PACK OF 12 SUKI TISSUES
20914,22196,193,2019,981,0.5317,0.0956,0.1967,3.5374,SET/5 RED RETROSPOT LID GLASS BOWLS,SMALL HEART MEASURING SPOONS
22383,23298,193,2397,1142,0.5317,0.0805,0.169,2.5595,LUNCH BAG SUKI DESIGN,SPOTTY BUNTING
21731,22466,193,1525,394,0.5317,0.1266,0.4898,11.6606,RED TOADSTOOL LED NIGHT LIGHT,FAIRY TALE COTTAGE NIGHTLIGHT
22423,22739,193,3860,601,0.5317,0.05,0.3211,3.0201,REGENCY CAKESTAND 3 TIER,RIBBON REEL CHRISTMAS SOCK BAUBLE
20713,21790,193,1304,1885,0.5317,0.148,0.1024,2.8504,JUMBO BAG OWLS,VINTAGE SNAP CARDS
22197,23084,193,2278,962,0.5317,0.0847,0.2006,3.1971,SMALL POPCORN HOLDER,RABBIT NIGHT LIGHT
22197,22616,193,2278,817,0.5317,0.0847,0.2362,3.7645,SMALL POPCORN HOLDER,PACK OF 12 LONDON TISSUES
20685,47566,193,1717,2648,0.5317,0.1124,0.0729,1.541,DOORMAT RED RETROSPOT,PARTY BUNTING
22382,23199,193,2153,976,0.5317,0.0896,0.1977,3.3342,LUNCH BAG SPACEBOY DESIGN,JUMBO BAG APPLES
22112,84030E,193,1713,531,0.5317,0.1127,0.3635,7.7026,CHOCOLATE HOT WATER BOTTLE,ENGLISH ROSE HOT WATER BOTTLE
21212,84050,193,3116,710,0.5317,0.0619,0.2718,3.1669,PACK OF 72 RETROSPOT CAKE CASES,PINK HEART SHAPE EGG FRYING PAN
22090,82482,193,1698,1999,0.5317,0.1137,0.0965,2.0641,PAPER BUNTING RETROSPOT,WOODEN PICTURE FRAME WHITE FINISH
20718,47566,193,1212,2648,0.5317,0.1592,0.0729,2.1831,RED RETROSPOT SHOPPER BAG,PARTY BUNTING
20676,22386,193,966,2241,0.5317,0.1998,0.0861,3.2364,RED RETROSPOT BOWL,JUMBO BAG PINK POLKADOT
21212,82551,193,3116,751,0.5317,0.0619,0.257,2.994,PACK OF 72 RETROSPOT CAKE CASES,LAUNDRY 15C METAL SIGN
21080,22114,193,2119,1578,0.5317,0.0911,0.1223,2.0953,SET/20 RED RETROSPOT PAPER NAPKINS,HOT WATER BOTTLE TEA AND SYMPATHY
22178,22384,193,1802,2101,0.5317,0.1071,0.0919,1.8506,VICTORIAN GLASS HANGING T-LIGHT,LUNCH BAG PINK POLKADOT
84596F,84596L,193,614,255,0.5317,0.3143,0.7569,44.7486,SMALL MARSHMALLOWS PINK BOWL,BISCUITS SMALL BOWL LIGHT BLUE
48129,48194,193,543,1347,0.5317,0.3554,0.1433,9.579,DOORMAT TOPIARY,DOORMAT HEARTS
23203,23307,193,1230,628,0.5317,0.1569,0.3073,9.0703,JUMBO BAG VINTAGE DOILY,SET OF 60 PANTRY DESIGN CAKE CASES
21314,21992,193,1058,656,0.5317,0.1824,0.2942,10.0948,SMALL GLASS HEART TRINKET POT,VINTAGE PAISLEY STATIONERY SET
84970S,84992,193,1520,1459,0.5317,0.127,0.1323,3.1593,HANGING HEART ZINC T-LIGHT HOLDER,72 SWEETHEART FAIRY CAKE CASES
22173,22423,193,993,3860,0.5317,0.1944,0.05,1.8279,METAL 4 HOOK HANGER FRENCH CHATEAU,REGENCY CAKESTAND 3 TIER
20727,21733,193,2345,1755,0.5317,0.0823,0.11,1.7024,LUNCH BAG BLACK SKULL.,RED HANGING HEART T-LIGHT HOLDER
20725,22380,193,3055,688,0.5317,0.0632,0.2805,3.3334,LUNCH BAG RED RETROSPOT,TOY TIDY SPACEBOY
22139,22554,193,2087,1275,0.5317,0.0925,0.1514,2.633,RETROSPOT TEA SET CERAMIC 11 PC,PLASTERS IN TIN WOODLAND ANIMALS
22178,22961,193,1802,1188,0.5317,0.1071,0.1625,3.2728,VICTORIAN GLASS HANGING T-LIGHT,JAM MAKING SET PRINTED
20685,20727,193,1717,2345,0.5317,0.1124,0.0823,1.7401,DOORMAT RED RETROSPOT,LUNCH BAG BLACK SKULL.
21212,22109,193,3116,642,0.5317,0.0619,0.3006,3.5023,PACK OF 72 RETROSPOT CAKE CASES,FULL ENGLISH BREAKFAST PLATE
21481,84029G,193,1049,1007,0.5317,0.184,0.1917,6.6326,FAWN BLUE HOT WATER BOTTLE,KNITTED UNION FLAG HOT WATER BOTTLE
20712,22219,193,1410,1149,0.5317,0.1369,0.168,4.3246,JUMBO BAG WOODLAND ANIMALS,LOVEBIRD HANGING DECORATION WHITE
21523,21955,193,1120,723,0.5317,0.1723,0.2669,8.6523,DOORMAT FANCY FONT HOME SWEET HOME,DOORMAT UNION JACK GUNS AND ROSES
21212,21669,193,3116,804,0.5317,0.0619,0.24,2.7966,PACK OF 72 RETROSPOT CAKE CASES,BLUE STRIPE CERAMIC DRAWER KNOB
20726,22029,193,1922,1100,0.5317,0.1004,0.1755,3.3139,LUNCH BAG WOODLAND,SPACEBOY BIRTHDAY CARD
21790,82494L,193,1885,2055,0.5317,0.1024,0.0939,1.8087,VINTAGE SNAP CARDS,WOODEN FRAME ANTIQUE WHITE
20728,22457,193,2063,2031,0.5317,0.0936,0.095,1.6722,LUNCH BAG CARS BLUE,NATURAL SLATE HEART CHALKBOARD
22297,35961,193,969,637,0.5317,0.1992,0.303,11.3508,HEART IVORY TRELLIS SMALL,FOLKART ZINC HEART CHRISTMAS DEC
21891,85099B,193,829,3979,0.5317,0.2328,0.0485,2.124,TRADITIONAL WOODEN SKIPPING ROPE,JUMBO BAG RED RETROSPOT
20723,84946,193,1379,1756,0.5317,0.14,0.1099,2.8933,STRAWBERRY CHARLOTTE BAG,ANTIQUE SILVER TEA GLASS ETCHED
21098,22197,193,591,2278,0.5317,0.3266,0.0847,5.2041,CHRISTMAS TOILET ROLL,SMALL POPCORN HOLDER
21232,22419,193,2426,508,0.5317,0.0796,0.3799,5.685,STRAWBERRY CERAMIC TRINKET BOX,LIPSTICK PEN RED
21429,84991,193,995,2126,0.5317,0.194,0.0908,3.3121,RED GINGHAM ROSE JEWELLERY BOX,60 TEATIME FAIRY CAKE CASES
22326,22367,193,1390,1156,0.5317,0.1388,0.167,4.3603,ROUND SNACK BOXES SET OF4 WOODLAND,CHILDRENS APRON SPACEBOY DESIGN
21731,22328,193,1525,1152,0.5317,0.1266,0.1675,3.9881,RED TOADSTOOL LED NIGHT LIGHT,ROUND SNACK BOXES SET OF 4 FRUITS
22086,22142,193,2000,503,0.5317,0.0965,0.3837,6.9645,PAPER CHAIN KIT 50'S CHRISTMAS,CHRISTMAS CRAFT WHITE FAIRY
20754,22197,193,850,2278,0.5317,0.2271,0.0847,3.6184,RETROSPOT RED WASHING UP GLOVES,SMALL POPCORN HOLDER
22699,23172,193,1420,305,0.5317,0.1359,0.6328,16.1771,ROSES REGENCY TEACUP AND SAUCER,REGENCY TEA PLATE PINK
22367,22423,193,1156,3860,0.5317,0.167,0.05,1.5702,CHILDRENS APRON SPACEBOY DESIGN,REGENCY CAKESTAND 3 TIER
84520B,84991,193,732,2126,0.5317,0.2637,0.0908,4.5021,PACK 20 ENGLISH ROSE PAPER NAPKINS,60 TEATIME FAIRY CAKE CASES
84510A,85123A,193,532,5410,0.5317,0.3628,0.0357,2.4343,SET OF 4 ENGLISH ROSE COASTERS,WHITE HANGING HEART T-LIGHT HOLDER
22382,22631,193,2153,662,0.5317,0.0896,0.2915,4.9157,LUNCH BAG SPACEBOY DESIGN,CIRCUS PARADE LUNCH BOX
15036,21977,193,974,1992,0.5317,0.1982,0.0969,3.6111,ASSORTED COLOURS SILK FAN,PACK OF 60 PINK PAISLEY CAKE CASES
22107,22109,193,369,642,0.5317,0.523,0.3006,29.5751,PIZZA PLATE IN BOX,FULL ENGLISH BREAKFAST PLATE
22112,85152,193,1713,1455,0.5317,0.1127,0.1326,2.811,CHOCOLATE HOT WATER BOTTLE,HAND OVER THE CHOCOLATE SIGN
21232,37446,193,2426,406,0.5317,0.0796,0.4754,7.1133,STRAWBERRY CERAMIC TRINKET BOX,MINI CAKE STAND WITH HANGING CAKES
21108,21232,193,612,2426,0.5317,0.3154,0.0796,4.719,FAIRY CAKE FLANNEL ASSORTED COLOUR,STRAWBERRY CERAMIC TRINKET BOX
21479,22355,193,928,1735,0.5317,0.208,0.1112,4.3515,WHITE SKULL HOT WATER BOTTLE,CHARLOTTE BAG SUKI DESIGN
21992,22356,193,656,1584,0.5317,0.2942,0.1218,6.7426,VINTAGE PAISLEY STATIONERY SET,CHARLOTTE BAG PINK POLKADOT
21977,84032A,193,1992,662,0.5317,0.0969,0.2915,5.313,PACK OF 60 PINK PAISLEY CAKE CASES,CHARLIE+LOLA PINK HOT WATER BOTTLE
22379,84032A,193,1567,662,0.5317,0.1232,0.2915,6.754,RECYCLING BAG RETROSPOT,CHARLIE+LOLA PINK HOT WATER BOTTLE
21559,22356,193,1219,1584,0.5317,0.1583,0.1218,3.6285,STRAWBERRY LUNCH BOX WITH CUTLERY,CHARLOTTE BAG PINK POLKADOT
21175,22356,193,1656,1584,0.5317,0.1165,0.1218,2.671,GIN + TONIC DIET METAL SIGN,CHARLOTTE BAG PINK POLKADOT
22083,22178,193,1399,1802,0.5317,0.138,0.1071,2.7792,PAPER CHAIN KIT RETROSPOT,VICTORIAN GLASS HANGING T-LIGHT
21754,22666,192,2061,1652,0.5289,0.0932,0.1162,2.0471,HOME BUILDING BLOCK WORD,RECIPE BOX PANTRY YELLOW DESIGN
20725,21992,192,3055,656,0.5289,0.0628,0.2927,3.4779,LUNCH BAG RED RETROSPOT,VINTAGE PAISLEY STATIONERY SET
22189,47566,192,1296,2648,0.5289,0.1481,0.0725,2.031,CREAM HEART CARD HOLDER,PARTY BUNTING
21936,22423,192,1043,3860,0.5289,0.1841,0.0497,1.7313,RED RETROSPOT PICNIC BAG,REGENCY CAKESTAND 3 TIER
20717,22384,192,756,2101,0.5289,0.254,0.0914,4.3882,STRAWBERRY SHOPPER BAG,LUNCH BAG PINK POLKADOT
15036,22379,192,974,1567,0.5289,0.1971,0.1225,4.5667,ASSORTED COLOURS SILK FAN,RECYCLING BAG RETROSPOT
21791,22356,192,1312,1584,0.5289,0.1463,0.1212,3.3538,VINTAGE HEADS AND TAILS CARD GAME,CHARLOTTE BAG PINK POLKADOT
20727,82580,192,2345,1336,0.5289,0.0819,0.1437,2.2248,LUNCH BAG BLACK SKULL.,BATHROOM METAL SIGN
22379,84380,192,1567,1113,0.5289,0.1225,0.1725,3.9964,RECYCLING BAG RETROSPOT,SET OF 3 BUTTERFLY COOKIE CUTTERS
85049E,85049G,192,891,562,0.5289,0.2155,0.3416,13.9193,SCANDINAVIAN REDS RIBBONS,CHOCOLATE BOX RIBBONS
20725,48194,192,3055,1347,0.5289,0.0628,0.1425,1.6938,LUNCH BAG RED RETROSPOT,DOORMAT HEARTS
21935,22090,192,921,1698,0.5289,0.2085,0.1131,4.4569,SUKI SHOULDER BAG,PAPER BUNTING RETROSPOT
82580,84988,192,1336,1016,0.5289,0.1437,0.189,5.1349,BATHROOM METAL SIGN,SET OF 72 PINK HEART PAPER DOILIES
21243,84997D,192,503,1165,0.5289,0.3817,0.1648,11.8943,PINK POLKADOT PLATE,PINK 3 PIECE MINI DOTS CUTLERY SET
22087,22423,192,838,3860,0.5289,0.2291,0.0497,2.1548,PAPER BUNTING WHITE LACE,REGENCY CAKESTAND 3 TIER
20724,22551,192,2035,1299,0.5289,0.0943,0.1478,2.6367,RED RETROSPOT CHARLOTTE BAG,PLASTERS IN TIN SPACEBOY
21212,21328,192,3116,643,0.5289,0.0616,0.2986,3.4788,PACK OF 72 RETROSPOT CAKE CASES,BALLOONS WRITING SET
22423,22549,192,3860,710,0.5289,0.0497,0.2704,2.5432,REGENCY CAKESTAND 3 TIER,PICTURE DOMINOES
85123A,85232B,192,5410,558,0.5289,0.0355,0.3441,2.3089,WHITE HANGING HEART T-LIGHT HOLDER,SET/3 RUSSIAN DOLL STACKING TINS
82581,82583,192,912,1174,0.5289,0.2105,0.1635,6.5098,TOILET METAL SIGN,HOT BATHS METAL SIGN
20717,21929,192,756,1612,0.5289,0.254,0.1191,5.7193,STRAWBERRY SHOPPER BAG,JUMBO BAG PINK VINTAGE PAISLEY
20723,84380,192,1379,1113,0.5289,0.1392,0.1725,4.5412,STRAWBERRY CHARLOTTE BAG,SET OF 3 BUTTERFLY COOKIE CUTTERS
20723,22727,192,1379,1362,0.5289,0.1392,0.141,3.711,STRAWBERRY CHARLOTTE BAG,ALARM CLOCK BAKELIKE RED
84755,84946,192,1250,1756,0.5289,0.1536,0.1093,3.1754,COLOUR GLASS T-LIGHT HOLDER HANGING,ANTIQUE SILVER TEA GLASS ETCHED
84987,85099B,192,811,3979,0.5289,0.2367,0.0483,2.1599,SET OF 36 TEATIME PAPER DOILIES,JUMBO BAG RED RETROSPOT
22077,22910,192,1751,1418,0.5289,0.1097,0.1354,2.8072,6 RIBBONS RUSTIC CHARM,PAPER CHAIN KIT VINTAGE CHRISTMAS
22665,22667,192,702,845,0.5289,0.2735,0.2272,11.75,RECIPE BOX BLUE SKETCHBOOK DESIGN,RECIPE BOX RETROSPOT
21790,22960,192,1885,1157,0.5289,0.1019,0.1659,3.1959,VINTAGE SNAP CARDS,JAM MAKING SET WITH JARS
20914,84946,192,2019,1756,0.5289,0.0951,0.1093,1.9659,SET/5 RED RETROSPOT LID GLASS BOWLS,ANTIQUE SILVER TEA GLASS ETCHED
20727,84946,192,2345,1756,0.5289,0.0819,0.1093,1.6926,LUNCH BAG BLACK SKULL.,ANTIQUE SILVER TEA GLASS ETCHED
20724,84596B,192,2035,733,0.5289,0.0943,0.2619,4.6727,RED RETROSPOT CHARLOTTE BAG,SMALL DOLLY MIX DESIGN ORANGE BOWL
21231,22055,192,1480,724,0.5289,0.1297,0.2652,6.5048,SWEETHEART CERAMIC TRINKET BOX,MINI CAKE STAND HANGING STRAWBERY
20676,21232,192,966,2426,0.5289,0.1988,0.0791,2.9742,RED RETROSPOT BOWL,STRAWBERRY CERAMIC TRINKET BOX
22219,84970L,192,1149,1142,0.5289,0.1671,0.1681,5.3118,LOVEBIRD HANGING DECORATION WHITE,SINGLE HEART ZINC T-LIGHT HOLDER
22521,22525,192,370,328,0.5289,0.5189,0.5854,57.4323,CHILDS GARDEN TROWEL PINK,CHILDRENS GARDEN GLOVES PINK
21932,85123A,192,648,5410,0.5289,0.2963,0.0355,1.9882,SCANDINAVIAN PAISLEY PICNIC BAG,WHITE HANGING HEART T-LIGHT HOLDER
22178,22960,192,1802,1157,0.5289,0.1065,0.1659,3.3431,VICTORIAN GLASS HANGING T-LIGHT,JAM MAKING SET WITH JARS
20726,21175,192,1922,1656,0.5289,0.0999,0.1159,2.1899,LUNCH BAG WOODLAND,GIN + TONIC DIET METAL SIGN
79321,85099B,192,1089,3979,0.5289,0.1763,0.0483,1.6085,CHILLI LIGHTS,JUMBO BAG RED RETROSPOT
22174,85099B,192,556,3979,0.5289,0.3453,0.0483,3.1505,PHOTO CUBE,JUMBO BAG RED RETROSPOT
21213,21929,192,1477,1612,0.5289,0.13,0.1191,2.9274,PACK OF 72 SKULL CAKE CASES,JUMBO BAG PINK VINTAGE PAISLEY
22111,47566,192,1683,2648,0.5289,0.1141,0.0725,1.564,SCOTTIE DOG HOT WATER BOTTLE,PARTY BUNTING
21977,22326,192,1992,1390,0.5289,0.0964,0.1381,2.5173,PACK OF 60 PINK PAISLEY CAKE CASES,ROUND SNACK BOXES SET OF4 WOODLAND
22297,84970S,192,969,1520,0.5289,0.1981,0.1263,4.7322,HEART IVORY TRELLIS SMALL,HANGING HEART ZINC T-LIGHT HOLDER
21915,22197,192,1015,2278,0.5289,0.1892,0.0843,3.0145,RED HARMONICA IN BOX,SMALL POPCORN HOLDER
22699,23174,192,1420,322,0.5289,0.1352,0.5963,15.2436,ROSES REGENCY TEACUP AND SAUCER,REGENCY SUGAR BOWL GREEN
20726,47591D,192,1922,1210,0.5289,0.0999,0.1587,2.997,LUNCH BAG WOODLAND,PINK FAIRY CAKE CHILDRENS APRON
20727,20974,192,2345,821,0.5289,0.0819,0.2339,3.6203,LUNCH BAG BLACK SKULL.,12 PENCILS SMALL TUBE SKULL
22383,84378,192,2397,1246,0.5289,0.0801,0.1541,2.3337,LUNCH BAG SUKI DESIGN,SET OF 3 HEART COOKIE CUTTERS
22659,22666,192,1066,1652,0.5289,0.1801,0.1162,3.9579,LUNCH BOX I LOVE LONDON,RECIPE BOX PANTRY YELLOW DESIGN
22196,22383,192,981,2397,0.5289,0.1957,0.0801,2.9641,SMALL HEART MEASURING SPOONS,LUNCH BAG SUKI DESIGN
22574,22577,192,414,832,0.5289,0.4638,0.2308,20.2352,HEART WOODEN CHRISTMAS DECORATION,WOODEN HEART CHRISTMAS SCANDINAVIAN
21174,22077,192,1134,1751,0.5289,0.1693,0.1097,3.5102,POTTERING IN THE SHED METAL SIGN,6 RIBBONS RUSTIC CHARM
22297,84879,192,969,2796,0.5289,0.1981,0.0687,2.5726,HEART IVORY TRELLIS SMALL,ASSORTED COLOUR BIRD ORNAMENT
85049C,85049E,192,501,891,0.5289,0.3832,0.2155,15.6141,ROMANTIC PINKS RIBBONS,SCANDINAVIAN REDS RIBBONS
20711,21080,192,1052,2119,0.5289,0.1825,0.0906,3.1267,JUMBO BAG TOYS,SET/20 RED RETROSPOT PAPER NAPKINS
22328,22355,192,1152,1735,0.5289,0.1667,0.1107,3.4872,ROUND SNACK BOXES SET OF 4 FRUITS,CHARLOTTE BAG SUKI DESIGN
21390,22294,192,587,860,0.5289,0.3271,0.2233,13.8069,FILIGRIS HEART WITH BUTTERFLY,HEART FILIGREE DOVE SMALL
22423,22969,192,3860,703,0.5289,0.0497,0.2731,2.5686,REGENCY CAKESTAND 3 TIER,HOMEMADE JAM SCENTED CANDLES
20724,22064,192,2035,692,0.5289,0.0943,0.2775,4.9495,RED RETROSPOT CHARLOTTE BAG,PINK DOUGHNUT TRINKET POT
22411,84978,192,2190,1417,0.5289,0.0877,0.1355,2.246,JUMBO SHOPPER VINTAGE RED PAISLEY,HANGING HEART JAR T-LIGHT HOLDER
22386,22659,192,2241,1066,0.5289,0.0857,0.1801,2.9176,JUMBO BAG PINK POLKADOT,LUNCH BOX I LOVE LONDON
82582,85150,192,790,1109,0.5289,0.243,0.1731,7.9556,AREA PATROLLED METAL SIGN,LADIES & GENTLEMEN METAL SIGN
22197,22467,192,2278,1078,0.5289,0.0843,0.1781,2.8383,SMALL POPCORN HOLDER,GUMBALL COAT RACK
20719,21975,192,1572,1302,0.5289,0.1221,0.1475,3.4054,WOODLAND CHARLOTTE BAG,PACK OF 60 DINOSAUR CAKE CASES
22386,23200,192,2241,594,0.5289,0.0857,0.3232,5.236,JUMBO BAG PINK POLKADOT,JUMBO BAG PEARS
22739,85123A,192,601,5410,0.5289,0.3195,0.0355,2.1437,RIBBON REEL CHRISTMAS SOCK BAUBLE,WHITE HANGING HEART T-LIGHT HOLDER
47590B,85123A,192,880,5410,0.5289,0.2182,0.0355,1.464,PINK HAPPY BIRTHDAY BUNTING,WHITE HANGING HEART T-LIGHT HOLDER
22646,85099B,192,876,3979,0.5289,0.2192,0.0483,1.9996,CERAMIC STRAWBERRY CAKE MONEY BANK,JUMBO BAG RED RETROSPOT
22197,82600,192,2278,1200,0.5289,0.0843,0.16,2.5497,SMALL POPCORN HOLDER,NO SINGING METAL SIGN
22920,22921,192,251,220,0.5289,0.7649,0.8727,126.2221,HERB MARKER BASIL,HERB MARKER CHIVES
22171,85123A,192,654,5410,0.5289,0.2936,0.0355,1.97,3 HOOK PHOTO SHELF ANTIQUE WHITE,WHITE HANGING HEART T-LIGHT HOLDER
47566,84520B,192,2648,732,0.5289,0.0725,0.2623,3.5959,PARTY BUNTING,PACK 20 ENGLISH ROSE PAPER NAPKINS
20711,21033,192,1052,573,0.5289,0.1825,0.3351,11.5628,JUMBO BAG TOYS,JUMBO BAG CHARLIE AND LOLA TOYS
21212,22150,192,3116,937,0.5289,0.0616,0.2049,2.3872,PACK OF 72 RETROSPOT CAKE CASES,3 STRIPEY MICE FELTCRAFT
22379,84992,192,1567,1459,0.5289,0.1225,0.1316,3.0486,RECYCLING BAG RETROSPOT,72 SWEETHEART FAIRY CAKE CASES
22382,84992,192,2153,1459,0.5289,0.0892,0.1316,2.2189,LUNCH BAG SPACEBOY DESIGN,72 SWEETHEART FAIRY CAKE CASES
21232,84520B,192,2426,732,0.5289,0.0791,0.2623,3.9249,STRAWBERRY CERAMIC TRINKET BOX,PACK 20 ENGLISH ROSE PAPER NAPKINS
21314,21755,192,1058,1692,0.5289,0.1815,0.1135,3.8935,SMALL GLASS HEART TRINKET POT,LOVE BUILDING BLOCK WORD
21936,85099C,192,1043,1867,0.5289,0.1841,0.1028,3.5793,RED RETROSPOT PICNIC BAG,JUMBO BAG BAROQUE BLACK WHITE
22662,23207,192,993,739,0.5289,0.1934,0.2598,9.4981,LUNCH BAG DOLLY GIRL DESIGN,LUNCH BAG ALPHABET DESIGN
22027,85099B,192,845,3979,0.5289,0.2272,0.0483,2.073,TEA PARTY BIRTHDAY CARD,JUMBO BAG RED RETROSPOT
22386,22961,192,2241,1188,0.5289,0.0857,0.1616,2.618,JUMBO BAG PINK POLKADOT,JAM MAKING SET PRINTED
22909,84946,192,1086,1756,0.5289,0.1768,0.1093,3.6549,SET OF 20 VINTAGE CHRISTMAS NAPKINS,ANTIQUE SILVER TEA GLASS ETCHED
20725,22297,192,3055,969,0.5289,0.0628,0.1981,2.3545,LUNCH BAG RED RETROSPOT,HEART IVORY TRELLIS SMALL
21232,22961,192,2426,1188,0.5289,0.0791,0.1616,2.4184,STRAWBERRY CERAMIC TRINKET BOX,JAM MAKING SET PRINTED
21314,21754,192,1058,2061,0.5289,0.1815,0.0932,3.1965,SMALL GLASS HEART TRINKET POT,HOME BUILDING BLOCK WORD
21232,22553,192,2426,1090,0.5289,0.0791,0.1761,2.6358,STRAWBERRY CERAMIC TRINKET BOX,PLASTERS IN TIN SKULLS
22489,85123A,192,784,5410,0.5289,0.2449,0.0355,1.6433,PACK OF 12 TRADITIONAL CRAYONS,WHITE HANGING HEART T-LIGHT HOLDER
21754,22356,192,2061,1584,0.5289,0.0932,0.1212,2.135,HOME BUILDING BLOCK WORD,CHARLOTTE BAG PINK POLKADOT
22423,84997B,191,3860,1102,0.5261,0.0495,0.1733,1.63,REGENCY CAKESTAND 3 TIER,RED 3 PIECE MINI DOTS CUTLERY SET
21790,22865,191,1885,1211,0.5261,0.1013,0.1577,3.0374,VINTAGE SNAP CARDS,HAND WARMER OWL DESIGN
21485,21733,191,1383,1755,0.5261,0.1381,0.1088,2.8567,RETROSPOT HEART HOT WATER BOTTLE,RED HANGING HEART T-LIGHT HOLDER
82580,84836,191,1336,1406,0.5261,0.143,0.1358,3.6912,BATHROOM METAL SIGN,ZINC METAL HEART DECORATION
22666,22835,191,1652,1010,0.5261,0.1156,0.1891,4.1556,RECIPE BOX PANTRY YELLOW DESIGN,HOT WATER BOTTLE I AM SO POORLY
20724,22699,191,2035,1420,0.5261,0.0939,0.1345,2.3994,RED RETROSPOT CHARLOTTE BAG,ROSES REGENCY TEACUP AND SAUCER
21175,22470,191,1656,1947,0.5261,0.1153,0.0981,2.1505,GIN + TONIC DIET METAL SIGN,HEART OF WICKER LARGE
21212,85014B,191,3116,934,0.5261,0.0613,0.2045,2.3824,PACK OF 72 RETROSPOT CAKE CASES,RED RETROSPOT UMBRELLA
21670,22423,191,766,3860,0.5261,0.2493,0.0495,2.345,BLUE SPOT CERAMIC DRAWER KNOB,REGENCY CAKESTAND 3 TIER
22469,35961,191,2141,637,0.5261,0.0892,0.2998,5.084,HEART OF WICKER SMALL,FOLKART ZINC HEART CHRISTMAS DEC
21232,84987,191,2426,811,0.5261,0.0787,0.2355,3.5241,STRAWBERRY CERAMIC TRINKET BOX,SET OF 36 TEATIME PAPER DOILIES
21929,22666,191,1612,1652,0.5261,0.1185,0.1156,2.6037,JUMBO BAG PINK VINTAGE PAISLEY,RECIPE BOX PANTRY YELLOW DESIGN
21931,22553,191,2326,1090,0.5261,0.0821,0.1752,2.7348,JUMBO STORAGE BAG SUKI,PLASTERS IN TIN SKULLS
22423,22620,191,3860,841,0.5261,0.0495,0.2271,2.1359,REGENCY CAKESTAND 3 TIER,4 TRADITIONAL SPINNING TOPS
21937,22384,191,656,2101,0.5261,0.2912,0.0909,5.0308,STRAWBERRY PICNIC BAG,LUNCH BAG PINK POLKADOT
23349,23351,191,337,354,0.5261,0.5668,0.5395,58.1207,ROLL WRAP VINTAGE CHRISTMAS,ROLL WRAP 50'S CHRISTMAS
21559,22090,191,1219,1698,0.5261,0.1567,0.1125,3.3498,STRAWBERRY LUNCH BOX WITH CUTLERY,PAPER BUNTING RETROSPOT
15056N,22386,191,1139,2241,0.5261,0.1677,0.0852,2.7164,EDWARDIAN PARASOL NATURAL,JUMBO BAG PINK POLKADOT
21175,22384,191,1656,2101,0.5261,0.1153,0.0909,1.9929,GIN + TONIC DIET METAL SIGN,LUNCH BAG PINK POLKADOT
20727,22661,191,2345,631,0.5261,0.0814,0.3027,4.6859,LUNCH BAG BLACK SKULL.,CHARLOTTE BAG DOLLY GIRL DESIGN
20727,22727,191,2345,1362,0.5261,0.0814,0.1402,2.1709,LUNCH BAG BLACK SKULL.,ALARM CLOCK BAKELIKE RED
20725,21481,191,3055,1049,0.5261,0.0625,0.1821,2.1636,LUNCH BAG RED RETROSPOT,FAWN BLUE HOT WATER BOTTLE
84378,84970S,191,1246,1520,0.5261,0.1533,0.1257,3.661,SET OF 3 HEART COOKIE CUTTERS,HANGING HEART ZINC T-LIGHT HOLDER
21326,84946,191,635,1756,0.5261,0.3008,0.1088,6.2182,AGED GLASS SILVER T-LIGHT HOLDER,ANTIQUE SILVER TEA GLASS ETCHED
20963,85123A,191,509,5410,0.5261,0.3752,0.0353,2.518,APPLE BATH SPONGE,WHITE HANGING HEART T-LIGHT HOLDER
20724,22378,191,2035,545,0.5261,0.0939,0.3505,6.2518,RED RETROSPOT CHARLOTTE BAG,WALL TIDY RETROSPOT
21912,22139,191,827,2087,0.5261,0.231,0.0915,4.0173,VINTAGE SNAKES & LADDERS,RETROSPOT TEA SET CERAMIC 11 PC
22178,82583,191,1802,1174,0.5261,0.106,0.1627,3.2775,VICTORIAN GLASS HANGING T-LIGHT,HOT BATHS METAL SIGN
22077,22149,191,1751,1380,0.5261,0.1091,0.1384,2.8695,6 RIBBONS RUSTIC CHARM,FELTCRAFT 6 FLOWER FRIENDS
82580,85099F,191,1336,1854,0.5261,0.143,0.103,2.7993,BATHROOM METAL SIGN,JUMBO BAG STRAWBERRY
21175,22386,191,1656,2241,0.5261,0.1153,0.0852,1.8684,GIN + TONIC DIET METAL SIGN,JUMBO BAG PINK POLKADOT
21035,22386,191,928,2241,0.5261,0.2058,0.0852,3.3341,SET/2 RED RETROSPOT TEA TOWELS,JUMBO BAG PINK POLKADOT
20972,47566,191,1394,2648,0.5261,0.137,0.0721,1.8784,PINK CREAM FELT CRAFT TRINKET BOX,PARTY BUNTING
22666,22865,191,1652,1211,0.5261,0.1156,0.1577,3.4658,RECIPE BOX PANTRY YELLOW DESIGN,HAND WARMER OWL DESIGN
15056N,21931,191,1139,2326,0.5261,0.1677,0.0821,2.6172,EDWARDIAN PARASOL NATURAL,JUMBO STORAGE BAG SUKI
22358,85099B,191,604,3979,0.5261,0.3162,0.048,2.885,KINGS CHOICE TEA CADDY,JUMBO BAG RED RETROSPOT
22197,22620,191,2278,841,0.5261,0.0838,0.2271,3.6192,SMALL POPCORN HOLDER,4 TRADITIONAL SPINNING TOPS
21790,22386,191,1885,2241,0.5261,0.1013,0.0852,1.6414,VINTAGE SNAP CARDS,JUMBO BAG PINK POLKADOT
21755,82486,191,1692,1268,0.5261,0.1129,0.1506,3.2318,LOVE BUILDING BLOCK WORD,WOOD S/3 CABINET ANT WHITE FINISH
21791,21931,191,1312,2326,0.5261,0.1456,0.0821,2.2721,VINTAGE HEADS AND TAILS CARD GAME,JUMBO STORAGE BAG SUKI
22149,22569,191,1380,784,0.5261,0.1384,0.2436,6.4087,FELTCRAFT 6 FLOWER FRIENDS,FELTCRAFT CUSHION BUTTERFLY
21232,35961,191,2426,637,0.5261,0.0787,0.2998,4.4868,STRAWBERRY CERAMIC TRINKET BOX,FOLKART ZINC HEART CHRISTMAS DEC
22469,84378,191,2141,1246,0.5261,0.0892,0.1533,2.5991,HEART OF WICKER SMALL,SET OF 3 HEART COOKIE CUTTERS
22083,84692,191,1399,1121,0.5261,0.1365,0.1704,4.4212,PAPER CHAIN KIT RETROSPOT,BOX OF 24 COCKTAIL PARASOLS
22588,85123A,191,482,5410,0.5261,0.3963,0.0353,2.659,CARD HOLDER GINGHAM HEART,WHITE HANGING HEART T-LIGHT HOLDER
21931,22149,191,2326,1380,0.5261,0.0821,0.1384,2.1601,JUMBO STORAGE BAG SUKI,FELTCRAFT 6 FLOWER FRIENDS
21731,84992,191,1525,1459,0.5261,0.1252,0.1309,3.1163,RED TOADSTOOL LED NIGHT LIGHT,72 SWEETHEART FAIRY CAKE CASES
21892,22621,191,818,871,0.5261,0.2335,0.2193,9.7318,TRADITIONAL WOODEN CATCH CUP GAME,TRADITIONAL KNITTING NANCY
22086,22553,191,2000,1090,0.5261,0.0955,0.1752,3.1806,PAPER CHAIN KIT 50'S CHRISTMAS,PLASTERS IN TIN SKULLS
21993,84032A,191,577,662,0.5261,0.331,0.2885,18.1522,FLORAL FOLK STATIONERY SET,CHARLIE+LOLA PINK HOT WATER BOTTLE
22666,22966,191,1652,729,0.5261,0.1156,0.262,5.7574,RECIPE BOX PANTRY YELLOW DESIGN,GINGERBREAD MAN COOKIE CUTTER
22219,35961,191,1149,637,0.5261,0.1662,0.2998,9.4734,LOVEBIRD HANGING DECORATION WHITE,FOLKART ZINC HEART CHRISTMAS DEC
20725,22502,191,3055,910,0.5261,0.0625,0.2099,2.4941,LUNCH BAG RED RETROSPOT,PICNIC BASKET WICKER SMALL
21080,22961,191,2119,1188,0.5261,0.0901,0.1608,2.7543,SET/20 RED RETROSPOT PAPER NAPKINS,JAM MAKING SET PRINTED
22029,22383,191,1100,2397,0.5261,0.1736,0.0797,2.6297,SPACEBOY BIRTHDAY CARD,LUNCH BAG SUKI DESIGN
15056BL,15056P,191,941,382,0.5261,0.203,0.5,19.2891,EDWARDIAN PARASOL BLACK,EDWARDIAN PARASOL PINK
20969,22568,191,613,875,0.5261,0.3116,0.2183,12.9269,RED FLORAL FELTCRAFT SHOULDER BAG,FELTCRAFT CUSHION OWL
21098,22952,191,591,1139,0.5261,0.3232,0.1677,10.3004,CHRISTMAS TOILET ROLL,60 CAKE CASES VINTAGE CHRISTMAS
21977,84375,191,1992,792,0.5261,0.0959,0.2412,4.3949,PACK OF 60 PINK PAISLEY CAKE CASES,SET OF 20 KIDS COOKIE CUTTERS
22386,84946,191,2241,1756,0.5261,0.0852,0.1088,1.762,JUMBO BAG PINK POLKADOT,ANTIQUE SILVER TEA GLASS ETCHED
22352,22382,191,1117,2153,0.5261,0.171,0.0887,2.8831,LUNCH BOX WITH CUTLERY RETROSPOT,LUNCH BAG SPACEBOY DESIGN
22666,84692,191,1652,1121,0.5261,0.1156,0.1704,3.7441,RECIPE BOX PANTRY YELLOW DESIGN,BOX OF 24 COCKTAIL PARASOLS
21212,22467,191,3116,1078,0.5261,0.0613,0.1772,2.0642,PACK OF 72 RETROSPOT CAKE CASES,GUMBALL COAT RACK
21231,21731,191,1480,1525,0.5261,0.1291,0.1252,3.0721,SWEETHEART CERAMIC TRINKET BOX,RED TOADSTOOL LED NIGHT LIGHT
20711,21731,191,1052,1525,0.5261,0.1816,0.1252,4.3219,JUMBO BAG TOYS,RED TOADSTOOL LED NIGHT LIGHT
21232,84029G,191,2426,1007,0.5261,0.0787,0.1897,2.8382,STRAWBERRY CERAMIC TRINKET BOX,KNITTED UNION FLAG HOT WATER BOTTLE
23322,85123A,191,561,5410,0.5261,0.3405,0.0353,2.2846,LARGE WHITE HEART OF WICKER,WHITE HANGING HEART T-LIGHT HOLDER
21212,71459,190,3116,1007,0.5234,0.061,0.1887,2.1981,PACK OF 72 RETROSPOT CAKE CASES,HANGING JAM JAR T-LIGHT HOLDER
22456,22488,190,827,805,0.5234,0.2297,0.236,10.3605,NATURAL SLATE CHALKBOARD LARGE,NATURAL SLATE RECTANGLE CHALKBOARD
20971,22423,190,1143,3860,0.5234,0.1662,0.0492,1.5633,PINK BLUE FELT CRAFT TRINKET BOX,REGENCY CAKESTAND 3 TIER
22633,23439,190,855,397,0.5234,0.2222,0.4786,20.3202,HAND WARMER UNION JACK,HAND WARMER RED LOVE HEART
20676,22423,190,966,3860,0.5234,0.1967,0.0492,1.8498,RED RETROSPOT BOWL,REGENCY CAKESTAND 3 TIER
22720,82482,190,1376,1999,0.5234,0.1381,0.095,2.5076,SET OF 3 CAKE TINS PANTRY DESIGN,WOODEN PICTURE FRAME WHITE FINISH
21935,84970S,190,921,1520,0.5234,0.2063,0.125,4.927,SUKI SHOULDER BAG,HANGING HEART ZINC T-LIGHT HOLDER
23199,23301,190,976,912,0.5234,0.1947,0.2083,7.7489,JUMBO BAG APPLES,GARDENERS KNEELING PAD KEEP CALM
21481,22356,190,1049,1584,0.5234,0.1811,0.1199,4.151,FAWN BLUE HOT WATER BOTTLE,CHARLOTTE BAG PINK POLKADOT
21559,22411,190,1219,2190,0.5234,0.1559,0.0868,2.5837,STRAWBERRY LUNCH BOX WITH CUTLERY,JUMBO SHOPPER VINTAGE RED PAISLEY
22178,84378,190,1802,1246,0.5234,0.1054,0.1525,3.0719,VICTORIAN GLASS HANGING T-LIGHT,SET OF 3 HEART COOKIE CUTTERS
22086,22694,190,2000,854,0.5234,0.095,0.2225,4.0383,PAPER CHAIN KIT 50'S CHRISTMAS,WICKER STAR
22423,22722,190,3860,826,0.5234,0.0492,0.23,2.1633,REGENCY CAKESTAND 3 TIER,SET OF 6 SPICE TINS PANTRY DESIGN
22554,22630,190,1275,1333,0.5234,0.149,0.1425,4.0583,PLASTERS IN TIN WOODLAND ANIMALS,DOLLY GIRL LUNCH BOX
21213,22327,190,1477,645,0.5234,0.1286,0.2946,7.2401,PACK OF 72 SKULL CAKE CASES,ROUND SNACK BOXES SET OF 4 SKULLS
22602,22603,190,535,388,0.5234,0.3551,0.4897,33.2276,CHRISTMAS RETROSPOT HEART WOOD,CHRISTMAS RETROSPOT TREE WOOD
22382,22727,190,2153,1362,0.5234,0.0882,0.1395,2.3521,LUNCH BAG SPACEBOY DESIGN,ALARM CLOCK BAKELIKE RED
22699,22726,190,1420,1266,0.5234,0.1338,0.1501,3.8367,ROSES REGENCY TEACUP AND SAUCER,ALARM CLOCK BAKELIKE GREEN
20713,84946,190,1304,1756,0.5234,0.1457,0.1082,3.0122,JUMBO BAG OWLS,ANTIQUE SILVER TEA GLASS ETCHED
21479,22910,190,928,1418,0.5234,0.2047,0.134,5.2416,WHITE SKULL HOT WATER BOTTLE,PAPER CHAIN KIT VINTAGE CHRISTMAS
20725,22131,190,3055,692,0.5234,0.0622,0.2746,3.2626,LUNCH BAG RED RETROSPOT,FOOD CONTAINER SET 3 LOVE HEART
22196,85099C,190,981,1867,0.5234,0.1937,0.1018,3.7659,SMALL HEART MEASURING SPOONS,JUMBO BAG BAROQUE BLACK WHITE
20723,22090,190,1379,1698,0.5234,0.1378,0.1119,2.9457,STRAWBERRY CHARLOTTE BAG,PAPER BUNTING RETROSPOT
20685,22090,190,1717,1698,0.5234,0.1107,0.1119,2.3658,DOORMAT RED RETROSPOT,PAPER BUNTING RETROSPOT
22327,85123A,190,645,5410,0.5234,0.2946,0.0351,1.9766,ROUND SNACK BOXES SET OF 4 SKULLS,WHITE HANGING HEART T-LIGHT HOLDER
22352,22356,190,1117,1584,0.5234,0.1701,0.1199,3.8983,LUNCH BOX WITH CUTLERY RETROSPOT,CHARLOTTE BAG PINK POLKADOT
21380,85123A,190,650,5410,0.5234,0.2923,0.0351,1.9614,WOODEN HAPPY BIRTHDAY GARLAND,WHITE HANGING HEART T-LIGHT HOLDER
21621,21754,190,1275,2061,0.5234,0.149,0.0922,2.6248,VINTAGE UNION JACK BUNTING,HOME BUILDING BLOCK WORD
22698,23245,190,1028,869,0.5234,0.1848,0.2186,7.721,PINK REGENCY TEACUP AND SAUCER,SET OF 3 REGENCY CAKE TINS
20724,21174,190,2035,1134,0.5234,0.0934,0.1675,2.9889,RED RETROSPOT CHARLOTTE BAG,POTTERING IN THE SHED METAL SIGN
21754,82583,190,2061,1174,0.5234,0.0922,0.1618,2.8506,HOME BUILDING BLOCK WORD,HOT BATHS METAL SIGN
22457,84032A,190,2031,662,0.5234,0.0935,0.287,5.13,NATURAL SLATE HEART CHALKBOARD,CHARLIE+LOLA PINK HOT WATER BOTTLE
22197,22866,190,2278,1081,0.5234,0.0834,0.1758,2.8009,SMALL POPCORN HOLDER,HAND WARMER SCOTTY DOG DESIGN
22692,85123A,190,604,5410,0.5234,0.3146,0.0351,2.1108,DOORMAT WELCOME TO OUR HOME,WHITE HANGING HEART T-LIGHT HOLDER
84692,84992,190,1121,1459,0.5234,0.1695,0.1302,4.2172,BOX OF 24 COCKTAIL PARASOLS,72 SWEETHEART FAIRY CAKE CASES
22086,22149,190,2000,1380,0.5234,0.095,0.1377,2.4991,PAPER CHAIN KIT 50'S CHRISTMAS,FELTCRAFT 6 FLOWER FRIENDS
22219,82494L,190,1149,2055,0.5234,0.1654,0.0925,2.9211,LOVEBIRD HANGING DECORATION WHITE,WOODEN FRAME ANTIQUE WHITE
21216,21217,190,797,927,0.5234,0.2384,0.205,9.3357,"SET 3 RETROSPOT TEA,COFFEE,SUGAR",RED RETROSPOT ROUND CAKE TINS
47566,71459,190,2648,1007,0.5234,0.0718,0.1887,2.5866,PARTY BUNTING,HANGING JAM JAR T-LIGHT HOLDER
20971,22274,190,1143,656,0.5234,0.1662,0.2896,9.1989,PINK BLUE FELT CRAFT TRINKET BOX,FELTCRAFT DOLL EMILY
22196,47566,190,981,2648,0.5234,0.1937,0.0718,2.6552,SMALL HEART MEASURING SPOONS,PARTY BUNTING
22457,85152,190,2031,1455,0.5234,0.0935,0.1306,2.3341,NATURAL SLATE HEART CHALKBOARD,HAND OVER THE CHOCOLATE SIGN
84510A,85099B,190,532,3979,0.5234,0.3571,0.0478,3.2584,SET OF 4 ENGLISH ROSE COASTERS,JUMBO BAG RED RETROSPOT
20726,21558,190,1922,765,0.5234,0.0989,0.2484,4.691,LUNCH BAG WOODLAND,SKULL LUNCH BOX WITH CUTLERY
22951,22952,190,633,1139,0.5234,0.3002,0.1668,9.5666,60 CAKE CASES DOLLY GIRL DESIGN,60 CAKE CASES VINTAGE CHRISTMAS
22197,22326,190,2278,1390,0.5234,0.0834,0.1367,2.1783,SMALL POPCORN HOLDER,ROUND SNACK BOXES SET OF4 WOODLAND
21731,22348,190,1525,956,0.5234,0.1246,0.1987,4.731,RED TOADSTOOL LED NIGHT LIGHT,TEA BAG PLATE RED RETROSPOT
22423,84347,190,3860,747,0.5234,0.0492,0.2544,2.3921,REGENCY CAKESTAND 3 TIER,ROTATING SILVER ANGELS T-LIGHT HLDR
21328,22086,190,643,2000,0.5234,0.2955,0.095,5.3634,BALLOONS WRITING SET,PAPER CHAIN KIT 50'S CHRISTMAS
22356,84032A,190,1584,662,0.5234,0.1199,0.287,6.5777,CHARLOTTE BAG PINK POLKADOT,CHARLIE+LOLA PINK HOT WATER BOTTLE
21790,22348,190,1885,956,0.5234,0.1008,0.1987,3.8275,VINTAGE SNAP CARDS,TEA BAG PLATE RED RETROSPOT
22086,84380,190,2000,1113,0.5234,0.095,0.1707,3.0986,PAPER CHAIN KIT 50'S CHRISTMAS,SET OF 3 BUTTERFLY COOKIE CUTTERS
21981,85123A,190,551,5410,0.5234,0.3448,0.0351,2.3139,PACK OF 12 WOODLAND TISSUES,WHITE HANGING HEART T-LIGHT HOLDER
21212,21871,190,3116,776,0.5234,0.061,0.2448,2.8525,PACK OF 72 RETROSPOT CAKE CASES,SAVE THE PLANET MUG
21932,22384,190,648,2101,0.5234,0.2932,0.0904,5.0662,SCANDINAVIAN PAISLEY PICNIC BAG,LUNCH BAG PINK POLKADOT
21041,21212,190,523,3116,0.5234,0.3633,0.061,4.2324,RED RETROSPOT OVEN GLOVE DOUBLE,PACK OF 72 RETROSPOT CAKE CASES
21094,21213,190,984,1477,0.5234,0.1931,0.1286,4.7458,SET/6 RED SPOTTY PAPER PLATES,PACK OF 72 SKULL CAKE CASES
20676,21244,190,966,445,0.5234,0.1967,0.427,16.0453,RED RETROSPOT BOWL,BLUE POLKADOT PLATE
22961,22969,190,1188,703,0.5234,0.1599,0.2703,8.2587,JAM MAKING SET PRINTED,HOMEMADE JAM SCENTED CANDLES
20914,22083,190,2019,1399,0.5234,0.0941,0.1358,2.4419,SET/5 RED RETROSPOT LID GLASS BOWLS,PAPER CHAIN KIT RETROSPOT
22697,84378,190,1352,1246,0.5234,0.1405,0.1525,4.0944,GREEN REGENCY TEACUP AND SAUCER,SET OF 3 HEART COOKIE CUTTERS
21931,21982,190,2326,716,0.5234,0.0817,0.2654,4.1415,JUMBO STORAGE BAG SUKI,PACK OF 12 SUKI TISSUES
84879,84970L,190,2796,1142,0.5234,0.068,0.1664,2.1601,ASSORTED COLOUR BIRD ORNAMENT,SINGLE HEART ZINC T-LIGHT HOLDER
20674,21238,190,463,902,0.5234,0.4104,0.2106,16.5157,GREEN POLKADOT BOWL,RED RETROSPOT CUP
22090,82580,190,1698,1336,0.5234,0.1119,0.1422,3.0405,PAPER BUNTING RETROSPOT,BATHROOM METAL SIGN
21217,22423,190,927,3860,0.5234,0.205,0.0492,1.9276,RED RETROSPOT ROUND CAKE TINS,REGENCY CAKESTAND 3 TIER
22355,84997D,190,1735,1165,0.5234,0.1095,0.1631,3.4124,CHARLOTTE BAG SUKI DESIGN,PINK 3 PIECE MINI DOTS CUTLERY SET
20725,22378,190,3055,545,0.5234,0.0622,0.3486,4.1426,LUNCH BAG RED RETROSPOT,WALL TIDY RETROSPOT
20685,21731,190,1717,1525,0.5234,0.1107,0.1246,2.6342,DOORMAT RED RETROSPOT,RED TOADSTOOL LED NIGHT LIGHT
22086,22571,190,2000,511,0.5234,0.095,0.3718,6.7489,PAPER CHAIN KIT 50'S CHRISTMAS,ROCKING HORSE RED CHRISTMAS
21733,22383,190,1755,2397,0.5234,0.1083,0.0793,1.6396,RED HANGING HEART T-LIGHT HOLDER,LUNCH BAG SUKI DESIGN
21078,84991,190,740,2126,0.5234,0.2568,0.0894,4.3842,SET/20 STRAWBERRY PAPER NAPKINS,60 TEATIME FAIRY CAKE CASES
22423,48185,190,3860,983,0.5234,0.0492,0.1933,1.8178,REGENCY CAKESTAND 3 TIER,DOORMAT FAIRY CAKE
22417,84380,189,1102,1113,0.5206,0.1715,0.1698,5.5939,PACK OF 60 SPACEBOY CAKE CASES,SET OF 3 BUTTERFLY COOKIE CUTTERS
21181,22077,189,1796,1751,0.5206,0.1052,0.1079,2.1817,PLEASE ONE PERSON METAL SIGN,6 RIBBONS RUSTIC CHARM
21212,82581,189,3116,912,0.5206,0.0607,0.2072,2.4143,PACK OF 72 RETROSPOT CAKE CASES,TOILET METAL SIGN
22961,84991,189,1188,2126,0.5206,0.1591,0.0889,2.7165,JAM MAKING SET PRINTED,60 TEATIME FAIRY CAKE CASES
21239,22423,189,750,3860,0.5206,0.252,0.049,2.37,PINK POLKADOT CUP,REGENCY CAKESTAND 3 TIER
21731,21976,189,1525,950,0.5206,0.1239,0.1989,4.7359,RED TOADSTOOL LED NIGHT LIGHT,PACK OF 60 MUSHROOM CAKE CASES
20727,21238,189,2345,902,0.5206,0.0806,0.2095,3.2437,LUNCH BAG BLACK SKULL.,RED RETROSPOT CUP
21166,21755,189,1420,1692,0.5206,0.1331,0.1117,2.8556,COOK WITH WINE METAL SIGN,LOVE BUILDING BLOCK WORD
21931,22417,189,2326,1102,0.5206,0.0813,0.1715,2.6767,JUMBO STORAGE BAG SUKI,PACK OF 60 SPACEBOY CAKE CASES
21314,84988,189,1058,1016,0.5206,0.1786,0.186,6.3828,SMALL GLASS HEART TRINKET POT,SET OF 72 PINK HEART PAPER DOILIES
48188,85123A,189,697,5410,0.5206,0.2712,0.0349,1.8195,DOORMAT WELCOME PUPPIES,WHITE HANGING HEART T-LIGHT HOLDER
21790,22384,189,1885,2101,0.5206,0.1003,0.09,1.7324,VINTAGE SNAP CARDS,LUNCH BAG PINK POLKADOT
21977,22993,189,1992,1071,0.5206,0.0949,0.1765,3.216,PACK OF 60 PINK PAISLEY CAKE CASES,SET OF 4 PANTRY JELLY MOULDS
21035,21931,189,928,2326,0.5206,0.2037,0.0813,3.1786,SET/2 RED RETROSPOT TEA TOWELS,JUMBO STORAGE BAG SUKI
21524,21754,189,1149,2061,0.5206,0.1645,0.0917,2.8973,DOORMAT SPOTTY HOME SWEET HOME,HOME BUILDING BLOCK WORD
22297,82580,189,969,1336,0.5206,0.195,0.1415,5.2998,HEART IVORY TRELLIS SMALL,BATHROOM METAL SIGN
22726,22865,189,1266,1211,0.5206,0.1493,0.1561,4.4752,ALARM CLOCK BAKELIKE GREEN,HAND WARMER OWL DESIGN
20712,21934,189,1410,723,0.5206,0.134,0.2614,6.7303,JUMBO BAG WOODLAND ANIMALS,SKULL SHOULDER BAG
82580,84978,189,1336,1417,0.5206,0.1415,0.1334,3.6242,BATHROOM METAL SIGN,HANGING HEART JAR T-LIGHT HOLDER
22697,82580,189,1352,1336,0.5206,0.1398,0.1415,3.7985,GREEN REGENCY TEACUP AND SAUCER,BATHROOM METAL SIGN
22668,22669,189,579,438,0.5206,0.3264,0.4315,27.0545,PINK BABY BUNTING,RED BABY BUNTING
21506,22030,189,665,683,0.5206,0.2842,0.2767,15.106,"FANCY FONT BIRTHDAY CARD,",SWALLOWS GREETING CARD
21889,22077,189,1121,1751,0.5206,0.1686,0.1079,3.4954,WOODEN BOX OF DOMINOES,6 RIBBONS RUSTIC CHARM
84879,85099F,189,2796,1854,0.5206,0.0676,0.1019,1.3236,ASSORTED COLOUR BIRD ORNAMENT,JUMBO BAG STRAWBERRY
21977,84970L,189,1992,1142,0.5206,0.0949,0.1655,3.016,PACK OF 60 PINK PAISLEY CAKE CASES,SINGLE HEART ZINC T-LIGHT HOLDER
21559,22353,189,1219,493,0.5206,0.155,0.3834,11.4167,STRAWBERRY LUNCH BOX WITH CUTLERY,LUNCH BOX WITH CUTLERY FAIRY CAKES
22195,84991,189,811,2126,0.5206,0.233,0.0889,3.9793,LARGE HEART MEASURING SPOONS,60 TEATIME FAIRY CAKE CASES
23263,23264,189,445,299,0.5206,0.4247,0.6321,51.5657,SET OF 3 WOODEN HEART DECORATIONS,SET OF 3 WOODEN SLEIGH DECORATIONS
21790,22561,189,1885,904,0.5206,0.1003,0.2091,4.0264,VINTAGE SNAP CARDS,WOODEN SCHOOL COLOURING SET
21174,84991,189,1134,2126,0.5206,0.1667,0.0889,2.8459,POTTERING IN THE SHED METAL SIGN,60 TEATIME FAIRY CAKE CASES
21668,85099B,189,825,3979,0.5206,0.2291,0.0475,2.0901,RED STRIPE CERAMIC DRAWER KNOB,JUMBO BAG RED RETROSPOT
20914,22629,189,2019,1367,0.5206,0.0936,0.1383,2.4859,SET/5 RED RETROSPOT LID GLASS BOWLS,SPACEBOY LUNCH BOX
21166,21733,189,1420,1755,0.5206,0.1331,0.1077,2.7531,COOK WITH WINE METAL SIGN,RED HANGING HEART T-LIGHT HOLDER
21479,21484,189,928,864,0.5206,0.2037,0.2188,8.5572,WHITE SKULL HOT WATER BOTTLE,CHICK GREY HOT WATER BOTTLE
22469,22595,189,2141,795,0.5206,0.0883,0.2377,4.031,HEART OF WICKER SMALL,GINGHAM HEART DECORATION
22029,47566,189,1100,2648,0.5206,0.1718,0.0714,2.3555,SPACEBOY BIRTHDAY CARD,PARTY BUNTING
21086,22333,189,841,693,0.5206,0.2247,0.2727,11.7723,SET/6 RED SPOTTY PAPER CUPS,RETROSPOT PARTY BAG + STICKER SET
21754,22355,189,2061,1735,0.5206,0.0917,0.1089,1.9187,HOME BUILDING BLOCK WORD,CHARLOTTE BAG SUKI DESIGN
22386,22662,189,2241,993,0.5206,0.0843,0.1903,3.0832,JUMBO BAG PINK POLKADOT,LUNCH BAG DOLLY GIRL DESIGN
20724,22961,189,2035,1188,0.5206,0.0929,0.1591,2.838,RED RETROSPOT CHARLOTTE BAG,JAM MAKING SET PRINTED
20725,21485,189,3055,1383,0.5206,0.0619,0.1367,1.6239,LUNCH BAG RED RETROSPOT,RETROSPOT HEART HOT WATER BOTTLE
47566,84836,189,2648,1406,0.5206,0.0714,0.1344,1.8428,PARTY BUNTING,ZINC METAL HEART DECORATION
21754,22386,189,2061,2241,0.5206,0.0917,0.0843,1.4855,HOME BUILDING BLOCK WORD,JUMBO BAG PINK POLKADOT
22383,22659,189,2397,1066,0.5206,0.0788,0.1773,2.6851,LUNCH BAG SUKI DESIGN,LUNCH BOX I LOVE LONDON
21977,84836,189,1992,1406,0.5206,0.0949,0.1344,2.4497,PACK OF 60 PINK PAISLEY CAKE CASES,ZINC METAL HEART DECORATION
21080,21181,189,2119,1796,0.5206,0.0892,0.1052,1.8028,SET/20 RED RETROSPOT PAPER NAPKINS,PLEASE ONE PERSON METAL SIGN
22697,84879,189,1352,2796,0.5206,0.1398,0.0676,1.815,GREEN REGENCY TEACUP AND SAUCER,ASSORTED COLOUR BIRD ORNAMENT
21791,47566,189,1312,2648,0.5206,0.1441,0.0714,1.9749,VINTAGE HEADS AND TAILS CARD GAME,PARTY BUNTING
20712,22699,189,1410,1420,0.5206,0.134,0.1331,3.4268,JUMBO BAG WOODLAND ANIMALS,ROSES REGENCY TEACUP AND SAUCER
20724,22646,189,2035,876,0.5206,0.0929,0.2158,3.8488,RED RETROSPOT CHARLOTTE BAG,CERAMIC STRAWBERRY CAKE MONEY BANK
22178,22196,189,1802,981,0.5206,0.1049,0.1927,3.8812,VICTORIAN GLASS HANGING T-LIGHT,SMALL HEART MEASURING SPOONS
21754,22083,189,2061,1399,0.5206,0.0917,0.1351,2.3796,HOME BUILDING BLOCK WORD,PAPER CHAIN KIT RETROSPOT
21212,22489,189,3116,784,0.5206,0.0607,0.2411,2.8085,PACK OF 72 RETROSPOT CAKE CASES,PACK OF 12 TRADITIONAL CRAYONS
20712,21033,189,1410,573,0.5206,0.134,0.3298,8.4922,JUMBO BAG WOODLAND ANIMALS,JUMBO BAG CHARLIE AND LOLA TOYS
35961,85099B,189,637,3979,0.5206,0.2967,0.0475,2.7069,FOLKART ZINC HEART CHRISTMAS DEC,JUMBO BAG RED RETROSPOT
71459,85099B,189,1007,3979,0.5206,0.1877,0.0475,1.7123,HANGING JAM JAR T-LIGHT HOLDER,JUMBO BAG RED RETROSPOT
21385,22469,189,690,2141,0.5206,0.2739,0.0883,4.6444,IVORY HANGING DECORATION HEART,HEART OF WICKER SMALL
22423,22627,189,3860,653,0.5206,0.049,0.2894,2.722,REGENCY CAKESTAND 3 TIER,MINT KITCHEN SCALES
21931,22297,189,2326,969,0.5206,0.0813,0.195,3.0441,JUMBO STORAGE BAG SUKI,HEART IVORY TRELLIS SMALL
21754,22379,189,2061,1567,0.5206,0.0917,0.1206,2.1244,HOME BUILDING BLOCK WORD,RECYCLING BAG RETROSPOT
20914,21035,189,2019,928,0.5206,0.0936,0.2037,3.6619,SET/5 RED RETROSPOT LID GLASS BOWLS,SET/2 RED RETROSPOT TEA TOWELS
21175,84992,189,1656,1459,0.5206,0.1141,0.1295,2.8397,GIN + TONIC DIET METAL SIGN,72 SWEETHEART FAIRY CAKE CASES
21901,85099B,189,687,3979,0.5206,0.2751,0.0475,2.5099,"KEY FOB , BACK DOOR",JUMBO BAG RED RETROSPOT
21755,21977,189,1692,1992,0.5206,0.1117,0.0949,2.0356,LOVE BUILDING BLOCK WORD,PACK OF 60 PINK PAISLEY CAKE CASES
20971,21977,189,1143,1992,0.5206,0.1654,0.0949,3.0134,PINK BLUE FELT CRAFT TRINKET BOX,PACK OF 60 PINK PAISLEY CAKE CASES
22411,48185,189,2190,983,0.5206,0.0863,0.1923,3.1871,JUMBO SHOPPER VINTAGE RED PAISLEY,DOORMAT FAIRY CAKE
20724,84879,189,2035,2796,0.5206,0.0929,0.0676,1.2058,RED RETROSPOT CHARLOTTE BAG,ASSORTED COLOUR BIRD ORNAMENT
22273,85123A,189,809,5410,0.5206,0.2336,0.0349,1.5676,FELTCRAFT DOLL MOLLY,WHITE HANGING HEART T-LIGHT HOLDER
21212,22413,189,3116,880,0.5206,0.0607,0.2148,2.5021,PACK OF 72 RETROSPOT CAKE CASES,METAL SIGN TAKE IT OR LEAVE IT
20727,22219,189,2345,1149,0.5206,0.0806,0.1645,2.5464,LUNCH BAG BLACK SKULL.,LOVEBIRD HANGING DECORATION WHITE
23300,85099B,189,757,3979,0.5206,0.2497,0.0475,2.2778,GARDENERS KNEELING PAD CUP OF TEA,JUMBO BAG RED RETROSPOT
21259,85123A,188,654,5410,0.5179,0.2875,0.0348,1.9289,VICTORIAN SEWING BOX SMALL,WHITE HANGING HEART T-LIGHT HOLDER
21977,22112,188,1992,1713,0.5179,0.0944,0.1097,2.0001,PACK OF 60 PINK PAISLEY CAKE CASES,CHOCOLATE HOT WATER BOTTLE
22132,22133,188,388,327,0.5179,0.4845,0.5749,53.7909,RED LOVE HEART SHAPE CUP,PINK LOVE HEART SHAPE CUP
20719,22174,188,1572,556,0.5179,0.1196,0.3381,7.8084,WOODLAND CHARLOTTE BAG,PHOTO CUBE
22083,22469,188,1399,2141,0.5179,0.1344,0.0878,2.2785,PAPER CHAIN KIT RETROSPOT,HEART OF WICKER SMALL
20914,22470,188,2019,1947,0.5179,0.0931,0.0966,1.7361,SET/5 RED RETROSPOT LID GLASS BOWLS,HEART OF WICKER LARGE
22086,22573,188,2000,405,0.5179,0.094,0.4642,8.4256,PAPER CHAIN KIT 50'S CHRISTMAS,STAR WOODEN CHRISTMAS DECORATION
84946,85099C,188,1756,1867,0.5179,0.1071,0.1007,2.0817,ANTIQUE SILVER TEA GLASS ETCHED,JUMBO BAG BAROQUE BLACK WHITE
22411,84380,188,2190,1113,0.5179,0.0858,0.1689,2.7999,JUMBO SHOPPER VINTAGE RED PAISLEY,SET OF 3 BUTTERFLY COOKIE CUTTERS
22424,85123A,188,738,5410,0.5179,0.2547,0.0348,1.7094,ENAMEL BREAD BIN CREAM,WHITE HANGING HEART T-LIGHT HOLDER
22301,85123A,188,643,5410,0.5179,0.2924,0.0348,1.9619,COFFEE MUG CAT + BIRD DESIGN,WHITE HANGING HEART T-LIGHT HOLDER
20724,21889,188,2035,1121,0.5179,0.0924,0.1677,2.9917,RED RETROSPOT CHARLOTTE BAG,WOODEN BOX OF DOMINOES
20676,22197,188,966,2278,0.5179,0.1946,0.0825,3.1014,RED RETROSPOT BOWL,SMALL POPCORN HOLDER
20676,21243,188,966,503,0.5179,0.1946,0.3738,14.0457,RED RETROSPOT BOWL,PINK POLKADOT PLATE
20724,22149,188,2035,1380,0.5179,0.0924,0.1362,2.4302,RED RETROSPOT CHARLOTTE BAG,FELTCRAFT 6 FLOWER FRIENDS
20914,21216,188,2019,797,0.5179,0.0931,0.2359,4.2412,SET/5 RED RETROSPOT LID GLASS BOWLS,"SET 3 RETROSPOT TEA,COFFEE,SUGAR"
22910,84347,188,1418,747,0.5179,0.1326,0.2517,6.4431,PAPER CHAIN KIT VINTAGE CHRISTMAS,ROTATING SILVER ANGELS T-LIGHT HLDR
22197,22297,188,2278,969,0.5179,0.0825,0.194,3.0918,SMALL POPCORN HOLDER,HEART IVORY TRELLIS SMALL
21929,22083,188,1612,1399,0.5179,0.1166,0.1344,3.0263,JUMBO BAG PINK VINTAGE PAISLEY,PAPER CHAIN KIT RETROSPOT
21937,85123A,188,656,5410,0.5179,0.2866,0.0348,1.923,STRAWBERRY PICNIC BAG,WHITE HANGING HEART T-LIGHT HOLDER
21485,22866,188,1383,1081,0.5179,0.1359,0.1739,4.565,RETROSPOT HEART HOT WATER BOTTLE,HAND WARMER SCOTTY DOG DESIGN
20725,85150,188,3055,1109,0.5179,0.0615,0.1695,2.0144,LUNCH BAG RED RETROSPOT,LADIES & GENTLEMEN METAL SIGN
22697,82494L,188,1352,2055,0.5179,0.1391,0.0915,2.4564,GREEN REGENCY TEACUP AND SAUCER,WOODEN FRAME ANTIQUE WHITE
21931,21974,188,2326,808,0.5179,0.0808,0.2327,3.6313,JUMBO STORAGE BAG SUKI,SET OF 36 PAISLEY FLOWER DOILIES
22083,22139,188,1399,2087,0.5179,0.1344,0.0901,2.3375,PAPER CHAIN KIT RETROSPOT,RETROSPOT TEA SET CERAMIC 11 PC
21977,22381,188,1992,1099,0.5179,0.0944,0.1711,3.1175,PACK OF 60 PINK PAISLEY CAKE CASES,TOY TIDY PINK POLKADOT
22027,22030,188,845,683,0.5179,0.2225,0.2753,11.8253,TEA PARTY BIRTHDAY CARD,SWALLOWS GREETING CARD
21314,84970S,188,1058,1520,0.5179,0.1777,0.1237,4.2438,SMALL GLASS HEART TRINKET POT,HANGING HEART ZINC T-LIGHT HOLDER
21232,48138,188,2426,1638,0.5179,0.0775,0.1148,1.7174,STRAWBERRY CERAMIC TRINKET BOX,DOORMAT UNION FLAG
22423,22555,188,3860,966,0.5179,0.0487,0.1946,1.8303,REGENCY CAKESTAND 3 TIER,PLASTERS IN TIN STRONGMAN
21212,22698,188,3116,1028,0.5179,0.0603,0.1829,2.1306,PACK OF 72 RETROSPOT CAKE CASES,PINK REGENCY TEACUP AND SAUCER
21915,22620,188,1015,841,0.5179,0.1852,0.2235,7.9951,RED HARMONICA IN BOX,4 TRADITIONAL SPINNING TOPS
22578,22595,188,767,795,0.5179,0.2451,0.2365,11.1925,WOODEN STAR CHRISTMAS SCANDINAVIAN,GINGHAM HEART DECORATION
21210,22379,188,1159,1567,0.5179,0.1622,0.12,3.7578,SET OF 72 RETROSPOT PAPER DOILIES,RECYCLING BAG RETROSPOT
21181,22379,188,1796,1567,0.5179,0.1047,0.12,2.425,PLEASE ONE PERSON METAL SIGN,RECYCLING BAG RETROSPOT
22697,22727,188,1352,1362,0.5179,0.1391,0.138,3.7062,GREEN REGENCY TEACUP AND SAUCER,ALARM CLOCK BAKELIKE RED
20719,22352,188,1572,1117,0.5179,0.1196,0.1683,3.8867,WOODLAND CHARLOTTE BAG,LUNCH BOX WITH CUTLERY RETROSPOT
20677,20727,188,760,2345,0.5179,0.2474,0.0802,3.8294,PINK POLKADOT BOWL,LUNCH BAG BLACK SKULL.
20727,22726,188,2345,1266,0.5179,0.0802,0.1485,2.2989,LUNCH BAG BLACK SKULL.,ALARM CLOCK BAKELIKE GREEN
21790,22629,188,1885,1367,0.5179,0.0997,0.1375,2.6486,VINTAGE SNAP CARDS,SPACEBOY LUNCH BOX
20712,22554,188,1410,1275,0.5179,0.1333,0.1475,3.7963,JUMBO BAG WOODLAND ANIMALS,PLASTERS IN TIN WOODLAND ANIMALS
21935,22352,188,921,1117,0.5179,0.2041,0.1683,6.634,SUKI SHOULDER BAG,LUNCH BOX WITH CUTLERY RETROSPOT
22727,84692,188,1362,1121,0.5179,0.138,0.1677,4.47,ALARM CLOCK BAKELIKE RED,BOX OF 24 COCKTAIL PARASOLS
84992,85099C,188,1459,1867,0.5179,0.1289,0.1007,2.5055,72 SWEETHEART FAIRY CAKE CASES,JUMBO BAG BAROQUE BLACK WHITE
21328,21931,188,643,2326,0.5179,0.2924,0.0808,4.5632,BALLOONS WRITING SET,JUMBO STORAGE BAG SUKI
82494L,85152,188,2055,1455,0.5179,0.0915,0.1292,2.2825,WOODEN FRAME ANTIQUE WHITE,HAND OVER THE CHOCOLATE SIGN
20914,22720,188,2019,1376,0.5179,0.0931,0.1366,2.4566,SET/5 RED RETROSPOT LID GLASS BOWLS,SET OF 3 CAKE TINS PANTRY DESIGN
21843,22386,188,1521,2241,0.5179,0.1236,0.0839,2.0022,RED RETROSPOT CAKE STAND,JUMBO BAG PINK POLKADOT
21238,47566,188,902,2648,0.5179,0.2084,0.071,2.8574,RED RETROSPOT CUP,PARTY BUNTING
22910,84946,188,1418,1756,0.5179,0.1326,0.1071,2.7409,PAPER CHAIN KIT VINTAGE CHRISTMAS,ANTIQUE SILVER TEA GLASS ETCHED
20725,21985,188,3055,918,0.5179,0.0615,0.2048,2.4335,LUNCH BAG RED RETROSPOT,PACK OF 12 HEARTS DESIGN TISSUES
20719,22631,188,1572,662,0.5179,0.1196,0.284,6.5581,WOODLAND CHARLOTTE BAG,CIRCUS PARADE LUNCH BOX
20727,82583,188,2345,1174,0.5179,0.0802,0.1601,2.479,LUNCH BAG BLACK SKULL.,HOT BATHS METAL SIGN
15036,20727,188,974,2345,0.5179,0.193,0.0802,2.988,ASSORTED COLOURS SILK FAN,LUNCH BAG BLACK SKULL.
21218,22379,188,896,1567,0.5179,0.2098,0.12,4.8608,RED SPOTTY BISCUIT TIN,RECYCLING BAG RETROSPOT
21914,22423,188,963,3860,0.5179,0.1952,0.0487,1.836,BLUE HARMONICA IN BOX,REGENCY CAKESTAND 3 TIER
21213,22112,188,1477,1713,0.5179,0.1273,0.1097,2.6974,PACK OF 72 SKULL CAKE CASES,CHOCOLATE HOT WATER BOTTLE
21533,85099B,188,954,3979,0.5179,0.1971,0.0472,1.7979,RETRO SPOT LARGE MILK JUG,JUMBO BAG RED RETROSPOT
20717,85099C,188,756,1867,0.5179,0.2487,0.1007,4.8353,STRAWBERRY SHOPPER BAG,JUMBO BAG BAROQUE BLACK WHITE
22356,79321,188,1584,1089,0.5179,0.1187,0.1726,3.9564,CHARLOTTE BAG PINK POLKADOT,CHILLI LIGHTS
20718,22139,188,1212,2087,0.5179,0.1551,0.0901,2.6981,RED RETROSPOT SHOPPER BAG,RETROSPOT TEA SET CERAMIC 11 PC
22423,22865,188,3860,1211,0.5179,0.0487,0.1552,1.46,REGENCY CAKESTAND 3 TIER,HAND WARMER OWL DESIGN
21889,84946,188,1121,1756,0.5179,0.1677,0.1071,3.467,WOODEN BOX OF DOMINOES,ANTIQUE SILVER TEA GLASS ETCHED
21790,84970L,188,1885,1142,0.5179,0.0997,0.1646,3.1704,VINTAGE SNAP CARDS,SINGLE HEART ZINC T-LIGHT HOLDER
