rule_id,csv_row_number,column,severity,action
DUP-01,952,ALL,High,REMOVE
DUP-01,3408,ALL,High,REMOVE
DUP-01,3672,ALL,High,REMOVE
DUP-01,4119,ALL,High,REMOVE
DUP-01,4555,ALL,High,REMOVE
DUP-01,5907,ALL,High,REMOVE
DUP-01,6148,ALL,High,REMOVE
DUP-01,6336,ALL,High,REMOVE
DUP-01,6359,ALL,High,REMOVE
DUP-01,7610,ALL,High,REMOVE
DUP-01,7737,ALL,High,REMOVE
DUP-01,7761,ALL,High,REMOVE
DUP-01,8034,ALL,High,REMOVE
DUP-01,8097,ALL,High,REMOVE
DUP-01,9264,ALL,High,REMOVE
DUP-01,9365,ALL,High,REMOVE
DUP-01,9479,ALL,High,REMOVE
RNG-04,187,Postal Code,High,FIX
RNG-04,199,Postal Code,High,FIX
RNG-04,269,Postal Code,High,FIX
RNG-04,300,Postal Code,High,FIX
RNG-04,301,Postal Code,High,FIX
RNG-04,302,Postal Code,High,FIX
RNG-04,303,Postal Code,High,FIX
RNG-04,304,Postal Code,High,FIX
RNG-04,308,Postal Code,High,FIX
RNG-04,309,Postal Code,High,FIX
RNG-04,315,Postal Code,High,FIX
RNG-04,348,Postal Code,High,FIX
RNG-04,349,Postal Code,High,FIX
RNG-04,350,Postal Code,High,FIX
RNG-04,368,Postal Code,High,FIX
RNG-04,369,Postal Code,High,FIX
RNG-04,370,Postal Code,High,FIX
RNG-04,371,Postal Code,High,FIX
RNG-04,379,Postal Code,High,FIX
RNG-04,397,Postal Code,High,FIX
RNG-04,398,Postal Code,High,FIX
RNG-04,424,Postal Code,High,FIX
RNG-04,425,Postal Code,High,FIX
RNG-04,435,Postal Code,High,FIX
RNG-04,527,Postal Code,High,FIX
RNG-04,646,Postal Code,High,FIX
RNG-04,824,Postal Code,High,FIX
RNG-04,825,Postal Code,High,FIX
RNG-04,851,Postal Code,High,FIX
RNG-04,860,Postal Code,High,FIX
RNG-04,861,Postal Code,High,FIX
RNG-04,873,Postal Code,High,FIX
RNG-04,877,Postal Code,High,FIX
RNG-04,878,Postal Code,High,FIX
RNG-04,879,Postal Code,High,FIX
RNG-04,914,Postal Code,High,FIX
RNG-04,1030,Postal Code,High,FIX
RNG-04,1031,Postal Code,High,FIX
RNG-04,1032,Postal Code,High,FIX
RNG-04,1033,Postal Code,High,FIX
RNG-04,1034,Postal Code,High,FIX
RNG-04,1177,Postal Code,High,FIX
RNG-04,1182,Postal Code,High,FIX
RNG-04,1183,Postal Code,High,FIX
RNG-04,1287,Postal Code,High,FIX
RNG-04,1313,Postal Code,High,FIX
RNG-04,1314,Postal Code,High,FIX
RNG-04,1326,Postal Code,High,FIX
RNG-04,1329,Postal Code,High,FIX
RNG-04,1337,Postal Code,High,FIX
RNG-04,1441,Postal Code,High,FIX
RNG-04,1442,Postal Code,High,FIX
RNG-04,1459,Postal Code,High,FIX
RNG-04,1461,Postal Code,High,FIX
RNG-04,1463,Postal Code,High,FIX
RNG-04,1537,Postal Code,High,FIX
RNG-04,1538,Postal Code,High,FIX
RNG-04,1539,Postal Code,High,FIX
RNG-04,1540,Postal Code,High,FIX
RNG-04,1541,Postal Code,High,FIX
RNG-04,1542,Postal Code,High,FIX
RNG-04,1696,Postal Code,High,FIX
RNG-04,1697,Postal Code,High,FIX
RNG-04,1698,Postal Code,High,FIX
RNG-04,1783,Postal Code,High,FIX
RNG-04,1784,Postal Code,High,FIX
RNG-04,1837,Postal Code,High,FIX
RNG-04,1860,Postal Code,High,FIX
RNG-04,1861,Postal Code,High,FIX
RNG-04,1919,Postal Code,High,FIX
RNG-04,1968,Postal Code,High,FIX
RNG-04,1969,Postal Code,High,FIX
RNG-04,1970,Postal Code,High,FIX
RNG-04,2022,Postal Code,High,FIX
RNG-04,2023,Postal Code,High,FIX
RNG-04,2024,Postal Code,High,FIX
RNG-04,2025,Postal Code,High,FIX
RNG-04,2030,Postal Code,High,FIX
RNG-04,2031,Postal Code,High,FIX
RNG-04,2032,Postal Code,High,FIX
RNG-04,2033,Postal Code,High,FIX
RNG-04,2047,Postal Code,High,FIX
RNG-04,2048,Postal Code,High,FIX
RNG-04,2049,Postal Code,High,FIX
RNG-04,2131,Postal Code,High,FIX
RNG-04,2132,Postal Code,High,FIX
RNG-04,2133,Postal Code,High,FIX
RNG-04,2154,Postal Code,High,FIX
RNG-04,2211,Postal Code,High,FIX
RNG-04,2212,Postal Code,High,FIX
RNG-04,2236,Postal Code,High,FIX
RNG-04,2257,Postal Code,High,FIX
RNG-04,2258,Postal Code,High,FIX
RNG-04,2284,Postal Code,High,FIX
RNG-04,2296,Postal Code,High,FIX
RNG-04,2337,Postal Code,High,FIX
RNG-04,2338,Postal Code,High,FIX
RNG-04,2343,Postal Code,High,FIX
RNG-04,2344,Postal Code,High,FIX
RNG-04,2372,Postal Code,High,FIX
RNG-04,2395,Postal Code,High,FIX
RNG-04,2417,Postal Code,High,FIX
RNG-04,2442,Postal Code,High,FIX
RNG-04,2443,Postal Code,High,FIX
RNG-04,2444,Postal Code,High,FIX
RNG-04,2445,Postal Code,High,FIX
RNG-04,2446,Postal Code,High,FIX
RNG-04,2447,Postal Code,High,FIX
RNG-04,2461,Postal Code,High,FIX
RNG-04,2519,Postal Code,High,FIX
RNG-04,2545,Postal Code,High,FIX
RNG-04,2546,Postal Code,High,FIX
RNG-04,2672,Postal Code,High,FIX
RNG-04,2673,Postal Code,High,FIX
RNG-04,2674,Postal Code,High,FIX
RNG-04,2675,Postal Code,High,FIX
RNG-04,2734,Postal Code,High,FIX
RNG-04,2735,Postal Code,High,FIX
RNG-04,2748,Postal Code,High,FIX
RNG-04,2817,Postal Code,High,FIX
RNG-04,2818,Postal Code,High,FIX
RNG-04,2819,Postal Code,High,FIX
RNG-04,2820,Postal Code,High,FIX
RNG-04,2847,Postal Code,High,FIX
RNG-04,2856,Postal Code,High,FIX
RNG-04,2879,Postal Code,High,FIX
RNG-04,2880,Postal Code,High,FIX
RNG-04,2881,Postal Code,High,FIX
RNG-04,2882,Postal Code,High,FIX
RNG-04,2883,Postal Code,High,FIX
RNG-04,3103,Postal Code,High,FIX
RNG-04,3104,Postal Code,High,FIX
RNG-04,3189,Postal Code,High,FIX
RNG-04,3221,Postal Code,High,FIX
RNG-04,3222,Postal Code,High,FIX
RNG-04,3223,Postal Code,High,FIX
RNG-04,3237,Postal Code,High,FIX
RNG-04,3343,Postal Code,High,FIX
RNG-04,3344,Postal Code,High,FIX
RNG-04,3345,Postal Code,High,FIX
RNG-04,3346,Postal Code,High,FIX
RNG-04,3347,Postal Code,High,FIX
RNG-04,3348,Postal Code,High,FIX
RNG-04,3355,Postal Code,High,FIX
RNG-04,3356,Postal Code,High,FIX
RNG-04,3357,Postal Code,High,FIX
RNG-04,3358,Postal Code,High,FIX
RNG-04,3364,Postal Code,High,FIX
RNG-04,3365,Postal Code,High,FIX
RNG-04,3464,Postal Code,High,FIX
RNG-04,3467,Postal Code,High,FIX
RNG-04,3468,Postal Code,High,FIX
RNG-04,3469,Postal Code,High,FIX
RNG-04,3664,Postal Code,High,FIX
RNG-04,3665,Postal Code,High,FIX
RNG-04,3763,Postal Code,High,FIX
RNG-04,3853,Postal Code,High,FIX
RNG-04,3955,Postal Code,High,FIX
RNG-04,3988,Postal Code,High,FIX
RNG-04,3989,Postal Code,High,FIX
RNG-04,3991,Postal Code,High,FIX
RNG-04,4164,Postal Code,High,FIX
RNG-04,4165,Postal Code,High,FIX
RNG-04,4186,Postal Code,High,FIX
RNG-04,4205,Postal Code,High,FIX
RNG-04,4206,Postal Code,High,FIX
RNG-04,4207,Postal Code,High,FIX
RNG-04,4208,Postal Code,High,FIX
RNG-04,4209,Postal Code,High,FIX
RNG-04,4210,Postal Code,High,FIX
RNG-04,4211,Postal Code,High,FIX
RNG-04,4250,Postal Code,High,FIX
RNG-04,4251,Postal Code,High,FIX
RNG-04,4262,Postal Code,High,FIX
RNG-04,4279,Postal Code,High,FIX
RNG-04,4280,Postal Code,High,FIX
RNG-04,4281,Postal Code,High,FIX
RNG-04,4328,Postal Code,High,FIX
RNG-04,4329,Postal Code,High,FIX
RNG-04,4362,Postal Code,High,FIX
RNG-04,4416,Postal Code,High,FIX
RNG-04,4431,Postal Code,High,FIX
RNG-04,4541,Postal Code,High,FIX
RNG-04,4542,Postal Code,High,FIX
RNG-04,4552,Postal Code,High,FIX
RNG-04,4619,Postal Code,High,FIX
RNG-04,4620,Postal Code,High,FIX
RNG-04,4654,Postal Code,High,FIX
RNG-04,4655,Postal Code,High,FIX
RNG-04,4706,Postal Code,High,FIX
RNG-04,4707,Postal Code,High,FIX
RNG-04,4708,Postal Code,High,FIX
RNG-04,4737,Postal Code,High,FIX
RNG-04,4738,Postal Code,High,FIX
RNG-04,4739,Postal Code,High,FIX
RNG-04,4821,Postal Code,High,FIX
RNG-04,4845,Postal Code,High,FIX
RNG-04,4862,Postal Code,High,FIX
RNG-04,4907,Postal Code,High,FIX
RNG-04,4908,Postal Code,High,FIX
RNG-04,4927,Postal Code,High,FIX
RNG-04,4929,Postal Code,High,FIX
RNG-04,4930,Postal Code,High,FIX
RNG-04,4968,Postal Code,High,FIX
RNG-04,4969,Postal Code,High,FIX
RNG-04,4970,Postal Code,High,FIX
RNG-04,4971,Postal Code,High,FIX
RNG-04,5034,Postal Code,High,FIX
RNG-04,5035,Postal Code,High,FIX
RNG-04,5086,Postal Code,High,FIX
RNG-04,5094,Postal Code,High,FIX
RNG-04,5183,Postal Code,High,FIX
RNG-04,5184,Postal Code,High,FIX
RNG-04,5276,Postal Code,High,FIX
RNG-04,5328,Postal Code,High,FIX
RNG-04,5426,Postal Code,High,FIX
RNG-04,5547,Postal Code,High,FIX
RNG-04,5593,Postal Code,High,FIX
RNG-04,5594,Postal Code,High,FIX
RNG-04,5596,Postal Code,High,FIX
RNG-04,5597,Postal Code,High,FIX
RNG-04,5598,Postal Code,High,FIX
RNG-04,5643,Postal Code,High,FIX
RNG-04,5647,Postal Code,High,FIX
RNG-04,5707,Postal Code,High,FIX
RNG-04,5734,Postal Code,High,FIX
RNG-04,5735,Postal Code,High,FIX
RNG-04,5736,Postal Code,High,FIX
RNG-04,5770,Postal Code,High,FIX
RNG-04,5771,Postal Code,High,FIX
RNG-04,5866,Postal Code,High,FIX
RNG-04,5867,Postal Code,High,FIX
RNG-04,5868,Postal Code,High,FIX
RNG-04,5878,Postal Code,High,FIX
RNG-04,5879,Postal Code,High,FIX
RNG-04,5880,Postal Code,High,FIX
RNG-04,5889,Postal Code,High,FIX
RNG-04,5903,Postal Code,High,FIX
RNG-04,6008,Postal Code,High,FIX
RNG-04,6025,Postal Code,High,FIX
RNG-04,6033,Postal Code,High,FIX
RNG-04,6142,Postal Code,High,FIX
RNG-04,6143,Postal Code,High,FIX
RNG-04,6144,Postal Code,High,FIX
RNG-04,6145,Postal Code,High,FIX
RNG-04,6243,Postal Code,High,FIX
RNG-04,6269,Postal Code,High,FIX
RNG-04,6270,Postal Code,High,FIX
RNG-04,6297,Postal Code,High,FIX
RNG-04,6298,Postal Code,High,FIX
RNG-04,6299,Postal Code,High,FIX
RNG-04,6314,Postal Code,High,FIX
RNG-04,6315,Postal Code,High,FIX
RNG-04,6380,Postal Code,High,FIX
RNG-04,6381,Postal Code,High,FIX
RNG-04,6400,Postal Code,High,FIX
RNG-04,6401,Postal Code,High,FIX
RNG-04,6402,Postal Code,High,FIX
RNG-04,6426,Postal Code,High,FIX
RNG-04,6451,Postal Code,High,FIX
RNG-04,6452,Postal Code,High,FIX
RNG-04,6453,Postal Code,High,FIX
RNG-04,6469,Postal Code,High,FIX
RNG-04,6470,Postal Code,High,FIX
RNG-04,6471,Postal Code,High,FIX
RNG-04,6529,Postal Code,High,FIX
RNG-04,6564,Postal Code,High,FIX
RNG-04,6565,Postal Code,High,FIX
RNG-04,6566,Postal Code,High,FIX
RNG-04,6567,Postal Code,High,FIX
RNG-04,6575,Postal Code,High,FIX
RNG-04,6576,Postal Code,High,FIX
RNG-04,6662,Postal Code,High,FIX
RNG-04,6663,Postal Code,High,FIX
RNG-04,6664,Postal Code,High,FIX
RNG-04,6668,Postal Code,High,FIX
RNG-04,6669,Postal Code,High,FIX
RNG-04,6670,Postal Code,High,FIX
RNG-04,6671,Postal Code,High,FIX
RNG-04,6681,Postal Code,High,FIX
RNG-04,6682,Postal Code,High,FIX
RNG-04,6683,Postal Code,High,FIX
RNG-04,6725,Postal Code,High,FIX
RNG-04,6745,Postal Code,High,FIX
RNG-04,6752,Postal Code,High,FIX
RNG-04,6753,Postal Code,High,FIX
RNG-04,6754,Postal Code,High,FIX
RNG-04,6755,Postal Code,High,FIX
RNG-04,6756,Postal Code,High,FIX
RNG-04,6757,Postal Code,High,FIX
RNG-04,6758,Postal Code,High,FIX
RNG-04,6759,Postal Code,High,FIX
RNG-04,6760,Postal Code,High,FIX
RNG-04,6770,Postal Code,High,FIX
RNG-04,6794,Postal Code,High,FIX
RNG-04,6839,Postal Code,High,FIX
RNG-04,7158,Postal Code,High,FIX
RNG-04,7167,Postal Code,High,FIX
RNG-04,7232,Postal Code,High,FIX
RNG-04,7233,Postal Code,High,FIX
RNG-04,7234,Postal Code,High,FIX
RNG-04,7488,Postal Code,High,FIX
RNG-04,7489,Postal Code,High,FIX
RNG-04,7490,Postal Code,High,FIX
RNG-04,7506,Postal Code,High,FIX
RNG-04,7581,Postal Code,High,FIX
RNG-04,7582,Postal Code,High,FIX
RNG-04,7605,Postal Code,High,FIX
RNG-04,7667,Postal Code,High,FIX
RNG-04,7668,Postal Code,High,FIX
RNG-04,7669,Postal Code,High,FIX
RNG-04,7670,Postal Code,High,FIX
RNG-04,7671,Postal Code,High,FIX
RNG-04,7672,Postal Code,High,FIX
RNG-04,7673,Postal Code,High,FIX
RNG-04,7674,Postal Code,High,FIX
RNG-04,7675,Postal Code,High,FIX
RNG-04,7676,Postal Code,High,FIX
RNG-04,7679,Postal Code,High,FIX
RNG-04,7680,Postal Code,High,FIX
RNG-04,7681,Postal Code,High,FIX
RNG-04,7682,Postal Code,High,FIX
RNG-04,7683,Postal Code,High,FIX
RNG-04,7699,Postal Code,High,FIX
RNG-04,7700,Postal Code,High,FIX
RNG-04,7701,Postal Code,High,FIX
RNG-04,7702,Postal Code,High,FIX
RNG-04,7703,Postal Code,High,FIX
RNG-04,7745,Postal Code,High,FIX
RNG-04,7746,Postal Code,High,FIX
RNG-04,7747,Postal Code,High,FIX
RNG-04,7798,Postal Code,High,FIX
RNG-04,7822,Postal Code,High,FIX
RNG-04,7921,Postal Code,High,FIX
RNG-04,7922,Postal Code,High,FIX
RNG-04,7955,Postal Code,High,FIX
RNG-04,7956,Postal Code,High,FIX
RNG-04,7983,Postal Code,High,FIX
RNG-04,7984,Postal Code,High,FIX
RNG-04,8005,Postal Code,High,FIX
RNG-04,8006,Postal Code,High,FIX
RNG-04,8007,Postal Code,High,FIX
RNG-04,8038,Postal Code,High,FIX
RNG-04,8044,Postal Code,High,FIX
RNG-04,8045,Postal Code,High,FIX
RNG-04,8156,Postal Code,High,FIX
RNG-04,8157,Postal Code,High,FIX
RNG-04,8161,Postal Code,High,FIX
RNG-04,8162,Postal Code,High,FIX
RNG-04,8227,Postal Code,High,FIX
RNG-04,8228,Postal Code,High,FIX
RNG-04,8330,Postal Code,High,FIX
RNG-04,8331,Postal Code,High,FIX
RNG-04,8333,Postal Code,High,FIX
RNG-04,8334,Postal Code,High,FIX
RNG-04,8335,Postal Code,High,FIX
RNG-04,8336,Postal Code,High,FIX
RNG-04,8348,Postal Code,High,FIX
RNG-04,8349,Postal Code,High,FIX
RNG-04,8350,Postal Code,High,FIX
RNG-04,8351,Postal Code,High,FIX
RNG-04,8352,Postal Code,High,FIX
RNG-04,8385,Postal Code,High,FIX
RNG-04,8386,Postal Code,High,FIX
RNG-04,8388,Postal Code,High,FIX
RNG-04,8389,Postal Code,High,FIX
RNG-04,8390,Postal Code,High,FIX
RNG-04,8393,Postal Code,High,FIX
RNG-04,8394,Postal Code,High,FIX
RNG-04,8395,Postal Code,High,FIX
RNG-04,8396,Postal Code,High,FIX
RNG-04,8397,Postal Code,High,FIX
RNG-04,8423,Postal Code,High,FIX
RNG-04,8424,Postal Code,High,FIX
RNG-04,8425,Postal Code,High,FIX
RNG-04,8426,Postal Code,High,FIX
RNG-04,8447,Postal Code,High,FIX
RNG-04,8448,Postal Code,High,FIX
RNG-04,8449,Postal Code,High,FIX
RNG-04,8450,Postal Code,High,FIX
RNG-04,8451,Postal Code,High,FIX
RNG-04,8452,Postal Code,High,FIX
RNG-04,8462,Postal Code,High,FIX
RNG-04,8463,Postal Code,High,FIX
RNG-04,8468,Postal Code,High,FIX
RNG-04,8520,Postal Code,High,FIX
RNG-04,8521,Postal Code,High,FIX
RNG-04,8522,Postal Code,High,FIX
RNG-04,8578,Postal Code,High,FIX
RNG-04,8608,Postal Code,High,FIX
RNG-04,8746,Postal Code,High,FIX
RNG-04,8747,Postal Code,High,FIX
RNG-04,8800,Postal Code,High,FIX
RNG-04,8862,Postal Code,High,FIX
RNG-04,8863,Postal Code,High,FIX
RNG-04,8864,Postal Code,High,FIX
RNG-04,8865,Postal Code,High,FIX
RNG-04,8866,Postal Code,High,FIX
RNG-04,8879,Postal Code,High,FIX
RNG-04,8880,Postal Code,High,FIX
RNG-04,8911,Postal Code,High,FIX
RNG-04,8948,Postal Code,High,FIX
RNG-04,8949,Postal Code,High,FIX
RNG-04,8980,Postal Code,High,FIX
RNG-04,9029,Postal Code,High,FIX
RNG-04,9030,Postal Code,High,FIX
RNG-04,9148,Postal Code,High,FIX
RNG-04,9149,Postal Code,High,FIX
RNG-04,9150,Postal Code,High,FIX
RNG-04,9158,Postal Code,High,FIX
RNG-04,9159,Postal Code,High,FIX
RNG-04,9160,Postal Code,High,FIX
RNG-04,9202,Postal Code,High,FIX
RNG-04,9203,Postal Code,High,FIX
RNG-04,9207,Postal Code,High,FIX
RNG-04,9208,Postal Code,High,FIX
RNG-04,9370,Postal Code,High,FIX
RNG-04,9378,Postal Code,High,FIX
RNG-04,9388,Postal Code,High,FIX
RNG-04,9389,Postal Code,High,FIX
RNG-04,9390,Postal Code,High,FIX
RNG-04,9391,Postal Code,High,FIX
RNG-04,9489,Postal Code,High,FIX
RNG-04,9540,Postal Code,High,FIX
RNG-04,9541,Postal Code,High,FIX
RNG-04,9558,Postal Code,High,FIX
RNG-04,9635,Postal Code,High,FIX
RNG-04,9636,Postal Code,High,FIX
RNG-04,9637,Postal Code,High,FIX
RNG-04,9694,Postal Code,High,FIX
RNG-04,9728,Postal Code,High,FIX
RNG-04,9729,Postal Code,High,FIX
RNG-04,9730,Postal Code,High,FIX
RNG-04,9743,Postal Code,High,FIX
RNG-04,9751,Postal Code,High,FIX
RNG-04,9767,Postal Code,High,FIX
RNG-04,9768,Postal Code,High,FIX
RNG-04,9784,Postal Code,High,FIX
RNG-04,9785,Postal Code,High,FIX
RNG-04,9786,Postal Code,High,FIX
RNG-04,9813,Postal Code,High,FIX
RNG-04,9814,Postal Code,High,FIX
RNG-04,9815,Postal Code,High,FIX
RNG-04,9816,Postal Code,High,FIX
RNG-04,9891,Postal Code,High,FIX
RNG-04,9938,Postal Code,High,FIX
RNG-04,9969,Postal Code,High,FIX
RNG-04,9970,Postal Code,High,FIX
RNG-04,9971,Postal Code,High,FIX
CON-04,1115,Postal Code -> City,Medium,FLAG
CON-04,1116,Postal Code -> City,Medium,FLAG
CON-04,1117,Postal Code -> City,Medium,FLAG
CON-04,2821,Postal Code -> City,Medium,FLAG
CON-04,2822,Postal Code -> City,Medium,FLAG
OUT-01,15,Sales,Low,FLAG
OUT-01,29,Sales,Low,FLAG
OUT-01,33,Sales,Low,FLAG
OUT-01,37,Sales,Low,FLAG
OUT-01,52,Sales,Low,FLAG
OUT-01,66,Sales,Low,FLAG
OUT-01,69,Sales,Low,FLAG
OUT-01,85,Sales,Low,FLAG
OUT-01,115,Sales,Low,FLAG
OUT-01,120,Sales,Low,FLAG
OUT-01,131,Sales,Low,FLAG
OUT-01,145,Sales,Low,FLAG
OUT-01,146,Sales,Low,FLAG
OUT-01,151,Sales,Low,FLAG
OUT-01,152,Sales,Low,FLAG
OUT-01,167,Sales,Low,FLAG
OUT-01,169,Sales,Low,FLAG
OUT-01,211,Sales,Low,FLAG
OUT-01,236,Sales,Low,FLAG
OUT-01,237,Sales,Low,FLAG
OUT-01,240,Sales,Low,FLAG
OUT-01,246,Sales,Low,FLAG
OUT-01,249,Sales,Low,FLAG
OUT-01,253,Sales,Low,FLAG
OUT-01,255,Sales,Low,FLAG
OUT-01,283,Sales,Low,FLAG
OUT-01,285,Sales,Low,FLAG
OUT-01,288,Sales,Low,FLAG
OUT-01,290,Sales,Low,FLAG
OUT-01,295,Sales,Low,FLAG
OUT-01,301,Sales,Low,FLAG
OUT-01,309,Sales,Low,FLAG
OUT-01,318,Sales,Low,FLAG
OUT-01,325,Sales,Low,FLAG
OUT-01,331,Sales,Low,FLAG
OUT-01,343,Sales,Low,FLAG
OUT-01,355,Sales,Low,FLAG
OUT-01,361,Sales,Low,FLAG
OUT-01,371,Sales,Low,FLAG
OUT-01,375,Sales,Low,FLAG
OUT-01,401,Sales,Low,FLAG
OUT-01,414,Sales,Low,FLAG
OUT-01,416,Sales,Low,FLAG
OUT-01,418,Sales,Low,FLAG
OUT-01,428,Sales,Low,FLAG
OUT-01,431,Sales,Low,FLAG
OUT-01,439,Sales,Low,FLAG
OUT-01,451,Sales,Low,FLAG
OUT-01,462,Sales,Low,FLAG
OUT-01,467,Sales,Low,FLAG
OUT-01,469,Sales,Low,FLAG
OUT-01,489,Sales,Low,FLAG
OUT-01,498,Sales,Low,FLAG
OUT-01,499,Sales,Low,FLAG
OUT-01,511,Sales,Low,FLAG
OUT-01,520,Sales,Low,FLAG
OUT-01,531,Sales,Low,FLAG
OUT-01,556,Sales,Low,FLAG
OUT-01,572,Sales,Low,FLAG
OUT-01,577,Sales,Low,FLAG
OUT-01,589,Sales,Low,FLAG
OUT-01,599,Sales,Low,FLAG
OUT-01,625,Sales,Low,FLAG
OUT-01,627,Sales,Low,FLAG
OUT-01,636,Sales,Low,FLAG
OUT-01,640,Sales,Low,FLAG
OUT-01,653,Sales,Low,FLAG
OUT-01,661,Sales,Low,FLAG
OUT-01,681,Sales,Low,FLAG
OUT-01,685,Sales,Low,FLAG
OUT-01,696,Sales,Low,FLAG
OUT-01,698,Sales,Low,FLAG
OUT-01,699,Sales,Low,FLAG
OUT-01,722,Sales,Low,FLAG
OUT-01,729,Sales,Low,FLAG
OUT-01,767,Sales,Low,FLAG
OUT-01,770,Sales,Low,FLAG
OUT-01,787,Sales,Low,FLAG
OUT-01,790,Sales,Low,FLAG
OUT-01,794,Sales,Low,FLAG
OUT-01,808,Sales,Low,FLAG
OUT-01,816,Sales,Low,FLAG
OUT-01,823,Sales,Low,FLAG
OUT-01,854,Sales,Low,FLAG
OUT-01,871,Sales,Low,FLAG
OUT-01,876,Sales,Low,FLAG
OUT-01,877,Sales,Low,FLAG
OUT-01,899,Sales,Low,FLAG
OUT-01,911,Sales,Low,FLAG
OUT-01,912,Sales,Low,FLAG
OUT-01,926,Sales,Low,FLAG
OUT-01,932,Sales,Low,FLAG
OUT-01,947,Sales,Low,FLAG
OUT-01,949,Sales,Low,FLAG
OUT-01,950,Sales,Low,FLAG
OUT-01,951,Sales,Low,FLAG
OUT-01,969,Sales,Low,FLAG
OUT-01,990,Sales,Low,FLAG
OUT-01,995,Sales,Low,FLAG
OUT-01,996,Sales,Low,FLAG
OUT-01,1003,Sales,Low,FLAG
OUT-01,1030,Sales,Low,FLAG
OUT-01,1048,Sales,Low,FLAG
OUT-01,1050,Sales,Low,FLAG
OUT-01,1054,Sales,Low,FLAG
OUT-01,1087,Sales,Low,FLAG
OUT-01,1093,Sales,Low,FLAG
OUT-01,1110,Sales,Low,FLAG
OUT-01,1119,Sales,Low,FLAG
OUT-01,1120,Sales,Low,FLAG
OUT-01,1138,Sales,Low,FLAG
OUT-01,1148,Sales,Low,FLAG
OUT-01,1155,Sales,Low,FLAG
OUT-01,1157,Sales,Low,FLAG
OUT-01,1165,Sales,Low,FLAG
OUT-01,1182,Sales,Low,FLAG
OUT-01,1193,Sales,Low,FLAG
OUT-01,1201,Sales,Low,FLAG
OUT-01,1221,Sales,Low,FLAG
OUT-01,1244,Sales,Low,FLAG
OUT-01,1248,Sales,Low,FLAG
OUT-01,1252,Sales,Low,FLAG
OUT-01,1254,Sales,Low,FLAG
OUT-01,1279,Sales,Low,FLAG
OUT-01,1285,Sales,Low,FLAG
OUT-01,1297,Sales,Low,FLAG
OUT-01,1302,Sales,Low,FLAG
OUT-01,1303,Sales,Low,FLAG
OUT-01,1314,Sales,Low,FLAG
OUT-01,1318,Sales,Low,FLAG
OUT-01,1330,Sales,Low,FLAG
OUT-01,1336,Sales,Low,FLAG
OUT-01,1362,Sales,Low,FLAG
OUT-01,1377,Sales,Low,FLAG
OUT-01,1378,Sales,Low,FLAG
OUT-01,1385,Sales,Low,FLAG
OUT-01,1389,Sales,Low,FLAG
OUT-01,1394,Sales,Low,FLAG
OUT-01,1403,Sales,Low,FLAG
OUT-01,1405,Sales,Low,FLAG
OUT-01,1415,Sales,Low,FLAG
OUT-01,1431,Sales,Low,FLAG
OUT-01,1433,Sales,Low,FLAG
OUT-01,1435,Sales,Low,FLAG
OUT-01,1440,Sales,Low,FLAG
OUT-01,1446,Sales,Low,FLAG
OUT-01,1488,Sales,Low,FLAG
OUT-01,1502,Sales,Low,FLAG
OUT-01,1512,Sales,Low,FLAG
OUT-01,1525,Sales,Low,FLAG
OUT-01,1527,Sales,Low,FLAG
OUT-01,1542,Sales,Low,FLAG
OUT-01,1547,Sales,Low,FLAG
OUT-01,1548,Sales,Low,FLAG
OUT-01,1555,Sales,Low,FLAG
OUT-01,1559,Sales,Low,FLAG
OUT-01,1584,Sales,Low,FLAG
OUT-01,1588,Sales,Low,FLAG
OUT-01,1598,Sales,Low,FLAG
OUT-01,1601,Sales,Low,FLAG
OUT-01,1605,Sales,Low,FLAG
OUT-01,1615,Sales,Low,FLAG
OUT-01,1623,Sales,Low,FLAG
OUT-01,1627,Sales,Low,FLAG
OUT-01,1632,Sales,Low,FLAG
OUT-01,1645,Sales,Low,FLAG
OUT-01,1647,Sales,Low,FLAG
OUT-01,1650,Sales,Low,FLAG
OUT-01,1675,Sales,Low,FLAG
OUT-01,1690,Sales,Low,FLAG
OUT-01,1703,Sales,Low,FLAG
OUT-01,1713,Sales,Low,FLAG
OUT-01,1735,Sales,Low,FLAG
OUT-01,1757,Sales,Low,FLAG
OUT-01,1758,Sales,Low,FLAG
OUT-01,1779,Sales,Low,FLAG
OUT-01,1784,Sales,Low,FLAG
OUT-01,1785,Sales,Low,FLAG
OUT-01,1793,Sales,Low,FLAG
OUT-01,1796,Sales,Low,FLAG
OUT-01,1805,Sales,Low,FLAG
OUT-01,1807,Sales,Low,FLAG
OUT-01,1829,Sales,Low,FLAG
OUT-01,1832,Sales,Low,FLAG
OUT-01,1838,Sales,Low,FLAG
OUT-01,1852,Sales,Low,FLAG
OUT-01,1872,Sales,Low,FLAG
OUT-01,1885,Sales,Low,FLAG
OUT-01,1889,Sales,Low,FLAG
OUT-01,1897,Sales,Low,FLAG
OUT-01,1898,Sales,Low,FLAG
OUT-01,1900,Sales,Low,FLAG
OUT-01,1907,Sales,Low,FLAG
OUT-01,1913,Sales,Low,FLAG
OUT-01,1921,Sales,Low,FLAG
OUT-01,1936,Sales,Low,FLAG
OUT-01,1970,Sales,Low,FLAG
OUT-01,1978,Sales,Low,FLAG
OUT-01,1994,Sales,Low,FLAG
OUT-01,2017,Sales,Low,FLAG
OUT-01,2022,Sales,Low,FLAG
OUT-01,2026,Sales,Low,FLAG
OUT-01,2050,Sales,Low,FLAG
OUT-01,2058,Sales,Low,FLAG
OUT-01,2086,Sales,Low,FLAG
OUT-01,2089,Sales,Low,FLAG
OUT-01,2097,Sales,Low,FLAG
OUT-01,2098,Sales,Low,FLAG
OUT-01,2103,Sales,Low,FLAG
OUT-01,2105,Sales,Low,FLAG
OUT-01,2110,Sales,Low,FLAG
OUT-01,2115,Sales,Low,FLAG
OUT-01,2119,Sales,Low,FLAG
OUT-01,2121,Sales,Low,FLAG
OUT-01,2135,Sales,Low,FLAG
OUT-01,2140,Sales,Low,FLAG
OUT-01,2141,Sales,Low,FLAG
OUT-01,2164,Sales,Low,FLAG
OUT-01,2191,Sales,Low,FLAG
OUT-01,2193,Sales,Low,FLAG
OUT-01,2222,Sales,Low,FLAG
OUT-01,2231,Sales,Low,FLAG
OUT-01,2233,Sales,Low,FLAG
OUT-01,2241,Sales,Low,FLAG
OUT-01,2254,Sales,Low,FLAG
OUT-01,2274,Sales,Low,FLAG
OUT-01,2293,Sales,Low,FLAG
OUT-01,2298,Sales,Low,FLAG
OUT-01,2300,Sales,Low,FLAG
OUT-01,2312,Sales,Low,FLAG
OUT-01,2326,Sales,Low,FLAG
OUT-01,2331,Sales,Low,FLAG
OUT-01,2334,Sales,Low,FLAG
OUT-01,2355,Sales,Low,FLAG
OUT-01,2356,Sales,Low,FLAG
OUT-01,2363,Sales,Low,FLAG
OUT-01,2370,Sales,Low,FLAG
OUT-01,2386,Sales,Low,FLAG
OUT-01,2393,Sales,Low,FLAG
OUT-01,2406,Sales,Low,FLAG
OUT-01,2418,Sales,Low,FLAG
OUT-01,2428,Sales,Low,FLAG
OUT-01,2437,Sales,Low,FLAG
OUT-01,2438,Sales,Low,FLAG
OUT-01,2444,Sales,Low,FLAG
OUT-01,2477,Sales,Low,FLAG
OUT-01,2478,Sales,Low,FLAG
OUT-01,2483,Sales,Low,FLAG
OUT-01,2494,Sales,Low,FLAG
OUT-01,2507,Sales,Low,FLAG
OUT-01,2512,Sales,Low,FLAG
OUT-01,2518,Sales,Low,FLAG
OUT-01,2522,Sales,Low,FLAG
OUT-01,2525,Sales,Low,FLAG
OUT-01,2536,Sales,Low,FLAG
OUT-01,2550,Sales,Low,FLAG
OUT-01,2551,Sales,Low,FLAG
OUT-01,2553,Sales,Low,FLAG
OUT-01,2560,Sales,Low,FLAG
OUT-01,2569,Sales,Low,FLAG
OUT-01,2574,Sales,Low,FLAG
OUT-01,2575,Sales,Low,FLAG
OUT-01,2577,Sales,Low,FLAG
OUT-01,2579,Sales,Low,FLAG
OUT-01,2595,Sales,Low,FLAG
OUT-01,2596,Sales,Low,FLAG
OUT-01,2597,Sales,Low,FLAG
OUT-01,2602,Sales,Low,FLAG
OUT-01,2619,Sales,Low,FLAG
OUT-01,2625,Sales,Low,FLAG
OUT-01,2626,Sales,Low,FLAG
OUT-01,2644,Sales,Low,FLAG
OUT-01,2650,Sales,Low,FLAG
OUT-01,2655,Sales,Low,FLAG
OUT-01,2656,Sales,Low,FLAG
OUT-01,2662,Sales,Low,FLAG
OUT-01,2672,Sales,Low,FLAG
OUT-01,2675,Sales,Low,FLAG
OUT-01,2676,Sales,Low,FLAG
OUT-01,2682,Sales,Low,FLAG
OUT-01,2686,Sales,Low,FLAG
OUT-01,2699,Sales,Low,FLAG
OUT-01,2709,Sales,Low,FLAG
OUT-01,2732,Sales,Low,FLAG
OUT-01,2741,Sales,Low,FLAG
OUT-01,2745,Sales,Low,FLAG
OUT-01,2757,Sales,Low,FLAG
OUT-01,2769,Sales,Low,FLAG
OUT-01,2795,Sales,Low,FLAG
OUT-01,2801,Sales,Low,FLAG
OUT-01,2812,Sales,Low,FLAG
OUT-01,2815,Sales,Low,FLAG
OUT-01,2820,Sales,Low,FLAG
OUT-01,2839,Sales,Low,FLAG
OUT-01,2843,Sales,Low,FLAG
OUT-01,2848,Sales,Low,FLAG
OUT-01,2850,Sales,Low,FLAG
OUT-01,2858,Sales,Low,FLAG
OUT-01,2862,Sales,Low,FLAG
OUT-01,2863,Sales,Low,FLAG
OUT-01,2875,Sales,Low,FLAG
OUT-01,2903,Sales,Low,FLAG
OUT-01,2930,Sales,Low,FLAG
OUT-01,2939,Sales,Low,FLAG
OUT-01,2940,Sales,Low,FLAG
OUT-01,2943,Sales,Low,FLAG
OUT-01,2961,Sales,Low,FLAG
OUT-01,2989,Sales,Low,FLAG
OUT-01,2995,Sales,Low,FLAG
OUT-01,3008,Sales,Low,FLAG
OUT-01,3020,Sales,Low,FLAG
OUT-01,3028,Sales,Low,FLAG
OUT-01,3045,Sales,Low,FLAG
OUT-01,3070,Sales,Low,FLAG
OUT-01,3071,Sales,Low,FLAG
OUT-01,3072,Sales,Low,FLAG
OUT-01,3086,Sales,Low,FLAG
OUT-01,3092,Sales,Low,FLAG
OUT-01,3094,Sales,Low,FLAG
OUT-01,3103,Sales,Low,FLAG
OUT-01,3126,Sales,Low,FLAG
OUT-01,3143,Sales,Low,FLAG
OUT-01,3152,Sales,Low,FLAG
OUT-01,3155,Sales,Low,FLAG
OUT-01,3156,Sales,Low,FLAG
OUT-01,3176,Sales,Low,FLAG
OUT-01,3184,Sales,Low,FLAG
OUT-01,3185,Sales,Low,FLAG
OUT-01,3217,Sales,Low,FLAG
OUT-01,3219,Sales,Low,FLAG
OUT-01,3264,Sales,Low,FLAG
OUT-01,3268,Sales,Low,FLAG
OUT-01,3282,Sales,Low,FLAG
OUT-01,3312,Sales,Low,FLAG
OUT-01,3318,Sales,Low,FLAG
OUT-01,3319,Sales,Low,FLAG
OUT-01,3326,Sales,Low,FLAG
OUT-01,3330,Sales,Low,FLAG
OUT-01,3372,Sales,Low,FLAG
OUT-01,3386,Sales,Low,FLAG
OUT-01,3393,Sales,Low,FLAG
OUT-01,3398,Sales,Low,FLAG
OUT-01,3401,Sales,Low,FLAG
OUT-01,3413,Sales,Low,FLAG
OUT-01,3423,Sales,Low,FLAG
OUT-01,3428,Sales,Low,FLAG
OUT-01,3445,Sales,Low,FLAG
OUT-01,3461,Sales,Low,FLAG
OUT-01,3464,Sales,Low,FLAG
OUT-01,3469,Sales,Low,FLAG
OUT-01,3478,Sales,Low,FLAG
OUT-01,3496,Sales,Low,FLAG
OUT-01,3506,Sales,Low,FLAG
OUT-01,3520,Sales,Low,FLAG
OUT-01,3527,Sales,Low,FLAG
OUT-01,3568,Sales,Low,FLAG
OUT-01,3572,Sales,Low,FLAG
OUT-01,3576,Sales,Low,FLAG
OUT-01,3582,Sales,Low,FLAG
OUT-01,3589,Sales,Low,FLAG
OUT-01,3590,Sales,Low,FLAG
OUT-01,3592,Sales,Low,FLAG
OUT-01,3605,Sales,Low,FLAG
OUT-01,3609,Sales,Low,FLAG
OUT-01,3619,Sales,Low,FLAG
OUT-01,3630,Sales,Low,FLAG
OUT-01,3644,Sales,Low,FLAG
OUT-01,3647,Sales,Low,FLAG
OUT-01,3651,Sales,Low,FLAG
OUT-01,3656,Sales,Low,FLAG
OUT-01,3675,Sales,Low,FLAG
OUT-01,3684,Sales,Low,FLAG
OUT-01,3685,Sales,Low,FLAG
OUT-01,3696,Sales,Low,FLAG
OUT-01,3713,Sales,Low,FLAG
OUT-01,3725,Sales,Low,FLAG
OUT-01,3734,Sales,Low,FLAG
OUT-01,3755,Sales,Low,FLAG
OUT-01,3759,Sales,Low,FLAG
OUT-01,3772,Sales,Low,FLAG
OUT-01,3779,Sales,Low,FLAG
OUT-01,3788,Sales,Low,FLAG
OUT-01,3792,Sales,Low,FLAG
OUT-01,3799,Sales,Low,FLAG
OUT-01,3801,Sales,Low,FLAG
OUT-01,3825,Sales,Low,FLAG
OUT-01,3829,Sales,Low,FLAG
OUT-01,3846,Sales,Low,FLAG
OUT-01,3850,Sales,Low,FLAG
OUT-01,3884,Sales,Low,FLAG
OUT-01,3892,Sales,Low,FLAG
OUT-01,3893,Sales,Low,FLAG
OUT-01,3894,Sales,Low,FLAG
OUT-01,3908,Sales,Low,FLAG
OUT-01,3929,Sales,Low,FLAG
OUT-01,3932,Sales,Low,FLAG
OUT-01,3936,Sales,Low,FLAG
OUT-01,3941,Sales,Low,FLAG
OUT-01,3945,Sales,Low,FLAG
OUT-01,3957,Sales,Low,FLAG
OUT-01,3968,Sales,Low,FLAG
OUT-01,3973,Sales,Low,FLAG
OUT-01,3976,Sales,Low,FLAG
OUT-01,3988,Sales,Low,FLAG
OUT-01,3992,Sales,Low,FLAG
OUT-01,3995,Sales,Low,FLAG
OUT-01,4000,Sales,Low,FLAG
OUT-01,4011,Sales,Low,FLAG
OUT-01,4017,Sales,Low,FLAG
OUT-01,4044,Sales,Low,FLAG
OUT-01,4050,Sales,Low,FLAG
OUT-01,4051,Sales,Low,FLAG
OUT-01,4057,Sales,Low,FLAG
OUT-01,4077,Sales,Low,FLAG
OUT-01,4084,Sales,Low,FLAG
OUT-01,4100,Sales,Low,FLAG
OUT-01,4104,Sales,Low,FLAG
OUT-01,4117,Sales,Low,FLAG
OUT-01,4135,Sales,Low,FLAG
OUT-01,4138,Sales,Low,FLAG
OUT-01,4148,Sales,Low,FLAG
OUT-01,4165,Sales,Low,FLAG
OUT-01,4192,Sales,Low,FLAG
OUT-01,4204,Sales,Low,FLAG
OUT-01,4210,Sales,Low,FLAG
OUT-01,4216,Sales,Low,FLAG
OUT-01,4228,Sales,Low,FLAG
OUT-01,4231,Sales,Low,FLAG
OUT-01,4241,Sales,Low,FLAG
OUT-01,4248,Sales,Low,FLAG
OUT-01,4272,Sales,Low,FLAG
OUT-01,4279,Sales,Low,FLAG
OUT-01,4285,Sales,Low,FLAG
OUT-01,4299,Sales,Low,FLAG
OUT-01,4319,Sales,Low,FLAG
OUT-01,4357,Sales,Low,FLAG
OUT-01,4364,Sales,Low,FLAG
OUT-01,4377,Sales,Low,FLAG
OUT-01,4379,Sales,Low,FLAG
OUT-01,4392,Sales,Low,FLAG
OUT-01,4401,Sales,Low,FLAG
OUT-01,4402,Sales,Low,FLAG
OUT-01,4403,Sales,Low,FLAG
OUT-01,4409,Sales,Low,FLAG
OUT-01,4412,Sales,Low,FLAG
OUT-01,4416,Sales,Low,FLAG
OUT-01,4419,Sales,Low,FLAG
OUT-01,4430,Sales,Low,FLAG
OUT-01,4443,Sales,Low,FLAG
OUT-01,4452,Sales,Low,FLAG
OUT-01,4455,Sales,Low,FLAG
OUT-01,4459,Sales,Low,FLAG
OUT-01,4460,Sales,Low,FLAG
OUT-01,4469,Sales,Low,FLAG
OUT-01,4488,Sales,Low,FLAG
OUT-01,4499,Sales,Low,FLAG
OUT-01,4521,Sales,Low,FLAG
OUT-01,4544,Sales,Low,FLAG
OUT-01,4562,Sales,Low,FLAG
OUT-01,4573,Sales,Low,FLAG
OUT-01,4588,Sales,Low,FLAG
OUT-01,4605,Sales,Low,FLAG
OUT-01,4625,Sales,Low,FLAG
OUT-01,4630,Sales,Low,FLAG
OUT-01,4638,Sales,Low,FLAG
OUT-01,4650,Sales,Low,FLAG
OUT-01,4652,Sales,Low,FLAG
OUT-01,4653,Sales,Low,FLAG
OUT-01,4676,Sales,Low,FLAG
OUT-01,4694,Sales,Low,FLAG
OUT-01,4709,Sales,Low,FLAG
OUT-01,4721,Sales,Low,FLAG
OUT-01,4727,Sales,Low,FLAG
OUT-01,4728,Sales,Low,FLAG
OUT-01,4730,Sales,Low,FLAG
OUT-01,4732,Sales,Low,FLAG
OUT-01,4740,Sales,Low,FLAG
OUT-01,4747,Sales,Low,FLAG
OUT-01,4765,Sales,Low,FLAG
OUT-01,4785,Sales,Low,FLAG
OUT-01,4811,Sales,Low,FLAG
OUT-01,4853,Sales,Low,FLAG
OUT-01,4860,Sales,Low,FLAG
OUT-01,4862,Sales,Low,FLAG
OUT-01,4867,Sales,Low,FLAG
OUT-01,4868,Sales,Low,FLAG
OUT-01,4872,Sales,Low,FLAG
OUT-01,4883,Sales,Low,FLAG
OUT-01,4885,Sales,Low,FLAG
OUT-01,4890,Sales,Low,FLAG
OUT-01,4891,Sales,Low,FLAG
OUT-01,4898,Sales,Low,FLAG
OUT-01,4905,Sales,Low,FLAG
OUT-01,4925,Sales,Low,FLAG
OUT-01,4939,Sales,Low,FLAG
OUT-01,4950,Sales,Low,FLAG
OUT-01,4977,Sales,Low,FLAG
OUT-01,4993,Sales,Low,FLAG
OUT-01,5004,Sales,Low,FLAG
OUT-01,5018,Sales,Low,FLAG
OUT-01,5020,Sales,Low,FLAG
OUT-01,5022,Sales,Low,FLAG
OUT-01,5024,Sales,Low,FLAG
OUT-01,5033,Sales,Low,FLAG
OUT-01,5042,Sales,Low,FLAG
OUT-01,5045,Sales,Low,FLAG
OUT-01,5054,Sales,Low,FLAG
OUT-01,5057,Sales,Low,FLAG
OUT-01,5129,Sales,Low,FLAG
OUT-01,5151,Sales,Low,FLAG
OUT-01,5163,Sales,Low,FLAG
OUT-01,5172,Sales,Low,FLAG
OUT-01,5173,Sales,Low,FLAG
OUT-01,5174,Sales,Low,FLAG
OUT-01,5187,Sales,Low,FLAG
OUT-01,5190,Sales,Low,FLAG
OUT-01,5194,Sales,Low,FLAG
OUT-01,5198,Sales,Low,FLAG
OUT-01,5200,Sales,Low,FLAG
OUT-01,5223,Sales,Low,FLAG
OUT-01,5226,Sales,Low,FLAG
OUT-01,5228,Sales,Low,FLAG
OUT-01,5268,Sales,Low,FLAG
OUT-01,5290,Sales,Low,FLAG
OUT-01,5293,Sales,Low,FLAG
OUT-01,5302,Sales,Low,FLAG
OUT-01,5303,Sales,Low,FLAG
OUT-01,5304,Sales,Low,FLAG
OUT-01,5312,Sales,Low,FLAG
OUT-01,5322,Sales,Low,FLAG
OUT-01,5339,Sales,Low,FLAG
OUT-01,5343,Sales,Low,FLAG
OUT-01,5352,Sales,Low,FLAG
OUT-01,5372,Sales,Low,FLAG
OUT-01,5373,Sales,Low,FLAG
OUT-01,5379,Sales,Low,FLAG
OUT-01,5395,Sales,Low,FLAG
OUT-01,5396,Sales,Low,FLAG
OUT-01,5427,Sales,Low,FLAG
OUT-01,5436,Sales,Low,FLAG
OUT-01,5441,Sales,Low,FLAG
OUT-01,5450,Sales,Low,FLAG
OUT-01,5452,Sales,Low,FLAG
OUT-01,5480,Sales,Low,FLAG
OUT-01,5518,Sales,Low,FLAG
OUT-01,5532,Sales,Low,FLAG
OUT-01,5561,Sales,Low,FLAG
OUT-01,5578,Sales,Low,FLAG
OUT-01,5606,Sales,Low,FLAG
OUT-01,5611,Sales,Low,FLAG
OUT-01,5613,Sales,Low,FLAG
OUT-01,5614,Sales,Low,FLAG
OUT-01,5617,Sales,Low,FLAG
OUT-01,5628,Sales,Low,FLAG
OUT-01,5636,Sales,Low,FLAG
OUT-01,5653,Sales,Low,FLAG
OUT-01,5672,Sales,Low,FLAG
OUT-01,5710,Sales,Low,FLAG
OUT-01,5717,Sales,Low,FLAG
OUT-01,5727,Sales,Low,FLAG
OUT-01,5730,Sales,Low,FLAG
OUT-01,5731,Sales,Low,FLAG
OUT-01,5746,Sales,Low,FLAG
OUT-01,5765,Sales,Low,FLAG
OUT-01,5773,Sales,Low,FLAG
OUT-01,5789,Sales,Low,FLAG
OUT-01,5797,Sales,Low,FLAG
OUT-01,5814,Sales,Low,FLAG
OUT-01,5820,Sales,Low,FLAG
OUT-01,5822,Sales,Low,FLAG
OUT-01,5827,Sales,Low,FLAG
OUT-01,5850,Sales,Low,FLAG
OUT-01,5851,Sales,Low,FLAG
OUT-01,5871,Sales,Low,FLAG
OUT-01,5878,Sales,Low,FLAG
OUT-01,5881,Sales,Low,FLAG
OUT-01,5883,Sales,Low,FLAG
OUT-01,5886,Sales,Low,FLAG
OUT-01,5916,Sales,Low,FLAG
OUT-01,5919,Sales,Low,FLAG
OUT-01,5920,Sales,Low,FLAG
OUT-01,5922,Sales,Low,FLAG
OUT-01,5927,Sales,Low,FLAG
OUT-01,5953,Sales,Low,FLAG
OUT-01,5989,Sales,Low,FLAG
OUT-01,5992,Sales,Low,FLAG
OUT-01,6013,Sales,Low,FLAG
OUT-01,6016,Sales,Low,FLAG
OUT-01,6026,Sales,Low,FLAG
OUT-01,6037,Sales,Low,FLAG
OUT-01,6047,Sales,Low,FLAG
OUT-01,6050,Sales,Low,FLAG
OUT-01,6051,Sales,Low,FLAG
OUT-01,6076,Sales,Low,FLAG
OUT-01,6101,Sales,Low,FLAG
OUT-01,6102,Sales,Low,FLAG
OUT-01,6103,Sales,Low,FLAG
OUT-01,6112,Sales,Low,FLAG
OUT-01,6115,Sales,Low,FLAG
OUT-01,6118,Sales,Low,FLAG
OUT-01,6122,Sales,Low,FLAG
OUT-01,6134,Sales,Low,FLAG
OUT-01,6136,Sales,Low,FLAG
OUT-01,6142,Sales,Low,FLAG
OUT-01,6145,Sales,Low,FLAG
OUT-01,6153,Sales,Low,FLAG
OUT-01,6176,Sales,Low,FLAG
OUT-01,6177,Sales,Low,FLAG
OUT-01,6185,Sales,Low,FLAG
OUT-01,6187,Sales,Low,FLAG
OUT-01,6190,Sales,Low,FLAG
OUT-01,6192,Sales,Low,FLAG
OUT-01,6211,Sales,Low,FLAG
OUT-01,6212,Sales,Low,FLAG
OUT-01,6236,Sales,Low,FLAG
OUT-01,6243,Sales,Low,FLAG
OUT-01,6246,Sales,Low,FLAG
OUT-01,6259,Sales,Low,FLAG
OUT-01,6264,Sales,Low,FLAG
OUT-01,6268,Sales,Low,FLAG
OUT-01,6273,Sales,Low,FLAG
OUT-01,6278,Sales,Low,FLAG
OUT-01,6285,Sales,Low,FLAG
OUT-01,6290,Sales,Low,FLAG
OUT-01,6292,Sales,Low,FLAG
OUT-01,6297,Sales,Low,FLAG
OUT-01,6299,Sales,Low,FLAG
OUT-01,6311,Sales,Low,FLAG
OUT-01,6316,Sales,Low,FLAG
OUT-01,6317,Sales,Low,FLAG
OUT-01,6318,Sales,Low,FLAG
OUT-01,6327,Sales,Low,FLAG
OUT-01,6329,Sales,Low,FLAG
OUT-01,6342,Sales,Low,FLAG
OUT-01,6364,Sales,Low,FLAG
OUT-01,6368,Sales,Low,FLAG
OUT-01,6370,Sales,Low,FLAG
OUT-01,6382,Sales,Low,FLAG
OUT-01,6391,Sales,Low,FLAG
OUT-01,6396,Sales,Low,FLAG
OUT-01,6402,Sales,Low,FLAG
OUT-01,6427,Sales,Low,FLAG
OUT-01,6434,Sales,Low,FLAG
OUT-01,6465,Sales,Low,FLAG
OUT-01,6469,Sales,Low,FLAG
OUT-01,6474,Sales,Low,FLAG
OUT-01,6475,Sales,Low,FLAG
OUT-01,6488,Sales,Low,FLAG
OUT-01,6490,Sales,Low,FLAG
OUT-01,6500,Sales,Low,FLAG
OUT-01,6506,Sales,Low,FLAG
OUT-01,6509,Sales,Low,FLAG
OUT-01,6510,Sales,Low,FLAG
OUT-01,6515,Sales,Low,FLAG
OUT-01,6518,Sales,Low,FLAG
OUT-01,6519,Sales,Low,FLAG
OUT-01,6522,Sales,Low,FLAG
OUT-01,6536,Sales,Low,FLAG
OUT-01,6537,Sales,Low,FLAG
OUT-01,6560,Sales,Low,FLAG
OUT-01,6561,Sales,Low,FLAG
OUT-01,6568,Sales,Low,FLAG
OUT-01,6577,Sales,Low,FLAG
OUT-01,6585,Sales,Low,FLAG
OUT-01,6591,Sales,Low,FLAG
OUT-01,6596,Sales,Low,FLAG
OUT-01,6602,Sales,Low,FLAG
OUT-01,6619,Sales,Low,FLAG
OUT-01,6621,Sales,Low,FLAG
OUT-01,6622,Sales,Low,FLAG
OUT-01,6628,Sales,Low,FLAG
OUT-01,6638,Sales,Low,FLAG
OUT-01,6642,Sales,Low,FLAG
OUT-01,6644,Sales,Low,FLAG
OUT-01,6652,Sales,Low,FLAG
OUT-01,6664,Sales,Low,FLAG
OUT-01,6666,Sales,Low,FLAG
OUT-01,6667,Sales,Low,FLAG
OUT-01,6674,Sales,Low,FLAG
OUT-01,6683,Sales,Low,FLAG
OUT-01,6689,Sales,Low,FLAG
OUT-01,6694,Sales,Low,FLAG
OUT-01,6695,Sales,Low,FLAG
OUT-01,6697,Sales,Low,FLAG
OUT-01,6712,Sales,Low,FLAG
OUT-01,6714,Sales,Low,FLAG
OUT-01,6717,Sales,Low,FLAG
OUT-01,6729,Sales,Low,FLAG
OUT-01,6734,Sales,Low,FLAG
OUT-01,6770,Sales,Low,FLAG
OUT-01,6772,Sales,Low,FLAG
OUT-01,6791,Sales,Low,FLAG
OUT-01,6819,Sales,Low,FLAG
OUT-01,6828,Sales,Low,FLAG
OUT-01,6829,Sales,Low,FLAG
OUT-01,6837,Sales,Low,FLAG
OUT-01,6840,Sales,Low,FLAG
OUT-01,6852,Sales,Low,FLAG
OUT-01,6858,Sales,Low,FLAG
OUT-01,6870,Sales,Low,FLAG
OUT-01,6881,Sales,Low,FLAG
OUT-01,6883,Sales,Low,FLAG
OUT-01,6886,Sales,Low,FLAG
OUT-01,6893,Sales,Low,FLAG
OUT-01,6898,Sales,Low,FLAG
OUT-01,6902,Sales,Low,FLAG
OUT-01,6919,Sales,Low,FLAG
OUT-01,6924,Sales,Low,FLAG
OUT-01,6961,Sales,Low,FLAG
OUT-01,6978,Sales,Low,FLAG
OUT-01,6981,Sales,Low,FLAG
OUT-01,6990,Sales,Low,FLAG
OUT-01,6995,Sales,Low,FLAG
OUT-01,6999,Sales,Low,FLAG
OUT-01,7004,Sales,Low,FLAG
OUT-01,7026,Sales,Low,FLAG
OUT-01,7033,Sales,Low,FLAG
OUT-01,7052,Sales,Low,FLAG
OUT-01,7058,Sales,Low,FLAG
OUT-01,7067,Sales,Low,FLAG
OUT-01,7075,Sales,Low,FLAG
OUT-01,7083,Sales,Low,FLAG
OUT-01,7086,Sales,Low,FLAG
OUT-01,7088,Sales,Low,FLAG
OUT-01,7090,Sales,Low,FLAG
OUT-01,7097,Sales,Low,FLAG
OUT-01,7098,Sales,Low,FLAG
OUT-01,7100,Sales,Low,FLAG
OUT-01,7101,Sales,Low,FLAG
OUT-01,7126,Sales,Low,FLAG
OUT-01,7134,Sales,Low,FLAG
OUT-01,7156,Sales,Low,FLAG
OUT-01,7157,Sales,Low,FLAG
OUT-01,7165,Sales,Low,FLAG
OUT-01,7195,Sales,Low,FLAG
OUT-01,7204,Sales,Low,FLAG
OUT-01,7222,Sales,Low,FLAG
OUT-01,7229,Sales,Low,FLAG
OUT-01,7245,Sales,Low,FLAG
OUT-01,7252,Sales,Low,FLAG
OUT-01,7259,Sales,Low,FLAG
OUT-01,7266,Sales,Low,FLAG
OUT-01,7271,Sales,Low,FLAG
OUT-01,7278,Sales,Low,FLAG
OUT-01,7282,Sales,Low,FLAG
OUT-01,7310,Sales,Low,FLAG
OUT-01,7331,Sales,Low,FLAG
OUT-01,7337,Sales,Low,FLAG
OUT-01,7343,Sales,Low,FLAG
OUT-01,7389,Sales,Low,FLAG
OUT-01,7399,Sales,Low,FLAG
OUT-01,7438,Sales,Low,FLAG
OUT-01,7449,Sales,Low,FLAG
OUT-01,7454,Sales,Low,FLAG
OUT-01,7457,Sales,Low,FLAG
OUT-01,7460,Sales,Low,FLAG
OUT-01,7464,Sales,Low,FLAG
OUT-01,7476,Sales,Low,FLAG
OUT-01,7477,Sales,Low,FLAG
OUT-01,7489,Sales,Low,FLAG
OUT-01,7498,Sales,Low,FLAG
OUT-01,7511,Sales,Low,FLAG
OUT-01,7513,Sales,Low,FLAG
OUT-01,7527,Sales,Low,FLAG
OUT-01,7532,Sales,Low,FLAG
OUT-01,7533,Sales,Low,FLAG
OUT-01,7544,Sales,Low,FLAG
OUT-01,7558,Sales,Low,FLAG
OUT-01,7559,Sales,Low,FLAG
OUT-01,7561,Sales,Low,FLAG
OUT-01,7581,Sales,Low,FLAG
OUT-01,7585,Sales,Low,FLAG
OUT-01,7589,Sales,Low,FLAG
OUT-01,7591,Sales,Low,FLAG
OUT-01,7596,Sales,Low,FLAG
OUT-01,7603,Sales,Low,FLAG
OUT-01,7608,Sales,Low,FLAG
OUT-01,7619,Sales,Low,FLAG
OUT-01,7626,Sales,Low,FLAG
OUT-01,7631,Sales,Low,FLAG
OUT-01,7664,Sales,Low,FLAG
OUT-01,7668,Sales,Low,FLAG
OUT-01,7675,Sales,Low,FLAG
OUT-01,7679,Sales,Low,FLAG
OUT-01,7681,Sales,Low,FLAG
OUT-01,7685,Sales,Low,FLAG
OUT-01,7694,Sales,Low,FLAG
OUT-01,7697,Sales,Low,FLAG
OUT-01,7757,Sales,Low,FLAG
OUT-01,7767,Sales,Low,FLAG
OUT-01,7768,Sales,Low,FLAG
OUT-01,7773,Sales,Low,FLAG
OUT-01,7786,Sales,Low,FLAG
OUT-01,7816,Sales,Low,FLAG
OUT-01,7818,Sales,Low,FLAG
OUT-01,7820,Sales,Low,FLAG
OUT-01,7847,Sales,Low,FLAG
OUT-01,7848,Sales,Low,FLAG
OUT-01,7869,Sales,Low,FLAG
OUT-01,7880,Sales,Low,FLAG
OUT-01,7893,Sales,Low,FLAG
OUT-01,7898,Sales,Low,FLAG
OUT-01,7900,Sales,Low,FLAG
OUT-01,7909,Sales,Low,FLAG
OUT-01,7923,Sales,Low,FLAG
OUT-01,7927,Sales,Low,FLAG
OUT-01,7939,Sales,Low,FLAG
OUT-01,7941,Sales,Low,FLAG
OUT-01,7976,Sales,Low,FLAG
OUT-01,7984,Sales,Low,FLAG
OUT-01,8008,Sales,Low,FLAG
OUT-01,8014,Sales,Low,FLAG
OUT-01,8046,Sales,Low,FLAG
OUT-01,8050,Sales,Low,FLAG
OUT-01,8056,Sales,Low,FLAG
OUT-01,8068,Sales,Low,FLAG
OUT-01,8079,Sales,Low,FLAG
OUT-01,8081,Sales,Low,FLAG
OUT-01,8082,Sales,Low,FLAG
OUT-01,8094,Sales,Low,FLAG
OUT-01,8108,Sales,Low,FLAG
OUT-01,8119,Sales,Low,FLAG
OUT-01,8137,Sales,Low,FLAG
OUT-01,8155,Sales,Low,FLAG
OUT-01,8159,Sales,Low,FLAG
OUT-01,8166,Sales,Low,FLAG
OUT-01,8170,Sales,Low,FLAG
OUT-01,8173,Sales,Low,FLAG
OUT-01,8177,Sales,Low,FLAG
OUT-01,8196,Sales,Low,FLAG
OUT-01,8210,Sales,Low,FLAG
OUT-01,8225,Sales,Low,FLAG
OUT-01,8227,Sales,Low,FLAG
OUT-01,8233,Sales,Low,FLAG
OUT-01,8238,Sales,Low,FLAG
OUT-01,8256,Sales,Low,FLAG
OUT-01,8261,Sales,Low,FLAG
OUT-01,8271,Sales,Low,FLAG
OUT-01,8273,Sales,Low,FLAG
OUT-01,8276,Sales,Low,FLAG
OUT-01,8286,Sales,Low,FLAG
OUT-01,8302,Sales,Low,FLAG
OUT-01,8303,Sales,Low,FLAG
OUT-01,8314,Sales,Low,FLAG
OUT-01,8330,Sales,Low,FLAG
OUT-01,8337,Sales,Low,FLAG
OUT-01,8381,Sales,Low,FLAG
OUT-01,8396,Sales,Low,FLAG
OUT-01,8398,Sales,Low,FLAG
OUT-01,8402,Sales,Low,FLAG
OUT-01,8410,Sales,Low,FLAG
OUT-01,8418,Sales,Low,FLAG
OUT-01,8426,Sales,Low,FLAG
OUT-01,8431,Sales,Low,FLAG
OUT-01,8433,Sales,Low,FLAG
OUT-01,8440,Sales,Low,FLAG
OUT-01,8453,Sales,Low,FLAG
OUT-01,8455,Sales,Low,FLAG
OUT-01,8470,Sales,Low,FLAG
OUT-01,8490,Sales,Low,FLAG
OUT-01,8564,Sales,Low,FLAG
OUT-01,8570,Sales,Low,FLAG
OUT-01,8571,Sales,Low,FLAG
OUT-01,8588,Sales,Low,FLAG
OUT-01,8625,Sales,Low,FLAG
OUT-01,8634,Sales,Low,FLAG
OUT-01,8637,Sales,Low,FLAG
OUT-01,8638,Sales,Low,FLAG
OUT-01,8642,Sales,Low,FLAG
OUT-01,8682,Sales,Low,FLAG
OUT-01,8688,Sales,Low,FLAG
OUT-01,8701,Sales,Low,FLAG
OUT-01,8736,Sales,Low,FLAG
OUT-01,8751,Sales,Low,FLAG
OUT-01,8762,Sales,Low,FLAG
OUT-01,8773,Sales,Low,FLAG
OUT-01,8783,Sales,Low,FLAG
OUT-01,8800,Sales,Low,FLAG
OUT-01,8821,Sales,Low,FLAG
OUT-01,8834,Sales,Low,FLAG
OUT-01,8856,Sales,Low,FLAG
OUT-01,8860,Sales,Low,FLAG
OUT-01,8864,Sales,Low,FLAG
OUT-01,8877,Sales,Low,FLAG
OUT-01,8881,Sales,Low,FLAG
OUT-01,8890,Sales,Low,FLAG
OUT-01,8892,Sales,Low,FLAG
OUT-01,8894,Sales,Low,FLAG
OUT-01,8896,Sales,Low,FLAG
OUT-01,8910,Sales,Low,FLAG
OUT-01,8916,Sales,Low,FLAG
OUT-01,8926,Sales,Low,FLAG
OUT-01,8929,Sales,Low,FLAG
OUT-01,8937,Sales,Low,FLAG
OUT-01,8938,Sales,Low,FLAG
OUT-01,8946,Sales,Low,FLAG
OUT-01,8964,Sales,Low,FLAG
OUT-01,8966,Sales,Low,FLAG
OUT-01,8995,Sales,Low,FLAG
OUT-01,9000,Sales,Low,FLAG
OUT-01,9023,Sales,Low,FLAG
OUT-01,9035,Sales,Low,FLAG
OUT-01,9041,Sales,Low,FLAG
OUT-01,9043,Sales,Low,FLAG
OUT-01,9058,Sales,Low,FLAG
OUT-01,9064,Sales,Low,FLAG
OUT-01,9065,Sales,Low,FLAG
OUT-01,9076,Sales,Low,FLAG
OUT-01,9080,Sales,Low,FLAG
OUT-01,9087,Sales,Low,FLAG
OUT-01,9096,Sales,Low,FLAG
OUT-01,9102,Sales,Low,FLAG
OUT-01,9145,Sales,Low,FLAG
OUT-01,9150,Sales,Low,FLAG
OUT-01,9151,Sales,Low,FLAG
OUT-01,9159,Sales,Low,FLAG
OUT-01,9170,Sales,Low,FLAG
OUT-01,9174,Sales,Low,FLAG
OUT-01,9188,Sales,Low,FLAG
OUT-01,9199,Sales,Low,FLAG
OUT-01,9203,Sales,Low,FLAG
OUT-01,9205,Sales,Low,FLAG
OUT-01,9233,Sales,Low,FLAG
OUT-01,9236,Sales,Low,FLAG
OUT-01,9259,Sales,Low,FLAG
OUT-01,9272,Sales,Low,FLAG
OUT-01,9275,Sales,Low,FLAG
OUT-01,9276,Sales,Low,FLAG
OUT-01,9312,Sales,Low,FLAG
OUT-01,9318,Sales,Low,FLAG
OUT-01,9325,Sales,Low,FLAG
OUT-01,9341,Sales,Low,FLAG
OUT-01,9350,Sales,Low,FLAG
OUT-01,9369,Sales,Low,FLAG
OUT-01,9398,Sales,Low,FLAG
OUT-01,9400,Sales,Low,FLAG
OUT-01,9405,Sales,Low,FLAG
OUT-01,9409,Sales,Low,FLAG
OUT-01,9414,Sales,Low,FLAG
OUT-01,9427,Sales,Low,FLAG
OUT-01,9431,Sales,Low,FLAG
OUT-01,9449,Sales,Low,FLAG
OUT-01,9460,Sales,Low,FLAG
OUT-01,9468,Sales,Low,FLAG
OUT-01,9477,Sales,Low,FLAG
OUT-01,9482,Sales,Low,FLAG
OUT-01,9491,Sales,Low,FLAG
OUT-01,9492,Sales,Low,FLAG
OUT-01,9500,Sales,Low,FLAG
OUT-01,9506,Sales,Low,FLAG
OUT-01,9515,Sales,Low,FLAG
OUT-01,9529,Sales,Low,FLAG
OUT-01,9535,Sales,Low,FLAG
OUT-01,9558,Sales,Low,FLAG
OUT-01,9580,Sales,Low,FLAG
OUT-01,9590,Sales,Low,FLAG
OUT-01,9594,Sales,Low,FLAG
OUT-01,9598,Sales,Low,FLAG
OUT-01,9603,Sales,Low,FLAG
OUT-01,9611,Sales,Low,FLAG
OUT-01,9617,Sales,Low,FLAG
OUT-01,9620,Sales,Low,FLAG
OUT-01,9637,Sales,Low,FLAG
OUT-01,9641,Sales,Low,FLAG
OUT-01,9651,Sales,Low,FLAG
OUT-01,9654,Sales,Low,FLAG
OUT-01,9662,Sales,Low,FLAG
OUT-01,9675,Sales,Low,FLAG
OUT-01,9698,Sales,Low,FLAG
OUT-01,9705,Sales,Low,FLAG
OUT-01,9712,Sales,Low,FLAG
OUT-01,9714,Sales,Low,FLAG
OUT-01,9725,Sales,Low,FLAG
OUT-01,9732,Sales,Low,FLAG
OUT-01,9736,Sales,Low,FLAG
OUT-01,9743,Sales,Low,FLAG
OUT-01,9744,Sales,Low,FLAG
OUT-01,9746,Sales,Low,FLAG
OUT-01,9761,Sales,Low,FLAG
OUT-01,9765,Sales,Low,FLAG
OUT-01,9776,Sales,Low,FLAG
OUT-01,9783,Sales,Low,FLAG
OUT-01,9784,Sales,Low,FLAG
OUT-01,9789,Sales,Low,FLAG
OUT-01,9812,Sales,Low,FLAG
OUT-01,9815,Sales,Low,FLAG
OUT-01,9817,Sales,Low,FLAG
OUT-01,9835,Sales,Low,FLAG
OUT-01,9849,Sales,Low,FLAG
OUT-01,9850,Sales,Low,FLAG
OUT-01,9859,Sales,Low,FLAG
OUT-01,9868,Sales,Low,FLAG
OUT-01,9878,Sales,Low,FLAG
OUT-01,9899,Sales,Low,FLAG
OUT-01,9912,Sales,Low,FLAG
OUT-01,9927,Sales,Low,FLAG
OUT-01,9944,Sales,Low,FLAG
OUT-01,9949,Sales,Low,FLAG
OUT-01,9950,Sales,Low,FLAG
OUT-01,9959,Sales,Low,FLAG
OUT-01,9970,Sales,Low,FLAG
OUT-01,9972,Sales,Low,FLAG
OUT-01,9973,Sales,Low,FLAG
OUT-01,9981,Sales,Low,FLAG
OUT-02,3,Profit,Low,FLAG
OUT-02,5,Profit,Low,FLAG
OUT-02,15,Profit,Low,FLAG
OUT-02,16,Profit,Low,FLAG
OUT-02,29,Profit,Low,FLAG
OUT-02,38,Profit,Low,FLAG
OUT-02,52,Profit,Low,FLAG
OUT-02,56,Profit,Low,FLAG
OUT-02,66,Profit,Low,FLAG
OUT-02,69,Profit,Low,FLAG
OUT-02,86,Profit,Low,FLAG
OUT-02,113,Profit,Low,FLAG
OUT-02,115,Profit,Low,FLAG
OUT-02,120,Profit,Low,FLAG
OUT-02,123,Profit,Low,FLAG
OUT-02,127,Profit,Low,FLAG
OUT-02,145,Profit,Low,FLAG
OUT-02,146,Profit,Low,FLAG
OUT-02,151,Profit,Low,FLAG
OUT-02,152,Profit,Low,FLAG
OUT-02,161,Profit,Low,FLAG
OUT-02,167,Profit,Low,FLAG
OUT-02,168,Profit,Low,FLAG
OUT-02,171,Profit,Low,FLAG
OUT-02,176,Profit,Low,FLAG
OUT-02,178,Profit,Low,FLAG
OUT-02,205,Profit,Low,FLAG
OUT-02,211,Profit,Low,FLAG
OUT-02,215,Profit,Low,FLAG
OUT-02,217,Profit,Low,FLAG
OUT-02,240,Profit,Low,FLAG
OUT-02,246,Profit,Low,FLAG
OUT-02,249,Profit,Low,FLAG
OUT-02,253,Profit,Low,FLAG
OUT-02,255,Profit,Low,FLAG
OUT-02,272,Profit,Low,FLAG
OUT-02,283,Profit,Low,FLAG
OUT-02,288,Profit,Low,FLAG
OUT-02,290,Profit,Low,FLAG
OUT-02,295,Profit,Low,FLAG
OUT-02,298,Profit,Low,FLAG
OUT-02,309,Profit,Low,FLAG
OUT-02,320,Profit,Low,FLAG
OUT-02,325,Profit,Low,FLAG
OUT-02,330,Profit,Low,FLAG
OUT-02,331,Profit,Low,FLAG
OUT-02,343,Profit,Low,FLAG
OUT-02,355,Profit,Low,FLAG
OUT-02,361,Profit,Low,FLAG
OUT-02,371,Profit,Low,FLAG
OUT-02,375,Profit,Low,FLAG
OUT-02,401,Profit,Low,FLAG
OUT-02,416,Profit,Low,FLAG
OUT-02,418,Profit,Low,FLAG
OUT-02,426,Profit,Low,FLAG
OUT-02,428,Profit,Low,FLAG
OUT-02,431,Profit,Low,FLAG
OUT-02,435,Profit,Low,FLAG
OUT-02,439,Profit,Low,FLAG
OUT-02,451,Profit,Low,FLAG
OUT-02,456,Profit,Low,FLAG
OUT-02,462,Profit,Low,FLAG
OUT-02,465,Profit,Low,FLAG
OUT-02,467,Profit,Low,FLAG
OUT-02,469,Profit,Low,FLAG
OUT-02,482,Profit,Low,FLAG
OUT-02,489,Profit,Low,FLAG
OUT-02,499,Profit,Low,FLAG
OUT-02,511,Profit,Low,FLAG
OUT-02,531,Profit,Low,FLAG
OUT-02,535,Profit,Low,FLAG
OUT-02,538,Profit,Low,FLAG
OUT-02,542,Profit,Low,FLAG
OUT-02,544,Profit,Low,FLAG
OUT-02,547,Profit,Low,FLAG
OUT-02,556,Profit,Low,FLAG
OUT-02,572,Profit,Low,FLAG
OUT-02,577,Profit,Low,FLAG
OUT-02,589,Profit,Low,FLAG
OUT-02,599,Profit,Low,FLAG
OUT-02,602,Profit,Low,FLAG
OUT-02,615,Profit,Low,FLAG
OUT-02,625,Profit,Low,FLAG
OUT-02,626,Profit,Low,FLAG
OUT-02,627,Profit,Low,FLAG
OUT-02,632,Profit,Low,FLAG
OUT-02,636,Profit,Low,FLAG
OUT-02,640,Profit,Low,FLAG
OUT-02,643,Profit,Low,FLAG
OUT-02,653,Profit,Low,FLAG
OUT-02,661,Profit,Low,FLAG
OUT-02,662,Profit,Low,FLAG
OUT-02,680,Profit,Low,FLAG
OUT-02,681,Profit,Low,FLAG
OUT-02,685,Profit,Low,FLAG
OUT-02,687,Profit,Low,FLAG
OUT-02,699,Profit,Low,FLAG
OUT-02,722,Profit,Low,FLAG
OUT-02,724,Profit,Low,FLAG
OUT-02,729,Profit,Low,FLAG
OUT-02,742,Profit,Low,FLAG
OUT-02,752,Profit,Low,FLAG
OUT-02,753,Profit,Low,FLAG
OUT-02,767,Profit,Low,FLAG
OUT-02,787,Profit,Low,FLAG
OUT-02,790,Profit,Low,FLAG
OUT-02,798,Profit,Low,FLAG
OUT-02,808,Profit,Low,FLAG
OUT-02,812,Profit,Low,FLAG
OUT-02,816,Profit,Low,FLAG
OUT-02,823,Profit,Low,FLAG
OUT-02,828,Profit,Low,FLAG
OUT-02,838,Profit,Low,FLAG
OUT-02,854,Profit,Low,FLAG
OUT-02,858,Profit,Low,FLAG
OUT-02,871,Profit,Low,FLAG
OUT-02,876,Profit,Low,FLAG
OUT-02,877,Profit,Low,FLAG
OUT-02,882,Profit,Low,FLAG
OUT-02,899,Profit,Low,FLAG
OUT-02,911,Profit,Low,FLAG
OUT-02,912,Profit,Low,FLAG
OUT-02,913,Profit,Low,FLAG
OUT-02,926,Profit,Low,FLAG
OUT-02,932,Profit,Low,FLAG
OUT-02,946,Profit,Low,FLAG
OUT-02,947,Profit,Low,FLAG
OUT-02,950,Profit,Low,FLAG
OUT-02,951,Profit,Low,FLAG
OUT-02,961,Profit,Low,FLAG
OUT-02,969,Profit,Low,FLAG
OUT-02,990,Profit,Low,FLAG
OUT-02,995,Profit,Low,FLAG
OUT-02,996,Profit,Low,FLAG
OUT-02,997,Profit,Low,FLAG
OUT-02,1003,Profit,Low,FLAG
OUT-02,1006,Profit,Low,FLAG
OUT-02,1015,Profit,Low,FLAG
OUT-02,1019,Profit,Low,FLAG
OUT-02,1021,Profit,Low,FLAG
OUT-02,1023,Profit,Low,FLAG
OUT-02,1030,Profit,Low,FLAG
OUT-02,1032,Profit,Low,FLAG
OUT-02,1033,Profit,Low,FLAG
OUT-02,1046,Profit,Low,FLAG
OUT-02,1052,Profit,Low,FLAG
OUT-02,1054,Profit,Low,FLAG
OUT-02,1068,Profit,Low,FLAG
OUT-02,1086,Profit,Low,FLAG
OUT-02,1087,Profit,Low,FLAG
OUT-02,1093,Profit,Low,FLAG
OUT-02,1110,Profit,Low,FLAG
OUT-02,1119,Profit,Low,FLAG
OUT-02,1123,Profit,Low,FLAG
OUT-02,1128,Profit,Low,FLAG
OUT-02,1138,Profit,Low,FLAG
OUT-02,1143,Profit,Low,FLAG
OUT-02,1155,Profit,Low,FLAG
OUT-02,1157,Profit,Low,FLAG
OUT-02,1182,Profit,Low,FLAG
OUT-02,1193,Profit,Low,FLAG
OUT-02,1201,Profit,Low,FLAG
OUT-02,1221,Profit,Low,FLAG
OUT-02,1244,Profit,Low,FLAG
OUT-02,1252,Profit,Low,FLAG
OUT-02,1254,Profit,Low,FLAG
OUT-02,1260,Profit,Low,FLAG
OUT-02,1273,Profit,Low,FLAG
OUT-02,1274,Profit,Low,FLAG
OUT-02,1285,Profit,Low,FLAG
OUT-02,1302,Profit,Low,FLAG
OUT-02,1303,Profit,Low,FLAG
OUT-02,1314,Profit,Low,FLAG
OUT-02,1317,Profit,Low,FLAG
OUT-02,1318,Profit,Low,FLAG
OUT-02,1330,Profit,Low,FLAG
OUT-02,1336,Profit,Low,FLAG
OUT-02,1340,Profit,Low,FLAG
OUT-02,1357,Profit,Low,FLAG
OUT-02,1358,Profit,Low,FLAG
OUT-02,1369,Profit,Low,FLAG
OUT-02,1370,Profit,Low,FLAG
OUT-02,1371,Profit,Low,FLAG
OUT-02,1377,Profit,Low,FLAG
OUT-02,1378,Profit,Low,FLAG
OUT-02,1383,Profit,Low,FLAG
OUT-02,1385,Profit,Low,FLAG
OUT-02,1389,Profit,Low,FLAG
OUT-02,1392,Profit,Low,FLAG
OUT-02,1394,Profit,Low,FLAG
OUT-02,1396,Profit,Low,FLAG
OUT-02,1403,Profit,Low,FLAG
OUT-02,1405,Profit,Low,FLAG
OUT-02,1409,Profit,Low,FLAG
OUT-02,1415,Profit,Low,FLAG
OUT-02,1422,Profit,Low,FLAG
OUT-02,1424,Profit,Low,FLAG
OUT-02,1427,Profit,Low,FLAG
OUT-02,1431,Profit,Low,FLAG
OUT-02,1433,Profit,Low,FLAG
OUT-02,1440,Profit,Low,FLAG
OUT-02,1447,Profit,Low,FLAG
OUT-02,1456,Profit,Low,FLAG
OUT-02,1470,Profit,Low,FLAG
OUT-02,1502,Profit,Low,FLAG
OUT-02,1503,Profit,Low,FLAG
OUT-02,1512,Profit,Low,FLAG
OUT-02,1525,Profit,Low,FLAG
OUT-02,1526,Profit,Low,FLAG
OUT-02,1541,Profit,Low,FLAG
OUT-02,1542,Profit,Low,FLAG
OUT-02,1547,Profit,Low,FLAG
OUT-02,1548,Profit,Low,FLAG
OUT-02,1549,Profit,Low,FLAG
OUT-02,1555,Profit,Low,FLAG
OUT-02,1570,Profit,Low,FLAG
OUT-02,1584,Profit,Low,FLAG
OUT-02,1587,Profit,Low,FLAG
OUT-02,1588,Profit,Low,FLAG
OUT-02,1598,Profit,Low,FLAG
OUT-02,1605,Profit,Low,FLAG
OUT-02,1608,Profit,Low,FLAG
OUT-02,1615,Profit,Low,FLAG
OUT-02,1622,Profit,Low,FLAG
OUT-02,1623,Profit,Low,FLAG
OUT-02,1627,Profit,Low,FLAG
OUT-02,1628,Profit,Low,FLAG
OUT-02,1632,Profit,Low,FLAG
OUT-02,1638,Profit,Low,FLAG
OUT-02,1645,Profit,Low,FLAG
OUT-02,1647,Profit,Low,FLAG
OUT-02,1650,Profit,Low,FLAG
OUT-02,1663,Profit,Low,FLAG
OUT-02,1671,Profit,Low,FLAG
OUT-02,1675,Profit,Low,FLAG
OUT-02,1703,Profit,Low,FLAG
OUT-02,1713,Profit,Low,FLAG
OUT-02,1715,Profit,Low,FLAG
OUT-02,1754,Profit,Low,FLAG
OUT-02,1757,Profit,Low,FLAG
OUT-02,1759,Profit,Low,FLAG
OUT-02,1770,Profit,Low,FLAG
OUT-02,1776,Profit,Low,FLAG
OUT-02,1779,Profit,Low,FLAG
OUT-02,1784,Profit,Low,FLAG
OUT-02,1785,Profit,Low,FLAG
OUT-02,1790,Profit,Low,FLAG
OUT-02,1793,Profit,Low,FLAG
OUT-02,1796,Profit,Low,FLAG
OUT-02,1800,Profit,Low,FLAG
OUT-02,1805,Profit,Low,FLAG
OUT-02,1807,Profit,Low,FLAG
OUT-02,1820,Profit,Low,FLAG
OUT-02,1822,Profit,Low,FLAG
OUT-02,1831,Profit,Low,FLAG
OUT-02,1832,Profit,Low,FLAG
OUT-02,1838,Profit,Low,FLAG
OUT-02,1845,Profit,Low,FLAG
OUT-02,1859,Profit,Low,FLAG
OUT-02,1865,Profit,Low,FLAG
OUT-02,1867,Profit,Low,FLAG
OUT-02,1868,Profit,Low,FLAG
OUT-02,1872,Profit,Low,FLAG
OUT-02,1881,Profit,Low,FLAG
OUT-02,1884,Profit,Low,FLAG
OUT-02,1885,Profit,Low,FLAG
OUT-02,1889,Profit,Low,FLAG
OUT-02,1897,Profit,Low,FLAG
OUT-02,1898,Profit,Low,FLAG
OUT-02,1900,Profit,Low,FLAG
OUT-02,1913,Profit,Low,FLAG
OUT-02,1921,Profit,Low,FLAG
OUT-02,1936,Profit,Low,FLAG
OUT-02,1955,Profit,Low,FLAG
OUT-02,1970,Profit,Low,FLAG
OUT-02,1978,Profit,Low,FLAG
OUT-02,1997,Profit,Low,FLAG
OUT-02,2017,Profit,Low,FLAG
OUT-02,2022,Profit,Low,FLAG
OUT-02,2025,Profit,Low,FLAG
OUT-02,2026,Profit,Low,FLAG
OUT-02,2048,Profit,Low,FLAG
OUT-02,2058,Profit,Low,FLAG
OUT-02,2086,Profit,Low,FLAG
OUT-02,2089,Profit,Low,FLAG
OUT-02,2097,Profit,Low,FLAG
OUT-02,2098,Profit,Low,FLAG
OUT-02,2105,Profit,Low,FLAG
OUT-02,2110,Profit,Low,FLAG
OUT-02,2119,Profit,Low,FLAG
OUT-02,2121,Profit,Low,FLAG
OUT-02,2133,Profit,Low,FLAG
OUT-02,2135,Profit,Low,FLAG
OUT-02,2140,Profit,Low,FLAG
OUT-02,2141,Profit,Low,FLAG
OUT-02,2149,Profit,Low,FLAG
OUT-02,2164,Profit,Low,FLAG
OUT-02,2167,Profit,Low,FLAG
OUT-02,2184,Profit,Low,FLAG
OUT-02,2191,Profit,Low,FLAG
OUT-02,2193,Profit,Low,FLAG
OUT-02,2203,Profit,Low,FLAG
OUT-02,2205,Profit,Low,FLAG
OUT-02,2208,Profit,Low,FLAG
OUT-02,2211,Profit,Low,FLAG
OUT-02,2223,Profit,Low,FLAG
OUT-02,2231,Profit,Low,FLAG
OUT-02,2240,Profit,Low,FLAG
OUT-02,2241,Profit,Low,FLAG
OUT-02,2243,Profit,Low,FLAG
OUT-02,2252,Profit,Low,FLAG
OUT-02,2254,Profit,Low,FLAG
OUT-02,2274,Profit,Low,FLAG
OUT-02,2293,Profit,Low,FLAG
OUT-02,2298,Profit,Low,FLAG
OUT-02,2300,Profit,Low,FLAG
OUT-02,2309,Profit,Low,FLAG
OUT-02,2314,Profit,Low,FLAG
OUT-02,2326,Profit,Low,FLAG
OUT-02,2331,Profit,Low,FLAG
OUT-02,2334,Profit,Low,FLAG
OUT-02,2346,Profit,Low,FLAG
OUT-02,2355,Profit,Low,FLAG
OUT-02,2359,Profit,Low,FLAG
OUT-02,2360,Profit,Low,FLAG
OUT-02,2363,Profit,Low,FLAG
OUT-02,2370,Profit,Low,FLAG
OUT-02,2373,Profit,Low,FLAG
OUT-02,2378,Profit,Low,FLAG
OUT-02,2386,Profit,Low,FLAG
OUT-02,2405,Profit,Low,FLAG
OUT-02,2406,Profit,Low,FLAG
OUT-02,2411,Profit,Low,FLAG
OUT-02,2423,Profit,Low,FLAG
OUT-02,2437,Profit,Low,FLAG
OUT-02,2438,Profit,Low,FLAG
OUT-02,2444,Profit,Low,FLAG
OUT-02,2459,Profit,Low,FLAG
OUT-02,2469,Profit,Low,FLAG
OUT-02,2477,Profit,Low,FLAG
OUT-02,2478,Profit,Low,FLAG
OUT-02,2491,Profit,Low,FLAG
OUT-02,2494,Profit,Low,FLAG
OUT-02,2507,Profit,Low,FLAG
OUT-02,2509,Profit,Low,FLAG
OUT-02,2518,Profit,Low,FLAG
OUT-02,2522,Profit,Low,FLAG
OUT-02,2525,Profit,Low,FLAG
OUT-02,2536,Profit,Low,FLAG
OUT-02,2539,Profit,Low,FLAG
OUT-02,2541,Profit,Low,FLAG
OUT-02,2550,Profit,Low,FLAG
OUT-02,2551,Profit,Low,FLAG
OUT-02,2553,Profit,Low,FLAG
OUT-02,2558,Profit,Low,FLAG
OUT-02,2562,Profit,Low,FLAG
OUT-02,2570,Profit,Low,FLAG
OUT-02,2577,Profit,Low,FLAG
OUT-02,2579,Profit,Low,FLAG
OUT-02,2588,Profit,Low,FLAG
OUT-02,2595,Profit,Low,FLAG
OUT-02,2596,Profit,Low,FLAG
OUT-02,2597,Profit,Low,FLAG
OUT-02,2599,Profit,Low,FLAG
OUT-02,2602,Profit,Low,FLAG
OUT-02,2625,Profit,Low,FLAG
OUT-02,2626,Profit,Low,FLAG
OUT-02,2630,Profit,Low,FLAG
OUT-02,2638,Profit,Low,FLAG
OUT-02,2644,Profit,Low,FLAG
OUT-02,2650,Profit,Low,FLAG
OUT-02,2655,Profit,Low,FLAG
OUT-02,2658,Profit,Low,FLAG
OUT-02,2662,Profit,Low,FLAG
OUT-02,2672,Profit,Low,FLAG
OUT-02,2673,Profit,Low,FLAG
OUT-02,2675,Profit,Low,FLAG
OUT-02,2676,Profit,Low,FLAG
OUT-02,2686,Profit,Low,FLAG
OUT-02,2699,Profit,Low,FLAG
OUT-02,2709,Profit,Low,FLAG
OUT-02,2710,Profit,Low,FLAG
OUT-02,2714,Profit,Low,FLAG
OUT-02,2732,Profit,Low,FLAG
OUT-02,2745,Profit,Low,FLAG
OUT-02,2752,Profit,Low,FLAG
OUT-02,2757,Profit,Low,FLAG
OUT-02,2761,Profit,Low,FLAG
OUT-02,2769,Profit,Low,FLAG
OUT-02,2770,Profit,Low,FLAG
OUT-02,2782,Profit,Low,FLAG
OUT-02,2801,Profit,Low,FLAG
OUT-02,2812,Profit,Low,FLAG
OUT-02,2813,Profit,Low,FLAG
OUT-02,2815,Profit,Low,FLAG
OUT-02,2817,Profit,Low,FLAG
OUT-02,2820,Profit,Low,FLAG
OUT-02,2833,Profit,Low,FLAG
OUT-02,2842,Profit,Low,FLAG
OUT-02,2843,Profit,Low,FLAG
OUT-02,2848,Profit,Low,FLAG
OUT-02,2850,Profit,Low,FLAG
OUT-02,2862,Profit,Low,FLAG
OUT-02,2863,Profit,Low,FLAG
OUT-02,2898,Profit,Low,FLAG
OUT-02,2903,Profit,Low,FLAG
OUT-02,2907,Profit,Low,FLAG
OUT-02,2930,Profit,Low,FLAG
OUT-02,2939,Profit,Low,FLAG
OUT-02,2940,Profit,Low,FLAG
OUT-02,2943,Profit,Low,FLAG
OUT-02,2945,Profit,Low,FLAG
OUT-02,2961,Profit,Low,FLAG
OUT-02,2974,Profit,Low,FLAG
OUT-02,2989,Profit,Low,FLAG
OUT-02,2995,Profit,Low,FLAG
OUT-02,3008,Profit,Low,FLAG
OUT-02,3010,Profit,Low,FLAG
OUT-02,3013,Profit,Low,FLAG
OUT-02,3018,Profit,Low,FLAG
OUT-02,3045,Profit,Low,FLAG
OUT-02,3046,Profit,Low,FLAG
OUT-02,3070,Profit,Low,FLAG
OUT-02,3072,Profit,Low,FLAG
OUT-02,3074,Profit,Low,FLAG
OUT-02,3086,Profit,Low,FLAG
OUT-02,3091,Profit,Low,FLAG
OUT-02,3092,Profit,Low,FLAG
OUT-02,3094,Profit,Low,FLAG
OUT-02,3103,Profit,Low,FLAG
OUT-02,3120,Profit,Low,FLAG
OUT-02,3124,Profit,Low,FLAG
OUT-02,3136,Profit,Low,FLAG
OUT-02,3143,Profit,Low,FLAG
OUT-02,3152,Profit,Low,FLAG
OUT-02,3153,Profit,Low,FLAG
OUT-02,3155,Profit,Low,FLAG
OUT-02,3156,Profit,Low,FLAG
OUT-02,3176,Profit,Low,FLAG
OUT-02,3177,Profit,Low,FLAG
OUT-02,3184,Profit,Low,FLAG
OUT-02,3185,Profit,Low,FLAG
OUT-02,3186,Profit,Low,FLAG
OUT-02,3187,Profit,Low,FLAG
OUT-02,3217,Profit,Low,FLAG
OUT-02,3219,Profit,Low,FLAG
OUT-02,3233,Profit,Low,FLAG
OUT-02,3264,Profit,Low,FLAG
OUT-02,3282,Profit,Low,FLAG
OUT-02,3286,Profit,Low,FLAG
OUT-02,3296,Profit,Low,FLAG
OUT-02,3297,Profit,Low,FLAG
OUT-02,3301,Profit,Low,FLAG
OUT-02,3303,Profit,Low,FLAG
OUT-02,3312,Profit,Low,FLAG
OUT-02,3318,Profit,Low,FLAG
OUT-02,3319,Profit,Low,FLAG
OUT-02,3326,Profit,Low,FLAG
OUT-02,3330,Profit,Low,FLAG
OUT-02,3343,Profit,Low,FLAG
OUT-02,3372,Profit,Low,FLAG
OUT-02,3386,Profit,Low,FLAG
OUT-02,3387,Profit,Low,FLAG
OUT-02,3398,Profit,Low,FLAG
OUT-02,3401,Profit,Low,FLAG
OUT-02,3405,Profit,Low,FLAG
OUT-02,3413,Profit,Low,FLAG
OUT-02,3423,Profit,Low,FLAG
OUT-02,3428,Profit,Low,FLAG
OUT-02,3445,Profit,Low,FLAG
OUT-02,3461,Profit,Low,FLAG
OUT-02,3464,Profit,Low,FLAG
OUT-02,3469,Profit,Low,FLAG
OUT-02,3470,Profit,Low,FLAG
OUT-02,3478,Profit,Low,FLAG
OUT-02,3484,Profit,Low,FLAG
OUT-02,3486,Profit,Low,FLAG
OUT-02,3496,Profit,Low,FLAG
OUT-02,3499,Profit,Low,FLAG
OUT-02,3506,Profit,Low,FLAG
OUT-02,3513,Profit,Low,FLAG
OUT-02,3521,Profit,Low,FLAG
OUT-02,3527,Profit,Low,FLAG
OUT-02,3547,Profit,Low,FLAG
OUT-02,3556,Profit,Low,FLAG
OUT-02,3561,Profit,Low,FLAG
OUT-02,3568,Profit,Low,FLAG
OUT-02,3572,Profit,Low,FLAG
OUT-02,3576,Profit,Low,FLAG
OUT-02,3582,Profit,Low,FLAG
OUT-02,3589,Profit,Low,FLAG
OUT-02,3590,Profit,Low,FLAG
OUT-02,3592,Profit,Low,FLAG
OUT-02,3594,Profit,Low,FLAG
OUT-02,3605,Profit,Low,FLAG
OUT-02,3612,Profit,Low,FLAG
OUT-02,3619,Profit,Low,FLAG
OUT-02,3621,Profit,Low,FLAG
OUT-02,3624,Profit,Low,FLAG
OUT-02,3630,Profit,Low,FLAG
OUT-02,3643,Profit,Low,FLAG
OUT-02,3644,Profit,Low,FLAG
OUT-02,3647,Profit,Low,FLAG
OUT-02,3651,Profit,Low,FLAG
OUT-02,3656,Profit,Low,FLAG
OUT-02,3675,Profit,Low,FLAG
OUT-02,3684,Profit,Low,FLAG
OUT-02,3685,Profit,Low,FLAG
OUT-02,3696,Profit,Low,FLAG
OUT-02,3710,Profit,Low,FLAG
OUT-02,3713,Profit,Low,FLAG
OUT-02,3725,Profit,Low,FLAG
OUT-02,3728,Profit,Low,FLAG
OUT-02,3734,Profit,Low,FLAG
OUT-02,3749,Profit,Low,FLAG
OUT-02,3755,Profit,Low,FLAG
OUT-02,3779,Profit,Low,FLAG
OUT-02,3785,Profit,Low,FLAG
OUT-02,3788,Profit,Low,FLAG
OUT-02,3792,Profit,Low,FLAG
OUT-02,3799,Profit,Low,FLAG
OUT-02,3820,Profit,Low,FLAG
OUT-02,3825,Profit,Low,FLAG
OUT-02,3829,Profit,Low,FLAG
OUT-02,3835,Profit,Low,FLAG
OUT-02,3850,Profit,Low,FLAG
OUT-02,3854,Profit,Low,FLAG
OUT-02,3866,Profit,Low,FLAG
OUT-02,3876,Profit,Low,FLAG
OUT-02,3884,Profit,Low,FLAG
OUT-02,3891,Profit,Low,FLAG
OUT-02,3892,Profit,Low,FLAG
OUT-02,3893,Profit,Low,FLAG
OUT-02,3894,Profit,Low,FLAG
OUT-02,3904,Profit,Low,FLAG
OUT-02,3908,Profit,Low,FLAG
OUT-02,3912,Profit,Low,FLAG
OUT-02,3916,Profit,Low,FLAG
OUT-02,3936,Profit,Low,FLAG
OUT-02,3941,Profit,Low,FLAG
OUT-02,3957,Profit,Low,FLAG
OUT-02,3968,Profit,Low,FLAG
OUT-02,3973,Profit,Low,FLAG
OUT-02,3976,Profit,Low,FLAG
OUT-02,3988,Profit,Low,FLAG
OUT-02,3992,Profit,Low,FLAG
OUT-02,3998,Profit,Low,FLAG
OUT-02,4000,Profit,Low,FLAG
OUT-02,4011,Profit,Low,FLAG
OUT-02,4015,Profit,Low,FLAG
OUT-02,4017,Profit,Low,FLAG
OUT-02,4044,Profit,Low,FLAG
OUT-02,4046,Profit,Low,FLAG
OUT-02,4050,Profit,Low,FLAG
OUT-02,4057,Profit,Low,FLAG
OUT-02,4075,Profit,Low,FLAG
OUT-02,4076,Profit,Low,FLAG
OUT-02,4084,Profit,Low,FLAG
OUT-02,4090,Profit,Low,FLAG
OUT-02,4094,Profit,Low,FLAG
OUT-02,4095,Profit,Low,FLAG
OUT-02,4097,Profit,Low,FLAG
OUT-02,4100,Profit,Low,FLAG
OUT-02,4117,Profit,Low,FLAG
OUT-02,4130,Profit,Low,FLAG
OUT-02,4135,Profit,Low,FLAG
OUT-02,4138,Profit,Low,FLAG
OUT-02,4148,Profit,Low,FLAG
OUT-02,4152,Profit,Low,FLAG
OUT-02,4165,Profit,Low,FLAG
OUT-02,4178,Profit,Low,FLAG
OUT-02,4179,Profit,Low,FLAG
OUT-02,4192,Profit,Low,FLAG
OUT-02,4204,Profit,Low,FLAG
OUT-02,4210,Profit,Low,FLAG
OUT-02,4216,Profit,Low,FLAG
OUT-02,4227,Profit,Low,FLAG
OUT-02,4228,Profit,Low,FLAG
OUT-02,4231,Profit,Low,FLAG
OUT-02,4241,Profit,Low,FLAG
OUT-02,4248,Profit,Low,FLAG
OUT-02,4257,Profit,Low,FLAG
OUT-02,4268,Profit,Low,FLAG
OUT-02,4272,Profit,Low,FLAG
OUT-02,4273,Profit,Low,FLAG
OUT-02,4277,Profit,Low,FLAG
OUT-02,4278,Profit,Low,FLAG
OUT-02,4279,Profit,Low,FLAG
OUT-02,4285,Profit,Low,FLAG
OUT-02,4290,Profit,Low,FLAG
OUT-02,4297,Profit,Low,FLAG
OUT-02,4299,Profit,Low,FLAG
OUT-02,4319,Profit,Low,FLAG
OUT-02,4343,Profit,Low,FLAG
OUT-02,4345,Profit,Low,FLAG
OUT-02,4351,Profit,Low,FLAG
OUT-02,4357,Profit,Low,FLAG
OUT-02,4360,Profit,Low,FLAG
OUT-02,4364,Profit,Low,FLAG
OUT-02,4366,Profit,Low,FLAG
OUT-02,4371,Profit,Low,FLAG
OUT-02,4377,Profit,Low,FLAG
OUT-02,4392,Profit,Low,FLAG
OUT-02,4393,Profit,Low,FLAG
OUT-02,4401,Profit,Low,FLAG
OUT-02,4402,Profit,Low,FLAG
OUT-02,4403,Profit,Low,FLAG
OUT-02,4409,Profit,Low,FLAG
OUT-02,4412,Profit,Low,FLAG
OUT-02,4416,Profit,Low,FLAG
OUT-02,4418,Profit,Low,FLAG
OUT-02,4419,Profit,Low,FLAG
OUT-02,4427,Profit,Low,FLAG
OUT-02,4430,Profit,Low,FLAG
OUT-02,4443,Profit,Low,FLAG
OUT-02,4452,Profit,Low,FLAG
OUT-02,4455,Profit,Low,FLAG
OUT-02,4459,Profit,Low,FLAG
OUT-02,4460,Profit,Low,FLAG
OUT-02,4464,Profit,Low,FLAG
OUT-02,4469,Profit,Low,FLAG
OUT-02,4488,Profit,Low,FLAG
OUT-02,4490,Profit,Low,FLAG
OUT-02,4499,Profit,Low,FLAG
OUT-02,4514,Profit,Low,FLAG
OUT-02,4521,Profit,Low,FLAG
OUT-02,4544,Profit,Low,FLAG
OUT-02,4562,Profit,Low,FLAG
OUT-02,4573,Profit,Low,FLAG
OUT-02,4575,Profit,Low,FLAG
OUT-02,4580,Profit,Low,FLAG
OUT-02,4588,Profit,Low,FLAG
OUT-02,4609,Profit,Low,FLAG
OUT-02,4616,Profit,Low,FLAG
OUT-02,4625,Profit,Low,FLAG
OUT-02,4630,Profit,Low,FLAG
OUT-02,4638,Profit,Low,FLAG
OUT-02,4650,Profit,Low,FLAG
OUT-02,4652,Profit,Low,FLAG
OUT-02,4653,Profit,Low,FLAG
OUT-02,4672,Profit,Low,FLAG
OUT-02,4674,Profit,Low,FLAG
OUT-02,4694,Profit,Low,FLAG
OUT-02,4709,Profit,Low,FLAG
OUT-02,4715,Profit,Low,FLAG
OUT-02,4732,Profit,Low,FLAG
OUT-02,4740,Profit,Low,FLAG
OUT-02,4747,Profit,Low,FLAG
OUT-02,4759,Profit,Low,FLAG
OUT-02,4760,Profit,Low,FLAG
OUT-02,4765,Profit,Low,FLAG
OUT-02,4785,Profit,Low,FLAG
OUT-02,4798,Profit,Low,FLAG
OUT-02,4811,Profit,Low,FLAG
OUT-02,4820,Profit,Low,FLAG
OUT-02,4822,Profit,Low,FLAG
OUT-02,4844,Profit,Low,FLAG
OUT-02,4853,Profit,Low,FLAG
OUT-02,4860,Profit,Low,FLAG
OUT-02,4862,Profit,Low,FLAG
OUT-02,4863,Profit,Low,FLAG
OUT-02,4868,Profit,Low,FLAG
OUT-02,4872,Profit,Low,FLAG
OUT-02,4882,Profit,Low,FLAG
OUT-02,4883,Profit,Low,FLAG
OUT-02,4885,Profit,Low,FLAG
OUT-02,4891,Profit,Low,FLAG
OUT-02,4902,Profit,Low,FLAG
OUT-02,4905,Profit,Low,FLAG
OUT-02,4925,Profit,Low,FLAG
OUT-02,4930,Profit,Low,FLAG
OUT-02,4939,Profit,Low,FLAG
OUT-02,4942,Profit,Low,FLAG
OUT-02,4977,Profit,Low,FLAG
OUT-02,4980,Profit,Low,FLAG
OUT-02,4993,Profit,Low,FLAG
OUT-02,5004,Profit,Low,FLAG
OUT-02,5007,Profit,Low,FLAG
OUT-02,5008,Profit,Low,FLAG
OUT-02,5011,Profit,Low,FLAG
OUT-02,5013,Profit,Low,FLAG
OUT-02,5018,Profit,Low,FLAG
OUT-02,5020,Profit,Low,FLAG
OUT-02,5024,Profit,Low,FLAG
OUT-02,5041,Profit,Low,FLAG
OUT-02,5042,Profit,Low,FLAG
OUT-02,5045,Profit,Low,FLAG
OUT-02,5047,Profit,Low,FLAG
OUT-02,5054,Profit,Low,FLAG
OUT-02,5057,Profit,Low,FLAG
OUT-02,5060,Profit,Low,FLAG
OUT-02,5061,Profit,Low,FLAG
OUT-02,5062,Profit,Low,FLAG
OUT-02,5068,Profit,Low,FLAG
OUT-02,5088,Profit,Low,FLAG
OUT-02,5119,Profit,Low,FLAG
OUT-02,5128,Profit,Low,FLAG
OUT-02,5129,Profit,Low,FLAG
OUT-02,5143,Profit,Low,FLAG
OUT-02,5151,Profit,Low,FLAG
OUT-02,5159,Profit,Low,FLAG
OUT-02,5163,Profit,Low,FLAG
OUT-02,5171,Profit,Low,FLAG
OUT-02,5172,Profit,Low,FLAG
OUT-02,5173,Profit,Low,FLAG
OUT-02,5174,Profit,Low,FLAG
OUT-02,5187,Profit,Low,FLAG
OUT-02,5188,Profit,Low,FLAG
OUT-02,5190,Profit,Low,FLAG
OUT-02,5198,Profit,Low,FLAG
OUT-02,5200,Profit,Low,FLAG
OUT-02,5212,Profit,Low,FLAG
OUT-02,5223,Profit,Low,FLAG
OUT-02,5226,Profit,Low,FLAG
OUT-02,5228,Profit,Low,FLAG
OUT-02,5238,Profit,Low,FLAG
OUT-02,5268,Profit,Low,FLAG
OUT-02,5290,Profit,Low,FLAG
OUT-02,5293,Profit,Low,FLAG
OUT-02,5302,Profit,Low,FLAG
OUT-02,5303,Profit,Low,FLAG
OUT-02,5304,Profit,Low,FLAG
OUT-02,5308,Profit,Low,FLAG
OUT-02,5312,Profit,Low,FLAG
OUT-02,5322,Profit,Low,FLAG
OUT-02,5339,Profit,Low,FLAG
OUT-02,5347,Profit,Low,FLAG
OUT-02,5372,Profit,Low,FLAG
OUT-02,5373,Profit,Low,FLAG
OUT-02,5379,Profit,Low,FLAG
OUT-02,5395,Profit,Low,FLAG
OUT-02,5396,Profit,Low,FLAG
OUT-02,5416,Profit,Low,FLAG
OUT-02,5427,Profit,Low,FLAG
OUT-02,5428,Profit,Low,FLAG
OUT-02,5436,Profit,Low,FLAG
OUT-02,5441,Profit,Low,FLAG
OUT-02,5452,Profit,Low,FLAG
OUT-02,5454,Profit,Low,FLAG
OUT-02,5467,Profit,Low,FLAG
OUT-02,5475,Profit,Low,FLAG
OUT-02,5480,Profit,Low,FLAG
OUT-02,5507,Profit,Low,FLAG
OUT-02,5510,Profit,Low,FLAG
OUT-02,5518,Profit,Low,FLAG
OUT-02,5532,Profit,Low,FLAG
OUT-02,5561,Profit,Low,FLAG
OUT-02,5578,Profit,Low,FLAG
OUT-02,5587,Profit,Low,FLAG
OUT-02,5592,Profit,Low,FLAG
OUT-02,5595,Profit,Low,FLAG
OUT-02,5606,Profit,Low,FLAG
OUT-02,5611,Profit,Low,FLAG
OUT-02,5613,Profit,Low,FLAG
OUT-02,5614,Profit,Low,FLAG
OUT-02,5617,Profit,Low,FLAG
OUT-02,5621,Profit,Low,FLAG
OUT-02,5628,Profit,Low,FLAG
OUT-02,5636,Profit,Low,FLAG
OUT-02,5648,Profit,Low,FLAG
OUT-02,5653,Profit,Low,FLAG
OUT-02,5664,Profit,Low,FLAG
OUT-02,5672,Profit,Low,FLAG
OUT-02,5679,Profit,Low,FLAG
OUT-02,5685,Profit,Low,FLAG
OUT-02,5698,Profit,Low,FLAG
OUT-02,5726,Profit,Low,FLAG
OUT-02,5727,Profit,Low,FLAG
OUT-02,5730,Profit,Low,FLAG
OUT-02,5731,Profit,Low,FLAG
OUT-02,5734,Profit,Low,FLAG
OUT-02,5755,Profit,Low,FLAG
OUT-02,5761,Profit,Low,FLAG
OUT-02,5763,Profit,Low,FLAG
OUT-02,5765,Profit,Low,FLAG
OUT-02,5773,Profit,Low,FLAG
OUT-02,5786,Profit,Low,FLAG
OUT-02,5792,Profit,Low,FLAG
OUT-02,5797,Profit,Low,FLAG
OUT-02,5814,Profit,Low,FLAG
OUT-02,5820,Profit,Low,FLAG
OUT-02,5827,Profit,Low,FLAG
OUT-02,5833,Profit,Low,FLAG
OUT-02,5836,Profit,Low,FLAG
OUT-02,5850,Profit,Low,FLAG
OUT-02,5851,Profit,Low,FLAG
OUT-02,5868,Profit,Low,FLAG
OUT-02,5870,Profit,Low,FLAG
OUT-02,5875,Profit,Low,FLAG
OUT-02,5878,Profit,Low,FLAG
OUT-02,5881,Profit,Low,FLAG
OUT-02,5883,Profit,Low,FLAG
OUT-02,5886,Profit,Low,FLAG
OUT-02,5916,Profit,Low,FLAG
OUT-02,5922,Profit,Low,FLAG
OUT-02,5927,Profit,Low,FLAG
OUT-02,5928,Profit,Low,FLAG
OUT-02,5933,Profit,Low,FLAG
OUT-02,5953,Profit,Low,FLAG
OUT-02,5957,Profit,Low,FLAG
OUT-02,5967,Profit,Low,FLAG
OUT-02,5976,Profit,Low,FLAG
OUT-02,5977,Profit,Low,FLAG
OUT-02,5986,Profit,Low,FLAG
OUT-02,5989,Profit,Low,FLAG
OUT-02,5992,Profit,Low,FLAG
OUT-02,6013,Profit,Low,FLAG
OUT-02,6016,Profit,Low,FLAG
OUT-02,6037,Profit,Low,FLAG
OUT-02,6039,Profit,Low,FLAG
OUT-02,6047,Profit,Low,FLAG
OUT-02,6050,Profit,Low,FLAG
OUT-02,6076,Profit,Low,FLAG
OUT-02,6078,Profit,Low,FLAG
OUT-02,6081,Profit,Low,FLAG
OUT-02,6101,Profit,Low,FLAG
OUT-02,6102,Profit,Low,FLAG
OUT-02,6103,Profit,Low,FLAG
OUT-02,6118,Profit,Low,FLAG
OUT-02,6122,Profit,Low,FLAG
OUT-02,6134,Profit,Low,FLAG
OUT-02,6136,Profit,Low,FLAG
OUT-02,6138,Profit,Low,FLAG
OUT-02,6142,Profit,Low,FLAG
OUT-02,6145,Profit,Low,FLAG
OUT-02,6161,Profit,Low,FLAG
OUT-02,6176,Profit,Low,FLAG
OUT-02,6177,Profit,Low,FLAG
OUT-02,6182,Profit,Low,FLAG
OUT-02,6190,Profit,Low,FLAG
OUT-02,6192,Profit,Low,FLAG
OUT-02,6211,Profit,Low,FLAG
OUT-02,6212,Profit,Low,FLAG
OUT-02,6226,Profit,Low,FLAG
OUT-02,6236,Profit,Low,FLAG
OUT-02,6241,Profit,Low,FLAG
OUT-02,6243,Profit,Low,FLAG
OUT-02,6246,Profit,Low,FLAG
OUT-02,6259,Profit,Low,FLAG
OUT-02,6264,Profit,Low,FLAG
OUT-02,6273,Profit,Low,FLAG
OUT-02,6278,Profit,Low,FLAG
OUT-02,6285,Profit,Low,FLAG
OUT-02,6290,Profit,Low,FLAG
OUT-02,6292,Profit,Low,FLAG
OUT-02,6297,Profit,Low,FLAG
OUT-02,6298,Profit,Low,FLAG
OUT-02,6299,Profit,Low,FLAG
OUT-02,6311,Profit,Low,FLAG
OUT-02,6314,Profit,Low,FLAG
OUT-02,6316,Profit,Low,FLAG
OUT-02,6317,Profit,Low,FLAG
OUT-02,6318,Profit,Low,FLAG
OUT-02,6327,Profit,Low,FLAG
OUT-02,6342,Profit,Low,FLAG
OUT-02,6343,Profit,Low,FLAG
OUT-02,6347,Profit,Low,FLAG
OUT-02,6352,Profit,Low,FLAG
OUT-02,6364,Profit,Low,FLAG
OUT-02,6370,Profit,Low,FLAG
OUT-02,6371,Profit,Low,FLAG
OUT-02,6381,Profit,Low,FLAG
OUT-02,6382,Profit,Low,FLAG
OUT-02,6383,Profit,Low,FLAG
OUT-02,6385,Profit,Low,FLAG
OUT-02,6391,Profit,Low,FLAG
OUT-02,6396,Profit,Low,FLAG
OUT-02,6400,Profit,Low,FLAG
OUT-02,6402,Profit,Low,FLAG
OUT-02,6434,Profit,Low,FLAG
OUT-02,6448,Profit,Low,FLAG
OUT-02,6465,Profit,Low,FLAG
OUT-02,6469,Profit,Low,FLAG
OUT-02,6470,Profit,Low,FLAG
OUT-02,6474,Profit,Low,FLAG
OUT-02,6488,Profit,Low,FLAG
OUT-02,6490,Profit,Low,FLAG
OUT-02,6500,Profit,Low,FLAG
OUT-02,6503,Profit,Low,FLAG
OUT-02,6506,Profit,Low,FLAG
OUT-02,6510,Profit,Low,FLAG
OUT-02,6515,Profit,Low,FLAG
OUT-02,6518,Profit,Low,FLAG
OUT-02,6519,Profit,Low,FLAG
OUT-02,6522,Profit,Low,FLAG
OUT-02,6535,Profit,Low,FLAG
OUT-02,6536,Profit,Low,FLAG
OUT-02,6546,Profit,Low,FLAG
OUT-02,6549,Profit,Low,FLAG
OUT-02,6561,Profit,Low,FLAG
OUT-02,6563,Profit,Low,FLAG
OUT-02,6567,Profit,Low,FLAG
OUT-02,6568,Profit,Low,FLAG
OUT-02,6575,Profit,Low,FLAG
OUT-02,6577,Profit,Low,FLAG
OUT-02,6585,Profit,Low,FLAG
OUT-02,6596,Profit,Low,FLAG
OUT-02,6602,Profit,Low,FLAG
OUT-02,6619,Profit,Low,FLAG
OUT-02,6621,Profit,Low,FLAG
OUT-02,6622,Profit,Low,FLAG
OUT-02,6628,Profit,Low,FLAG
OUT-02,6633,Profit,Low,FLAG
OUT-02,6636,Profit,Low,FLAG
OUT-02,6638,Profit,Low,FLAG
OUT-02,6641,Profit,Low,FLAG
OUT-02,6642,Profit,Low,FLAG
OUT-02,6644,Profit,Low,FLAG
OUT-02,6650,Profit,Low,FLAG
OUT-02,6652,Profit,Low,FLAG
OUT-02,6664,Profit,Low,FLAG
OUT-02,6666,Profit,Low,FLAG
OUT-02,6667,Profit,Low,FLAG
OUT-02,6674,Profit,Low,FLAG
OUT-02,6679,Profit,Low,FLAG
OUT-02,6683,Profit,Low,FLAG
OUT-02,6694,Profit,Low,FLAG
OUT-02,6695,Profit,Low,FLAG
OUT-02,6697,Profit,Low,FLAG
OUT-02,6712,Profit,Low,FLAG
OUT-02,6714,Profit,Low,FLAG
OUT-02,6715,Profit,Low,FLAG
OUT-02,6717,Profit,Low,FLAG
OUT-02,6718,Profit,Low,FLAG
OUT-02,6729,Profit,Low,FLAG
OUT-02,6734,Profit,Low,FLAG
OUT-02,6738,Profit,Low,FLAG
OUT-02,6748,Profit,Low,FLAG
OUT-02,6770,Profit,Low,FLAG
OUT-02,6772,Profit,Low,FLAG
OUT-02,6779,Profit,Low,FLAG
OUT-02,6819,Profit,Low,FLAG
OUT-02,6828,Profit,Low,FLAG
OUT-02,6829,Profit,Low,FLAG
OUT-02,6837,Profit,Low,FLAG
OUT-02,6840,Profit,Low,FLAG
OUT-02,6846,Profit,Low,FLAG
OUT-02,6852,Profit,Low,FLAG
OUT-02,6853,Profit,Low,FLAG
OUT-02,6858,Profit,Low,FLAG
OUT-02,6878,Profit,Low,FLAG
OUT-02,6879,Profit,Low,FLAG
OUT-02,6883,Profit,Low,FLAG
OUT-02,6886,Profit,Low,FLAG
OUT-02,6893,Profit,Low,FLAG
OUT-02,6898,Profit,Low,FLAG
OUT-02,6900,Profit,Low,FLAG
OUT-02,6902,Profit,Low,FLAG
OUT-02,6906,Profit,Low,FLAG
OUT-02,6924,Profit,Low,FLAG
OUT-02,6938,Profit,Low,FLAG
OUT-02,6943,Profit,Low,FLAG
OUT-02,6949,Profit,Low,FLAG
OUT-02,6961,Profit,Low,FLAG
OUT-02,6970,Profit,Low,FLAG
OUT-02,6981,Profit,Low,FLAG
OUT-02,6995,Profit,Low,FLAG
OUT-02,6999,Profit,Low,FLAG
OUT-02,7018,Profit,Low,FLAG
OUT-02,7026,Profit,Low,FLAG
OUT-02,7033,Profit,Low,FLAG
OUT-02,7049,Profit,Low,FLAG
OUT-02,7052,Profit,Low,FLAG
OUT-02,7067,Profit,Low,FLAG
OUT-02,7083,Profit,Low,FLAG
OUT-02,7088,Profit,Low,FLAG
OUT-02,7090,Profit,Low,FLAG
OUT-02,7097,Profit,Low,FLAG
OUT-02,7098,Profit,Low,FLAG
OUT-02,7100,Profit,Low,FLAG
OUT-02,7101,Profit,Low,FLAG
OUT-02,7105,Profit,Low,FLAG
OUT-02,7116,Profit,Low,FLAG
OUT-02,7122,Profit,Low,FLAG
OUT-02,7126,Profit,Low,FLAG
OUT-02,7134,Profit,Low,FLAG
OUT-02,7137,Profit,Low,FLAG
OUT-02,7140,Profit,Low,FLAG
OUT-02,7145,Profit,Low,FLAG
OUT-02,7155,Profit,Low,FLAG
OUT-02,7157,Profit,Low,FLAG
OUT-02,7165,Profit,Low,FLAG
OUT-02,7170,Profit,Low,FLAG
OUT-02,7177,Profit,Low,FLAG
OUT-02,7185,Profit,Low,FLAG
OUT-02,7190,Profit,Low,FLAG
OUT-02,7195,Profit,Low,FLAG
OUT-02,7204,Profit,Low,FLAG
OUT-02,7222,Profit,Low,FLAG
OUT-02,7229,Profit,Low,FLAG
OUT-02,7245,Profit,Low,FLAG
OUT-02,7249,Profit,Low,FLAG
OUT-02,7252,Profit,Low,FLAG
OUT-02,7259,Profit,Low,FLAG
OUT-02,7266,Profit,Low,FLAG
OUT-02,7278,Profit,Low,FLAG
OUT-02,7282,Profit,Low,FLAG
OUT-02,7291,Profit,Low,FLAG
OUT-02,7304,Profit,Low,FLAG
OUT-02,7310,Profit,Low,FLAG
OUT-02,7321,Profit,Low,FLAG
OUT-02,7331,Profit,Low,FLAG
OUT-02,7334,Profit,Low,FLAG
OUT-02,7337,Profit,Low,FLAG
OUT-02,7343,Profit,Low,FLAG
OUT-02,7346,Profit,Low,FLAG
OUT-02,7350,Profit,Low,FLAG
OUT-02,7357,Profit,Low,FLAG
OUT-02,7375,Profit,Low,FLAG
OUT-02,7386,Profit,Low,FLAG
OUT-02,7388,Profit,Low,FLAG
OUT-02,7389,Profit,Low,FLAG
OUT-02,7418,Profit,Low,FLAG
OUT-02,7420,Profit,Low,FLAG
OUT-02,7421,Profit,Low,FLAG
OUT-02,7424,Profit,Low,FLAG
OUT-02,7428,Profit,Low,FLAG
OUT-02,7438,Profit,Low,FLAG
OUT-02,7448,Profit,Low,FLAG
OUT-02,7449,Profit,Low,FLAG
OUT-02,7460,Profit,Low,FLAG
OUT-02,7467,Profit,Low,FLAG
OUT-02,7476,Profit,Low,FLAG
OUT-02,7477,Profit,Low,FLAG
OUT-02,7480,Profit,Low,FLAG
OUT-02,7489,Profit,Low,FLAG
OUT-02,7500,Profit,Low,FLAG
OUT-02,7509,Profit,Low,FLAG
OUT-02,7511,Profit,Low,FLAG
OUT-02,7513,Profit,Low,FLAG
OUT-02,7532,Profit,Low,FLAG
OUT-02,7542,Profit,Low,FLAG
OUT-02,7553,Profit,Low,FLAG
OUT-02,7556,Profit,Low,FLAG
OUT-02,7558,Profit,Low,FLAG
OUT-02,7559,Profit,Low,FLAG
OUT-02,7560,Profit,Low,FLAG
OUT-02,7561,Profit,Low,FLAG
OUT-02,7581,Profit,Low,FLAG
OUT-02,7585,Profit,Low,FLAG
OUT-02,7587,Profit,Low,FLAG
OUT-02,7589,Profit,Low,FLAG
OUT-02,7596,Profit,Low,FLAG
OUT-02,7606,Profit,Low,FLAG
OUT-02,7608,Profit,Low,FLAG
OUT-02,7619,Profit,Low,FLAG
OUT-02,7626,Profit,Low,FLAG
OUT-02,7631,Profit,Low,FLAG
OUT-02,7634,Profit,Low,FLAG
OUT-02,7643,Profit,Low,FLAG
OUT-02,7651,Profit,Low,FLAG
OUT-02,7659,Profit,Low,FLAG
OUT-02,7660,Profit,Low,FLAG
OUT-02,7662,Profit,Low,FLAG
OUT-02,7664,Profit,Low,FLAG
OUT-02,7668,Profit,Low,FLAG
OUT-02,7675,Profit,Low,FLAG
OUT-02,7679,Profit,Low,FLAG
OUT-02,7681,Profit,Low,FLAG
OUT-02,7685,Profit,Low,FLAG
OUT-02,7687,Profit,Low,FLAG
OUT-02,7688,Profit,Low,FLAG
OUT-02,7694,Profit,Low,FLAG
OUT-02,7697,Profit,Low,FLAG
OUT-02,7707,Profit,Low,FLAG
OUT-02,7728,Profit,Low,FLAG
OUT-02,7731,Profit,Low,FLAG
OUT-02,7757,Profit,Low,FLAG
OUT-02,7767,Profit,Low,FLAG
OUT-02,7768,Profit,Low,FLAG
OUT-02,7773,Profit,Low,FLAG
OUT-02,7774,Profit,Low,FLAG
OUT-02,7786,Profit,Low,FLAG
OUT-02,7802,Profit,Low,FLAG
OUT-02,7805,Profit,Low,FLAG
OUT-02,7818,Profit,Low,FLAG
OUT-02,7820,Profit,Low,FLAG
OUT-02,7822,Profit,Low,FLAG
OUT-02,7847,Profit,Low,FLAG
OUT-02,7848,Profit,Low,FLAG
OUT-02,7865,Profit,Low,FLAG
OUT-02,7868,Profit,Low,FLAG
OUT-02,7869,Profit,Low,FLAG
OUT-02,7880,Profit,Low,FLAG
OUT-02,7892,Profit,Low,FLAG
OUT-02,7893,Profit,Low,FLAG
OUT-02,7898,Profit,Low,FLAG
OUT-02,7900,Profit,Low,FLAG
OUT-02,7909,Profit,Low,FLAG
OUT-02,7914,Profit,Low,FLAG
OUT-02,7916,Profit,Low,FLAG
OUT-02,7923,Profit,Low,FLAG
OUT-02,7927,Profit,Low,FLAG
OUT-02,7929,Profit,Low,FLAG
OUT-02,7939,Profit,Low,FLAG
OUT-02,7940,Profit,Low,FLAG
OUT-02,7941,Profit,Low,FLAG
OUT-02,7944,Profit,Low,FLAG
OUT-02,7947,Profit,Low,FLAG
OUT-02,7951,Profit,Low,FLAG
OUT-02,7954,Profit,Low,FLAG
OUT-02,7969,Profit,Low,FLAG
OUT-02,7972,Profit,Low,FLAG
OUT-02,7979,Profit,Low,FLAG
OUT-02,7984,Profit,Low,FLAG
OUT-02,7996,Profit,Low,FLAG
OUT-02,8011,Profit,Low,FLAG
OUT-02,8014,Profit,Low,FLAG
OUT-02,8027,Profit,Low,FLAG
OUT-02,8030,Profit,Low,FLAG
OUT-02,8046,Profit,Low,FLAG
OUT-02,8050,Profit,Low,FLAG
OUT-02,8056,Profit,Low,FLAG
OUT-02,8068,Profit,Low,FLAG
OUT-02,8071,Profit,Low,FLAG
OUT-02,8072,Profit,Low,FLAG
OUT-02,8079,Profit,Low,FLAG
OUT-02,8082,Profit,Low,FLAG
OUT-02,8086,Profit,Low,FLAG
OUT-02,8092,Profit,Low,FLAG
OUT-02,8094,Profit,Low,FLAG
OUT-02,8108,Profit,Low,FLAG
OUT-02,8119,Profit,Low,FLAG
OUT-02,8129,Profit,Low,FLAG
OUT-02,8130,Profit,Low,FLAG
OUT-02,8134,Profit,Low,FLAG
OUT-02,8135,Profit,Low,FLAG
OUT-02,8137,Profit,Low,FLAG
OUT-02,8147,Profit,Low,FLAG
OUT-02,8155,Profit,Low,FLAG
OUT-02,8170,Profit,Low,FLAG
OUT-02,8173,Profit,Low,FLAG
OUT-02,8179,Profit,Low,FLAG
OUT-02,8182,Profit,Low,FLAG
OUT-02,8193,Profit,Low,FLAG
OUT-02,8206,Profit,Low,FLAG
OUT-02,8210,Profit,Low,FLAG
OUT-02,8211,Profit,Low,FLAG
OUT-02,8225,Profit,Low,FLAG
OUT-02,8227,Profit,Low,FLAG
OUT-02,8233,Profit,Low,FLAG
OUT-02,8237,Profit,Low,FLAG
OUT-02,8248,Profit,Low,FLAG
OUT-02,8250,Profit,Low,FLAG
OUT-02,8253,Profit,Low,FLAG
OUT-02,8256,Profit,Low,FLAG
OUT-02,8261,Profit,Low,FLAG
OUT-02,8271,Profit,Low,FLAG
OUT-02,8273,Profit,Low,FLAG
OUT-02,8276,Profit,Low,FLAG
OUT-02,8281,Profit,Low,FLAG
OUT-02,8286,Profit,Low,FLAG
OUT-02,8287,Profit,Low,FLAG
OUT-02,8302,Profit,Low,FLAG
OUT-02,8303,Profit,Low,FLAG
OUT-02,8314,Profit,Low,FLAG
OUT-02,8329,Profit,Low,FLAG
OUT-02,8330,Profit,Low,FLAG
OUT-02,8337,Profit,Low,FLAG
OUT-02,8340,Profit,Low,FLAG
OUT-02,8356,Profit,Low,FLAG
OUT-02,8396,Profit,Low,FLAG
OUT-02,8398,Profit,Low,FLAG
OUT-02,8402,Profit,Low,FLAG
OUT-02,8410,Profit,Low,FLAG
OUT-02,8431,Profit,Low,FLAG
OUT-02,8433,Profit,Low,FLAG
OUT-02,8440,Profit,Low,FLAG
OUT-02,8449,Profit,Low,FLAG
OUT-02,8455,Profit,Low,FLAG
OUT-02,8456,Profit,Low,FLAG
OUT-02,8460,Profit,Low,FLAG
OUT-02,8468,Profit,Low,FLAG
OUT-02,8486,Profit,Low,FLAG
OUT-02,8490,Profit,Low,FLAG
OUT-02,8499,Profit,Low,FLAG
OUT-02,8514,Profit,Low,FLAG
OUT-02,8564,Profit,Low,FLAG
OUT-02,8570,Profit,Low,FLAG
OUT-02,8571,Profit,Low,FLAG
OUT-02,8588,Profit,Low,FLAG
OUT-02,8615,Profit,Low,FLAG
OUT-02,8625,Profit,Low,FLAG
OUT-02,8634,Profit,Low,FLAG
OUT-02,8637,Profit,Low,FLAG
OUT-02,8638,Profit,Low,FLAG
OUT-02,8640,Profit,Low,FLAG
OUT-02,8642,Profit,Low,FLAG
OUT-02,8643,Profit,Low,FLAG
OUT-02,8682,Profit,Low,FLAG
OUT-02,8695,Profit,Low,FLAG
OUT-02,8701,Profit,Low,FLAG
OUT-02,8718,Profit,Low,FLAG
OUT-02,8727,Profit,Low,FLAG
OUT-02,8736,Profit,Low,FLAG
OUT-02,8738,Profit,Low,FLAG
OUT-02,8742,Profit,Low,FLAG
OUT-02,8751,Profit,Low,FLAG
OUT-02,8762,Profit,Low,FLAG
OUT-02,8800,Profit,Low,FLAG
OUT-02,8821,Profit,Low,FLAG
OUT-02,8834,Profit,Low,FLAG
OUT-02,8860,Profit,Low,FLAG
OUT-02,8864,Profit,Low,FLAG
OUT-02,8877,Profit,Low,FLAG
OUT-02,8878,Profit,Low,FLAG
OUT-02,8881,Profit,Low,FLAG
OUT-02,8890,Profit,Low,FLAG
OUT-02,8891,Profit,Low,FLAG
OUT-02,8892,Profit,Low,FLAG
OUT-02,8894,Profit,Low,FLAG
OUT-02,8910,Profit,Low,FLAG
OUT-02,8916,Profit,Low,FLAG
OUT-02,8918,Profit,Low,FLAG
OUT-02,8928,Profit,Low,FLAG
OUT-02,8929,Profit,Low,FLAG
OUT-02,8937,Profit,Low,FLAG
OUT-02,8938,Profit,Low,FLAG
OUT-02,8946,Profit,Low,FLAG
OUT-02,8961,Profit,Low,FLAG
OUT-02,8964,Profit,Low,FLAG
OUT-02,8966,Profit,Low,FLAG
OUT-02,8985,Profit,Low,FLAG
OUT-02,8988,Profit,Low,FLAG
OUT-02,8992,Profit,Low,FLAG
OUT-02,8995,Profit,Low,FLAG
OUT-02,9000,Profit,Low,FLAG
OUT-02,9014,Profit,Low,FLAG
OUT-02,9023,Profit,Low,FLAG
OUT-02,9030,Profit,Low,FLAG
OUT-02,9035,Profit,Low,FLAG
OUT-02,9041,Profit,Low,FLAG
OUT-02,9045,Profit,Low,FLAG
OUT-02,9058,Profit,Low,FLAG
OUT-02,9061,Profit,Low,FLAG
OUT-02,9064,Profit,Low,FLAG
OUT-02,9065,Profit,Low,FLAG
OUT-02,9087,Profit,Low,FLAG
OUT-02,9088,Profit,Low,FLAG
OUT-02,9091,Profit,Low,FLAG
OUT-02,9092,Profit,Low,FLAG
OUT-02,9094,Profit,Low,FLAG
OUT-02,9096,Profit,Low,FLAG
OUT-02,9105,Profit,Low,FLAG
OUT-02,9106,Profit,Low,FLAG
OUT-02,9117,Profit,Low,FLAG
OUT-02,9125,Profit,Low,FLAG
OUT-02,9130,Profit,Low,FLAG
OUT-02,9131,Profit,Low,FLAG
OUT-02,9150,Profit,Low,FLAG
OUT-02,9151,Profit,Low,FLAG
OUT-02,9159,Profit,Low,FLAG
OUT-02,9166,Profit,Low,FLAG
OUT-02,9170,Profit,Low,FLAG
OUT-02,9174,Profit,Low,FLAG
OUT-02,9188,Profit,Low,FLAG
OUT-02,9191,Profit,Low,FLAG
OUT-02,9192,Profit,Low,FLAG
OUT-02,9194,Profit,Low,FLAG
OUT-02,9203,Profit,Low,FLAG
OUT-02,9205,Profit,Low,FLAG
OUT-02,9221,Profit,Low,FLAG
OUT-02,9223,Profit,Low,FLAG
OUT-02,9233,Profit,Low,FLAG
OUT-02,9251,Profit,Low,FLAG
OUT-02,9252,Profit,Low,FLAG
OUT-02,9259,Profit,Low,FLAG
OUT-02,9272,Profit,Low,FLAG
OUT-02,9274,Profit,Low,FLAG
OUT-02,9275,Profit,Low,FLAG
OUT-02,9276,Profit,Low,FLAG
OUT-02,9315,Profit,Low,FLAG
OUT-02,9318,Profit,Low,FLAG
OUT-02,9324,Profit,Low,FLAG
OUT-02,9325,Profit,Low,FLAG
OUT-02,9341,Profit,Low,FLAG
OUT-02,9350,Profit,Low,FLAG
OUT-02,9369,Profit,Low,FLAG
OUT-02,9390,Profit,Low,FLAG
OUT-02,9398,Profit,Low,FLAG
OUT-02,9400,Profit,Low,FLAG
OUT-02,9405,Profit,Low,FLAG
OUT-02,9409,Profit,Low,FLAG
OUT-02,9427,Profit,Low,FLAG
OUT-02,9449,Profit,Low,FLAG
OUT-02,9460,Profit,Low,FLAG
OUT-02,9468,Profit,Low,FLAG
OUT-02,9478,Profit,Low,FLAG
OUT-02,9482,Profit,Low,FLAG
OUT-02,9491,Profit,Low,FLAG
OUT-02,9492,Profit,Low,FLAG
OUT-02,9495,Profit,Low,FLAG
OUT-02,9500,Profit,Low,FLAG
OUT-02,9506,Profit,Low,FLAG
OUT-02,9515,Profit,Low,FLAG
OUT-02,9529,Profit,Low,FLAG
OUT-02,9558,Profit,Low,FLAG
OUT-02,9561,Profit,Low,FLAG
OUT-02,9563,Profit,Low,FLAG
OUT-02,9580,Profit,Low,FLAG
OUT-02,9589,Profit,Low,FLAG
OUT-02,9592,Profit,Low,FLAG
OUT-02,9594,Profit,Low,FLAG
OUT-02,9598,Profit,Low,FLAG
OUT-02,9603,Profit,Low,FLAG
OUT-02,9608,Profit,Low,FLAG
OUT-02,9617,Profit,Low,FLAG
OUT-02,9637,Profit,Low,FLAG
OUT-02,9638,Profit,Low,FLAG
OUT-02,9641,Profit,Low,FLAG
OUT-02,9648,Profit,Low,FLAG
OUT-02,9654,Profit,Low,FLAG
OUT-02,9662,Profit,Low,FLAG
OUT-02,9675,Profit,Low,FLAG
OUT-02,9681,Profit,Low,FLAG
OUT-02,9685,Profit,Low,FLAG
OUT-02,9694,Profit,Low,FLAG
OUT-02,9698,Profit,Low,FLAG
OUT-02,9705,Profit,Low,FLAG
OUT-02,9712,Profit,Low,FLAG
OUT-02,9714,Profit,Low,FLAG
OUT-02,9721,Profit,Low,FLAG
OUT-02,9725,Profit,Low,FLAG
OUT-02,9729,Profit,Low,FLAG
OUT-02,9732,Profit,Low,FLAG
OUT-02,9736,Profit,Low,FLAG
OUT-02,9739,Profit,Low,FLAG
OUT-02,9743,Profit,Low,FLAG
OUT-02,9744,Profit,Low,FLAG
OUT-02,9746,Profit,Low,FLAG
OUT-02,9776,Profit,Low,FLAG
OUT-02,9783,Profit,Low,FLAG
OUT-02,9784,Profit,Low,FLAG
OUT-02,9803,Profit,Low,FLAG
OUT-02,9815,Profit,Low,FLAG
OUT-02,9835,Profit,Low,FLAG
OUT-02,9846,Profit,Low,FLAG
OUT-02,9849,Profit,Low,FLAG
OUT-02,9855,Profit,Low,FLAG
OUT-02,9859,Profit,Low,FLAG
OUT-02,9868,Profit,Low,FLAG
OUT-02,9907,Profit,Low,FLAG
OUT-02,9912,Profit,Low,FLAG
OUT-02,9913,Profit,Low,FLAG
OUT-02,9921,Profit,Low,FLAG
OUT-02,9927,Profit,Low,FLAG
OUT-02,9949,Profit,Low,FLAG
OUT-02,9950,Profit,Low,FLAG
OUT-02,9959,Profit,Low,FLAG
OUT-02,9970,Profit,Low,FLAG
OUT-02,9972,Profit,Low,FLAG
OUT-02,9973,Profit,Low,FLAG
OUT-02,9981,Profit,Low,FLAG
BIZ-01,16,Discount,Medium,FLAG
BIZ-01,17,Discount,Medium,FLAG
BIZ-01,29,Discount,Medium,FLAG
BIZ-01,30,Discount,Medium,FLAG
BIZ-01,34,Discount,Medium,FLAG
BIZ-01,38,Discount,Medium,FLAG
BIZ-01,77,Discount,Medium,FLAG
BIZ-01,78,Discount,Medium,FLAG
BIZ-01,80,Discount,Medium,FLAG
BIZ-01,97,Discount,Medium,FLAG
BIZ-01,103,Discount,Medium,FLAG
BIZ-01,107,Discount,Medium,FLAG
BIZ-01,120,Discount,Medium,FLAG
BIZ-01,127,Discount,Medium,FLAG
BIZ-01,128,Discount,Medium,FLAG
BIZ-01,171,Discount,Medium,FLAG
BIZ-01,176,Discount,Medium,FLAG
BIZ-01,178,Discount,Medium,FLAG
BIZ-01,200,Discount,Medium,FLAG
BIZ-01,203,Discount,Medium,FLAG
BIZ-01,205,Discount,Medium,FLAG
BIZ-01,215,Discount,Medium,FLAG
BIZ-01,217,Discount,Medium,FLAG
BIZ-01,223,Discount,Medium,FLAG
BIZ-01,225,Discount,Medium,FLAG
BIZ-01,232,Discount,Medium,FLAG
BIZ-01,235,Discount,Medium,FLAG
BIZ-01,240,Discount,Medium,FLAG
BIZ-01,241,Discount,Medium,FLAG
BIZ-01,243,Discount,Medium,FLAG
BIZ-01,244,Discount,Medium,FLAG
BIZ-01,256,Discount,Medium,FLAG
BIZ-01,263,Discount,Medium,FLAG
BIZ-01,282,Discount,Medium,FLAG
BIZ-01,288,Discount,Medium,FLAG
BIZ-01,294,Discount,Medium,FLAG
BIZ-01,298,Discount,Medium,FLAG
BIZ-01,305,Discount,Medium,FLAG
BIZ-01,332,Discount,Medium,FLAG
BIZ-01,334,Discount,Medium,FLAG
BIZ-01,335,Discount,Medium,FLAG
BIZ-01,343,Discount,Medium,FLAG
BIZ-01,374,Discount,Medium,FLAG
BIZ-01,380,Discount,Medium,FLAG
BIZ-01,382,Discount,Medium,FLAG
BIZ-01,388,Discount,Medium,FLAG
BIZ-01,395,Discount,Medium,FLAG
BIZ-01,431,Discount,Medium,FLAG
BIZ-01,436,Discount,Medium,FLAG
BIZ-01,465,Discount,Medium,FLAG
BIZ-01,466,Discount,Medium,FLAG
BIZ-01,469,Discount,Medium,FLAG
BIZ-01,471,Discount,Medium,FLAG
BIZ-01,502,Discount,Medium,FLAG
BIZ-01,503,Discount,Medium,FLAG
BIZ-01,505,Discount,Medium,FLAG
BIZ-01,523,Discount,Medium,FLAG
BIZ-01,538,Discount,Medium,FLAG
BIZ-01,547,Discount,Medium,FLAG
BIZ-01,551,Discount,Medium,FLAG
BIZ-01,581,Discount,Medium,FLAG
BIZ-01,586,Discount,Medium,FLAG
BIZ-01,592,Discount,Medium,FLAG
BIZ-01,606,Discount,Medium,FLAG
BIZ-01,607,Discount,Medium,FLAG
BIZ-01,609,Discount,Medium,FLAG
BIZ-01,617,Discount,Medium,FLAG
BIZ-01,623,Discount,Medium,FLAG
BIZ-01,638,Discount,Medium,FLAG
BIZ-01,657,Discount,Medium,FLAG
BIZ-01,660,Discount,Medium,FLAG
BIZ-01,664,Discount,Medium,FLAG
BIZ-01,671,Discount,Medium,FLAG
BIZ-01,672,Discount,Medium,FLAG
BIZ-01,678,Discount,Medium,FLAG
BIZ-01,680,Discount,Medium,FLAG
BIZ-01,681,Discount,Medium,FLAG
BIZ-01,685,Discount,Medium,FLAG
BIZ-01,701,Discount,Medium,FLAG
BIZ-01,702,Discount,Medium,FLAG
BIZ-01,743,Discount,Medium,FLAG
BIZ-01,783,Discount,Medium,FLAG
BIZ-01,785,Discount,Medium,FLAG
BIZ-01,820,Discount,Medium,FLAG
BIZ-01,822,Discount,Medium,FLAG
BIZ-01,837,Discount,Medium,FLAG
BIZ-01,838,Discount,Medium,FLAG
BIZ-01,870,Discount,Medium,FLAG
BIZ-01,871,Discount,Medium,FLAG
BIZ-01,880,Discount,Medium,FLAG
BIZ-01,901,Discount,Medium,FLAG
BIZ-01,903,Discount,Medium,FLAG
BIZ-01,919,Discount,Medium,FLAG
BIZ-01,936,Discount,Medium,FLAG
BIZ-01,948,Discount,Medium,FLAG
BIZ-01,959,Discount,Medium,FLAG
BIZ-01,974,Discount,Medium,FLAG
BIZ-01,978,Discount,Medium,FLAG
BIZ-01,980,Discount,Medium,FLAG
BIZ-01,989,Discount,Medium,FLAG
BIZ-01,1009,Discount,Medium,FLAG
BIZ-01,1036,Discount,Medium,FLAG
BIZ-01,1037,Discount,Medium,FLAG
BIZ-01,1046,Discount,Medium,FLAG
BIZ-01,1068,Discount,Medium,FLAG
BIZ-01,1071,Discount,Medium,FLAG
BIZ-01,1075,Discount,Medium,FLAG
BIZ-01,1076,Discount,Medium,FLAG
BIZ-01,1098,Discount,Medium,FLAG
BIZ-01,1104,Discount,Medium,FLAG
BIZ-01,1105,Discount,Medium,FLAG
BIZ-01,1108,Discount,Medium,FLAG
BIZ-01,1109,Discount,Medium,FLAG
BIZ-01,1114,Discount,Medium,FLAG
BIZ-01,1175,Discount,Medium,FLAG
BIZ-01,1201,Discount,Medium,FLAG
BIZ-01,1203,Discount,Medium,FLAG
BIZ-01,1215,Discount,Medium,FLAG
BIZ-01,1216,Discount,Medium,FLAG
BIZ-01,1237,Discount,Medium,FLAG
BIZ-01,1259,Discount,Medium,FLAG
BIZ-01,1263,Discount,Medium,FLAG
BIZ-01,1273,Discount,Medium,FLAG
BIZ-01,1274,Discount,Medium,FLAG
BIZ-01,1284,Discount,Medium,FLAG
BIZ-01,1286,Discount,Medium,FLAG
BIZ-01,1321,Discount,Medium,FLAG
BIZ-01,1322,Discount,Medium,FLAG
BIZ-01,1327,Discount,Medium,FLAG
BIZ-01,1334,Discount,Medium,FLAG
BIZ-01,1335,Discount,Medium,FLAG
BIZ-01,1342,Discount,Medium,FLAG
BIZ-01,1343,Discount,Medium,FLAG
BIZ-01,1344,Discount,Medium,FLAG
BIZ-01,1360,Discount,Medium,FLAG
BIZ-01,1365,Discount,Medium,FLAG
BIZ-01,1366,Discount,Medium,FLAG
BIZ-01,1371,Discount,Medium,FLAG
BIZ-01,1383,Discount,Medium,FLAG
BIZ-01,1396,Discount,Medium,FLAG
BIZ-01,1397,Discount,Medium,FLAG
BIZ-01,1411,Discount,Medium,FLAG
BIZ-01,1420,Discount,Medium,FLAG
BIZ-01,1422,Discount,Medium,FLAG
BIZ-01,1424,Discount,Medium,FLAG
BIZ-01,1450,Discount,Medium,FLAG
BIZ-01,1452,Discount,Medium,FLAG
BIZ-01,1475,Discount,Medium,FLAG
BIZ-01,1515,Discount,Medium,FLAG
BIZ-01,1516,Discount,Medium,FLAG
BIZ-01,1549,Discount,Medium,FLAG
BIZ-01,1552,Discount,Medium,FLAG
BIZ-01,1569,Discount,Medium,FLAG
BIZ-01,1602,Discount,Medium,FLAG
BIZ-01,1631,Discount,Medium,FLAG
BIZ-01,1650,Discount,Medium,FLAG
BIZ-01,1664,Discount,Medium,FLAG
BIZ-01,1676,Discount,Medium,FLAG
BIZ-01,1677,Discount,Medium,FLAG
BIZ-01,1683,Discount,Medium,FLAG
BIZ-01,1687,Discount,Medium,FLAG
BIZ-01,1688,Discount,Medium,FLAG
BIZ-01,1706,Discount,Medium,FLAG
BIZ-01,1707,Discount,Medium,FLAG
BIZ-01,1715,Discount,Medium,FLAG
BIZ-01,1748,Discount,Medium,FLAG
BIZ-01,1759,Discount,Medium,FLAG
BIZ-01,1769,Discount,Medium,FLAG
BIZ-01,1770,Discount,Medium,FLAG
BIZ-01,1772,Discount,Medium,FLAG
BIZ-01,1804,Discount,Medium,FLAG
BIZ-01,1811,Discount,Medium,FLAG
BIZ-01,1820,Discount,Medium,FLAG
BIZ-01,1821,Discount,Medium,FLAG
BIZ-01,1822,Discount,Medium,FLAG
BIZ-01,1826,Discount,Medium,FLAG
BIZ-01,1845,Discount,Medium,FLAG
BIZ-01,1859,Discount,Medium,FLAG
BIZ-01,1865,Discount,Medium,FLAG
BIZ-01,1881,Discount,Medium,FLAG
BIZ-01,1889,Discount,Medium,FLAG
BIZ-01,1900,Discount,Medium,FLAG
BIZ-01,1908,Discount,Medium,FLAG
BIZ-01,1909,Discount,Medium,FLAG
BIZ-01,1939,Discount,Medium,FLAG
BIZ-01,1941,Discount,Medium,FLAG
BIZ-01,1945,Discount,Medium,FLAG
BIZ-01,1974,Discount,Medium,FLAG
BIZ-01,1993,Discount,Medium,FLAG
BIZ-01,1997,Discount,Medium,FLAG
BIZ-01,1998,Discount,Medium,FLAG
BIZ-01,2006,Discount,Medium,FLAG
BIZ-01,2041,Discount,Medium,FLAG
BIZ-01,2042,Discount,Medium,FLAG
BIZ-01,2051,Discount,Medium,FLAG
BIZ-01,2052,Discount,Medium,FLAG
BIZ-01,2072,Discount,Medium,FLAG
BIZ-01,2108,Discount,Medium,FLAG
BIZ-01,2122,Discount,Medium,FLAG
BIZ-01,2135,Discount,Medium,FLAG
BIZ-01,2138,Discount,Medium,FLAG
BIZ-01,2139,Discount,Medium,FLAG
BIZ-01,2148,Discount,Medium,FLAG
BIZ-01,2156,Discount,Medium,FLAG
BIZ-01,2161,Discount,Medium,FLAG
BIZ-01,2167,Discount,Medium,FLAG
BIZ-01,2169,Discount,Medium,FLAG
BIZ-01,2175,Discount,Medium,FLAG
BIZ-01,2208,Discount,Medium,FLAG
BIZ-01,2227,Discount,Medium,FLAG
BIZ-01,2240,Discount,Medium,FLAG
BIZ-01,2348,Discount,Medium,FLAG
BIZ-01,2364,Discount,Medium,FLAG
BIZ-01,2373,Discount,Medium,FLAG
BIZ-01,2378,Discount,Medium,FLAG
BIZ-01,2426,Discount,Medium,FLAG
BIZ-01,2429,Discount,Medium,FLAG
BIZ-01,2430,Discount,Medium,FLAG
BIZ-01,2431,Discount,Medium,FLAG
BIZ-01,2439,Discount,Medium,FLAG
BIZ-01,2503,Discount,Medium,FLAG
BIZ-01,2504,Discount,Medium,FLAG
BIZ-01,2509,Discount,Medium,FLAG
BIZ-01,2514,Discount,Medium,FLAG
BIZ-01,2528,Discount,Medium,FLAG
BIZ-01,2529,Discount,Medium,FLAG
BIZ-01,2558,Discount,Medium,FLAG
BIZ-01,2592,Discount,Medium,FLAG
BIZ-01,2593,Discount,Medium,FLAG
BIZ-01,2607,Discount,Medium,FLAG
BIZ-01,2614,Discount,Medium,FLAG
BIZ-01,2630,Discount,Medium,FLAG
BIZ-01,2631,Discount,Medium,FLAG
BIZ-01,2637,Discount,Medium,FLAG
BIZ-01,2667,Discount,Medium,FLAG
BIZ-01,2679,Discount,Medium,FLAG
BIZ-01,2680,Discount,Medium,FLAG
BIZ-01,2688,Discount,Medium,FLAG
BIZ-01,2689,Discount,Medium,FLAG
BIZ-01,2692,Discount,Medium,FLAG
BIZ-01,2698,Discount,Medium,FLAG
BIZ-01,2699,Discount,Medium,FLAG
BIZ-01,2712,Discount,Medium,FLAG
BIZ-01,2721,Discount,Medium,FLAG
BIZ-01,2729,Discount,Medium,FLAG
BIZ-01,2750,Discount,Medium,FLAG
BIZ-01,2765,Discount,Medium,FLAG
BIZ-01,2766,Discount,Medium,FLAG
BIZ-01,2770,Discount,Medium,FLAG
BIZ-01,2789,Discount,Medium,FLAG
BIZ-01,2791,Discount,Medium,FLAG
BIZ-01,2828,Discount,Medium,FLAG
BIZ-01,2840,Discount,Medium,FLAG
BIZ-01,2848,Discount,Medium,FLAG
BIZ-01,2851,Discount,Medium,FLAG
BIZ-01,2884,Discount,Medium,FLAG
BIZ-01,2924,Discount,Medium,FLAG
BIZ-01,2930,Discount,Medium,FLAG
BIZ-01,2959,Discount,Medium,FLAG
BIZ-01,2968,Discount,Medium,FLAG
BIZ-01,2972,Discount,Medium,FLAG
BIZ-01,2986,Discount,Medium,FLAG
BIZ-01,3001,Discount,Medium,FLAG
BIZ-01,3003,Discount,Medium,FLAG
BIZ-01,3012,Discount,Medium,FLAG
BIZ-01,3013,Discount,Medium,FLAG
BIZ-01,3014,Discount,Medium,FLAG
BIZ-01,3015,Discount,Medium,FLAG
BIZ-01,3019,Discount,Medium,FLAG
BIZ-01,3078,Discount,Medium,FLAG
BIZ-01,3086,Discount,Medium,FLAG
BIZ-01,3088,Discount,Medium,FLAG
BIZ-01,3089,Discount,Medium,FLAG
BIZ-01,3098,Discount,Medium,FLAG
BIZ-01,3105,Discount,Medium,FLAG
BIZ-01,3124,Discount,Medium,FLAG
BIZ-01,3125,Discount,Medium,FLAG
BIZ-01,3136,Discount,Medium,FLAG
BIZ-01,3141,Discount,Medium,FLAG
BIZ-01,3143,Discount,Medium,FLAG
BIZ-01,3153,Discount,Medium,FLAG
BIZ-01,3162,Discount,Medium,FLAG
BIZ-01,3173,Discount,Medium,FLAG
BIZ-01,3177,Discount,Medium,FLAG
BIZ-01,3187,Discount,Medium,FLAG
BIZ-01,3194,Discount,Medium,FLAG
BIZ-01,3195,Discount,Medium,FLAG
BIZ-01,3199,Discount,Medium,FLAG
BIZ-01,3213,Discount,Medium,FLAG
BIZ-01,3233,Discount,Medium,FLAG
BIZ-01,3234,Discount,Medium,FLAG
BIZ-01,3242,Discount,Medium,FLAG
BIZ-01,3244,Discount,Medium,FLAG
BIZ-01,3260,Discount,Medium,FLAG
BIZ-01,3261,Discount,Medium,FLAG
BIZ-01,3286,Discount,Medium,FLAG
BIZ-01,3296,Discount,Medium,FLAG
BIZ-01,3298,Discount,Medium,FLAG
BIZ-01,3301,Discount,Medium,FLAG
BIZ-01,3305,Discount,Medium,FLAG
BIZ-01,3309,Discount,Medium,FLAG
BIZ-01,3318,Discount,Medium,FLAG
BIZ-01,3326,Discount,Medium,FLAG
BIZ-01,3327,Discount,Medium,FLAG
BIZ-01,3335,Discount,Medium,FLAG
BIZ-01,3350,Discount,Medium,FLAG
BIZ-01,3360,Discount,Medium,FLAG
BIZ-01,3366,Discount,Medium,FLAG
BIZ-01,3380,Discount,Medium,FLAG
BIZ-01,3390,Discount,Medium,FLAG
BIZ-01,3395,Discount,Medium,FLAG
BIZ-01,3404,Discount,Medium,FLAG
BIZ-01,3405,Discount,Medium,FLAG
BIZ-01,3409,Discount,Medium,FLAG
BIZ-01,3437,Discount,Medium,FLAG
BIZ-01,3438,Discount,Medium,FLAG
BIZ-01,3439,Discount,Medium,FLAG
BIZ-01,3460,Discount,Medium,FLAG
BIZ-01,3461,Discount,Medium,FLAG
BIZ-01,3508,Discount,Medium,FLAG
BIZ-01,3521,Discount,Medium,FLAG
BIZ-01,3547,Discount,Medium,FLAG
BIZ-01,3555,Discount,Medium,FLAG
BIZ-01,3563,Discount,Medium,FLAG
BIZ-01,3564,Discount,Medium,FLAG
BIZ-01,3569,Discount,Medium,FLAG
BIZ-01,3595,Discount,Medium,FLAG
BIZ-01,3618,Discount,Medium,FLAG
BIZ-01,3643,Discount,Medium,FLAG
BIZ-01,3650,Discount,Medium,FLAG
BIZ-01,3667,Discount,Medium,FLAG
BIZ-01,3675,Discount,Medium,FLAG
BIZ-01,3689,Discount,Medium,FLAG
BIZ-01,3692,Discount,Medium,FLAG
BIZ-01,3709,Discount,Medium,FLAG
BIZ-01,3710,Discount,Medium,FLAG
BIZ-01,3725,Discount,Medium,FLAG
BIZ-01,3766,Discount,Medium,FLAG
BIZ-01,3787,Discount,Medium,FLAG
BIZ-01,3793,Discount,Medium,FLAG
BIZ-01,3809,Discount,Medium,FLAG
BIZ-01,3810,Discount,Medium,FLAG
BIZ-01,3854,Discount,Medium,FLAG
BIZ-01,3857,Discount,Medium,FLAG
BIZ-01,3861,Discount,Medium,FLAG
BIZ-01,3866,Discount,Medium,FLAG
BIZ-01,3876,Discount,Medium,FLAG
BIZ-01,3879,Discount,Medium,FLAG
BIZ-01,3887,Discount,Medium,FLAG
BIZ-01,3896,Discount,Medium,FLAG
BIZ-01,3907,Discount,Medium,FLAG
BIZ-01,3912,Discount,Medium,FLAG
BIZ-01,3916,Discount,Medium,FLAG
BIZ-01,3919,Discount,Medium,FLAG
BIZ-01,3959,Discount,Medium,FLAG
BIZ-01,3969,Discount,Medium,FLAG
BIZ-01,3970,Discount,Medium,FLAG
BIZ-01,4030,Discount,Medium,FLAG
BIZ-01,4036,Discount,Medium,FLAG
BIZ-01,4047,Discount,Medium,FLAG
BIZ-01,4048,Discount,Medium,FLAG
BIZ-01,4071,Discount,Medium,FLAG
BIZ-01,4072,Discount,Medium,FLAG
BIZ-01,4083,Discount,Medium,FLAG
BIZ-01,4084,Discount,Medium,FLAG
BIZ-01,4086,Discount,Medium,FLAG
BIZ-01,4102,Discount,Medium,FLAG
BIZ-01,4103,Discount,Medium,FLAG
BIZ-01,4108,Discount,Medium,FLAG
BIZ-01,4130,Discount,Medium,FLAG
BIZ-01,4132,Discount,Medium,FLAG
BIZ-01,4140,Discount,Medium,FLAG
BIZ-01,4149,Discount,Medium,FLAG
BIZ-01,4156,Discount,Medium,FLAG
BIZ-01,4157,Discount,Medium,FLAG
BIZ-01,4159,Discount,Medium,FLAG
BIZ-01,4182,Discount,Medium,FLAG
BIZ-01,4188,Discount,Medium,FLAG
BIZ-01,4189,Discount,Medium,FLAG
BIZ-01,4200,Discount,Medium,FLAG
BIZ-01,4226,Discount,Medium,FLAG
BIZ-01,4227,Discount,Medium,FLAG
BIZ-01,4231,Discount,Medium,FLAG
BIZ-01,4232,Discount,Medium,FLAG
BIZ-01,4235,Discount,Medium,FLAG
BIZ-01,4238,Discount,Medium,FLAG
BIZ-01,4257,Discount,Medium,FLAG
BIZ-01,4258,Discount,Medium,FLAG
BIZ-01,4259,Discount,Medium,FLAG
BIZ-01,4265,Discount,Medium,FLAG
BIZ-01,4267,Discount,Medium,FLAG
BIZ-01,4269,Discount,Medium,FLAG
BIZ-01,4277,Discount,Medium,FLAG
BIZ-01,4290,Discount,Medium,FLAG
BIZ-01,4296,Discount,Medium,FLAG
BIZ-01,4323,Discount,Medium,FLAG
BIZ-01,4325,Discount,Medium,FLAG
BIZ-01,4350,Discount,Medium,FLAG
BIZ-01,4356,Discount,Medium,FLAG
BIZ-01,4357,Discount,Medium,FLAG
BIZ-01,4360,Discount,Medium,FLAG
BIZ-01,4384,Discount,Medium,FLAG
BIZ-01,4397,Discount,Medium,FLAG
BIZ-01,4421,Discount,Medium,FLAG
BIZ-01,4437,Discount,Medium,FLAG
BIZ-01,4439,Discount,Medium,FLAG
BIZ-01,4464,Discount,Medium,FLAG
BIZ-01,4489,Discount,Medium,FLAG
BIZ-01,4491,Discount,Medium,FLAG
BIZ-01,4499,Discount,Medium,FLAG
BIZ-01,4514,Discount,Medium,FLAG
BIZ-01,4531,Discount,Medium,FLAG
BIZ-01,4543,Discount,Medium,FLAG
BIZ-01,4548,Discount,Medium,FLAG
BIZ-01,4550,Discount,Medium,FLAG
BIZ-01,4559,Discount,Medium,FLAG
BIZ-01,4568,Discount,Medium,FLAG
BIZ-01,4570,Discount,Medium,FLAG
BIZ-01,4616,Discount,Medium,FLAG
BIZ-01,4643,Discount,Medium,FLAG
BIZ-01,4666,Discount,Medium,FLAG
BIZ-01,4670,Discount,Medium,FLAG
BIZ-01,4686,Discount,Medium,FLAG
BIZ-01,4687,Discount,Medium,FLAG
BIZ-01,4690,Discount,Medium,FLAG
BIZ-01,4704,Discount,Medium,FLAG
BIZ-01,4705,Discount,Medium,FLAG
BIZ-01,4713,Discount,Medium,FLAG
BIZ-01,4715,Discount,Medium,FLAG
BIZ-01,4723,Discount,Medium,FLAG
BIZ-01,4726,Discount,Medium,FLAG
BIZ-01,4756,Discount,Medium,FLAG
BIZ-01,4758,Discount,Medium,FLAG
BIZ-01,4759,Discount,Medium,FLAG
BIZ-01,4774,Discount,Medium,FLAG
BIZ-01,4783,Discount,Medium,FLAG
BIZ-01,4787,Discount,Medium,FLAG
BIZ-01,4792,Discount,Medium,FLAG
BIZ-01,4798,Discount,Medium,FLAG
BIZ-01,4803,Discount,Medium,FLAG
BIZ-01,4804,Discount,Medium,FLAG
BIZ-01,4822,Discount,Medium,FLAG
BIZ-01,4824,Discount,Medium,FLAG
BIZ-01,4825,Discount,Medium,FLAG
BIZ-01,4839,Discount,Medium,FLAG
BIZ-01,4843,Discount,Medium,FLAG
BIZ-01,4874,Discount,Medium,FLAG
BIZ-01,4876,Discount,Medium,FLAG
BIZ-01,4880,Discount,Medium,FLAG
BIZ-01,4901,Discount,Medium,FLAG
BIZ-01,4909,Discount,Medium,FLAG
BIZ-01,4914,Discount,Medium,FLAG
BIZ-01,4915,Discount,Medium,FLAG
BIZ-01,4922,Discount,Medium,FLAG
BIZ-01,4928,Discount,Medium,FLAG
BIZ-01,4935,Discount,Medium,FLAG
BIZ-01,4959,Discount,Medium,FLAG
BIZ-01,4966,Discount,Medium,FLAG
BIZ-01,4982,Discount,Medium,FLAG
BIZ-01,4990,Discount,Medium,FLAG
BIZ-01,4993,Discount,Medium,FLAG
BIZ-01,4999,Discount,Medium,FLAG
BIZ-01,5010,Discount,Medium,FLAG
BIZ-01,5012,Discount,Medium,FLAG
BIZ-01,5013,Discount,Medium,FLAG
BIZ-01,5014,Discount,Medium,FLAG
BIZ-01,5050,Discount,Medium,FLAG
BIZ-01,5060,Discount,Medium,FLAG
BIZ-01,5087,Discount,Medium,FLAG
BIZ-01,5090,Discount,Medium,FLAG
BIZ-01,5095,Discount,Medium,FLAG
BIZ-01,5096,Discount,Medium,FLAG
BIZ-01,5098,Discount,Medium,FLAG
BIZ-01,5099,Discount,Medium,FLAG
BIZ-01,5114,Discount,Medium,FLAG
BIZ-01,5160,Discount,Medium,FLAG
BIZ-01,5176,Discount,Medium,FLAG
BIZ-01,5244,Discount,Medium,FLAG
BIZ-01,5249,Discount,Medium,FLAG
BIZ-01,5263,Discount,Medium,FLAG
BIZ-01,5275,Discount,Medium,FLAG
BIZ-01,5288,Discount,Medium,FLAG
BIZ-01,5289,Discount,Medium,FLAG
BIZ-01,5306,Discount,Medium,FLAG
BIZ-01,5312,Discount,Medium,FLAG
BIZ-01,5321,Discount,Medium,FLAG
BIZ-01,5323,Discount,Medium,FLAG
BIZ-01,5400,Discount,Medium,FLAG
BIZ-01,5416,Discount,Medium,FLAG
BIZ-01,5434,Discount,Medium,FLAG
BIZ-01,5439,Discount,Medium,FLAG
BIZ-01,5464,Discount,Medium,FLAG
BIZ-01,5467,Discount,Medium,FLAG
BIZ-01,5475,Discount,Medium,FLAG
BIZ-01,5481,Discount,Medium,FLAG
BIZ-01,5488,Discount,Medium,FLAG
BIZ-01,5497,Discount,Medium,FLAG
BIZ-01,5542,Discount,Medium,FLAG
BIZ-01,5544,Discount,Medium,FLAG
BIZ-01,5545,Discount,Medium,FLAG
BIZ-01,5546,Discount,Medium,FLAG
BIZ-01,5574,Discount,Medium,FLAG
BIZ-01,5595,Discount,Medium,FLAG
BIZ-01,5656,Discount,Medium,FLAG
BIZ-01,5660,Discount,Medium,FLAG
BIZ-01,5666,Discount,Medium,FLAG
BIZ-01,5679,Discount,Medium,FLAG
BIZ-01,5698,Discount,Medium,FLAG
BIZ-01,5699,Discount,Medium,FLAG
BIZ-01,5752,Discount,Medium,FLAG
BIZ-01,5757,Discount,Medium,FLAG
BIZ-01,5760,Discount,Medium,FLAG
BIZ-01,5786,Discount,Medium,FLAG
BIZ-01,5788,Discount,Medium,FLAG
BIZ-01,5791,Discount,Medium,FLAG
BIZ-01,5836,Discount,Medium,FLAG
BIZ-01,5837,Discount,Medium,FLAG
BIZ-01,5858,Discount,Medium,FLAG
BIZ-01,5859,Discount,Medium,FLAG
BIZ-01,5870,Discount,Medium,FLAG
BIZ-01,5931,Discount,Medium,FLAG
BIZ-01,5957,Discount,Medium,FLAG
BIZ-01,6004,Discount,Medium,FLAG
BIZ-01,6005,Discount,Medium,FLAG
BIZ-01,6036,Discount,Medium,FLAG
BIZ-01,6037,Discount,Medium,FLAG
BIZ-01,6049,Discount,Medium,FLAG
BIZ-01,6050,Discount,Medium,FLAG
BIZ-01,6056,Discount,Medium,FLAG
BIZ-01,6057,Discount,Medium,FLAG
BIZ-01,6083,Discount,Medium,FLAG
BIZ-01,6084,Discount,Medium,FLAG
BIZ-01,6088,Discount,Medium,FLAG
BIZ-01,6091,Discount,Medium,FLAG
BIZ-01,6108,Discount,Medium,FLAG
BIZ-01,6111,Discount,Medium,FLAG
BIZ-01,6123,Discount,Medium,FLAG
BIZ-01,6138,Discount,Medium,FLAG
BIZ-01,6165,Discount,Medium,FLAG
BIZ-01,6195,Discount,Medium,FLAG
BIZ-01,6227,Discount,Medium,FLAG
BIZ-01,6244,Discount,Medium,FLAG
BIZ-01,6253,Discount,Medium,FLAG
BIZ-01,6258,Discount,Medium,FLAG
BIZ-01,6264,Discount,Medium,FLAG
BIZ-01,6302,Discount,Medium,FLAG
BIZ-01,6352,Discount,Medium,FLAG
BIZ-01,6354,Discount,Medium,FLAG
BIZ-01,6371,Discount,Medium,FLAG
BIZ-01,6383,Discount,Medium,FLAG
BIZ-01,6385,Discount,Medium,FLAG
BIZ-01,6388,Discount,Medium,FLAG
BIZ-01,6416,Discount,Medium,FLAG
BIZ-01,6428,Discount,Medium,FLAG
BIZ-01,6433,Discount,Medium,FLAG
BIZ-01,6448,Discount,Medium,FLAG
BIZ-01,6476,Discount,Medium,FLAG
BIZ-01,6477,Discount,Medium,FLAG
BIZ-01,6489,Discount,Medium,FLAG
BIZ-01,6505,Discount,Medium,FLAG
BIZ-01,6527,Discount,Medium,FLAG
BIZ-01,6528,Discount,Medium,FLAG
BIZ-01,6532,Discount,Medium,FLAG
BIZ-01,6546,Discount,Medium,FLAG
BIZ-01,6558,Discount,Medium,FLAG
BIZ-01,6563,Discount,Medium,FLAG
BIZ-01,6568,Discount,Medium,FLAG
BIZ-01,6597,Discount,Medium,FLAG
BIZ-01,6599,Discount,Medium,FLAG
BIZ-01,6631,Discount,Medium,FLAG
BIZ-01,6636,Discount,Medium,FLAG
BIZ-01,6648,Discount,Medium,FLAG
BIZ-01,6650,Discount,Medium,FLAG
BIZ-01,6653,Discount,Medium,FLAG
BIZ-01,6661,Discount,Medium,FLAG
BIZ-01,6687,Discount,Medium,FLAG
BIZ-01,6704,Discount,Medium,FLAG
BIZ-01,6714,Discount,Medium,FLAG
BIZ-01,6715,Discount,Medium,FLAG
BIZ-01,6731,Discount,Medium,FLAG
BIZ-01,6769,Discount,Medium,FLAG
BIZ-01,6773,Discount,Medium,FLAG
BIZ-01,6797,Discount,Medium,FLAG
BIZ-01,6798,Discount,Medium,FLAG
BIZ-01,6799,Discount,Medium,FLAG
BIZ-01,6800,Discount,Medium,FLAG
BIZ-01,6801,Discount,Medium,FLAG
BIZ-01,6802,Discount,Medium,FLAG
BIZ-01,6810,Discount,Medium,FLAG
BIZ-01,6811,Discount,Medium,FLAG
BIZ-01,6812,Discount,Medium,FLAG
BIZ-01,6814,Discount,Medium,FLAG
BIZ-01,6816,Discount,Medium,FLAG
BIZ-01,6820,Discount,Medium,FLAG
BIZ-01,6821,Discount,Medium,FLAG
BIZ-01,6823,Discount,Medium,FLAG
BIZ-01,6842,Discount,Medium,FLAG
BIZ-01,6875,Discount,Medium,FLAG
BIZ-01,6879,Discount,Medium,FLAG
BIZ-01,6899,Discount,Medium,FLAG
BIZ-01,6901,Discount,Medium,FLAG
BIZ-01,6905,Discount,Medium,FLAG
BIZ-01,6911,Discount,Medium,FLAG
BIZ-01,6917,Discount,Medium,FLAG
BIZ-01,6921,Discount,Medium,FLAG
BIZ-01,6938,Discount,Medium,FLAG
BIZ-01,6975,Discount,Medium,FLAG
BIZ-01,6991,Discount,Medium,FLAG
BIZ-01,6998,Discount,Medium,FLAG
BIZ-01,7008,Discount,Medium,FLAG
BIZ-01,7009,Discount,Medium,FLAG
BIZ-01,7069,Discount,Medium,FLAG
BIZ-01,7076,Discount,Medium,FLAG
BIZ-01,7079,Discount,Medium,FLAG
BIZ-01,7084,Discount,Medium,FLAG
BIZ-01,7087,Discount,Medium,FLAG
BIZ-01,7104,Discount,Medium,FLAG
BIZ-01,7122,Discount,Medium,FLAG
BIZ-01,7138,Discount,Medium,FLAG
BIZ-01,7140,Discount,Medium,FLAG
BIZ-01,7146,Discount,Medium,FLAG
BIZ-01,7153,Discount,Medium,FLAG
BIZ-01,7155,Discount,Medium,FLAG
BIZ-01,7177,Discount,Medium,FLAG
BIZ-01,7179,Discount,Medium,FLAG
BIZ-01,7180,Discount,Medium,FLAG
BIZ-01,7189,Discount,Medium,FLAG
BIZ-01,7190,Discount,Medium,FLAG
BIZ-01,7193,Discount,Medium,FLAG
BIZ-01,7205,Discount,Medium,FLAG
BIZ-01,7222,Discount,Medium,FLAG
BIZ-01,7239,Discount,Medium,FLAG
BIZ-01,7249,Discount,Medium,FLAG
BIZ-01,7268,Discount,Medium,FLAG
BIZ-01,7275,Discount,Medium,FLAG
BIZ-01,7283,Discount,Medium,FLAG
BIZ-01,7284,Discount,Medium,FLAG
BIZ-01,7294,Discount,Medium,FLAG
BIZ-01,7300,Discount,Medium,FLAG
BIZ-01,7301,Discount,Medium,FLAG
BIZ-01,7303,Discount,Medium,FLAG
BIZ-01,7313,Discount,Medium,FLAG
BIZ-01,7314,Discount,Medium,FLAG
BIZ-01,7320,Discount,Medium,FLAG
BIZ-01,7332,Discount,Medium,FLAG
BIZ-01,7334,Discount,Medium,FLAG
BIZ-01,7350,Discount,Medium,FLAG
BIZ-01,7367,Discount,Medium,FLAG
BIZ-01,7370,Discount,Medium,FLAG
BIZ-01,7420,Discount,Medium,FLAG
BIZ-01,7422,Discount,Medium,FLAG
BIZ-01,7424,Discount,Medium,FLAG
BIZ-01,7428,Discount,Medium,FLAG
BIZ-01,7435,Discount,Medium,FLAG
BIZ-01,7448,Discount,Medium,FLAG
BIZ-01,7453,Discount,Medium,FLAG
BIZ-01,7472,Discount,Medium,FLAG
BIZ-01,7496,Discount,Medium,FLAG
BIZ-01,7507,Discount,Medium,FLAG
BIZ-01,7523,Discount,Medium,FLAG
BIZ-01,7524,Discount,Medium,FLAG
BIZ-01,7538,Discount,Medium,FLAG
BIZ-01,7541,Discount,Medium,FLAG
BIZ-01,7542,Discount,Medium,FLAG
BIZ-01,7549,Discount,Medium,FLAG
BIZ-01,7550,Discount,Medium,FLAG
BIZ-01,7551,Discount,Medium,FLAG
BIZ-01,7556,Discount,Medium,FLAG
BIZ-01,7602,Discount,Medium,FLAG
BIZ-01,7606,Discount,Medium,FLAG
BIZ-01,7607,Discount,Medium,FLAG
BIZ-01,7617,Discount,Medium,FLAG
BIZ-01,7643,Discount,Medium,FLAG
BIZ-01,7644,Discount,Medium,FLAG
BIZ-01,7645,Discount,Medium,FLAG
BIZ-01,7648,Discount,Medium,FLAG
BIZ-01,7660,Discount,Medium,FLAG
BIZ-01,7662,Discount,Medium,FLAG
BIZ-01,7663,Discount,Medium,FLAG
BIZ-01,7698,Discount,Medium,FLAG
BIZ-01,7711,Discount,Medium,FLAG
BIZ-01,7719,Discount,Medium,FLAG
BIZ-01,7773,Discount,Medium,FLAG
BIZ-01,7774,Discount,Medium,FLAG
BIZ-01,7783,Discount,Medium,FLAG
BIZ-01,7788,Discount,Medium,FLAG
BIZ-01,7790,Discount,Medium,FLAG
BIZ-01,7792,Discount,Medium,FLAG
BIZ-01,7793,Discount,Medium,FLAG
BIZ-01,7808,Discount,Medium,FLAG
BIZ-01,7809,Discount,Medium,FLAG
BIZ-01,7849,Discount,Medium,FLAG
BIZ-01,7854,Discount,Medium,FLAG
BIZ-01,7862,Discount,Medium,FLAG
BIZ-01,7868,Discount,Medium,FLAG
BIZ-01,7880,Discount,Medium,FLAG
BIZ-01,7900,Discount,Medium,FLAG
BIZ-01,7908,Discount,Medium,FLAG
BIZ-01,7914,Discount,Medium,FLAG
BIZ-01,7925,Discount,Medium,FLAG
BIZ-01,7944,Discount,Medium,FLAG
BIZ-01,7947,Discount,Medium,FLAG
BIZ-01,7948,Discount,Medium,FLAG
BIZ-01,7951,Discount,Medium,FLAG
BIZ-01,7964,Discount,Medium,FLAG
BIZ-01,7969,Discount,Medium,FLAG
BIZ-01,7975,Discount,Medium,FLAG
BIZ-01,7977,Discount,Medium,FLAG
BIZ-01,7993,Discount,Medium,FLAG
BIZ-01,7995,Discount,Medium,FLAG
BIZ-01,7996,Discount,Medium,FLAG
BIZ-01,7997,Discount,Medium,FLAG
BIZ-01,8023,Discount,Medium,FLAG
BIZ-01,8026,Discount,Medium,FLAG
BIZ-01,8032,Discount,Medium,FLAG
BIZ-01,8035,Discount,Medium,FLAG
BIZ-01,8036,Discount,Medium,FLAG
BIZ-01,8048,Discount,Medium,FLAG
BIZ-01,8051,Discount,Medium,FLAG
BIZ-01,8055,Discount,Medium,FLAG
BIZ-01,8072,Discount,Medium,FLAG
BIZ-01,8075,Discount,Medium,FLAG
BIZ-01,8076,Discount,Medium,FLAG
BIZ-01,8077,Discount,Medium,FLAG
BIZ-01,8085,Discount,Medium,FLAG
BIZ-01,8114,Discount,Medium,FLAG
BIZ-01,8127,Discount,Medium,FLAG
BIZ-01,8130,Discount,Medium,FLAG
BIZ-01,8135,Discount,Medium,FLAG
BIZ-01,8181,Discount,Medium,FLAG
BIZ-01,8184,Discount,Medium,FLAG
BIZ-01,8185,Discount,Medium,FLAG
BIZ-01,8194,Discount,Medium,FLAG
BIZ-01,8201,Discount,Medium,FLAG
BIZ-01,8210,Discount,Medium,FLAG
BIZ-01,8213,Discount,Medium,FLAG
BIZ-01,8215,Discount,Medium,FLAG
BIZ-01,8217,Discount,Medium,FLAG
BIZ-01,8218,Discount,Medium,FLAG
BIZ-01,8220,Discount,Medium,FLAG
BIZ-01,8222,Discount,Medium,FLAG
BIZ-01,8248,Discount,Medium,FLAG
BIZ-01,8251,Discount,Medium,FLAG
BIZ-01,8252,Discount,Medium,FLAG
BIZ-01,8253,Discount,Medium,FLAG
BIZ-01,8265,Discount,Medium,FLAG
BIZ-01,8269,Discount,Medium,FLAG
BIZ-01,8278,Discount,Medium,FLAG
BIZ-01,8279,Discount,Medium,FLAG
BIZ-01,8287,Discount,Medium,FLAG
BIZ-01,8294,Discount,Medium,FLAG
BIZ-01,8323,Discount,Medium,FLAG
BIZ-01,8328,Discount,Medium,FLAG
BIZ-01,8329,Discount,Medium,FLAG
BIZ-01,8354,Discount,Medium,FLAG
BIZ-01,8356,Discount,Medium,FLAG
BIZ-01,8363,Discount,Medium,FLAG
BIZ-01,8373,Discount,Medium,FLAG
BIZ-01,8399,Discount,Medium,FLAG
BIZ-01,8427,Discount,Medium,FLAG
BIZ-01,8436,Discount,Medium,FLAG
BIZ-01,8437,Discount,Medium,FLAG
BIZ-01,8445,Discount,Medium,FLAG
BIZ-01,8456,Discount,Medium,FLAG
BIZ-01,8459,Discount,Medium,FLAG
BIZ-01,8460,Discount,Medium,FLAG
BIZ-01,8461,Discount,Medium,FLAG
BIZ-01,8476,Discount,Medium,FLAG
BIZ-01,8496,Discount,Medium,FLAG
BIZ-01,8507,Discount,Medium,FLAG
BIZ-01,8514,Discount,Medium,FLAG
BIZ-01,8519,Discount,Medium,FLAG
BIZ-01,8528,Discount,Medium,FLAG
BIZ-01,8538,Discount,Medium,FLAG
BIZ-01,8563,Discount,Medium,FLAG
BIZ-01,8565,Discount,Medium,FLAG
BIZ-01,8582,Discount,Medium,FLAG
BIZ-01,8587,Discount,Medium,FLAG
BIZ-01,8622,Discount,Medium,FLAG
BIZ-01,8625,Discount,Medium,FLAG
BIZ-01,8633,Discount,Medium,FLAG
BIZ-01,8634,Discount,Medium,FLAG
BIZ-01,8636,Discount,Medium,FLAG
BIZ-01,8642,Discount,Medium,FLAG
BIZ-01,8643,Discount,Medium,FLAG
BIZ-01,8646,Discount,Medium,FLAG
BIZ-01,8651,Discount,Medium,FLAG
BIZ-01,8660,Discount,Medium,FLAG
BIZ-01,8663,Discount,Medium,FLAG
BIZ-01,8678,Discount,Medium,FLAG
BIZ-01,8680,Discount,Medium,FLAG
BIZ-01,8717,Discount,Medium,FLAG
BIZ-01,8718,Discount,Medium,FLAG
BIZ-01,8719,Discount,Medium,FLAG
BIZ-01,8724,Discount,Medium,FLAG
BIZ-01,8739,Discount,Medium,FLAG
BIZ-01,8756,Discount,Medium,FLAG
BIZ-01,8757,Discount,Medium,FLAG
BIZ-01,8767,Discount,Medium,FLAG
BIZ-01,8768,Discount,Medium,FLAG
BIZ-01,8769,Discount,Medium,FLAG
BIZ-01,8809,Discount,Medium,FLAG
BIZ-01,8823,Discount,Medium,FLAG
BIZ-01,8846,Discount,Medium,FLAG
BIZ-01,8852,Discount,Medium,FLAG
BIZ-01,8874,Discount,Medium,FLAG
BIZ-01,8875,Discount,Medium,FLAG
BIZ-01,8876,Discount,Medium,FLAG
BIZ-01,8878,Discount,Medium,FLAG
BIZ-01,8886,Discount,Medium,FLAG
BIZ-01,8887,Discount,Medium,FLAG
BIZ-01,8888,Discount,Medium,FLAG
BIZ-01,8902,Discount,Medium,FLAG
BIZ-01,8914,Discount,Medium,FLAG
BIZ-01,8917,Discount,Medium,FLAG
BIZ-01,8918,Discount,Medium,FLAG
BIZ-01,8920,Discount,Medium,FLAG
BIZ-01,8925,Discount,Medium,FLAG
BIZ-01,8927,Discount,Medium,FLAG
BIZ-01,8928,Discount,Medium,FLAG
BIZ-01,8943,Discount,Medium,FLAG
BIZ-01,8944,Discount,Medium,FLAG
BIZ-01,8959,Discount,Medium,FLAG
BIZ-01,8961,Discount,Medium,FLAG
BIZ-01,8967,Discount,Medium,FLAG
BIZ-01,8979,Discount,Medium,FLAG
BIZ-01,8981,Discount,Medium,FLAG
BIZ-01,8982,Discount,Medium,FLAG
BIZ-01,8983,Discount,Medium,FLAG
BIZ-01,8984,Discount,Medium,FLAG
BIZ-01,8985,Discount,Medium,FLAG
BIZ-01,8986,Discount,Medium,FLAG
BIZ-01,8988,Discount,Medium,FLAG
BIZ-01,9002,Discount,Medium,FLAG
BIZ-01,9023,Discount,Medium,FLAG
BIZ-01,9036,Discount,Medium,FLAG
BIZ-01,9042,Discount,Medium,FLAG
BIZ-01,9066,Discount,Medium,FLAG
BIZ-01,9077,Discount,Medium,FLAG
BIZ-01,9088,Discount,Medium,FLAG
BIZ-01,9094,Discount,Medium,FLAG
BIZ-01,9105,Discount,Medium,FLAG
BIZ-01,9106,Discount,Medium,FLAG
BIZ-01,9125,Discount,Medium,FLAG
BIZ-01,9126,Discount,Medium,FLAG
BIZ-01,9127,Discount,Medium,FLAG
BIZ-01,9130,Discount,Medium,FLAG
BIZ-01,9131,Discount,Medium,FLAG
BIZ-01,9139,Discount,Medium,FLAG
BIZ-01,9147,Discount,Medium,FLAG
BIZ-01,9161,Discount,Medium,FLAG
BIZ-01,9162,Discount,Medium,FLAG
BIZ-01,9166,Discount,Medium,FLAG
BIZ-01,9178,Discount,Medium,FLAG
BIZ-01,9192,Discount,Medium,FLAG
BIZ-01,9194,Discount,Medium,FLAG
BIZ-01,9218,Discount,Medium,FLAG
BIZ-01,9221,Discount,Medium,FLAG
BIZ-01,9225,Discount,Medium,FLAG
BIZ-01,9226,Discount,Medium,FLAG
BIZ-01,9227,Discount,Medium,FLAG
BIZ-01,9233,Discount,Medium,FLAG
BIZ-01,9242,Discount,Medium,FLAG
BIZ-01,9266,Discount,Medium,FLAG
BIZ-01,9280,Discount,Medium,FLAG
BIZ-01,9288,Discount,Medium,FLAG
BIZ-01,9294,Discount,Medium,FLAG
BIZ-01,9297,Discount,Medium,FLAG
BIZ-01,9301,Discount,Medium,FLAG
BIZ-01,9306,Discount,Medium,FLAG
BIZ-01,9323,Discount,Medium,FLAG
BIZ-01,9324,Discount,Medium,FLAG
BIZ-01,9346,Discount,Medium,FLAG
BIZ-01,9411,Discount,Medium,FLAG
BIZ-01,9415,Discount,Medium,FLAG
BIZ-01,9421,Discount,Medium,FLAG
BIZ-01,9422,Discount,Medium,FLAG
BIZ-01,9438,Discount,Medium,FLAG
BIZ-01,9457,Discount,Medium,FLAG
BIZ-01,9459,Discount,Medium,FLAG
BIZ-01,9478,Discount,Medium,FLAG
BIZ-01,9479,Discount,Medium,FLAG
BIZ-01,9481,Discount,Medium,FLAG
BIZ-01,9482,Discount,Medium,FLAG
BIZ-01,9513,Discount,Medium,FLAG
BIZ-01,9538,Discount,Medium,FLAG
BIZ-01,9544,Discount,Medium,FLAG
BIZ-01,9550,Discount,Medium,FLAG
BIZ-01,9559,Discount,Medium,FLAG
BIZ-01,9564,Discount,Medium,FLAG
BIZ-01,9568,Discount,Medium,FLAG
BIZ-01,9571,Discount,Medium,FLAG
BIZ-01,9592,Discount,Medium,FLAG
BIZ-01,9593,Discount,Medium,FLAG
BIZ-01,9594,Discount,Medium,FLAG
BIZ-01,9625,Discount,Medium,FLAG
BIZ-01,9631,Discount,Medium,FLAG
BIZ-01,9648,Discount,Medium,FLAG
BIZ-01,9656,Discount,Medium,FLAG
BIZ-01,9689,Discount,Medium,FLAG
BIZ-01,9713,Discount,Medium,FLAG
BIZ-01,9749,Discount,Medium,FLAG
BIZ-01,9776,Discount,Medium,FLAG
BIZ-01,9777,Discount,Medium,FLAG
BIZ-01,9778,Discount,Medium,FLAG
BIZ-01,9780,Discount,Medium,FLAG
BIZ-01,9781,Discount,Medium,FLAG
BIZ-01,9796,Discount,Medium,FLAG
BIZ-01,9797,Discount,Medium,FLAG
BIZ-01,9808,Discount,Medium,FLAG
BIZ-01,9810,Discount,Medium,FLAG
BIZ-01,9823,Discount,Medium,FLAG
BIZ-01,9833,Discount,Medium,FLAG
BIZ-01,9836,Discount,Medium,FLAG
BIZ-01,9837,Discount,Medium,FLAG
BIZ-01,9846,Discount,Medium,FLAG
BIZ-01,9871,Discount,Medium,FLAG
BIZ-01,9872,Discount,Medium,FLAG
BIZ-01,9879,Discount,Medium,FLAG
BIZ-01,9905,Discount,Medium,FLAG
BIZ-01,9922,Discount,Medium,FLAG
BIZ-01,9923,Discount,Medium,FLAG
BIZ-02,5,Profit,Medium,FLAG
BIZ-02,16,Profit,Medium,FLAG
BIZ-02,17,Profit,Medium,FLAG
BIZ-02,25,Profit,Medium,FLAG
BIZ-02,29,Profit,Medium,FLAG
BIZ-02,30,Profit,Medium,FLAG
BIZ-02,34,Profit,Medium,FLAG
BIZ-02,38,Profit,Medium,FLAG
BIZ-02,40,Profit,Medium,FLAG
BIZ-02,41,Profit,Medium,FLAG
BIZ-02,68,Profit,Medium,FLAG
BIZ-02,74,Profit,Medium,FLAG
BIZ-02,76,Profit,Medium,FLAG
BIZ-02,77,Profit,Medium,FLAG
BIZ-02,78,Profit,Medium,FLAG
BIZ-02,80,Profit,Medium,FLAG
BIZ-02,86,Profit,Medium,FLAG
BIZ-02,97,Profit,Medium,FLAG
BIZ-02,102,Profit,Medium,FLAG
BIZ-02,103,Profit,Medium,FLAG
BIZ-02,105,Profit,Medium,FLAG
BIZ-02,106,Profit,Medium,FLAG
BIZ-02,107,Profit,Medium,FLAG
BIZ-02,120,Profit,Medium,FLAG
BIZ-02,126,Profit,Medium,FLAG
BIZ-02,127,Profit,Medium,FLAG
BIZ-02,128,Profit,Medium,FLAG
BIZ-02,130,Profit,Medium,FLAG
BIZ-02,132,Profit,Medium,FLAG
BIZ-02,167,Profit,Medium,FLAG
BIZ-02,168,Profit,Medium,FLAG
BIZ-02,169,Profit,Medium,FLAG
BIZ-02,171,Profit,Medium,FLAG
BIZ-02,176,Profit,Medium,FLAG
BIZ-02,178,Profit,Medium,FLAG
BIZ-02,179,Profit,Medium,FLAG
BIZ-02,180,Profit,Medium,FLAG
BIZ-02,200,Profit,Medium,FLAG
BIZ-02,203,Profit,Medium,FLAG
BIZ-02,205,Profit,Medium,FLAG
BIZ-02,215,Profit,Medium,FLAG
BIZ-02,216,Profit,Medium,FLAG
BIZ-02,217,Profit,Medium,FLAG
BIZ-02,223,Profit,Medium,FLAG
BIZ-02,225,Profit,Medium,FLAG
BIZ-02,230,Profit,Medium,FLAG
BIZ-02,232,Profit,Medium,FLAG
BIZ-02,233,Profit,Medium,FLAG
BIZ-02,234,Profit,Medium,FLAG
BIZ-02,235,Profit,Medium,FLAG
BIZ-02,237,Profit,Medium,FLAG
BIZ-02,240,Profit,Medium,FLAG
BIZ-02,241,Profit,Medium,FLAG
BIZ-02,243,Profit,Medium,FLAG
BIZ-02,244,Profit,Medium,FLAG
BIZ-02,256,Profit,Medium,FLAG
BIZ-02,257,Profit,Medium,FLAG
BIZ-02,263,Profit,Medium,FLAG
BIZ-02,264,Profit,Medium,FLAG
BIZ-02,265,Profit,Medium,FLAG
BIZ-02,270,Profit,Medium,FLAG
BIZ-02,282,Profit,Medium,FLAG
BIZ-02,288,Profit,Medium,FLAG
BIZ-02,290,Profit,Medium,FLAG
BIZ-02,294,Profit,Medium,FLAG
BIZ-02,297,Profit,Medium,FLAG
BIZ-02,298,Profit,Medium,FLAG
BIZ-02,305,Profit,Medium,FLAG
BIZ-02,328,Profit,Medium,FLAG
BIZ-02,330,Profit,Medium,FLAG
BIZ-02,332,Profit,Medium,FLAG
BIZ-02,333,Profit,Medium,FLAG
BIZ-02,334,Profit,Medium,FLAG
BIZ-02,335,Profit,Medium,FLAG
BIZ-02,340,Profit,Medium,FLAG
BIZ-02,343,Profit,Medium,FLAG
BIZ-02,346,Profit,Medium,FLAG
BIZ-02,356,Profit,Medium,FLAG
BIZ-02,374,Profit,Medium,FLAG
BIZ-02,377,Profit,Medium,FLAG
BIZ-02,379,Profit,Medium,FLAG
BIZ-02,380,Profit,Medium,FLAG
BIZ-02,382,Profit,Medium,FLAG
BIZ-02,386,Profit,Medium,FLAG
BIZ-02,387,Profit,Medium,FLAG
BIZ-02,388,Profit,Medium,FLAG
BIZ-02,395,Profit,Medium,FLAG
BIZ-02,401,Profit,Medium,FLAG
BIZ-02,402,Profit,Medium,FLAG
BIZ-02,410,Profit,Medium,FLAG
BIZ-02,415,Profit,Medium,FLAG
BIZ-02,431,Profit,Medium,FLAG
BIZ-02,434,Profit,Medium,FLAG
BIZ-02,436,Profit,Medium,FLAG
BIZ-02,437,Profit,Medium,FLAG
BIZ-02,455,Profit,Medium,FLAG
BIZ-02,458,Profit,Medium,FLAG
BIZ-02,459,Profit,Medium,FLAG
BIZ-02,465,Profit,Medium,FLAG
BIZ-02,466,Profit,Medium,FLAG
BIZ-02,467,Profit,Medium,FLAG
BIZ-02,469,Profit,Medium,FLAG
BIZ-02,470,Profit,Medium,FLAG
BIZ-02,471,Profit,Medium,FLAG
BIZ-02,487,Profit,Medium,FLAG
BIZ-02,496,Profit,Medium,FLAG
BIZ-02,502,Profit,Medium,FLAG
BIZ-02,503,Profit,Medium,FLAG
BIZ-02,505,Profit,Medium,FLAG
BIZ-02,522,Profit,Medium,FLAG
BIZ-02,523,Profit,Medium,FLAG
BIZ-02,525,Profit,Medium,FLAG
BIZ-02,530,Profit,Medium,FLAG
BIZ-02,531,Profit,Medium,FLAG
BIZ-02,538,Profit,Medium,FLAG
BIZ-02,544,Profit,Medium,FLAG
BIZ-02,547,Profit,Medium,FLAG
BIZ-02,551,Profit,Medium,FLAG
BIZ-02,552,Profit,Medium,FLAG
BIZ-02,559,Profit,Medium,FLAG
BIZ-02,581,Profit,Medium,FLAG
BIZ-02,586,Profit,Medium,FLAG
BIZ-02,590,Profit,Medium,FLAG
BIZ-02,592,Profit,Medium,FLAG
BIZ-02,601,Profit,Medium,FLAG
BIZ-02,602,Profit,Medium,FLAG
BIZ-02,606,Profit,Medium,FLAG
BIZ-02,607,Profit,Medium,FLAG
BIZ-02,609,Profit,Medium,FLAG
BIZ-02,611,Profit,Medium,FLAG
BIZ-02,615,Profit,Medium,FLAG
BIZ-02,617,Profit,Medium,FLAG
BIZ-02,623,Profit,Medium,FLAG
BIZ-02,632,Profit,Medium,FLAG
BIZ-02,638,Profit,Medium,FLAG
BIZ-02,657,Profit,Medium,FLAG
BIZ-02,659,Profit,Medium,FLAG
BIZ-02,660,Profit,Medium,FLAG
BIZ-02,662,Profit,Medium,FLAG
BIZ-02,663,Profit,Medium,FLAG
BIZ-02,664,Profit,Medium,FLAG
BIZ-02,671,Profit,Medium,FLAG
BIZ-02,672,Profit,Medium,FLAG
BIZ-02,678,Profit,Medium,FLAG
BIZ-02,680,Profit,Medium,FLAG
BIZ-02,681,Profit,Medium,FLAG
BIZ-02,685,Profit,Medium,FLAG
BIZ-02,701,Profit,Medium,FLAG
BIZ-02,702,Profit,Medium,FLAG
BIZ-02,705,Profit,Medium,FLAG
BIZ-02,710,Profit,Medium,FLAG
BIZ-02,730,Profit,Medium,FLAG
BIZ-02,742,Profit,Medium,FLAG
BIZ-02,743,Profit,Medium,FLAG
BIZ-02,744,Profit,Medium,FLAG
BIZ-02,748,Profit,Medium,FLAG
BIZ-02,757,Profit,Medium,FLAG
BIZ-02,764,Profit,Medium,FLAG
BIZ-02,783,Profit,Medium,FLAG
BIZ-02,784,Profit,Medium,FLAG
BIZ-02,785,Profit,Medium,FLAG
BIZ-02,820,Profit,Medium,FLAG
BIZ-02,822,Profit,Medium,FLAG
BIZ-02,837,Profit,Medium,FLAG
BIZ-02,838,Profit,Medium,FLAG
BIZ-02,870,Profit,Medium,FLAG
BIZ-02,871,Profit,Medium,FLAG
BIZ-02,872,Profit,Medium,FLAG
BIZ-02,880,Profit,Medium,FLAG
BIZ-02,901,Profit,Medium,FLAG
BIZ-02,903,Profit,Medium,FLAG
BIZ-02,917,Profit,Medium,FLAG
BIZ-02,918,Profit,Medium,FLAG
BIZ-02,919,Profit,Medium,FLAG
BIZ-02,921,Profit,Medium,FLAG
BIZ-02,936,Profit,Medium,FLAG
BIZ-02,948,Profit,Medium,FLAG
BIZ-02,949,Profit,Medium,FLAG
BIZ-02,951,Profit,Medium,FLAG
BIZ-02,956,Profit,Medium,FLAG
BIZ-02,959,Profit,Medium,FLAG
BIZ-02,973,Profit,Medium,FLAG
BIZ-02,974,Profit,Medium,FLAG
BIZ-02,978,Profit,Medium,FLAG
BIZ-02,980,Profit,Medium,FLAG
BIZ-02,989,Profit,Medium,FLAG
BIZ-02,1004,Profit,Medium,FLAG
BIZ-02,1009,Profit,Medium,FLAG
BIZ-02,1029,Profit,Medium,FLAG
BIZ-02,1036,Profit,Medium,FLAG
BIZ-02,1037,Profit,Medium,FLAG
BIZ-02,1046,Profit,Medium,FLAG
BIZ-02,1047,Profit,Medium,FLAG
BIZ-02,1049,Profit,Medium,FLAG
BIZ-02,1052,Profit,Medium,FLAG
BIZ-02,1062,Profit,Medium,FLAG
BIZ-02,1064,Profit,Medium,FLAG
BIZ-02,1066,Profit,Medium,FLAG
BIZ-02,1068,Profit,Medium,FLAG
BIZ-02,1070,Profit,Medium,FLAG
BIZ-02,1071,Profit,Medium,FLAG
BIZ-02,1075,Profit,Medium,FLAG
BIZ-02,1076,Profit,Medium,FLAG
BIZ-02,1084,Profit,Medium,FLAG
BIZ-02,1098,Profit,Medium,FLAG
BIZ-02,1104,Profit,Medium,FLAG
BIZ-02,1105,Profit,Medium,FLAG
BIZ-02,1107,Profit,Medium,FLAG
BIZ-02,1108,Profit,Medium,FLAG
BIZ-02,1109,Profit,Medium,FLAG
BIZ-02,1114,Profit,Medium,FLAG
BIZ-02,1116,Profit,Medium,FLAG
BIZ-02,1135,Profit,Medium,FLAG
BIZ-02,1175,Profit,Medium,FLAG
BIZ-02,1198,Profit,Medium,FLAG
BIZ-02,1200,Profit,Medium,FLAG
BIZ-02,1201,Profit,Medium,FLAG
BIZ-02,1203,Profit,Medium,FLAG
BIZ-02,1206,Profit,Medium,FLAG
BIZ-02,1214,Profit,Medium,FLAG
BIZ-02,1215,Profit,Medium,FLAG
BIZ-02,1216,Profit,Medium,FLAG
BIZ-02,1221,Profit,Medium,FLAG
BIZ-02,1237,Profit,Medium,FLAG
BIZ-02,1256,Profit,Medium,FLAG
BIZ-02,1259,Profit,Medium,FLAG
BIZ-02,1260,Profit,Medium,FLAG
BIZ-02,1263,Profit,Medium,FLAG
BIZ-02,1272,Profit,Medium,FLAG
BIZ-02,1273,Profit,Medium,FLAG
BIZ-02,1274,Profit,Medium,FLAG
BIZ-02,1276,Profit,Medium,FLAG
BIZ-02,1278,Profit,Medium,FLAG
BIZ-02,1284,Profit,Medium,FLAG
BIZ-02,1286,Profit,Medium,FLAG
BIZ-02,1312,Profit,Medium,FLAG
BIZ-02,1315,Profit,Medium,FLAG
BIZ-02,1321,Profit,Medium,FLAG
BIZ-02,1322,Profit,Medium,FLAG
BIZ-02,1327,Profit,Medium,FLAG
BIZ-02,1332,Profit,Medium,FLAG
BIZ-02,1334,Profit,Medium,FLAG
BIZ-02,1335,Profit,Medium,FLAG
BIZ-02,1342,Profit,Medium,FLAG
BIZ-02,1343,Profit,Medium,FLAG
BIZ-02,1344,Profit,Medium,FLAG
BIZ-02,1352,Profit,Medium,FLAG
BIZ-02,1357,Profit,Medium,FLAG
BIZ-02,1358,Profit,Medium,FLAG
BIZ-02,1360,Profit,Medium,FLAG
BIZ-02,1364,Profit,Medium,FLAG
BIZ-02,1365,Profit,Medium,FLAG
BIZ-02,1366,Profit,Medium,FLAG
BIZ-02,1367,Profit,Medium,FLAG
BIZ-02,1369,Profit,Medium,FLAG
BIZ-02,1371,Profit,Medium,FLAG
BIZ-02,1383,Profit,Medium,FLAG
BIZ-02,1396,Profit,Medium,FLAG
BIZ-02,1397,Profit,Medium,FLAG
BIZ-02,1404,Profit,Medium,FLAG
BIZ-02,1406,Profit,Medium,FLAG
BIZ-02,1407,Profit,Medium,FLAG
BIZ-02,1411,Profit,Medium,FLAG
BIZ-02,1420,Profit,Medium,FLAG
BIZ-02,1422,Profit,Medium,FLAG
BIZ-02,1424,Profit,Medium,FLAG
BIZ-02,1425,Profit,Medium,FLAG
BIZ-02,1427,Profit,Medium,FLAG
BIZ-02,1432,Profit,Medium,FLAG
BIZ-02,1440,Profit,Medium,FLAG
BIZ-02,1447,Profit,Medium,FLAG
BIZ-02,1448,Profit,Medium,FLAG
BIZ-02,1450,Profit,Medium,FLAG
BIZ-02,1452,Profit,Medium,FLAG
BIZ-02,1463,Profit,Medium,FLAG
BIZ-02,1465,Profit,Medium,FLAG
BIZ-02,1467,Profit,Medium,FLAG
BIZ-02,1468,Profit,Medium,FLAG
BIZ-02,1475,Profit,Medium,FLAG
BIZ-02,1498,Profit,Medium,FLAG
BIZ-02,1503,Profit,Medium,FLAG
BIZ-02,1507,Profit,Medium,FLAG
BIZ-02,1515,Profit,Medium,FLAG
BIZ-02,1516,Profit,Medium,FLAG
BIZ-02,1517,Profit,Medium,FLAG
BIZ-02,1526,Profit,Medium,FLAG
BIZ-02,1549,Profit,Medium,FLAG
BIZ-02,1552,Profit,Medium,FLAG
BIZ-02,1564,Profit,Medium,FLAG
BIZ-02,1568,Profit,Medium,FLAG
BIZ-02,1569,Profit,Medium,FLAG
BIZ-02,1572,Profit,Medium,FLAG
BIZ-02,1576,Profit,Medium,FLAG
BIZ-02,1577,Profit,Medium,FLAG
BIZ-02,1582,Profit,Medium,FLAG
BIZ-02,1596,Profit,Medium,FLAG
BIZ-02,1597,Profit,Medium,FLAG
BIZ-02,1602,Profit,Medium,FLAG
BIZ-02,1616,Profit,Medium,FLAG
BIZ-02,1631,Profit,Medium,FLAG
BIZ-02,1638,Profit,Medium,FLAG
BIZ-02,1639,Profit,Medium,FLAG
BIZ-02,1648,Profit,Medium,FLAG
BIZ-02,1649,Profit,Medium,FLAG
BIZ-02,1650,Profit,Medium,FLAG
BIZ-02,1651,Profit,Medium,FLAG
BIZ-02,1663,Profit,Medium,FLAG
BIZ-02,1664,Profit,Medium,FLAG
BIZ-02,1666,Profit,Medium,FLAG
BIZ-02,1668,Profit,Medium,FLAG
BIZ-02,1671,Profit,Medium,FLAG
BIZ-02,1676,Profit,Medium,FLAG
BIZ-02,1677,Profit,Medium,FLAG
BIZ-02,1680,Profit,Medium,FLAG
BIZ-02,1683,Profit,Medium,FLAG
BIZ-02,1687,Profit,Medium,FLAG
BIZ-02,1688,Profit,Medium,FLAG
BIZ-02,1691,Profit,Medium,FLAG
BIZ-02,1706,Profit,Medium,FLAG
BIZ-02,1707,Profit,Medium,FLAG
BIZ-02,1711,Profit,Medium,FLAG
BIZ-02,1715,Profit,Medium,FLAG
BIZ-02,1716,Profit,Medium,FLAG
BIZ-02,1725,Profit,Medium,FLAG
BIZ-02,1729,Profit,Medium,FLAG
BIZ-02,1734,Profit,Medium,FLAG
BIZ-02,1745,Profit,Medium,FLAG
BIZ-02,1746,Profit,Medium,FLAG
BIZ-02,1748,Profit,Medium,FLAG
BIZ-02,1752,Profit,Medium,FLAG
BIZ-02,1759,Profit,Medium,FLAG
BIZ-02,1762,Profit,Medium,FLAG
BIZ-02,1764,Profit,Medium,FLAG
BIZ-02,1769,Profit,Medium,FLAG
BIZ-02,1770,Profit,Medium,FLAG
BIZ-02,1771,Profit,Medium,FLAG
BIZ-02,1772,Profit,Medium,FLAG
BIZ-02,1773,Profit,Medium,FLAG
BIZ-02,1804,Profit,Medium,FLAG
BIZ-02,1805,Profit,Medium,FLAG
BIZ-02,1811,Profit,Medium,FLAG
BIZ-02,1816,Profit,Medium,FLAG
BIZ-02,1820,Profit,Medium,FLAG
BIZ-02,1821,Profit,Medium,FLAG
BIZ-02,1822,Profit,Medium,FLAG
BIZ-02,1824,Profit,Medium,FLAG
BIZ-02,1826,Profit,Medium,FLAG
BIZ-02,1831,Profit,Medium,FLAG
BIZ-02,1835,Profit,Medium,FLAG
BIZ-02,1845,Profit,Medium,FLAG
BIZ-02,1858,Profit,Medium,FLAG
BIZ-02,1859,Profit,Medium,FLAG
BIZ-02,1862,Profit,Medium,FLAG
BIZ-02,1865,Profit,Medium,FLAG
BIZ-02,1867,Profit,Medium,FLAG
BIZ-02,1870,Profit,Medium,FLAG
BIZ-02,1877,Profit,Medium,FLAG
BIZ-02,1879,Profit,Medium,FLAG
BIZ-02,1881,Profit,Medium,FLAG
BIZ-02,1889,Profit,Medium,FLAG
BIZ-02,1891,Profit,Medium,FLAG
BIZ-02,1900,Profit,Medium,FLAG
BIZ-02,1901,Profit,Medium,FLAG
BIZ-02,1908,Profit,Medium,FLAG
BIZ-02,1909,Profit,Medium,FLAG
BIZ-02,1939,Profit,Medium,FLAG
BIZ-02,1940,Profit,Medium,FLAG
BIZ-02,1941,Profit,Medium,FLAG
BIZ-02,1945,Profit,Medium,FLAG
BIZ-02,1950,Profit,Medium,FLAG
BIZ-02,1974,Profit,Medium,FLAG
BIZ-02,1976,Profit,Medium,FLAG
BIZ-02,1993,Profit,Medium,FLAG
BIZ-02,1996,Profit,Medium,FLAG
BIZ-02,1997,Profit,Medium,FLAG
BIZ-02,1998,Profit,Medium,FLAG
BIZ-02,2006,Profit,Medium,FLAG
BIZ-02,2009,Profit,Medium,FLAG
BIZ-02,2041,Profit,Medium,FLAG
BIZ-02,2042,Profit,Medium,FLAG
BIZ-02,2051,Profit,Medium,FLAG
BIZ-02,2052,Profit,Medium,FLAG
BIZ-02,2053,Profit,Medium,FLAG
BIZ-02,2067,Profit,Medium,FLAG
BIZ-02,2071,Profit,Medium,FLAG
BIZ-02,2072,Profit,Medium,FLAG
BIZ-02,2073,Profit,Medium,FLAG
BIZ-02,2093,Profit,Medium,FLAG
BIZ-02,2102,Profit,Medium,FLAG
BIZ-02,2104,Profit,Medium,FLAG
BIZ-02,2108,Profit,Medium,FLAG
BIZ-02,2118,Profit,Medium,FLAG
BIZ-02,2122,Profit,Medium,FLAG
BIZ-02,2123,Profit,Medium,FLAG
BIZ-02,2135,Profit,Medium,FLAG
BIZ-02,2136,Profit,Medium,FLAG
BIZ-02,2138,Profit,Medium,FLAG
BIZ-02,2139,Profit,Medium,FLAG
BIZ-02,2143,Profit,Medium,FLAG
BIZ-02,2145,Profit,Medium,FLAG
BIZ-02,2147,Profit,Medium,FLAG
BIZ-02,2148,Profit,Medium,FLAG
BIZ-02,2149,Profit,Medium,FLAG
BIZ-02,2152,Profit,Medium,FLAG
BIZ-02,2156,Profit,Medium,FLAG
BIZ-02,2161,Profit,Medium,FLAG
BIZ-02,2167,Profit,Medium,FLAG
BIZ-02,2169,Profit,Medium,FLAG
BIZ-02,2171,Profit,Medium,FLAG
BIZ-02,2172,Profit,Medium,FLAG
BIZ-02,2173,Profit,Medium,FLAG
BIZ-02,2175,Profit,Medium,FLAG
BIZ-02,2208,Profit,Medium,FLAG
BIZ-02,2223,Profit,Medium,FLAG
BIZ-02,2225,Profit,Medium,FLAG
BIZ-02,2227,Profit,Medium,FLAG
BIZ-02,2230,Profit,Medium,FLAG
BIZ-02,2240,Profit,Medium,FLAG
BIZ-02,2243,Profit,Medium,FLAG
BIZ-02,2281,Profit,Medium,FLAG
BIZ-02,2282,Profit,Medium,FLAG
BIZ-02,2307,Profit,Medium,FLAG
BIZ-02,2314,Profit,Medium,FLAG
BIZ-02,2331,Profit,Medium,FLAG
BIZ-02,2345,Profit,Medium,FLAG
BIZ-02,2348,Profit,Medium,FLAG
BIZ-02,2359,Profit,Medium,FLAG
BIZ-02,2360,Profit,Medium,FLAG
BIZ-02,2361,Profit,Medium,FLAG
BIZ-02,2364,Profit,Medium,FLAG
BIZ-02,2368,Profit,Medium,FLAG
BIZ-02,2370,Profit,Medium,FLAG
BIZ-02,2373,Profit,Medium,FLAG
BIZ-02,2376,Profit,Medium,FLAG
BIZ-02,2378,Profit,Medium,FLAG
BIZ-02,2405,Profit,Medium,FLAG
BIZ-02,2407,Profit,Medium,FLAG
BIZ-02,2423,Profit,Medium,FLAG
BIZ-02,2426,Profit,Medium,FLAG
BIZ-02,2427,Profit,Medium,FLAG
BIZ-02,2429,Profit,Medium,FLAG
BIZ-02,2430,Profit,Medium,FLAG
BIZ-02,2431,Profit,Medium,FLAG
BIZ-02,2439,Profit,Medium,FLAG
BIZ-02,2443,Profit,Medium,FLAG
BIZ-02,2449,Profit,Medium,FLAG
BIZ-02,2473,Profit,Medium,FLAG
BIZ-02,2475,Profit,Medium,FLAG
BIZ-02,2479,Profit,Medium,FLAG
BIZ-02,2482,Profit,Medium,FLAG
BIZ-02,2495,Profit,Medium,FLAG
BIZ-02,2503,Profit,Medium,FLAG
BIZ-02,2504,Profit,Medium,FLAG
BIZ-02,2509,Profit,Medium,FLAG
BIZ-02,2514,Profit,Medium,FLAG
BIZ-02,2516,Profit,Medium,FLAG
BIZ-02,2528,Profit,Medium,FLAG
BIZ-02,2529,Profit,Medium,FLAG
BIZ-02,2536,Profit,Medium,FLAG
BIZ-02,2538,Profit,Medium,FLAG
BIZ-02,2539,Profit,Medium,FLAG
BIZ-02,2540,Profit,Medium,FLAG
BIZ-02,2541,Profit,Medium,FLAG
BIZ-02,2548,Profit,Medium,FLAG
BIZ-02,2558,Profit,Medium,FLAG
BIZ-02,2571,Profit,Medium,FLAG
BIZ-02,2592,Profit,Medium,FLAG
BIZ-02,2593,Profit,Medium,FLAG
BIZ-02,2607,Profit,Medium,FLAG
BIZ-02,2611,Profit,Medium,FLAG
BIZ-02,2614,Profit,Medium,FLAG
BIZ-02,2630,Profit,Medium,FLAG
BIZ-02,2631,Profit,Medium,FLAG
BIZ-02,2637,Profit,Medium,FLAG
BIZ-02,2666,Profit,Medium,FLAG
BIZ-02,2667,Profit,Medium,FLAG
BIZ-02,2679,Profit,Medium,FLAG
BIZ-02,2680,Profit,Medium,FLAG
BIZ-02,2688,Profit,Medium,FLAG
BIZ-02,2689,Profit,Medium,FLAG
BIZ-02,2692,Profit,Medium,FLAG
BIZ-02,2698,Profit,Medium,FLAG
BIZ-02,2699,Profit,Medium,FLAG
BIZ-02,2712,Profit,Medium,FLAG
BIZ-02,2721,Profit,Medium,FLAG
BIZ-02,2727,Profit,Medium,FLAG
BIZ-02,2728,Profit,Medium,FLAG
BIZ-02,2729,Profit,Medium,FLAG
BIZ-02,2748,Profit,Medium,FLAG
BIZ-02,2749,Profit,Medium,FLAG
BIZ-02,2750,Profit,Medium,FLAG
BIZ-02,2765,Profit,Medium,FLAG
BIZ-02,2766,Profit,Medium,FLAG
BIZ-02,2770,Profit,Medium,FLAG
BIZ-02,2771,Profit,Medium,FLAG
BIZ-02,2779,Profit,Medium,FLAG
BIZ-02,2785,Profit,Medium,FLAG
BIZ-02,2786,Profit,Medium,FLAG
BIZ-02,2789,Profit,Medium,FLAG
BIZ-02,2791,Profit,Medium,FLAG
BIZ-02,2798,Profit,Medium,FLAG
BIZ-02,2807,Profit,Medium,FLAG
BIZ-02,2825,Profit,Medium,FLAG
BIZ-02,2827,Profit,Medium,FLAG
BIZ-02,2828,Profit,Medium,FLAG
BIZ-02,2833,Profit,Medium,FLAG
BIZ-02,2840,Profit,Medium,FLAG
BIZ-02,2844,Profit,Medium,FLAG
BIZ-02,2845,Profit,Medium,FLAG
BIZ-02,2846,Profit,Medium,FLAG
BIZ-02,2848,Profit,Medium,FLAG
BIZ-02,2851,Profit,Medium,FLAG
BIZ-02,2852,Profit,Medium,FLAG
BIZ-02,2869,Profit,Medium,FLAG
BIZ-02,2870,Profit,Medium,FLAG
BIZ-02,2873,Profit,Medium,FLAG
BIZ-02,2877,Profit,Medium,FLAG
BIZ-02,2884,Profit,Medium,FLAG
BIZ-02,2887,Profit,Medium,FLAG
BIZ-02,2900,Profit,Medium,FLAG
BIZ-02,2906,Profit,Medium,FLAG
BIZ-02,2924,Profit,Medium,FLAG
BIZ-02,2930,Profit,Medium,FLAG
BIZ-02,2954,Profit,Medium,FLAG
BIZ-02,2959,Profit,Medium,FLAG
BIZ-02,2968,Profit,Medium,FLAG
BIZ-02,2972,Profit,Medium,FLAG
BIZ-02,2974,Profit,Medium,FLAG
BIZ-02,2976,Profit,Medium,FLAG
BIZ-02,2978,Profit,Medium,FLAG
BIZ-02,2986,Profit,Medium,FLAG
BIZ-02,3001,Profit,Medium,FLAG
BIZ-02,3003,Profit,Medium,FLAG
BIZ-02,3012,Profit,Medium,FLAG
BIZ-02,3013,Profit,Medium,FLAG
BIZ-02,3014,Profit,Medium,FLAG
BIZ-02,3015,Profit,Medium,FLAG
BIZ-02,3017,Profit,Medium,FLAG
BIZ-02,3018,Profit,Medium,FLAG
BIZ-02,3019,Profit,Medium,FLAG
BIZ-02,3020,Profit,Medium,FLAG
BIZ-02,3025,Profit,Medium,FLAG
BIZ-02,3034,Profit,Medium,FLAG
BIZ-02,3041,Profit,Medium,FLAG
BIZ-02,3046,Profit,Medium,FLAG
BIZ-02,3061,Profit,Medium,FLAG
BIZ-02,3078,Profit,Medium,FLAG
BIZ-02,3079,Profit,Medium,FLAG
BIZ-02,3086,Profit,Medium,FLAG
BIZ-02,3088,Profit,Medium,FLAG
BIZ-02,3089,Profit,Medium,FLAG
BIZ-02,3098,Profit,Medium,FLAG
BIZ-02,3100,Profit,Medium,FLAG
BIZ-02,3105,Profit,Medium,FLAG
BIZ-02,3117,Profit,Medium,FLAG
BIZ-02,3120,Profit,Medium,FLAG
BIZ-02,3124,Profit,Medium,FLAG
BIZ-02,3125,Profit,Medium,FLAG
BIZ-02,3128,Profit,Medium,FLAG
BIZ-02,3136,Profit,Medium,FLAG
BIZ-02,3137,Profit,Medium,FLAG
BIZ-02,3140,Profit,Medium,FLAG
BIZ-02,3141,Profit,Medium,FLAG
BIZ-02,3143,Profit,Medium,FLAG
BIZ-02,3146,Profit,Medium,FLAG
BIZ-02,3153,Profit,Medium,FLAG
BIZ-02,3154,Profit,Medium,FLAG
BIZ-02,3158,Profit,Medium,FLAG
BIZ-02,3161,Profit,Medium,FLAG
BIZ-02,3162,Profit,Medium,FLAG
BIZ-02,3170,Profit,Medium,FLAG
BIZ-02,3173,Profit,Medium,FLAG
BIZ-02,3177,Profit,Medium,FLAG
BIZ-02,3187,Profit,Medium,FLAG
BIZ-02,3192,Profit,Medium,FLAG
BIZ-02,3194,Profit,Medium,FLAG
BIZ-02,3195,Profit,Medium,FLAG
BIZ-02,3199,Profit,Medium,FLAG
BIZ-02,3213,Profit,Medium,FLAG
BIZ-02,3228,Profit,Medium,FLAG
BIZ-02,3230,Profit,Medium,FLAG
BIZ-02,3233,Profit,Medium,FLAG
BIZ-02,3234,Profit,Medium,FLAG
BIZ-02,3235,Profit,Medium,FLAG
BIZ-02,3237,Profit,Medium,FLAG
BIZ-02,3240,Profit,Medium,FLAG
BIZ-02,3242,Profit,Medium,FLAG
BIZ-02,3244,Profit,Medium,FLAG
BIZ-02,3246,Profit,Medium,FLAG
BIZ-02,3259,Profit,Medium,FLAG
BIZ-02,3260,Profit,Medium,FLAG
BIZ-02,3261,Profit,Medium,FLAG
BIZ-02,3286,Profit,Medium,FLAG
BIZ-02,3296,Profit,Medium,FLAG
BIZ-02,3298,Profit,Medium,FLAG
BIZ-02,3301,Profit,Medium,FLAG
BIZ-02,3302,Profit,Medium,FLAG
BIZ-02,3303,Profit,Medium,FLAG
BIZ-02,3305,Profit,Medium,FLAG
BIZ-02,3309,Profit,Medium,FLAG
BIZ-02,3318,Profit,Medium,FLAG
BIZ-02,3326,Profit,Medium,FLAG
BIZ-02,3327,Profit,Medium,FLAG
BIZ-02,3335,Profit,Medium,FLAG
BIZ-02,3350,Profit,Medium,FLAG
BIZ-02,3356,Profit,Medium,FLAG
BIZ-02,3360,Profit,Medium,FLAG
BIZ-02,3361,Profit,Medium,FLAG
BIZ-02,3366,Profit,Medium,FLAG
BIZ-02,3380,Profit,Medium,FLAG
BIZ-02,3390,Profit,Medium,FLAG
BIZ-02,3391,Profit,Medium,FLAG
BIZ-02,3394,Profit,Medium,FLAG
BIZ-02,3395,Profit,Medium,FLAG
BIZ-02,3404,Profit,Medium,FLAG
BIZ-02,3405,Profit,Medium,FLAG
BIZ-02,3407,Profit,Medium,FLAG
BIZ-02,3408,Profit,Medium,FLAG
BIZ-02,3409,Profit,Medium,FLAG
BIZ-02,3430,Profit,Medium,FLAG
BIZ-02,3437,Profit,Medium,FLAG
BIZ-02,3438,Profit,Medium,FLAG
BIZ-02,3439,Profit,Medium,FLAG
BIZ-02,3440,Profit,Medium,FLAG
BIZ-02,3446,Profit,Medium,FLAG
BIZ-02,3460,Profit,Medium,FLAG
BIZ-02,3461,Profit,Medium,FLAG
BIZ-02,3482,Profit,Medium,FLAG
BIZ-02,3489,Profit,Medium,FLAG
BIZ-02,3490,Profit,Medium,FLAG
BIZ-02,3491,Profit,Medium,FLAG
BIZ-02,3508,Profit,Medium,FLAG
BIZ-02,3509,Profit,Medium,FLAG
BIZ-02,3512,Profit,Medium,FLAG
BIZ-02,3513,Profit,Medium,FLAG
BIZ-02,3514,Profit,Medium,FLAG
BIZ-02,3521,Profit,Medium,FLAG
BIZ-02,3530,Profit,Medium,FLAG
BIZ-02,3544,Profit,Medium,FLAG
BIZ-02,3547,Profit,Medium,FLAG
BIZ-02,3553,Profit,Medium,FLAG
BIZ-02,3555,Profit,Medium,FLAG
BIZ-02,3563,Profit,Medium,FLAG
BIZ-02,3564,Profit,Medium,FLAG
BIZ-02,3569,Profit,Medium,FLAG
BIZ-02,3589,Profit,Medium,FLAG
BIZ-02,3595,Profit,Medium,FLAG
BIZ-02,3599,Profit,Medium,FLAG
BIZ-02,3601,Profit,Medium,FLAG
BIZ-02,3604,Profit,Medium,FLAG
BIZ-02,3612,Profit,Medium,FLAG
BIZ-02,3616,Profit,Medium,FLAG
BIZ-02,3618,Profit,Medium,FLAG
BIZ-02,3636,Profit,Medium,FLAG
BIZ-02,3642,Profit,Medium,FLAG
BIZ-02,3643,Profit,Medium,FLAG
BIZ-02,3650,Profit,Medium,FLAG
BIZ-02,3657,Profit,Medium,FLAG
BIZ-02,3667,Profit,Medium,FLAG
BIZ-02,3669,Profit,Medium,FLAG
BIZ-02,3670,Profit,Medium,FLAG
BIZ-02,3675,Profit,Medium,FLAG
BIZ-02,3676,Profit,Medium,FLAG
BIZ-02,3689,Profit,Medium,FLAG
BIZ-02,3692,Profit,Medium,FLAG
BIZ-02,3709,Profit,Medium,FLAG
BIZ-02,3710,Profit,Medium,FLAG
BIZ-02,3725,Profit,Medium,FLAG
BIZ-02,3758,Profit,Medium,FLAG
BIZ-02,3766,Profit,Medium,FLAG
BIZ-02,3767,Profit,Medium,FLAG
BIZ-02,3772,Profit,Medium,FLAG
BIZ-02,3773,Profit,Medium,FLAG
BIZ-02,3785,Profit,Medium,FLAG
BIZ-02,3787,Profit,Medium,FLAG
BIZ-02,3793,Profit,Medium,FLAG
BIZ-02,3797,Profit,Medium,FLAG
BIZ-02,3800,Profit,Medium,FLAG
BIZ-02,3809,Profit,Medium,FLAG
BIZ-02,3810,Profit,Medium,FLAG
BIZ-02,3811,Profit,Medium,FLAG
BIZ-02,3822,Profit,Medium,FLAG
BIZ-02,3835,Profit,Medium,FLAG
BIZ-02,3836,Profit,Medium,FLAG
BIZ-02,3840,Profit,Medium,FLAG
BIZ-02,3847,Profit,Medium,FLAG
BIZ-02,3854,Profit,Medium,FLAG
BIZ-02,3857,Profit,Medium,FLAG
BIZ-02,3861,Profit,Medium,FLAG
BIZ-02,3866,Profit,Medium,FLAG
BIZ-02,3876,Profit,Medium,FLAG
BIZ-02,3879,Profit,Medium,FLAG
BIZ-02,3883,Profit,Medium,FLAG
BIZ-02,3884,Profit,Medium,FLAG
BIZ-02,3887,Profit,Medium,FLAG
BIZ-02,3896,Profit,Medium,FLAG
BIZ-02,3903,Profit,Medium,FLAG
BIZ-02,3907,Profit,Medium,FLAG
BIZ-02,3908,Profit,Medium,FLAG
BIZ-02,3909,Profit,Medium,FLAG
BIZ-02,3910,Profit,Medium,FLAG
BIZ-02,3912,Profit,Medium,FLAG
BIZ-02,3916,Profit,Medium,FLAG
BIZ-02,3919,Profit,Medium,FLAG
BIZ-02,3920,Profit,Medium,FLAG
BIZ-02,3930,Profit,Medium,FLAG
BIZ-02,3940,Profit,Medium,FLAG
BIZ-02,3948,Profit,Medium,FLAG
BIZ-02,3952,Profit,Medium,FLAG
BIZ-02,3959,Profit,Medium,FLAG
BIZ-02,3969,Profit,Medium,FLAG
BIZ-02,3970,Profit,Medium,FLAG
BIZ-02,3980,Profit,Medium,FLAG
BIZ-02,3981,Profit,Medium,FLAG
BIZ-02,3984,Profit,Medium,FLAG
BIZ-02,3992,Profit,Medium,FLAG
BIZ-02,4004,Profit,Medium,FLAG
BIZ-02,4022,Profit,Medium,FLAG
BIZ-02,4023,Profit,Medium,FLAG
BIZ-02,4030,Profit,Medium,FLAG
BIZ-02,4036,Profit,Medium,FLAG
BIZ-02,4047,Profit,Medium,FLAG
BIZ-02,4048,Profit,Medium,FLAG
BIZ-02,4054,Profit,Medium,FLAG
BIZ-02,4057,Profit,Medium,FLAG
BIZ-02,4058,Profit,Medium,FLAG
BIZ-02,4059,Profit,Medium,FLAG
BIZ-02,4060,Profit,Medium,FLAG
BIZ-02,4071,Profit,Medium,FLAG
BIZ-02,4072,Profit,Medium,FLAG
BIZ-02,4073,Profit,Medium,FLAG
BIZ-02,4083,Profit,Medium,FLAG
BIZ-02,4084,Profit,Medium,FLAG
BIZ-02,4086,Profit,Medium,FLAG
BIZ-02,4094,Profit,Medium,FLAG
BIZ-02,4102,Profit,Medium,FLAG
BIZ-02,4103,Profit,Medium,FLAG
BIZ-02,4108,Profit,Medium,FLAG
BIZ-02,4110,Profit,Medium,FLAG
BIZ-02,4122,Profit,Medium,FLAG
BIZ-02,4127,Profit,Medium,FLAG
BIZ-02,4130,Profit,Medium,FLAG
BIZ-02,4132,Profit,Medium,FLAG
BIZ-02,4140,Profit,Medium,FLAG
BIZ-02,4147,Profit,Medium,FLAG
BIZ-02,4149,Profit,Medium,FLAG
BIZ-02,4151,Profit,Medium,FLAG
BIZ-02,4152,Profit,Medium,FLAG
BIZ-02,4156,Profit,Medium,FLAG
BIZ-02,4157,Profit,Medium,FLAG
BIZ-02,4159,Profit,Medium,FLAG
BIZ-02,4166,Profit,Medium,FLAG
BIZ-02,4170,Profit,Medium,FLAG
BIZ-02,4182,Profit,Medium,FLAG
BIZ-02,4188,Profit,Medium,FLAG
BIZ-02,4189,Profit,Medium,FLAG
BIZ-02,4200,Profit,Medium,FLAG
BIZ-02,4211,Profit,Medium,FLAG
BIZ-02,4226,Profit,Medium,FLAG
BIZ-02,4227,Profit,Medium,FLAG
BIZ-02,4229,Profit,Medium,FLAG
BIZ-02,4231,Profit,Medium,FLAG
BIZ-02,4232,Profit,Medium,FLAG
BIZ-02,4235,Profit,Medium,FLAG
BIZ-02,4238,Profit,Medium,FLAG
BIZ-02,4253,Profit,Medium,FLAG
BIZ-02,4257,Profit,Medium,FLAG
BIZ-02,4258,Profit,Medium,FLAG
BIZ-02,4259,Profit,Medium,FLAG
BIZ-02,4260,Profit,Medium,FLAG
BIZ-02,4265,Profit,Medium,FLAG
BIZ-02,4266,Profit,Medium,FLAG
BIZ-02,4267,Profit,Medium,FLAG
BIZ-02,4268,Profit,Medium,FLAG
BIZ-02,4269,Profit,Medium,FLAG
BIZ-02,4277,Profit,Medium,FLAG
BIZ-02,4286,Profit,Medium,FLAG
BIZ-02,4289,Profit,Medium,FLAG
BIZ-02,4290,Profit,Medium,FLAG
BIZ-02,4295,Profit,Medium,FLAG
BIZ-02,4296,Profit,Medium,FLAG
BIZ-02,4311,Profit,Medium,FLAG
BIZ-02,4321,Profit,Medium,FLAG
BIZ-02,4323,Profit,Medium,FLAG
BIZ-02,4324,Profit,Medium,FLAG
BIZ-02,4325,Profit,Medium,FLAG
BIZ-02,4345,Profit,Medium,FLAG
BIZ-02,4350,Profit,Medium,FLAG
BIZ-02,4351,Profit,Medium,FLAG
BIZ-02,4353,Profit,Medium,FLAG
BIZ-02,4356,Profit,Medium,FLAG
BIZ-02,4357,Profit,Medium,FLAG
BIZ-02,4360,Profit,Medium,FLAG
BIZ-02,4361,Profit,Medium,FLAG
BIZ-02,4383,Profit,Medium,FLAG
BIZ-02,4384,Profit,Medium,FLAG
BIZ-02,4385,Profit,Medium,FLAG
BIZ-02,4387,Profit,Medium,FLAG
BIZ-02,4391,Profit,Medium,FLAG
BIZ-02,4396,Profit,Medium,FLAG
BIZ-02,4397,Profit,Medium,FLAG
BIZ-02,4399,Profit,Medium,FLAG
BIZ-02,4407,Profit,Medium,FLAG
BIZ-02,4420,Profit,Medium,FLAG
BIZ-02,4421,Profit,Medium,FLAG
BIZ-02,4437,Profit,Medium,FLAG
BIZ-02,4439,Profit,Medium,FLAG
BIZ-02,4457,Profit,Medium,FLAG
BIZ-02,4460,Profit,Medium,FLAG
BIZ-02,4462,Profit,Medium,FLAG
BIZ-02,4464,Profit,Medium,FLAG
BIZ-02,4470,Profit,Medium,FLAG
BIZ-02,4472,Profit,Medium,FLAG
BIZ-02,4473,Profit,Medium,FLAG
BIZ-02,4475,Profit,Medium,FLAG
BIZ-02,4489,Profit,Medium,FLAG
BIZ-02,4490,Profit,Medium,FLAG
BIZ-02,4491,Profit,Medium,FLAG
BIZ-02,4496,Profit,Medium,FLAG
BIZ-02,4499,Profit,Medium,FLAG
BIZ-02,4511,Profit,Medium,FLAG
BIZ-02,4514,Profit,Medium,FLAG
BIZ-02,4531,Profit,Medium,FLAG
BIZ-02,4542,Profit,Medium,FLAG
BIZ-02,4543,Profit,Medium,FLAG
BIZ-02,4545,Profit,Medium,FLAG
BIZ-02,4548,Profit,Medium,FLAG
BIZ-02,4550,Profit,Medium,FLAG
BIZ-02,4559,Profit,Medium,FLAG
BIZ-02,4561,Profit,Medium,FLAG
BIZ-02,4565,Profit,Medium,FLAG
BIZ-02,4566,Profit,Medium,FLAG
BIZ-02,4568,Profit,Medium,FLAG
BIZ-02,4570,Profit,Medium,FLAG
BIZ-02,4594,Profit,Medium,FLAG
BIZ-02,4616,Profit,Medium,FLAG
BIZ-02,4624,Profit,Medium,FLAG
BIZ-02,4626,Profit,Medium,FLAG
BIZ-02,4643,Profit,Medium,FLAG
BIZ-02,4644,Profit,Medium,FLAG
BIZ-02,4647,Profit,Medium,FLAG
BIZ-02,4662,Profit,Medium,FLAG
BIZ-02,4663,Profit,Medium,FLAG
BIZ-02,4664,Profit,Medium,FLAG
BIZ-02,4666,Profit,Medium,FLAG
BIZ-02,4670,Profit,Medium,FLAG
BIZ-02,4671,Profit,Medium,FLAG
BIZ-02,4672,Profit,Medium,FLAG
BIZ-02,4685,Profit,Medium,FLAG
BIZ-02,4686,Profit,Medium,FLAG
BIZ-02,4687,Profit,Medium,FLAG
BIZ-02,4688,Profit,Medium,FLAG
BIZ-02,4690,Profit,Medium,FLAG
BIZ-02,4693,Profit,Medium,FLAG
BIZ-02,4702,Profit,Medium,FLAG
BIZ-02,4704,Profit,Medium,FLAG
BIZ-02,4705,Profit,Medium,FLAG
BIZ-02,4713,Profit,Medium,FLAG
BIZ-02,4715,Profit,Medium,FLAG
BIZ-02,4723,Profit,Medium,FLAG
BIZ-02,4726,Profit,Medium,FLAG
BIZ-02,4729,Profit,Medium,FLAG
BIZ-02,4741,Profit,Medium,FLAG
BIZ-02,4753,Profit,Medium,FLAG
BIZ-02,4754,Profit,Medium,FLAG
BIZ-02,4756,Profit,Medium,FLAG
BIZ-02,4758,Profit,Medium,FLAG
BIZ-02,4759,Profit,Medium,FLAG
BIZ-02,4774,Profit,Medium,FLAG
BIZ-02,4783,Profit,Medium,FLAG
BIZ-02,4787,Profit,Medium,FLAG
BIZ-02,4789,Profit,Medium,FLAG
BIZ-02,4792,Profit,Medium,FLAG
BIZ-02,4798,Profit,Medium,FLAG
BIZ-02,4803,Profit,Medium,FLAG
BIZ-02,4804,Profit,Medium,FLAG
BIZ-02,4805,Profit,Medium,FLAG
BIZ-02,4813,Profit,Medium,FLAG
BIZ-02,4820,Profit,Medium,FLAG
BIZ-02,4822,Profit,Medium,FLAG
BIZ-02,4824,Profit,Medium,FLAG
BIZ-02,4825,Profit,Medium,FLAG
BIZ-02,4826,Profit,Medium,FLAG
BIZ-02,4839,Profit,Medium,FLAG
BIZ-02,4841,Profit,Medium,FLAG
BIZ-02,4843,Profit,Medium,FLAG
BIZ-02,4844,Profit,Medium,FLAG
BIZ-02,4871,Profit,Medium,FLAG
BIZ-02,4874,Profit,Medium,FLAG
BIZ-02,4875,Profit,Medium,FLAG
BIZ-02,4876,Profit,Medium,FLAG
BIZ-02,4880,Profit,Medium,FLAG
BIZ-02,4899,Profit,Medium,FLAG
BIZ-02,4901,Profit,Medium,FLAG
BIZ-02,4906,Profit,Medium,FLAG
BIZ-02,4909,Profit,Medium,FLAG
BIZ-02,4910,Profit,Medium,FLAG
BIZ-02,4914,Profit,Medium,FLAG
BIZ-02,4915,Profit,Medium,FLAG
BIZ-02,4919,Profit,Medium,FLAG
BIZ-02,4922,Profit,Medium,FLAG
BIZ-02,4928,Profit,Medium,FLAG
BIZ-02,4935,Profit,Medium,FLAG
BIZ-02,4959,Profit,Medium,FLAG
BIZ-02,4966,Profit,Medium,FLAG
BIZ-02,4972,Profit,Medium,FLAG
BIZ-02,4982,Profit,Medium,FLAG
BIZ-02,4983,Profit,Medium,FLAG
BIZ-02,4990,Profit,Medium,FLAG
BIZ-02,4993,Profit,Medium,FLAG
BIZ-02,4999,Profit,Medium,FLAG
BIZ-02,5010,Profit,Medium,FLAG
BIZ-02,5011,Profit,Medium,FLAG
BIZ-02,5012,Profit,Medium,FLAG
BIZ-02,5013,Profit,Medium,FLAG
BIZ-02,5014,Profit,Medium,FLAG
BIZ-02,5016,Profit,Medium,FLAG
BIZ-02,5018,Profit,Medium,FLAG
BIZ-02,5040,Profit,Medium,FLAG
BIZ-02,5050,Profit,Medium,FLAG
BIZ-02,5057,Profit,Medium,FLAG
BIZ-02,5060,Profit,Medium,FLAG
BIZ-02,5068,Profit,Medium,FLAG
BIZ-02,5077,Profit,Medium,FLAG
BIZ-02,5079,Profit,Medium,FLAG
BIZ-02,5081,Profit,Medium,FLAG
BIZ-02,5087,Profit,Medium,FLAG
BIZ-02,5088,Profit,Medium,FLAG
BIZ-02,5089,Profit,Medium,FLAG
BIZ-02,5090,Profit,Medium,FLAG
BIZ-02,5093,Profit,Medium,FLAG
BIZ-02,5095,Profit,Medium,FLAG
BIZ-02,5096,Profit,Medium,FLAG
BIZ-02,5097,Profit,Medium,FLAG
BIZ-02,5098,Profit,Medium,FLAG
BIZ-02,5099,Profit,Medium,FLAG
BIZ-02,5100,Profit,Medium,FLAG
BIZ-02,5112,Profit,Medium,FLAG
BIZ-02,5114,Profit,Medium,FLAG
BIZ-02,5126,Profit,Medium,FLAG
BIZ-02,5159,Profit,Medium,FLAG
BIZ-02,5160,Profit,Medium,FLAG
BIZ-02,5162,Profit,Medium,FLAG
BIZ-02,5165,Profit,Medium,FLAG
BIZ-02,5176,Profit,Medium,FLAG
BIZ-02,5177,Profit,Medium,FLAG
BIZ-02,5187,Profit,Medium,FLAG
BIZ-02,5188,Profit,Medium,FLAG
BIZ-02,5191,Profit,Medium,FLAG
BIZ-02,5200,Profit,Medium,FLAG
BIZ-02,5229,Profit,Medium,FLAG
BIZ-02,5244,Profit,Medium,FLAG
BIZ-02,5249,Profit,Medium,FLAG
BIZ-02,5256,Profit,Medium,FLAG
BIZ-02,5257,Profit,Medium,FLAG
BIZ-02,5263,Profit,Medium,FLAG
BIZ-02,5264,Profit,Medium,FLAG
BIZ-02,5265,Profit,Medium,FLAG
BIZ-02,5274,Profit,Medium,FLAG
BIZ-02,5275,Profit,Medium,FLAG
BIZ-02,5279,Profit,Medium,FLAG
BIZ-02,5288,Profit,Medium,FLAG
BIZ-02,5289,Profit,Medium,FLAG
BIZ-02,5292,Profit,Medium,FLAG
BIZ-02,5295,Profit,Medium,FLAG
BIZ-02,5305,Profit,Medium,FLAG
BIZ-02,5306,Profit,Medium,FLAG
BIZ-02,5310,Profit,Medium,FLAG
BIZ-02,5312,Profit,Medium,FLAG
BIZ-02,5321,Profit,Medium,FLAG
BIZ-02,5322,Profit,Medium,FLAG
BIZ-02,5323,Profit,Medium,FLAG
BIZ-02,5362,Profit,Medium,FLAG
BIZ-02,5375,Profit,Medium,FLAG
BIZ-02,5380,Profit,Medium,FLAG
BIZ-02,5400,Profit,Medium,FLAG
BIZ-02,5416,Profit,Medium,FLAG
BIZ-02,5418,Profit,Medium,FLAG
BIZ-02,5422,Profit,Medium,FLAG
BIZ-02,5434,Profit,Medium,FLAG
BIZ-02,5439,Profit,Medium,FLAG
BIZ-02,5462,Profit,Medium,FLAG
BIZ-02,5464,Profit,Medium,FLAG
BIZ-02,5467,Profit,Medium,FLAG
BIZ-02,5474,Profit,Medium,FLAG
BIZ-02,5475,Profit,Medium,FLAG
BIZ-02,5481,Profit,Medium,FLAG
BIZ-02,5486,Profit,Medium,FLAG
BIZ-02,5488,Profit,Medium,FLAG
BIZ-02,5489,Profit,Medium,FLAG
BIZ-02,5492,Profit,Medium,FLAG
BIZ-02,5496,Profit,Medium,FLAG
BIZ-02,5497,Profit,Medium,FLAG
BIZ-02,5507,Profit,Medium,FLAG
BIZ-02,5519,Profit,Medium,FLAG
BIZ-02,5523,Profit,Medium,FLAG
BIZ-02,5541,Profit,Medium,FLAG
BIZ-02,5542,Profit,Medium,FLAG
BIZ-02,5544,Profit,Medium,FLAG
BIZ-02,5545,Profit,Medium,FLAG
BIZ-02,5546,Profit,Medium,FLAG
BIZ-02,5553,Profit,Medium,FLAG
BIZ-02,5556,Profit,Medium,FLAG
BIZ-02,5569,Profit,Medium,FLAG
BIZ-02,5572,Profit,Medium,FLAG
BIZ-02,5574,Profit,Medium,FLAG
BIZ-02,5576,Profit,Medium,FLAG
BIZ-02,5577,Profit,Medium,FLAG
BIZ-02,5581,Profit,Medium,FLAG
BIZ-02,5595,Profit,Medium,FLAG
BIZ-02,5603,Profit,Medium,FLAG
BIZ-02,5608,Profit,Medium,FLAG
BIZ-02,5612,Profit,Medium,FLAG
BIZ-02,5630,Profit,Medium,FLAG
BIZ-02,5631,Profit,Medium,FLAG
BIZ-02,5656,Profit,Medium,FLAG
BIZ-02,5659,Profit,Medium,FLAG
BIZ-02,5660,Profit,Medium,FLAG
BIZ-02,5662,Profit,Medium,FLAG
BIZ-02,5664,Profit,Medium,FLAG
BIZ-02,5666,Profit,Medium,FLAG
BIZ-02,5679,Profit,Medium,FLAG
BIZ-02,5691,Profit,Medium,FLAG
BIZ-02,5697,Profit,Medium,FLAG
BIZ-02,5698,Profit,Medium,FLAG
BIZ-02,5699,Profit,Medium,FLAG
BIZ-02,5703,Profit,Medium,FLAG
BIZ-02,5705,Profit,Medium,FLAG
BIZ-02,5726,Profit,Medium,FLAG
BIZ-02,5750,Profit,Medium,FLAG
BIZ-02,5752,Profit,Medium,FLAG
BIZ-02,5757,Profit,Medium,FLAG
BIZ-02,5760,Profit,Medium,FLAG
BIZ-02,5776,Profit,Medium,FLAG
BIZ-02,5786,Profit,Medium,FLAG
BIZ-02,5788,Profit,Medium,FLAG
BIZ-02,5791,Profit,Medium,FLAG
BIZ-02,5801,Profit,Medium,FLAG
BIZ-02,5807,Profit,Medium,FLAG
BIZ-02,5811,Profit,Medium,FLAG
BIZ-02,5816,Profit,Medium,FLAG
BIZ-02,5824,Profit,Medium,FLAG
BIZ-02,5829,Profit,Medium,FLAG
BIZ-02,5836,Profit,Medium,FLAG
BIZ-02,5837,Profit,Medium,FLAG
BIZ-02,5838,Profit,Medium,FLAG
BIZ-02,5856,Profit,Medium,FLAG
BIZ-02,5857,Profit,Medium,FLAG
BIZ-02,5858,Profit,Medium,FLAG
BIZ-02,5859,Profit,Medium,FLAG
BIZ-02,5870,Profit,Medium,FLAG
BIZ-02,5884,Profit,Medium,FLAG
BIZ-02,5920,Profit,Medium,FLAG
BIZ-02,5925,Profit,Medium,FLAG
BIZ-02,5931,Profit,Medium,FLAG
BIZ-02,5933,Profit,Medium,FLAG
BIZ-02,5957,Profit,Medium,FLAG
BIZ-02,5976,Profit,Medium,FLAG
BIZ-02,5994,Profit,Medium,FLAG
BIZ-02,5995,Profit,Medium,FLAG
BIZ-02,5997,Profit,Medium,FLAG
BIZ-02,5999,Profit,Medium,FLAG
BIZ-02,6004,Profit,Medium,FLAG
BIZ-02,6005,Profit,Medium,FLAG
BIZ-02,6036,Profit,Medium,FLAG
BIZ-02,6037,Profit,Medium,FLAG
BIZ-02,6045,Profit,Medium,FLAG
BIZ-02,6049,Profit,Medium,FLAG
BIZ-02,6050,Profit,Medium,FLAG
BIZ-02,6056,Profit,Medium,FLAG
BIZ-02,6057,Profit,Medium,FLAG
BIZ-02,6069,Profit,Medium,FLAG
BIZ-02,6073,Profit,Medium,FLAG
BIZ-02,6075,Profit,Medium,FLAG
BIZ-02,6083,Profit,Medium,FLAG
BIZ-02,6084,Profit,Medium,FLAG
BIZ-02,6086,Profit,Medium,FLAG
BIZ-02,6088,Profit,Medium,FLAG
BIZ-02,6091,Profit,Medium,FLAG
BIZ-02,6106,Profit,Medium,FLAG
BIZ-02,6108,Profit,Medium,FLAG
BIZ-02,6109,Profit,Medium,FLAG
BIZ-02,6111,Profit,Medium,FLAG
BIZ-02,6112,Profit,Medium,FLAG
BIZ-02,6116,Profit,Medium,FLAG
BIZ-02,6123,Profit,Medium,FLAG
BIZ-02,6138,Profit,Medium,FLAG
BIZ-02,6140,Profit,Medium,FLAG
BIZ-02,6151,Profit,Medium,FLAG
BIZ-02,6165,Profit,Medium,FLAG
BIZ-02,6195,Profit,Medium,FLAG
BIZ-02,6197,Profit,Medium,FLAG
BIZ-02,6198,Profit,Medium,FLAG
BIZ-02,6203,Profit,Medium,FLAG
BIZ-02,6205,Profit,Medium,FLAG
BIZ-02,6209,Profit,Medium,FLAG
BIZ-02,6210,Profit,Medium,FLAG
BIZ-02,6226,Profit,Medium,FLAG
BIZ-02,6227,Profit,Medium,FLAG
BIZ-02,6228,Profit,Medium,FLAG
BIZ-02,6230,Profit,Medium,FLAG
BIZ-02,6237,Profit,Medium,FLAG
BIZ-02,6244,Profit,Medium,FLAG
BIZ-02,6253,Profit,Medium,FLAG
BIZ-02,6258,Profit,Medium,FLAG
BIZ-02,6259,Profit,Medium,FLAG
BIZ-02,6264,Profit,Medium,FLAG
BIZ-02,6271,Profit,Medium,FLAG
BIZ-02,6280,Profit,Medium,FLAG
BIZ-02,6284,Profit,Medium,FLAG
BIZ-02,6287,Profit,Medium,FLAG
BIZ-02,6289,Profit,Medium,FLAG
BIZ-02,6302,Profit,Medium,FLAG
BIZ-02,6307,Profit,Medium,FLAG
BIZ-02,6308,Profit,Medium,FLAG
BIZ-02,6310,Profit,Medium,FLAG
BIZ-02,6343,Profit,Medium,FLAG
BIZ-02,6352,Profit,Medium,FLAG
BIZ-02,6354,Profit,Medium,FLAG
BIZ-02,6357,Profit,Medium,FLAG
BIZ-02,6371,Profit,Medium,FLAG
BIZ-02,6377,Profit,Medium,FLAG
BIZ-02,6382,Profit,Medium,FLAG
BIZ-02,6383,Profit,Medium,FLAG
BIZ-02,6384,Profit,Medium,FLAG
BIZ-02,6385,Profit,Medium,FLAG
BIZ-02,6388,Profit,Medium,FLAG
BIZ-02,6409,Profit,Medium,FLAG
BIZ-02,6416,Profit,Medium,FLAG
BIZ-02,6418,Profit,Medium,FLAG
BIZ-02,6419,Profit,Medium,FLAG
BIZ-02,6425,Profit,Medium,FLAG
BIZ-02,6428,Profit,Medium,FLAG
BIZ-02,6430,Profit,Medium,FLAG
BIZ-02,6431,Profit,Medium,FLAG
BIZ-02,6432,Profit,Medium,FLAG
BIZ-02,6433,Profit,Medium,FLAG
BIZ-02,6434,Profit,Medium,FLAG
BIZ-02,6440,Profit,Medium,FLAG
BIZ-02,6441,Profit,Medium,FLAG
BIZ-02,6448,Profit,Medium,FLAG
BIZ-02,6476,Profit,Medium,FLAG
BIZ-02,6477,Profit,Medium,FLAG
BIZ-02,6479,Profit,Medium,FLAG
BIZ-02,6484,Profit,Medium,FLAG
BIZ-02,6485,Profit,Medium,FLAG
BIZ-02,6489,Profit,Medium,FLAG
BIZ-02,6496,Profit,Medium,FLAG
BIZ-02,6498,Profit,Medium,FLAG
BIZ-02,6503,Profit,Medium,FLAG
BIZ-02,6504,Profit,Medium,FLAG
BIZ-02,6505,Profit,Medium,FLAG
BIZ-02,6509,Profit,Medium,FLAG
BIZ-02,6526,Profit,Medium,FLAG
BIZ-02,6527,Profit,Medium,FLAG
BIZ-02,6528,Profit,Medium,FLAG
BIZ-02,6532,Profit,Medium,FLAG
BIZ-02,6537,Profit,Medium,FLAG
BIZ-02,6538,Profit,Medium,FLAG
BIZ-02,6539,Profit,Medium,FLAG
BIZ-02,6546,Profit,Medium,FLAG
BIZ-02,6549,Profit,Medium,FLAG
BIZ-02,6558,Profit,Medium,FLAG
BIZ-02,6563,Profit,Medium,FLAG
BIZ-02,6565,Profit,Medium,FLAG
BIZ-02,6568,Profit,Medium,FLAG
BIZ-02,6571,Profit,Medium,FLAG
BIZ-02,6578,Profit,Medium,FLAG
BIZ-02,6597,Profit,Medium,FLAG
BIZ-02,6599,Profit,Medium,FLAG
BIZ-02,6605,Profit,Medium,FLAG
BIZ-02,6609,Profit,Medium,FLAG
BIZ-02,6626,Profit,Medium,FLAG
BIZ-02,6627,Profit,Medium,FLAG
BIZ-02,6631,Profit,Medium,FLAG
BIZ-02,6636,Profit,Medium,FLAG
BIZ-02,6641,Profit,Medium,FLAG
BIZ-02,6646,Profit,Medium,FLAG
BIZ-02,6648,Profit,Medium,FLAG
BIZ-02,6650,Profit,Medium,FLAG
BIZ-02,6653,Profit,Medium,FLAG
BIZ-02,6655,Profit,Medium,FLAG
BIZ-02,6658,Profit,Medium,FLAG
BIZ-02,6661,Profit,Medium,FLAG
BIZ-02,6686,Profit,Medium,FLAG
BIZ-02,6687,Profit,Medium,FLAG
BIZ-02,6704,Profit,Medium,FLAG
BIZ-02,6714,Profit,Medium,FLAG
BIZ-02,6715,Profit,Medium,FLAG
BIZ-02,6716,Profit,Medium,FLAG
BIZ-02,6731,Profit,Medium,FLAG
BIZ-02,6742,Profit,Medium,FLAG
BIZ-02,6744,Profit,Medium,FLAG
BIZ-02,6765,Profit,Medium,FLAG
BIZ-02,6766,Profit,Medium,FLAG
BIZ-02,6767,Profit,Medium,FLAG
BIZ-02,6769,Profit,Medium,FLAG
BIZ-02,6773,Profit,Medium,FLAG
BIZ-02,6778,Profit,Medium,FLAG
BIZ-02,6786,Profit,Medium,FLAG
BIZ-02,6787,Profit,Medium,FLAG
BIZ-02,6797,Profit,Medium,FLAG
BIZ-02,6798,Profit,Medium,FLAG
BIZ-02,6799,Profit,Medium,FLAG
BIZ-02,6800,Profit,Medium,FLAG
BIZ-02,6801,Profit,Medium,FLAG
BIZ-02,6802,Profit,Medium,FLAG
BIZ-02,6803,Profit,Medium,FLAG
BIZ-02,6810,Profit,Medium,FLAG
BIZ-02,6811,Profit,Medium,FLAG
BIZ-02,6812,Profit,Medium,FLAG
BIZ-02,6813,Profit,Medium,FLAG
BIZ-02,6814,Profit,Medium,FLAG
BIZ-02,6816,Profit,Medium,FLAG
BIZ-02,6820,Profit,Medium,FLAG
BIZ-02,6821,Profit,Medium,FLAG
BIZ-02,6822,Profit,Medium,FLAG
BIZ-02,6823,Profit,Medium,FLAG
BIZ-02,6835,Profit,Medium,FLAG
BIZ-02,6842,Profit,Medium,FLAG
BIZ-02,6864,Profit,Medium,FLAG
BIZ-02,6867,Profit,Medium,FLAG
BIZ-02,6869,Profit,Medium,FLAG
BIZ-02,6875,Profit,Medium,FLAG
BIZ-02,6876,Profit,Medium,FLAG
BIZ-02,6879,Profit,Medium,FLAG
BIZ-02,6888,Profit,Medium,FLAG
BIZ-02,6899,Profit,Medium,FLAG
BIZ-02,6900,Profit,Medium,FLAG
BIZ-02,6901,Profit,Medium,FLAG
BIZ-02,6905,Profit,Medium,FLAG
BIZ-02,6906,Profit,Medium,FLAG
BIZ-02,6911,Profit,Medium,FLAG
BIZ-02,6917,Profit,Medium,FLAG
BIZ-02,6921,Profit,Medium,FLAG
BIZ-02,6933,Profit,Medium,FLAG
BIZ-02,6934,Profit,Medium,FLAG
BIZ-02,6937,Profit,Medium,FLAG
BIZ-02,6938,Profit,Medium,FLAG
BIZ-02,6947,Profit,Medium,FLAG
BIZ-02,6949,Profit,Medium,FLAG
BIZ-02,6950,Profit,Medium,FLAG
BIZ-02,6952,Profit,Medium,FLAG
BIZ-02,6972,Profit,Medium,FLAG
BIZ-02,6975,Profit,Medium,FLAG
BIZ-02,6991,Profit,Medium,FLAG
BIZ-02,6998,Profit,Medium,FLAG
BIZ-02,7003,Profit,Medium,FLAG
BIZ-02,7008,Profit,Medium,FLAG
BIZ-02,7009,Profit,Medium,FLAG
BIZ-02,7010,Profit,Medium,FLAG
BIZ-02,7011,Profit,Medium,FLAG
BIZ-02,7045,Profit,Medium,FLAG
BIZ-02,7056,Profit,Medium,FLAG
BIZ-02,7069,Profit,Medium,FLAG
BIZ-02,7076,Profit,Medium,FLAG
BIZ-02,7079,Profit,Medium,FLAG
BIZ-02,7082,Profit,Medium,FLAG
BIZ-02,7084,Profit,Medium,FLAG
BIZ-02,7087,Profit,Medium,FLAG
BIZ-02,7088,Profit,Medium,FLAG
BIZ-02,7104,Profit,Medium,FLAG
BIZ-02,7106,Profit,Medium,FLAG
BIZ-02,7122,Profit,Medium,FLAG
BIZ-02,7138,Profit,Medium,FLAG
BIZ-02,7140,Profit,Medium,FLAG
BIZ-02,7141,Profit,Medium,FLAG
BIZ-02,7145,Profit,Medium,FLAG
BIZ-02,7146,Profit,Medium,FLAG
BIZ-02,7147,Profit,Medium,FLAG
BIZ-02,7153,Profit,Medium,FLAG
BIZ-02,7155,Profit,Medium,FLAG
BIZ-02,7177,Profit,Medium,FLAG
BIZ-02,7179,Profit,Medium,FLAG
BIZ-02,7180,Profit,Medium,FLAG
BIZ-02,7186,Profit,Medium,FLAG
BIZ-02,7188,Profit,Medium,FLAG
BIZ-02,7189,Profit,Medium,FLAG
BIZ-02,7190,Profit,Medium,FLAG
BIZ-02,7192,Profit,Medium,FLAG
BIZ-02,7193,Profit,Medium,FLAG
BIZ-02,7203,Profit,Medium,FLAG
BIZ-02,7205,Profit,Medium,FLAG
BIZ-02,7222,Profit,Medium,FLAG
BIZ-02,7224,Profit,Medium,FLAG
BIZ-02,7239,Profit,Medium,FLAG
BIZ-02,7245,Profit,Medium,FLAG
BIZ-02,7249,Profit,Medium,FLAG
BIZ-02,7250,Profit,Medium,FLAG
BIZ-02,7264,Profit,Medium,FLAG
BIZ-02,7267,Profit,Medium,FLAG
BIZ-02,7268,Profit,Medium,FLAG
BIZ-02,7269,Profit,Medium,FLAG
BIZ-02,7272,Profit,Medium,FLAG
BIZ-02,7274,Profit,Medium,FLAG
BIZ-02,7275,Profit,Medium,FLAG
BIZ-02,7283,Profit,Medium,FLAG
BIZ-02,7284,Profit,Medium,FLAG
BIZ-02,7286,Profit,Medium,FLAG
BIZ-02,7290,Profit,Medium,FLAG
BIZ-02,7294,Profit,Medium,FLAG
BIZ-02,7300,Profit,Medium,FLAG
BIZ-02,7301,Profit,Medium,FLAG
BIZ-02,7302,Profit,Medium,FLAG
BIZ-02,7303,Profit,Medium,FLAG
BIZ-02,7304,Profit,Medium,FLAG
BIZ-02,7307,Profit,Medium,FLAG
BIZ-02,7313,Profit,Medium,FLAG
BIZ-02,7314,Profit,Medium,FLAG
BIZ-02,7318,Profit,Medium,FLAG
BIZ-02,7320,Profit,Medium,FLAG
BIZ-02,7332,Profit,Medium,FLAG
BIZ-02,7333,Profit,Medium,FLAG
BIZ-02,7334,Profit,Medium,FLAG
BIZ-02,7346,Profit,Medium,FLAG
BIZ-02,7347,Profit,Medium,FLAG
BIZ-02,7349,Profit,Medium,FLAG
BIZ-02,7350,Profit,Medium,FLAG
BIZ-02,7354,Profit,Medium,FLAG
BIZ-02,7360,Profit,Medium,FLAG
BIZ-02,7361,Profit,Medium,FLAG
BIZ-02,7363,Profit,Medium,FLAG
BIZ-02,7365,Profit,Medium,FLAG
BIZ-02,7367,Profit,Medium,FLAG
BIZ-02,7368,Profit,Medium,FLAG
BIZ-02,7369,Profit,Medium,FLAG
BIZ-02,7370,Profit,Medium,FLAG
BIZ-02,7397,Profit,Medium,FLAG
BIZ-02,7407,Profit,Medium,FLAG
BIZ-02,7411,Profit,Medium,FLAG
BIZ-02,7414,Profit,Medium,FLAG
BIZ-02,7415,Profit,Medium,FLAG
BIZ-02,7416,Profit,Medium,FLAG
BIZ-02,7418,Profit,Medium,FLAG
BIZ-02,7420,Profit,Medium,FLAG
BIZ-02,7421,Profit,Medium,FLAG
BIZ-02,7422,Profit,Medium,FLAG
BIZ-02,7423,Profit,Medium,FLAG
BIZ-02,7424,Profit,Medium,FLAG
BIZ-02,7427,Profit,Medium,FLAG
BIZ-02,7428,Profit,Medium,FLAG
BIZ-02,7434,Profit,Medium,FLAG
BIZ-02,7435,Profit,Medium,FLAG
BIZ-02,7442,Profit,Medium,FLAG
BIZ-02,7448,Profit,Medium,FLAG
BIZ-02,7452,Profit,Medium,FLAG
BIZ-02,7453,Profit,Medium,FLAG
BIZ-02,7472,Profit,Medium,FLAG
BIZ-02,7473,Profit,Medium,FLAG
BIZ-02,7485,Profit,Medium,FLAG
BIZ-02,7490,Profit,Medium,FLAG
BIZ-02,7495,Profit,Medium,FLAG
BIZ-02,7496,Profit,Medium,FLAG
BIZ-02,7507,Profit,Medium,FLAG
BIZ-02,7511,Profit,Medium,FLAG
BIZ-02,7523,Profit,Medium,FLAG
BIZ-02,7524,Profit,Medium,FLAG
BIZ-02,7525,Profit,Medium,FLAG
BIZ-02,7533,Profit,Medium,FLAG
BIZ-02,7535,Profit,Medium,FLAG
BIZ-02,7538,Profit,Medium,FLAG
BIZ-02,7541,Profit,Medium,FLAG
BIZ-02,7542,Profit,Medium,FLAG
BIZ-02,7545,Profit,Medium,FLAG
BIZ-02,7549,Profit,Medium,FLAG
BIZ-02,7550,Profit,Medium,FLAG
BIZ-02,7551,Profit,Medium,FLAG
BIZ-02,7556,Profit,Medium,FLAG
BIZ-02,7566,Profit,Medium,FLAG
BIZ-02,7593,Profit,Medium,FLAG
BIZ-02,7595,Profit,Medium,FLAG
BIZ-02,7602,Profit,Medium,FLAG
BIZ-02,7606,Profit,Medium,FLAG
BIZ-02,7607,Profit,Medium,FLAG
BIZ-02,7617,Profit,Medium,FLAG
BIZ-02,7629,Profit,Medium,FLAG
BIZ-02,7633,Profit,Medium,FLAG
BIZ-02,7643,Profit,Medium,FLAG
BIZ-02,7644,Profit,Medium,FLAG
BIZ-02,7645,Profit,Medium,FLAG
BIZ-02,7648,Profit,Medium,FLAG
BIZ-02,7651,Profit,Medium,FLAG
BIZ-02,7653,Profit,Medium,FLAG
BIZ-02,7654,Profit,Medium,FLAG
BIZ-02,7660,Profit,Medium,FLAG
BIZ-02,7662,Profit,Medium,FLAG
BIZ-02,7663,Profit,Medium,FLAG
BIZ-02,7698,Profit,Medium,FLAG
BIZ-02,7703,Profit,Medium,FLAG
BIZ-02,7711,Profit,Medium,FLAG
BIZ-02,7714,Profit,Medium,FLAG
BIZ-02,7719,Profit,Medium,FLAG
BIZ-02,7725,Profit,Medium,FLAG
BIZ-02,7727,Profit,Medium,FLAG
BIZ-02,7728,Profit,Medium,FLAG
BIZ-02,7731,Profit,Medium,FLAG
BIZ-02,7732,Profit,Medium,FLAG
BIZ-02,7773,Profit,Medium,FLAG
BIZ-02,7774,Profit,Medium,FLAG
BIZ-02,7783,Profit,Medium,FLAG
BIZ-02,7785,Profit,Medium,FLAG
BIZ-02,7786,Profit,Medium,FLAG
BIZ-02,7788,Profit,Medium,FLAG
BIZ-02,7790,Profit,Medium,FLAG
BIZ-02,7792,Profit,Medium,FLAG
BIZ-02,7793,Profit,Medium,FLAG
BIZ-02,7794,Profit,Medium,FLAG
BIZ-02,7802,Profit,Medium,FLAG
BIZ-02,7805,Profit,Medium,FLAG
BIZ-02,7806,Profit,Medium,FLAG
BIZ-02,7808,Profit,Medium,FLAG
BIZ-02,7809,Profit,Medium,FLAG
BIZ-02,7814,Profit,Medium,FLAG
BIZ-02,7817,Profit,Medium,FLAG
BIZ-02,7836,Profit,Medium,FLAG
BIZ-02,7838,Profit,Medium,FLAG
BIZ-02,7846,Profit,Medium,FLAG
BIZ-02,7849,Profit,Medium,FLAG
BIZ-02,7850,Profit,Medium,FLAG
BIZ-02,7851,Profit,Medium,FLAG
BIZ-02,7854,Profit,Medium,FLAG
BIZ-02,7862,Profit,Medium,FLAG
BIZ-02,7865,Profit,Medium,FLAG
BIZ-02,7868,Profit,Medium,FLAG
BIZ-02,7871,Profit,Medium,FLAG
BIZ-02,7880,Profit,Medium,FLAG
BIZ-02,7881,Profit,Medium,FLAG
BIZ-02,7900,Profit,Medium,FLAG
BIZ-02,7908,Profit,Medium,FLAG
BIZ-02,7913,Profit,Medium,FLAG
BIZ-02,7914,Profit,Medium,FLAG
BIZ-02,7918,Profit,Medium,FLAG
BIZ-02,7925,Profit,Medium,FLAG
BIZ-02,7931,Profit,Medium,FLAG
BIZ-02,7942,Profit,Medium,FLAG
BIZ-02,7944,Profit,Medium,FLAG
BIZ-02,7947,Profit,Medium,FLAG
BIZ-02,7948,Profit,Medium,FLAG
BIZ-02,7949,Profit,Medium,FLAG
BIZ-02,7951,Profit,Medium,FLAG
BIZ-02,7952,Profit,Medium,FLAG
BIZ-02,7957,Profit,Medium,FLAG
BIZ-02,7963,Profit,Medium,FLAG
BIZ-02,7964,Profit,Medium,FLAG
BIZ-02,7969,Profit,Medium,FLAG
BIZ-02,7970,Profit,Medium,FLAG
BIZ-02,7972,Profit,Medium,FLAG
BIZ-02,7973,Profit,Medium,FLAG
BIZ-02,7975,Profit,Medium,FLAG
BIZ-02,7977,Profit,Medium,FLAG
BIZ-02,7993,Profit,Medium,FLAG
BIZ-02,7995,Profit,Medium,FLAG
BIZ-02,7996,Profit,Medium,FLAG
BIZ-02,7997,Profit,Medium,FLAG
BIZ-02,8023,Profit,Medium,FLAG
BIZ-02,8025,Profit,Medium,FLAG
BIZ-02,8026,Profit,Medium,FLAG
BIZ-02,8031,Profit,Medium,FLAG
BIZ-02,8032,Profit,Medium,FLAG
BIZ-02,8035,Profit,Medium,FLAG
BIZ-02,8036,Profit,Medium,FLAG
BIZ-02,8048,Profit,Medium,FLAG
BIZ-02,8051,Profit,Medium,FLAG
BIZ-02,8055,Profit,Medium,FLAG
BIZ-02,8071,Profit,Medium,FLAG
BIZ-02,8072,Profit,Medium,FLAG
BIZ-02,8073,Profit,Medium,FLAG
BIZ-02,8075,Profit,Medium,FLAG
BIZ-02,8076,Profit,Medium,FLAG
BIZ-02,8077,Profit,Medium,FLAG
BIZ-02,8085,Profit,Medium,FLAG
BIZ-02,8086,Profit,Medium,FLAG
BIZ-02,8107,Profit,Medium,FLAG
BIZ-02,8109,Profit,Medium,FLAG
BIZ-02,8110,Profit,Medium,FLAG
BIZ-02,8112,Profit,Medium,FLAG
BIZ-02,8113,Profit,Medium,FLAG
BIZ-02,8114,Profit,Medium,FLAG
BIZ-02,8115,Profit,Medium,FLAG
BIZ-02,8120,Profit,Medium,FLAG
BIZ-02,8126,Profit,Medium,FLAG
BIZ-02,8127,Profit,Medium,FLAG
BIZ-02,8129,Profit,Medium,FLAG
BIZ-02,8130,Profit,Medium,FLAG
BIZ-02,8135,Profit,Medium,FLAG
BIZ-02,8138,Profit,Medium,FLAG
BIZ-02,8146,Profit,Medium,FLAG
BIZ-02,8158,Profit,Medium,FLAG
BIZ-02,8168,Profit,Medium,FLAG
BIZ-02,8169,Profit,Medium,FLAG
BIZ-02,8171,Profit,Medium,FLAG
BIZ-02,8181,Profit,Medium,FLAG
BIZ-02,8182,Profit,Medium,FLAG
BIZ-02,8183,Profit,Medium,FLAG
BIZ-02,8184,Profit,Medium,FLAG
BIZ-02,8185,Profit,Medium,FLAG
BIZ-02,8188,Profit,Medium,FLAG
BIZ-02,8194,Profit,Medium,FLAG
BIZ-02,8198,Profit,Medium,FLAG
BIZ-02,8201,Profit,Medium,FLAG
BIZ-02,8202,Profit,Medium,FLAG
BIZ-02,8208,Profit,Medium,FLAG
BIZ-02,8210,Profit,Medium,FLAG
BIZ-02,8211,Profit,Medium,FLAG
BIZ-02,8213,Profit,Medium,FLAG
BIZ-02,8215,Profit,Medium,FLAG
BIZ-02,8217,Profit,Medium,FLAG
BIZ-02,8218,Profit,Medium,FLAG
BIZ-02,8220,Profit,Medium,FLAG
BIZ-02,8222,Profit,Medium,FLAG
BIZ-02,8223,Profit,Medium,FLAG
BIZ-02,8224,Profit,Medium,FLAG
BIZ-02,8237,Profit,Medium,FLAG
BIZ-02,8239,Profit,Medium,FLAG
BIZ-02,8248,Profit,Medium,FLAG
BIZ-02,8250,Profit,Medium,FLAG
BIZ-02,8251,Profit,Medium,FLAG
BIZ-02,8252,Profit,Medium,FLAG
BIZ-02,8253,Profit,Medium,FLAG
BIZ-02,8265,Profit,Medium,FLAG
BIZ-02,8269,Profit,Medium,FLAG
BIZ-02,8278,Profit,Medium,FLAG
BIZ-02,8279,Profit,Medium,FLAG
BIZ-02,8287,Profit,Medium,FLAG
BIZ-02,8292,Profit,Medium,FLAG
BIZ-02,8294,Profit,Medium,FLAG
BIZ-02,8312,Profit,Medium,FLAG
BIZ-02,8315,Profit,Medium,FLAG
BIZ-02,8323,Profit,Medium,FLAG
BIZ-02,8328,Profit,Medium,FLAG
BIZ-02,8329,Profit,Medium,FLAG
BIZ-02,8341,Profit,Medium,FLAG
BIZ-02,8347,Profit,Medium,FLAG
BIZ-02,8354,Profit,Medium,FLAG
BIZ-02,8355,Profit,Medium,FLAG
BIZ-02,8356,Profit,Medium,FLAG
BIZ-02,8363,Profit,Medium,FLAG
BIZ-02,8364,Profit,Medium,FLAG
BIZ-02,8373,Profit,Medium,FLAG
BIZ-02,8379,Profit,Medium,FLAG
BIZ-02,8383,Profit,Medium,FLAG
BIZ-02,8397,Profit,Medium,FLAG
BIZ-02,8399,Profit,Medium,FLAG
BIZ-02,8400,Profit,Medium,FLAG
BIZ-02,8412,Profit,Medium,FLAG
BIZ-02,8414,Profit,Medium,FLAG
BIZ-02,8416,Profit,Medium,FLAG
BIZ-02,8427,Profit,Medium,FLAG
BIZ-02,8430,Profit,Medium,FLAG
BIZ-02,8431,Profit,Medium,FLAG
BIZ-02,8434,Profit,Medium,FLAG
BIZ-02,8436,Profit,Medium,FLAG
BIZ-02,8437,Profit,Medium,FLAG
BIZ-02,8444,Profit,Medium,FLAG
BIZ-02,8445,Profit,Medium,FLAG
BIZ-02,8446,Profit,Medium,FLAG
BIZ-02,8447,Profit,Medium,FLAG
BIZ-02,8450,Profit,Medium,FLAG
BIZ-02,8454,Profit,Medium,FLAG
BIZ-02,8456,Profit,Medium,FLAG
BIZ-02,8458,Profit,Medium,FLAG
BIZ-02,8459,Profit,Medium,FLAG
BIZ-02,8460,Profit,Medium,FLAG
BIZ-02,8461,Profit,Medium,FLAG
BIZ-02,8466,Profit,Medium,FLAG
BIZ-02,8471,Profit,Medium,FLAG
BIZ-02,8473,Profit,Medium,FLAG
BIZ-02,8476,Profit,Medium,FLAG
BIZ-02,8496,Profit,Medium,FLAG
BIZ-02,8497,Profit,Medium,FLAG
BIZ-02,8504,Profit,Medium,FLAG
BIZ-02,8506,Profit,Medium,FLAG
BIZ-02,8507,Profit,Medium,FLAG
BIZ-02,8514,Profit,Medium,FLAG
BIZ-02,8519,Profit,Medium,FLAG
BIZ-02,8526,Profit,Medium,FLAG
BIZ-02,8528,Profit,Medium,FLAG
BIZ-02,8531,Profit,Medium,FLAG
BIZ-02,8538,Profit,Medium,FLAG
BIZ-02,8558,Profit,Medium,FLAG
BIZ-02,8563,Profit,Medium,FLAG
BIZ-02,8565,Profit,Medium,FLAG
BIZ-02,8566,Profit,Medium,FLAG
BIZ-02,8574,Profit,Medium,FLAG
BIZ-02,8582,Profit,Medium,FLAG
BIZ-02,8584,Profit,Medium,FLAG
BIZ-02,8585,Profit,Medium,FLAG
BIZ-02,8587,Profit,Medium,FLAG
BIZ-02,8590,Profit,Medium,FLAG
BIZ-02,8605,Profit,Medium,FLAG
BIZ-02,8606,Profit,Medium,FLAG
BIZ-02,8611,Profit,Medium,FLAG
BIZ-02,8620,Profit,Medium,FLAG
BIZ-02,8622,Profit,Medium,FLAG
BIZ-02,8625,Profit,Medium,FLAG
BIZ-02,8626,Profit,Medium,FLAG
BIZ-02,8631,Profit,Medium,FLAG
BIZ-02,8633,Profit,Medium,FLAG
BIZ-02,8634,Profit,Medium,FLAG
BIZ-02,8636,Profit,Medium,FLAG
BIZ-02,8642,Profit,Medium,FLAG
BIZ-02,8643,Profit,Medium,FLAG
BIZ-02,8646,Profit,Medium,FLAG
BIZ-02,8651,Profit,Medium,FLAG
BIZ-02,8660,Profit,Medium,FLAG
BIZ-02,8662,Profit,Medium,FLAG
BIZ-02,8663,Profit,Medium,FLAG
BIZ-02,8672,Profit,Medium,FLAG
BIZ-02,8673,Profit,Medium,FLAG
BIZ-02,8675,Profit,Medium,FLAG
BIZ-02,8676,Profit,Medium,FLAG
BIZ-02,8678,Profit,Medium,FLAG
BIZ-02,8679,Profit,Medium,FLAG
BIZ-02,8680,Profit,Medium,FLAG
BIZ-02,8692,Profit,Medium,FLAG
BIZ-02,8693,Profit,Medium,FLAG
BIZ-02,8700,Profit,Medium,FLAG
BIZ-02,8710,Profit,Medium,FLAG
BIZ-02,8713,Profit,Medium,FLAG
BIZ-02,8714,Profit,Medium,FLAG
BIZ-02,8717,Profit,Medium,FLAG
BIZ-02,8718,Profit,Medium,FLAG
BIZ-02,8719,Profit,Medium,FLAG
BIZ-02,8722,Profit,Medium,FLAG
BIZ-02,8724,Profit,Medium,FLAG
BIZ-02,8732,Profit,Medium,FLAG
BIZ-02,8739,Profit,Medium,FLAG
BIZ-02,8741,Profit,Medium,FLAG
BIZ-02,8745,Profit,Medium,FLAG
BIZ-02,8756,Profit,Medium,FLAG
BIZ-02,8757,Profit,Medium,FLAG
BIZ-02,8767,Profit,Medium,FLAG
BIZ-02,8768,Profit,Medium,FLAG
BIZ-02,8769,Profit,Medium,FLAG
BIZ-02,8783,Profit,Medium,FLAG
BIZ-02,8791,Profit,Medium,FLAG
BIZ-02,8809,Profit,Medium,FLAG
BIZ-02,8823,Profit,Medium,FLAG
BIZ-02,8846,Profit,Medium,FLAG
BIZ-02,8852,Profit,Medium,FLAG
BIZ-02,8856,Profit,Medium,FLAG
BIZ-02,8859,Profit,Medium,FLAG
BIZ-02,8868,Profit,Medium,FLAG
BIZ-02,8874,Profit,Medium,FLAG
BIZ-02,8875,Profit,Medium,FLAG
BIZ-02,8876,Profit,Medium,FLAG
BIZ-02,8877,Profit,Medium,FLAG
BIZ-02,8878,Profit,Medium,FLAG
BIZ-02,8883,Profit,Medium,FLAG
BIZ-02,8886,Profit,Medium,FLAG
BIZ-02,8887,Profit,Medium,FLAG
BIZ-02,8888,Profit,Medium,FLAG
BIZ-02,8902,Profit,Medium,FLAG
BIZ-02,8904,Profit,Medium,FLAG
BIZ-02,8913,Profit,Medium,FLAG
BIZ-02,8914,Profit,Medium,FLAG
BIZ-02,8917,Profit,Medium,FLAG
BIZ-02,8918,Profit,Medium,FLAG
BIZ-02,8920,Profit,Medium,FLAG
BIZ-02,8925,Profit,Medium,FLAG
BIZ-02,8927,Profit,Medium,FLAG
BIZ-02,8928,Profit,Medium,FLAG
BIZ-02,8930,Profit,Medium,FLAG
BIZ-02,8931,Profit,Medium,FLAG
BIZ-02,8942,Profit,Medium,FLAG
BIZ-02,8943,Profit,Medium,FLAG
BIZ-02,8944,Profit,Medium,FLAG
BIZ-02,8945,Profit,Medium,FLAG
BIZ-02,8951,Profit,Medium,FLAG
BIZ-02,8956,Profit,Medium,FLAG
BIZ-02,8959,Profit,Medium,FLAG
BIZ-02,8961,Profit,Medium,FLAG
BIZ-02,8962,Profit,Medium,FLAG
BIZ-02,8967,Profit,Medium,FLAG
BIZ-02,8969,Profit,Medium,FLAG
BIZ-02,8970,Profit,Medium,FLAG
BIZ-02,8972,Profit,Medium,FLAG
BIZ-02,8974,Profit,Medium,FLAG
BIZ-02,8978,Profit,Medium,FLAG
BIZ-02,8979,Profit,Medium,FLAG
BIZ-02,8981,Profit,Medium,FLAG
BIZ-02,8982,Profit,Medium,FLAG
BIZ-02,8983,Profit,Medium,FLAG
BIZ-02,8984,Profit,Medium,FLAG
BIZ-02,8985,Profit,Medium,FLAG
BIZ-02,8986,Profit,Medium,FLAG
BIZ-02,8988,Profit,Medium,FLAG
BIZ-02,8995,Profit,Medium,FLAG
BIZ-02,9001,Profit,Medium,FLAG
BIZ-02,9002,Profit,Medium,FLAG
BIZ-02,9023,Profit,Medium,FLAG
BIZ-02,9036,Profit,Medium,FLAG
BIZ-02,9040,Profit,Medium,FLAG
BIZ-02,9042,Profit,Medium,FLAG
BIZ-02,9066,Profit,Medium,FLAG
BIZ-02,9070,Profit,Medium,FLAG
BIZ-02,9077,Profit,Medium,FLAG
BIZ-02,9088,Profit,Medium,FLAG
BIZ-02,9089,Profit,Medium,FLAG
BIZ-02,9091,Profit,Medium,FLAG
BIZ-02,9094,Profit,Medium,FLAG
BIZ-02,9104,Profit,Medium,FLAG
BIZ-02,9105,Profit,Medium,FLAG
BIZ-02,9106,Profit,Medium,FLAG
BIZ-02,9107,Profit,Medium,FLAG
BIZ-02,9117,Profit,Medium,FLAG
BIZ-02,9119,Profit,Medium,FLAG
BIZ-02,9125,Profit,Medium,FLAG
BIZ-02,9126,Profit,Medium,FLAG
BIZ-02,9127,Profit,Medium,FLAG
BIZ-02,9129,Profit,Medium,FLAG
BIZ-02,9130,Profit,Medium,FLAG
BIZ-02,9131,Profit,Medium,FLAG
BIZ-02,9136,Profit,Medium,FLAG
BIZ-02,9137,Profit,Medium,FLAG
BIZ-02,9139,Profit,Medium,FLAG
BIZ-02,9147,Profit,Medium,FLAG
BIZ-02,9161,Profit,Medium,FLAG
BIZ-02,9162,Profit,Medium,FLAG
BIZ-02,9166,Profit,Medium,FLAG
BIZ-02,9178,Profit,Medium,FLAG
BIZ-02,9189,Profit,Medium,FLAG
BIZ-02,9191,Profit,Medium,FLAG
BIZ-02,9192,Profit,Medium,FLAG
BIZ-02,9194,Profit,Medium,FLAG
BIZ-02,9197,Profit,Medium,FLAG
BIZ-02,9218,Profit,Medium,FLAG
BIZ-02,9221,Profit,Medium,FLAG
BIZ-02,9225,Profit,Medium,FLAG
BIZ-02,9226,Profit,Medium,FLAG
BIZ-02,9227,Profit,Medium,FLAG
BIZ-02,9228,Profit,Medium,FLAG
BIZ-02,9233,Profit,Medium,FLAG
BIZ-02,9240,Profit,Medium,FLAG
BIZ-02,9242,Profit,Medium,FLAG
BIZ-02,9263,Profit,Medium,FLAG
BIZ-02,9266,Profit,Medium,FLAG
BIZ-02,9280,Profit,Medium,FLAG
BIZ-02,9281,Profit,Medium,FLAG
BIZ-02,9288,Profit,Medium,FLAG
BIZ-02,9289,Profit,Medium,FLAG
BIZ-02,9290,Profit,Medium,FLAG
BIZ-02,9294,Profit,Medium,FLAG
BIZ-02,9297,Profit,Medium,FLAG
BIZ-02,9301,Profit,Medium,FLAG
BIZ-02,9302,Profit,Medium,FLAG
BIZ-02,9306,Profit,Medium,FLAG
BIZ-02,9317,Profit,Medium,FLAG
BIZ-02,9318,Profit,Medium,FLAG
BIZ-02,9319,Profit,Medium,FLAG
BIZ-02,9323,Profit,Medium,FLAG
BIZ-02,9324,Profit,Medium,FLAG
BIZ-02,9336,Profit,Medium,FLAG
BIZ-02,9345,Profit,Medium,FLAG
BIZ-02,9346,Profit,Medium,FLAG
BIZ-02,9347,Profit,Medium,FLAG
BIZ-02,9349,Profit,Medium,FLAG
BIZ-02,9353,Profit,Medium,FLAG
BIZ-02,9354,Profit,Medium,FLAG
BIZ-02,9360,Profit,Medium,FLAG
BIZ-02,9372,Profit,Medium,FLAG
BIZ-02,9373,Profit,Medium,FLAG
BIZ-02,9383,Profit,Medium,FLAG
BIZ-02,9385,Profit,Medium,FLAG
BIZ-02,9394,Profit,Medium,FLAG
BIZ-02,9397,Profit,Medium,FLAG
BIZ-02,9404,Profit,Medium,FLAG
BIZ-02,9411,Profit,Medium,FLAG
BIZ-02,9415,Profit,Medium,FLAG
BIZ-02,9421,Profit,Medium,FLAG
BIZ-02,9422,Profit,Medium,FLAG
BIZ-02,9430,Profit,Medium,FLAG
BIZ-02,9432,Profit,Medium,FLAG
BIZ-02,9434,Profit,Medium,FLAG
BIZ-02,9437,Profit,Medium,FLAG
BIZ-02,9438,Profit,Medium,FLAG
BIZ-02,9440,Profit,Medium,FLAG
BIZ-02,9456,Profit,Medium,FLAG
BIZ-02,9457,Profit,Medium,FLAG
BIZ-02,9459,Profit,Medium,FLAG
BIZ-02,9461,Profit,Medium,FLAG
BIZ-02,9469,Profit,Medium,FLAG
BIZ-02,9478,Profit,Medium,FLAG
BIZ-02,9479,Profit,Medium,FLAG
BIZ-02,9481,Profit,Medium,FLAG
BIZ-02,9482,Profit,Medium,FLAG
BIZ-02,9486,Profit,Medium,FLAG
BIZ-02,9488,Profit,Medium,FLAG
BIZ-02,9513,Profit,Medium,FLAG
BIZ-02,9514,Profit,Medium,FLAG
BIZ-02,9525,Profit,Medium,FLAG
BIZ-02,9528,Profit,Medium,FLAG
BIZ-02,9538,Profit,Medium,FLAG
BIZ-02,9544,Profit,Medium,FLAG
BIZ-02,9546,Profit,Medium,FLAG
BIZ-02,9550,Profit,Medium,FLAG
BIZ-02,9559,Profit,Medium,FLAG
BIZ-02,9561,Profit,Medium,FLAG
BIZ-02,9563,Profit,Medium,FLAG
BIZ-02,9564,Profit,Medium,FLAG
BIZ-02,9568,Profit,Medium,FLAG
BIZ-02,9571,Profit,Medium,FLAG
BIZ-02,9577,Profit,Medium,FLAG
BIZ-02,9578,Profit,Medium,FLAG
BIZ-02,9579,Profit,Medium,FLAG
BIZ-02,9583,Profit,Medium,FLAG
BIZ-02,9585,Profit,Medium,FLAG
BIZ-02,9589,Profit,Medium,FLAG
BIZ-02,9592,Profit,Medium,FLAG
BIZ-02,9593,Profit,Medium,FLAG
BIZ-02,9594,Profit,Medium,FLAG
BIZ-02,9605,Profit,Medium,FLAG
BIZ-02,9607,Profit,Medium,FLAG
BIZ-02,9608,Profit,Medium,FLAG
BIZ-02,9621,Profit,Medium,FLAG
BIZ-02,9625,Profit,Medium,FLAG
BIZ-02,9626,Profit,Medium,FLAG
BIZ-02,9627,Profit,Medium,FLAG
BIZ-02,9631,Profit,Medium,FLAG
BIZ-02,9641,Profit,Medium,FLAG
BIZ-02,9647,Profit,Medium,FLAG
BIZ-02,9648,Profit,Medium,FLAG
BIZ-02,9656,Profit,Medium,FLAG
BIZ-02,9675,Profit,Medium,FLAG
BIZ-02,9689,Profit,Medium,FLAG
BIZ-02,9693,Profit,Medium,FLAG
BIZ-02,9712,Profit,Medium,FLAG
BIZ-02,9713,Profit,Medium,FLAG
BIZ-02,9714,Profit,Medium,FLAG
BIZ-02,9715,Profit,Medium,FLAG
BIZ-02,9721,Profit,Medium,FLAG
BIZ-02,9748,Profit,Medium,FLAG
BIZ-02,9749,Profit,Medium,FLAG
BIZ-02,9750,Profit,Medium,FLAG
BIZ-02,9776,Profit,Medium,FLAG
BIZ-02,9777,Profit,Medium,FLAG
BIZ-02,9778,Profit,Medium,FLAG
BIZ-02,9779,Profit,Medium,FLAG
BIZ-02,9780,Profit,Medium,FLAG
BIZ-02,9781,Profit,Medium,FLAG
BIZ-02,9789,Profit,Medium,FLAG
BIZ-02,9790,Profit,Medium,FLAG
BIZ-02,9792,Profit,Medium,FLAG
BIZ-02,9794,Profit,Medium,FLAG
BIZ-02,9796,Profit,Medium,FLAG
BIZ-02,9797,Profit,Medium,FLAG
BIZ-02,9799,Profit,Medium,FLAG
BIZ-02,9802,Profit,Medium,FLAG
BIZ-02,9808,Profit,Medium,FLAG
BIZ-02,9810,Profit,Medium,FLAG
BIZ-02,9818,Profit,Medium,FLAG
BIZ-02,9823,Profit,Medium,FLAG
BIZ-02,9828,Profit,Medium,FLAG
BIZ-02,9833,Profit,Medium,FLAG
BIZ-02,9836,Profit,Medium,FLAG
BIZ-02,9837,Profit,Medium,FLAG
BIZ-02,9846,Profit,Medium,FLAG
BIZ-02,9871,Profit,Medium,FLAG
BIZ-02,9872,Profit,Medium,FLAG
BIZ-02,9878,Profit,Medium,FLAG
BIZ-02,9879,Profit,Medium,FLAG
BIZ-02,9880,Profit,Medium,FLAG
BIZ-02,9901,Profit,Medium,FLAG
BIZ-02,9905,Profit,Medium,FLAG
BIZ-02,9914,Profit,Medium,FLAG
BIZ-02,9921,Profit,Medium,FLAG
BIZ-02,9922,Profit,Medium,FLAG
BIZ-02,9923,Profit,Medium,FLAG
BIZ-02,9933,Profit,Medium,FLAG
BIZ-02,9939,Profit,Medium,FLAG
BIZ-02,9964,Profit,Medium,FLAG
BIZ-03,16,Profit,High,FLAG
BIZ-03,17,Profit,High,FLAG
BIZ-03,77,Profit,High,FLAG
BIZ-03,103,Profit,High,FLAG
BIZ-03,171,Profit,High,FLAG
BIZ-03,176,Profit,High,FLAG
BIZ-03,178,Profit,High,FLAG
BIZ-03,205,Profit,High,FLAG
BIZ-03,263,Profit,High,FLAG
BIZ-03,282,Profit,High,FLAG
BIZ-03,380,Profit,High,FLAG
BIZ-03,382,Profit,High,FLAG
BIZ-03,395,Profit,High,FLAG
BIZ-03,469,Profit,High,FLAG
BIZ-03,471,Profit,High,FLAG
BIZ-03,523,Profit,High,FLAG
BIZ-03,538,Profit,High,FLAG
BIZ-03,547,Profit,High,FLAG
BIZ-03,551,Profit,High,FLAG
BIZ-03,623,Profit,High,FLAG
BIZ-03,660,Profit,High,FLAG
BIZ-03,664,Profit,High,FLAG
BIZ-03,678,Profit,High,FLAG
BIZ-03,681,Profit,High,FLAG
BIZ-03,743,Profit,High,FLAG
BIZ-03,838,Profit,High,FLAG
BIZ-03,903,Profit,High,FLAG
BIZ-03,919,Profit,High,FLAG
BIZ-03,989,Profit,High,FLAG
BIZ-03,1046,Profit,High,FLAG
BIZ-03,1104,Profit,High,FLAG
BIZ-03,1105,Profit,High,FLAG
BIZ-03,1109,Profit,High,FLAG
BIZ-03,1114,Profit,High,FLAG
BIZ-03,1175,Profit,High,FLAG
BIZ-03,1201,Profit,High,FLAG
BIZ-03,1273,Profit,High,FLAG
BIZ-03,1274,Profit,High,FLAG
BIZ-03,1286,Profit,High,FLAG
BIZ-03,1327,Profit,High,FLAG
BIZ-03,1334,Profit,High,FLAG
BIZ-03,1335,Profit,High,FLAG
BIZ-03,1371,Profit,High,FLAG
BIZ-03,1383,Profit,High,FLAG
BIZ-03,1515,Profit,High,FLAG
BIZ-03,1516,Profit,High,FLAG
BIZ-03,1549,Profit,High,FLAG
BIZ-03,1552,Profit,High,FLAG
BIZ-03,1569,Profit,High,FLAG
BIZ-03,1677,Profit,High,FLAG
BIZ-03,1683,Profit,High,FLAG
BIZ-03,1759,Profit,High,FLAG
BIZ-03,1772,Profit,High,FLAG
BIZ-03,1820,Profit,High,FLAG
BIZ-03,1822,Profit,High,FLAG
BIZ-03,1859,Profit,High,FLAG
BIZ-03,1945,Profit,High,FLAG
BIZ-03,1974,Profit,High,FLAG
BIZ-03,1997,Profit,High,FLAG
BIZ-03,2006,Profit,High,FLAG
BIZ-03,2108,Profit,High,FLAG
BIZ-03,2139,Profit,High,FLAG
BIZ-03,2161,Profit,High,FLAG
BIZ-03,2167,Profit,High,FLAG
BIZ-03,2169,Profit,High,FLAG
BIZ-03,2175,Profit,High,FLAG
BIZ-03,2208,Profit,High,FLAG
BIZ-03,2227,Profit,High,FLAG
BIZ-03,2240,Profit,High,FLAG
BIZ-03,2348,Profit,High,FLAG
BIZ-03,2429,Profit,High,FLAG
BIZ-03,2430,Profit,High,FLAG
BIZ-03,2503,Profit,High,FLAG
BIZ-03,2504,Profit,High,FLAG
BIZ-03,2509,Profit,High,FLAG
BIZ-03,2528,Profit,High,FLAG
BIZ-03,2529,Profit,High,FLAG
BIZ-03,2630,Profit,High,FLAG
BIZ-03,2689,Profit,High,FLAG
BIZ-03,2770,Profit,High,FLAG
BIZ-03,2828,Profit,High,FLAG
BIZ-03,2848,Profit,High,FLAG
BIZ-03,2884,Profit,High,FLAG
BIZ-03,2924,Profit,High,FLAG
BIZ-03,3013,Profit,High,FLAG
BIZ-03,3086,Profit,High,FLAG
BIZ-03,3089,Profit,High,FLAG
BIZ-03,3098,Profit,High,FLAG
BIZ-03,3136,Profit,High,FLAG
BIZ-03,3143,Profit,High,FLAG
BIZ-03,3153,Profit,High,FLAG
BIZ-03,3162,Profit,High,FLAG
BIZ-03,3173,Profit,High,FLAG
BIZ-03,3177,Profit,High,FLAG
BIZ-03,3187,Profit,High,FLAG
BIZ-03,3194,Profit,High,FLAG
BIZ-03,3195,Profit,High,FLAG
BIZ-03,3213,Profit,High,FLAG
BIZ-03,3233,Profit,High,FLAG
BIZ-03,3234,Profit,High,FLAG
BIZ-03,3244,Profit,High,FLAG
BIZ-03,3261,Profit,High,FLAG
BIZ-03,3296,Profit,High,FLAG
BIZ-03,3309,Profit,High,FLAG
BIZ-03,3318,Profit,High,FLAG
BIZ-03,3326,Profit,High,FLAG
BIZ-03,3327,Profit,High,FLAG
BIZ-03,3350,Profit,High,FLAG
BIZ-03,3360,Profit,High,FLAG
BIZ-03,3380,Profit,High,FLAG
BIZ-03,3395,Profit,High,FLAG
BIZ-03,3437,Profit,High,FLAG
BIZ-03,3508,Profit,High,FLAG
BIZ-03,3547,Profit,High,FLAG
BIZ-03,3710,Profit,High,FLAG
BIZ-03,3766,Profit,High,FLAG
BIZ-03,3854,Profit,High,FLAG
BIZ-03,3857,Profit,High,FLAG
BIZ-03,3866,Profit,High,FLAG
BIZ-03,3887,Profit,High,FLAG
BIZ-03,3896,Profit,High,FLAG
BIZ-03,3970,Profit,High,FLAG
BIZ-03,4030,Profit,High,FLAG
BIZ-03,4047,Profit,High,FLAG
BIZ-03,4048,Profit,High,FLAG
BIZ-03,4071,Profit,High,FLAG
BIZ-03,4072,Profit,High,FLAG
BIZ-03,4084,Profit,High,FLAG
BIZ-03,4102,Profit,High,FLAG
BIZ-03,4103,Profit,High,FLAG
BIZ-03,4108,Profit,High,FLAG
BIZ-03,4132,Profit,High,FLAG
BIZ-03,4140,Profit,High,FLAG
BIZ-03,4149,Profit,High,FLAG
BIZ-03,4182,Profit,High,FLAG
BIZ-03,4188,Profit,High,FLAG
BIZ-03,4189,Profit,High,FLAG
BIZ-03,4226,Profit,High,FLAG
BIZ-03,4231,Profit,High,FLAG
BIZ-03,4232,Profit,High,FLAG
BIZ-03,4235,Profit,High,FLAG
BIZ-03,4238,Profit,High,FLAG
BIZ-03,4257,Profit,High,FLAG
BIZ-03,4267,Profit,High,FLAG
BIZ-03,4269,Profit,High,FLAG
BIZ-03,4277,Profit,High,FLAG
BIZ-03,4290,Profit,High,FLAG
BIZ-03,4384,Profit,High,FLAG
BIZ-03,4437,Profit,High,FLAG
BIZ-03,4439,Profit,High,FLAG
BIZ-03,4489,Profit,High,FLAG
BIZ-03,4491,Profit,High,FLAG
BIZ-03,4531,Profit,High,FLAG
BIZ-03,4543,Profit,High,FLAG
BIZ-03,4548,Profit,High,FLAG
BIZ-03,4570,Profit,High,FLAG
BIZ-03,4616,Profit,High,FLAG
BIZ-03,4670,Profit,High,FLAG
BIZ-03,4705,Profit,High,FLAG
BIZ-03,4715,Profit,High,FLAG
BIZ-03,4759,Profit,High,FLAG
BIZ-03,4783,Profit,High,FLAG
BIZ-03,4787,Profit,High,FLAG
BIZ-03,4822,Profit,High,FLAG
BIZ-03,4874,Profit,High,FLAG
BIZ-03,4876,Profit,High,FLAG
BIZ-03,4922,Profit,High,FLAG
BIZ-03,4959,Profit,High,FLAG
BIZ-03,4982,Profit,High,FLAG
BIZ-03,4993,Profit,High,FLAG
BIZ-03,5013,Profit,High,FLAG
BIZ-03,5050,Profit,High,FLAG
BIZ-03,5087,Profit,High,FLAG
BIZ-03,5095,Profit,High,FLAG
BIZ-03,5099,Profit,High,FLAG
BIZ-03,5176,Profit,High,FLAG
BIZ-03,5244,Profit,High,FLAG
BIZ-03,5249,Profit,High,FLAG
BIZ-03,5263,Profit,High,FLAG
BIZ-03,5289,Profit,High,FLAG
BIZ-03,5312,Profit,High,FLAG
BIZ-03,5416,Profit,High,FLAG
BIZ-03,5467,Profit,High,FLAG
BIZ-03,5475,Profit,High,FLAG
BIZ-03,5488,Profit,High,FLAG
BIZ-03,5542,Profit,High,FLAG
BIZ-03,5679,Profit,High,FLAG
BIZ-03,5698,Profit,High,FLAG
BIZ-03,5699,Profit,High,FLAG
BIZ-03,5757,Profit,High,FLAG
BIZ-03,5786,Profit,High,FLAG
BIZ-03,5858,Profit,High,FLAG
BIZ-03,6036,Profit,High,FLAG
BIZ-03,6037,Profit,High,FLAG
BIZ-03,6057,Profit,High,FLAG
BIZ-03,6084,Profit,High,FLAG
BIZ-03,6088,Profit,High,FLAG
BIZ-03,6108,Profit,High,FLAG
BIZ-03,6111,Profit,High,FLAG
BIZ-03,6123,Profit,High,FLAG
BIZ-03,6138,Profit,High,FLAG
BIZ-03,6195,Profit,High,FLAG
BIZ-03,6227,Profit,High,FLAG
BIZ-03,6253,Profit,High,FLAG
BIZ-03,6264,Profit,High,FLAG
BIZ-03,6302,Profit,High,FLAG
BIZ-03,6385,Profit,High,FLAG
BIZ-03,6388,Profit,High,FLAG
BIZ-03,6532,Profit,High,FLAG
BIZ-03,6558,Profit,High,FLAG
BIZ-03,6563,Profit,High,FLAG
BIZ-03,6568,Profit,High,FLAG
BIZ-03,6650,Profit,High,FLAG
BIZ-03,6714,Profit,High,FLAG
BIZ-03,6799,Profit,High,FLAG
BIZ-03,6802,Profit,High,FLAG
BIZ-03,6812,Profit,High,FLAG
BIZ-03,6820,Profit,High,FLAG
BIZ-03,6875,Profit,High,FLAG
BIZ-03,6901,Profit,High,FLAG
BIZ-03,6905,Profit,High,FLAG
BIZ-03,6917,Profit,High,FLAG
BIZ-03,6991,Profit,High,FLAG
BIZ-03,6998,Profit,High,FLAG
BIZ-03,7069,Profit,High,FLAG
BIZ-03,7076,Profit,High,FLAG
BIZ-03,7155,Profit,High,FLAG
BIZ-03,7177,Profit,High,FLAG
BIZ-03,7189,Profit,High,FLAG
BIZ-03,7190,Profit,High,FLAG
BIZ-03,7284,Profit,High,FLAG
BIZ-03,7303,Profit,High,FLAG
BIZ-03,7350,Profit,High,FLAG
BIZ-03,7424,Profit,High,FLAG
BIZ-03,7448,Profit,High,FLAG
BIZ-03,7453,Profit,High,FLAG
BIZ-03,7496,Profit,High,FLAG
BIZ-03,7507,Profit,High,FLAG
BIZ-03,7538,Profit,High,FLAG
BIZ-03,7542,Profit,High,FLAG
BIZ-03,7549,Profit,High,FLAG
BIZ-03,7550,Profit,High,FLAG
BIZ-03,7606,Profit,High,FLAG
BIZ-03,7643,Profit,High,FLAG
BIZ-03,7663,Profit,High,FLAG
BIZ-03,7698,Profit,High,FLAG
BIZ-03,7774,Profit,High,FLAG
BIZ-03,7783,Profit,High,FLAG
BIZ-03,7788,Profit,High,FLAG
BIZ-03,7793,Profit,High,FLAG
BIZ-03,7854,Profit,High,FLAG
BIZ-03,7868,Profit,High,FLAG
BIZ-03,7880,Profit,High,FLAG
BIZ-03,7908,Profit,High,FLAG
BIZ-03,7914,Profit,High,FLAG
BIZ-03,7944,Profit,High,FLAG
BIZ-03,7947,Profit,High,FLAG
BIZ-03,7948,Profit,High,FLAG
BIZ-03,7969,Profit,High,FLAG
BIZ-03,7996,Profit,High,FLAG
BIZ-03,8023,Profit,High,FLAG
BIZ-03,8026,Profit,High,FLAG
BIZ-03,8035,Profit,High,FLAG
BIZ-03,8072,Profit,High,FLAG
BIZ-03,8075,Profit,High,FLAG
BIZ-03,8076,Profit,High,FLAG
BIZ-03,8077,Profit,High,FLAG
BIZ-03,8114,Profit,High,FLAG
BIZ-03,8127,Profit,High,FLAG
BIZ-03,8201,Profit,High,FLAG
BIZ-03,8222,Profit,High,FLAG
BIZ-03,8248,Profit,High,FLAG
BIZ-03,8251,Profit,High,FLAG
BIZ-03,8253,Profit,High,FLAG
BIZ-03,8323,Profit,High,FLAG
BIZ-03,8328,Profit,High,FLAG
BIZ-03,8329,Profit,High,FLAG
BIZ-03,8363,Profit,High,FLAG
BIZ-03,8373,Profit,High,FLAG
BIZ-03,8399,Profit,High,FLAG
BIZ-03,8437,Profit,High,FLAG
BIZ-03,8459,Profit,High,FLAG
BIZ-03,8460,Profit,High,FLAG
BIZ-03,8461,Profit,High,FLAG
BIZ-03,8496,Profit,High,FLAG
BIZ-03,8507,Profit,High,FLAG
BIZ-03,8514,Profit,High,FLAG
BIZ-03,8642,Profit,High,FLAG
BIZ-03,8660,Profit,High,FLAG
BIZ-03,8680,Profit,High,FLAG
BIZ-03,8718,Profit,High,FLAG
BIZ-03,8724,Profit,High,FLAG
BIZ-03,8767,Profit,High,FLAG
BIZ-03,8768,Profit,High,FLAG
BIZ-03,8769,Profit,High,FLAG
BIZ-03,8876,Profit,High,FLAG
BIZ-03,8878,Profit,High,FLAG
BIZ-03,8917,Profit,High,FLAG
BIZ-03,8918,Profit,High,FLAG
BIZ-03,8920,Profit,High,FLAG
BIZ-03,8927,Profit,High,FLAG
BIZ-03,8944,Profit,High,FLAG
BIZ-03,8961,Profit,High,FLAG
BIZ-03,8967,Profit,High,FLAG
BIZ-03,8979,Profit,High,FLAG
BIZ-03,8981,Profit,High,FLAG
BIZ-03,8982,Profit,High,FLAG
BIZ-03,8983,Profit,High,FLAG
BIZ-03,8984,Profit,High,FLAG
BIZ-03,8985,Profit,High,FLAG
BIZ-03,9036,Profit,High,FLAG
BIZ-03,9066,Profit,High,FLAG
BIZ-03,9088,Profit,High,FLAG
BIZ-03,9105,Profit,High,FLAG
BIZ-03,9106,Profit,High,FLAG
BIZ-03,9147,Profit,High,FLAG
BIZ-03,9166,Profit,High,FLAG
BIZ-03,9194,Profit,High,FLAG
BIZ-03,9218,Profit,High,FLAG
BIZ-03,9225,Profit,High,FLAG
BIZ-03,9226,Profit,High,FLAG
BIZ-03,9227,Profit,High,FLAG
BIZ-03,9288,Profit,High,FLAG
BIZ-03,9294,Profit,High,FLAG
BIZ-03,9301,Profit,High,FLAG
BIZ-03,9306,Profit,High,FLAG
BIZ-03,9324,Profit,High,FLAG
BIZ-03,9415,Profit,High,FLAG
BIZ-03,9421,Profit,High,FLAG
BIZ-03,9422,Profit,High,FLAG
BIZ-03,9478,Profit,High,FLAG
BIZ-03,9479,Profit,High,FLAG
BIZ-03,9481,Profit,High,FLAG
BIZ-03,9482,Profit,High,FLAG
BIZ-03,9513,Profit,High,FLAG
BIZ-03,9544,Profit,High,FLAG
BIZ-03,9592,Profit,High,FLAG
BIZ-03,9594,Profit,High,FLAG
BIZ-03,9625,Profit,High,FLAG
BIZ-03,9689,Profit,High,FLAG
BIZ-03,9776,Profit,High,FLAG
BIZ-03,9778,Profit,High,FLAG
BIZ-03,9780,Profit,High,FLAG
BIZ-03,9781,Profit,High,FLAG
BIZ-03,9796,Profit,High,FLAG
BIZ-03,9797,Profit,High,FLAG
BIZ-03,9810,Profit,High,FLAG
BIZ-03,9837,Profit,High,FLAG
BIZ-03,9922,Profit,High,FLAG
