customer_id,first_order,last_order,total_orders,total_revenue,avg_order_value,country,customer_type,recency_days,tenure_days,frequency_segment,recency_status,first_cohort,days_to_second_order,first_order_value
12346,2010-03-02 13:08:00,2011-01-18 10:01:00,3,77352.96,25784.32,United Kingdom,Repeat Customer,325,321,2-3 orders (Occasional),Lapsed (180d+),2010-03-01,118.0,27.05
12347,2010-10-31 14:20:00,2011-12-07 15:52:00,8,4921.53,615.19,Iceland,Repeat Customer,2,402,4-9 orders (Regular),Active (0-90d),2010-10-01,37.0,611.53
12348,2010-09-27 14:59:00,2011-09-25 13:13:00,5,1658.4,331.68,Finland,Repeat Customer,75,362,4-9 orders (Regular),Active (0-90d),2010-09-01,80.0,221.16
12349,2010-04-29 13:20:00,2011-11-21 09:51:00,3,3678.69,1226.23,Italy,Repeat Customer,18,570,2-3 orders (Occasional),Active (0-90d),2010-04-01,181.0,1068.52
12350,2011-02-02 16:01:00,2011-02-02 16:01:00,1,294.4,294.4,Norway,One-Time Customer,310,0,1 order (One-Time),Lapsed (180d+),2011-02-01,,294.4
12351,2010-11-29 15:23:00,2010-11-29 15:23:00,1,300.93,300.93,Unspecified,One-Time Customer,375,0,1 order (One-Time),Lapsed (180d+),2010-11-01,,300.93
12352,2010-11-12 10:20:00,2011-11-03 14:37:00,9,1729.54,192.17,Norway,Repeat Customer,36,356,4-9 orders (Regular),Active (0-90d),2010-11-01,16.0,143.75
12353,2010-10-27 12:44:00,2011-05-19 17:47:00,2,406.76,203.38,Bahrain,Repeat Customer,204,204,2-3 orders (Occasional),Lapsed (180d+),2010-10-01,204.0,317.76
12354,2011-04-21 13:11:00,2011-04-21 13:11:00,1,1079.4,1079.4,Spain,One-Time Customer,232,0,1 order (One-Time),Lapsed (180d+),2011-04-01,,1079.4
12355,2010-05-21 11:59:00,2011-05-09 13:49:00,2,947.61,473.8,Bahrain,Repeat Customer,214,353,2-3 orders (Occasional),Lapsed (180d+),2010-05-01,353.0,488.21
12356,2010-10-11 09:42:00,2011-11-17 08:40:00,6,5611.73,935.29,Portugal,Repeat Customer,22,401,4-9 orders (Regular),Active (0-90d),2010-10-01,31.0,798.44
12357,2010-11-16 10:05:00,2011-11-06 16:07:00,2,17437.66,8718.83,Switzerland,Repeat Customer,33,355,2-3 orders (Occasional),Active (0-90d),2010-11-01,355.0,11229.99
12358,2009-12-08 07:59:00,2011-12-08 10:26:00,5,3447.07,689.41,Austria,Repeat Customer,1,730,4-9 orders (Regular),Active (0-90d),2009-12-01,181.0,1429.83
12359,2009-12-05 13:32:00,2011-10-13 12:47:00,10,8873.39,887.34,Cyprus,Repeat Customer,57,676,10+ orders (Champions),Active (0-90d),2009-12-01,11.0,760.69
12360,2010-02-22 09:32:00,2011-10-18 15:22:00,6,3612.89,602.15,Austria,Repeat Customer,52,603,4-9 orders (Regular),Active (0-90d),2010-02-01,92.0,118.0
12361,2010-01-26 14:37:00,2011-02-25 13:51:00,4,451.25,112.81,Belgium,Repeat Customer,287,394,4-9 orders (Regular),Lapsed (180d+),2010-01-01,103.0,94.2
12362,2011-02-17 10:30:00,2011-12-06 15:40:00,10,4737.23,473.72,Belgium,Repeat Customer,3,292,10+ orders (Champions),Active (0-90d),2011-02-01,69.0,434.1
12363,2011-04-11 13:29:00,2011-08-22 10:18:00,2,552.0,276.0,Unspecified,Repeat Customer,109,132,2-3 orders (Occasional),At Risk (91-180d),2011-04-01,132.0,299.1
12364,2011-08-19 15:24:00,2011-12-02 10:22:00,4,1208.1,302.02,Belgium,Repeat Customer,7,104,4-9 orders (Regular),Active (0-90d),2011-08-01,34.0,578.92
12365,2011-02-21 13:51:00,2011-02-21 13:51:00,1,320.69,320.69,Cyprus,One-Time Customer,291,0,1 order (One-Time),Lapsed (180d+),2011-02-01,,320.69
12366,2010-03-16 10:28:00,2010-03-16 10:28:00,1,500.24,500.24,Cyprus,One-Time Customer,633,0,1 order (One-Time),Lapsed (180d+),2010-03-01,,500.24
12367,2011-12-05 16:48:00,2011-12-05 16:48:00,1,150.9,150.9,Denmark,One-Time Customer,4,0,1 order (One-Time),Active (0-90d),2011-12-01,,150.9
12368,2010-03-21 15:56:00,2010-03-21 15:56:00,1,917.7,917.7,Cyprus,One-Time Customer,628,0,1 order (One-Time),Lapsed (180d+),2010-03-01,,917.7
12369,2010-03-08 08:09:00,2010-10-22 13:13:00,3,1511.15,503.72,Austria,Repeat Customer,413,228,2-3 orders (Occasional),Lapsed (180d+),2010-03-01,192.0,308.32
12370,2010-02-09 09:41:00,2011-10-19 14:51:00,7,3956.56,565.22,Austria,Repeat Customer,51,617,4-9 orders (Regular),Active (0-90d),2010-02-01,44.0,402.96
12371,2010-03-04 18:23:00,2011-10-11 10:43:00,4,3347.38,836.84,Switzerland,Repeat Customer,59,585,4-9 orders (Regular),Active (0-90d),2010-03-01,0.0,240.88
12372,2011-02-16 12:46:00,2011-09-29 12:12:00,3,1196.04,398.68,Denmark,Repeat Customer,71,224,2-3 orders (Occasional),Active (0-90d),2011-02-01,83.0,363.22
12373,2010-02-04 12:08:00,2011-02-01 13:10:00,3,927.65,309.22,Austria,Repeat Customer,311,362,2-3 orders (Occasional),Lapsed (180d+),2010-02-01,49.0,357.9
12374,2010-04-30 14:01:00,2011-11-14 15:37:00,3,2669.22,889.74,Austria,Repeat Customer,25,563,2-3 orders (Occasional),Active (0-90d),2010-04-01,166.0,1388.54
12375,2011-09-02 14:23:00,2011-11-29 10:36:00,2,377.5,188.75,Finland,Repeat Customer,10,87,2-3 orders (Occasional),Active (0-90d),2011-09-01,87.0,190.3
12376,2010-10-18 08:42:00,2010-11-15 12:15:00,2,383.15,191.58,Switzerland,Repeat Customer,389,28,2-3 orders (Occasional),Lapsed (180d+),2010-10-01,28.0,352.55
12377,2010-04-29 15:34:00,2011-01-28 15:45:00,4,3266.32,816.58,Switzerland,Repeat Customer,315,274,4-9 orders (Regular),Lapsed (180d+),2010-04-01,208.0,1210.96
12378,2010-05-26 14:07:00,2011-08-02 10:34:00,2,5416.32,2708.16,Switzerland,Repeat Customer,129,432,2-3 orders (Occasional),At Risk (91-180d),2010-05-01,432.0,1407.7
12379,2010-06-23 12:49:00,2011-09-19 10:09:00,4,1470.22,367.56,Belgium,Repeat Customer,81,452,4-9 orders (Regular),Active (0-90d),2010-06-01,112.0,322.48
12380,2010-02-15 12:05:00,2011-11-18 11:27:00,8,7210.65,901.33,Belgium,Repeat Customer,21,640,4-9 orders (Regular),Active (0-90d),2010-02-01,134.0,1508.65
12381,2011-08-12 09:57:00,2011-12-05 12:44:00,3,1474.81,491.6,Norway,Repeat Customer,4,115,2-3 orders (Occasional),Active (0-90d),2011-08-01,86.0,1028.74
12383,2010-12-22 14:28:00,2011-06-08 08:02:00,5,1628.56,325.71,Belgium,Repeat Customer,184,167,4-9 orders (Regular),Lapsed (180d+),2010-12-01,20.0,555.72
12384,2011-08-10 11:23:00,2011-11-11 08:39:00,2,425.27,212.64,Switzerland,Repeat Customer,28,92,2-3 orders (Occasional),Active (0-90d),2011-08-01,92.0,212.69
12385,2010-11-25 15:14:00,2010-11-25 15:14:00,1,1668.4,1668.4,Belgium,One-Time Customer,379,0,1 order (One-Time),Lapsed (180d+),2010-11-01,,1668.4
12386,2010-12-08 09:53:00,2011-01-06 12:37:00,2,401.9,200.95,Australia,Repeat Customer,337,29,2-3 orders (Occasional),Lapsed (180d+),2010-12-01,29.0,258.9
12387,2010-10-20 16:27:00,2010-10-20 16:27:00,1,143.94,143.94,Australia,One-Time Customer,415,0,1 order (One-Time),Lapsed (180d+),2010-10-01,,143.94
12388,2010-05-06 12:54:00,2011-11-24 12:30:00,8,3901.11,487.64,Australia,Repeat Customer,15,566,4-9 orders (Regular),Active (0-90d),2010-05-01,136.0,461.62
12389,2010-02-22 10:15:00,2010-11-02 11:52:00,3,1433.33,477.78,Australia,Repeat Customer,402,253,2-3 orders (Occasional),Lapsed (180d+),2010-02-01,88.0,164.85
12390,2011-09-21 09:33:00,2011-09-21 09:33:00,1,504.84,504.84,Belgium,One-Time Customer,79,0,1 order (One-Time),Active (0-90d),2011-09-01,,504.84
12391,2010-02-15 10:12:00,2011-11-18 12:07:00,6,2724.84,454.14,Cyprus,Repeat Customer,21,641,4-9 orders (Regular),Active (0-90d),2010-02-01,7.0,712.39
12392,2010-04-27 14:04:00,2010-04-27 14:04:00,1,234.75,234.75,Australia,One-Time Customer,591,0,1 order (One-Time),Lapsed (180d+),2010-04-01,,234.75
12393,2010-10-07 13:49:00,2011-09-28 15:41:00,6,2399.45,399.91,Australia,Repeat Customer,72,356,4-9 orders (Regular),Active (0-90d),2010-10-01,46.0,303.8
12394,2011-05-06 14:01:00,2011-10-07 08:08:00,2,1080.48,540.24,Belgium,Repeat Customer,63,153,2-3 orders (Occasional),Active (0-90d),2011-05-01,153.0,351.08
12395,2010-04-16 10:16:00,2011-11-20 15:21:00,15,4241.17,282.74,Belgium,Repeat Customer,19,583,10+ orders (Champions),Active (0-90d),2010-04-01,108.0,1035.44
12396,2010-02-03 13:22:00,2010-02-03 13:22:00,1,931.43,931.43,RSA,One-Time Customer,674,0,1 order (One-Time),Lapsed (180d+),2010-02-01,,931.43
12397,2011-07-27 14:21:00,2011-11-04 09:52:00,2,2214.9,1107.45,Belgium,Repeat Customer,35,99,2-3 orders (Occasional),Active (0-90d),2011-07-01,99.0,1109.81
12398,2011-10-25 10:27:00,2011-10-25 10:27:00,1,1435.66,1435.66,Switzerland,One-Time Customer,45,0,1 order (One-Time),Active (0-90d),2011-10-01,,1435.66
12399,2010-03-05 08:45:00,2011-08-12 13:15:00,7,1842.3,263.19,Belgium,Repeat Customer,119,525,4-9 orders (Regular),At Risk (91-180d),2010-03-01,125.0,190.98
12400,2010-10-21 13:45:00,2010-10-21 13:45:00,1,205.25,205.25,Australia,One-Time Customer,414,0,1 order (One-Time),Lapsed (180d+),2010-10-01,,205.25
12401,2011-02-09 13:50:00,2011-02-09 13:50:00,1,69.3,69.3,Belgium,One-Time Customer,303,0,1 order (One-Time),Lapsed (180d+),2011-02-01,,69.3
12402,2010-02-07 12:41:00,2011-01-20 13:49:00,6,1136.9,189.48,Belgium,Repeat Customer,323,347,4-9 orders (Regular),Lapsed (180d+),2010-02-01,69.0,176.7
12403,2010-07-06 11:39:00,2011-10-21 10:51:00,2,947.36,473.68,Denmark,Repeat Customer,49,471,2-3 orders (Occasional),Active (0-90d),2010-07-01,471.0,555.66
12405,2011-07-14 08:52:00,2011-07-14 08:52:00,1,1390.39,1390.39,Finland,One-Time Customer,148,0,1 order (One-Time),At Risk (91-180d),2011-07-01,,1390.39
12406,2010-01-11 14:04:00,2011-11-17 19:22:00,5,6390.36,1278.07,Denmark,Repeat Customer,22,675,4-9 orders (Regular),Active (0-90d),2010-01-01,101.0,881.2
12407,2011-03-20 13:21:00,2011-10-21 10:11:00,5,1507.12,301.42,Belgium,Repeat Customer,49,214,4-9 orders (Regular),Active (0-90d),2011-03-01,28.0,211.3
12408,2010-07-29 13:27:00,2011-11-07 12:27:00,8,3905.77,488.22,Belgium,Repeat Customer,32,465,4-9 orders (Regular),Active (0-90d),2010-07-01,47.0,179.1
12409,2010-05-23 15:21:00,2011-09-22 10:38:00,7,23419.29,3345.61,Switzerland,Repeat Customer,78,486,4-9 orders (Regular),Active (0-90d),2010-05-01,15.0,6802.48
12410,2010-07-25 13:26:00,2011-02-04 10:39:00,3,773.71,257.9,Switzerland,Repeat Customer,308,193,2-3 orders (Occasional),Lapsed (180d+),2010-07-01,193.0,240.38
12411,2010-10-26 09:25:00,2010-10-26 09:25:00,1,346.9,346.9,Australia,One-Time Customer,409,0,1 order (One-Time),Lapsed (180d+),2010-10-01,,346.9
12412,2010-06-18 13:22:00,2011-09-26 10:16:00,6,2404.93,400.82,Denmark,Repeat Customer,74,464,4-9 orders (Regular),Active (0-90d),2010-06-01,52.0,634.88
12413,2010-11-02 13:26:00,2011-10-04 09:00:00,4,871.45,217.86,Spain,Repeat Customer,66,335,4-9 orders (Regular),Active (0-90d),2010-11-01,65.0,185.35
12414,2010-09-02 12:22:00,2011-05-06 14:51:00,4,532.41,133.1,Austria,Repeat Customer,217,246,4-9 orders (Regular),Lapsed (180d+),2010-09-01,153.0,90.0
12415,2010-06-30 08:30:00,2011-11-15 14:22:00,24,144033.37,6001.39,Australia,Repeat Customer,24,503,10+ orders (Champions),Active (0-90d),2010-06-01,16.0,2326.74
12416,2010-02-21 10:19:00,2010-02-21 10:19:00,1,202.56,202.56,Australia,One-Time Customer,656,0,1 order (One-Time),Lapsed (180d+),2010-02-01,,202.56
12417,2009-12-06 10:30:00,2011-12-06 14:52:00,20,5998.41,299.92,Belgium,Repeat Customer,3,730,10+ orders (Champions),Active (0-90d),2009-12-01,4.0,279.1
12418,2010-03-19 14:47:00,2011-08-19 11:08:00,4,2021.2,505.3,Switzerland,Repeat Customer,112,517,4-9 orders (Regular),At Risk (91-180d),2010-03-01,53.0,343.94
12419,2010-10-22 10:40:00,2010-11-19 10:04:00,2,391.01,195.5,Spain,Repeat Customer,385,27,2-3 orders (Occasional),Lapsed (180d+),2010-10-01,27.0,238.91
12420,2011-10-07 08:55:00,2011-10-07 08:55:00,1,600.39,600.39,Cyprus,One-Time Customer,63,0,1 order (One-Time),Active (0-90d),2011-10-01,,600.39
12421,2010-07-22 13:57:00,2011-11-24 09:07:00,6,874.6,145.77,Spain,Repeat Customer,15,489,4-9 orders (Regular),Active (0-90d),2010-07-01,90.0,49.8
12422,2009-12-18 12:44:00,2011-09-05 09:48:00,12,3639.35,303.28,Australia,Repeat Customer,95,625,10+ orders (Champions),At Risk (91-180d),2009-12-01,57.0,75.0
12423,2010-08-31 09:31:00,2011-12-09 10:10:00,10,2301.39,230.14,Denmark,Repeat Customer,0,465,10+ orders (Champions),Active (0-90d),2010-08-01,78.0,262.8
12424,2010-06-09 15:15:00,2011-06-30 12:06:00,4,3340.03,835.01,Australia,Repeat Customer,162,385,4-9 orders (Regular),At Risk (91-180d),2010-06-01,125.0,446.54
12425,2010-09-17 14:10:00,2011-09-22 17:31:00,2,1741.41,870.7,Portugal,Repeat Customer,78,370,2-3 orders (Occasional),Active (0-90d),2010-09-01,370.0,964.21
12426,2010-02-15 08:41:00,2011-05-29 12:26:00,2,1201.21,600.6,Germany,Repeat Customer,194,468,2-3 orders (Occasional),Lapsed (180d+),2010-02-01,468.0,690.48
12427,2010-12-03 10:44:00,2011-11-18 08:56:00,3,699.8,233.27,Germany,Repeat Customer,21,349,2-3 orders (Occasional),Active (0-90d),2010-12-01,311.0,249.5
12428,2011-03-01 09:33:00,2011-11-14 08:22:00,8,6405.26,800.66,Finland,Repeat Customer,25,257,4-9 orders (Regular),Active (0-90d),2011-03-01,0.0,1943.4
12429,2010-06-11 13:28:00,2011-11-30 17:22:00,8,5842.41,730.3,Denmark,Repeat Customer,9,537,4-9 orders (Regular),Active (0-90d),2010-06-01,0.0,894.0
12430,2011-10-27 15:09:00,2011-10-27 15:09:00,1,216.4,216.4,Norway,One-Time Customer,43,0,1 order (One-Time),Active (0-90d),2011-10-01,,216.4
12431,2010-01-15 09:04:00,2011-11-04 11:55:00,25,10102.22,404.09,Belgium,Repeat Customer,35,658,10+ orders (Champions),Active (0-90d),2010-01-01,48.0,985.27
12432,2011-06-20 13:27:00,2011-10-28 11:43:00,4,4359.32,1089.83,Norway,Repeat Customer,42,129,4-9 orders (Regular),Active (0-90d),2011-06-01,0.0,2862.06
12433,2010-08-20 09:23:00,2011-12-09 10:02:00,10,16794.14,1679.41,Norway,Repeat Customer,0,476,10+ orders (Champions),Active (0-90d),2010-08-01,27.0,152.4
12434,2010-11-23 13:38:00,2011-09-16 12:38:00,3,1103.43,367.81,Australia,Repeat Customer,84,296,2-3 orders (Occasional),Active (0-90d),2010-11-01,120.0,297.29
12435,2009-12-02 13:58:00,2011-09-21 09:06:00,6,13925.93,2320.99,Denmark,Repeat Customer,79,657,4-9 orders (Regular),Active (0-90d),2009-12-01,100.0,1008.0
12436,2011-09-01 12:09:00,2011-09-01 12:09:00,1,429.01,429.01,Norway,One-Time Customer,99,0,1 order (One-Time),At Risk (91-180d),2011-09-01,,429.01
12437,2009-12-02 16:24:00,2011-12-08 11:35:00,38,11282.4,296.91,France,Repeat Customer,1,735,10+ orders (Champions),Active (0-90d),2009-12-01,47.0,524.28
12438,2011-07-22 13:29:00,2011-11-25 13:28:00,2,2466.85,1233.42,Norway,Repeat Customer,14,125,2-3 orders (Occasional),Active (0-90d),2011-07-01,125.0,770.07
12439,2009-12-14 08:40:00,2010-01-26 12:11:00,2,1142.88,571.44,Cyprus,Repeat Customer,682,43,2-3 orders (Occasional),Lapsed (180d+),2009-12-01,43.0,1066.36
12440,2009-12-22 12:03:00,2010-09-03 13:11:00,2,739.2,369.6,Austria,Repeat Customer,462,255,2-3 orders (Occasional),Lapsed (180d+),2009-12-01,255.0,488.51
12441,2010-12-08 10:45:00,2010-12-08 10:45:00,1,155.55,155.55,France,One-Time Customer,366,0,1 order (One-Time),Lapsed (180d+),2010-12-01,,155.55
12442,2011-12-06 14:22:00,2011-12-06 14:22:00,1,144.06,144.06,Spain,One-Time Customer,3,0,1 order (One-Time),Active (0-90d),2011-12-01,,144.06
12443,2009-12-07 15:42:00,2009-12-07 15:42:00,1,365.31,365.31,Norway,One-Time Customer,732,0,1 order (One-Time),Lapsed (180d+),2009-12-01,,365.31
12444,2011-06-21 14:00:00,2011-11-18 13:23:00,5,4085.46,817.09,Norway,Repeat Customer,21,149,4-9 orders (Regular),Active (0-90d),2011-06-01,49.0,1870.2
12445,2010-10-15 12:28:00,2011-11-17 18:43:00,2,378.98,189.49,Spain,Repeat Customer,22,398,2-3 orders (Occasional),Active (0-90d),2010-10-01,398.0,301.58
12446,2011-10-13 12:50:00,2011-10-13 12:50:00,1,1002.31,1002.31,RSA,One-Time Customer,57,0,1 order (One-Time),Active (0-90d),2011-10-01,,1002.31
12447,2011-04-10 13:25:00,2011-04-10 13:25:00,1,431.49,431.49,Belgium,One-Time Customer,243,0,1 order (One-Time),Lapsed (180d+),2011-04-01,,431.49
12448,2011-10-26 13:46:00,2011-10-26 13:46:00,1,365.45,365.45,Spain,One-Time Customer,44,0,1 order (One-Time),Active (0-90d),2011-10-01,,365.45
12449,2010-09-27 09:37:00,2011-11-17 13:46:00,5,4274.89,854.98,Denmark,Repeat Customer,22,416,4-9 orders (Regular),Active (0-90d),2010-09-01,251.0,678.6
12450,2010-08-22 13:11:00,2011-07-06 14:41:00,5,688.2,137.64,Spain,Repeat Customer,156,318,4-9 orders (Regular),At Risk (91-180d),2010-08-01,22.0,148.42
12451,2010-06-28 12:58:00,2011-11-29 08:40:00,8,12629.88,1578.74,Switzerland,Repeat Customer,10,518,4-9 orders (Regular),Active (0-90d),2010-06-01,66.0,2151.27
12452,2011-11-23 08:05:00,2011-11-23 08:05:00,1,348.57,348.57,Switzerland,One-Time Customer,16,0,1 order (One-Time),Active (0-90d),2011-11-01,,348.57
12453,2011-07-28 14:08:00,2011-07-28 14:08:00,1,707.09,707.09,Austria,One-Time Customer,134,0,1 order (One-Time),At Risk (91-180d),2011-07-01,,707.09
12454,2010-10-14 17:33:00,2011-10-14 17:13:00,4,16459.78,4114.94,Spain,Repeat Customer,56,364,4-9 orders (Regular),Active (0-90d),2010-10-01,4.0,4733.52
12455,2009-12-18 12:33:00,2011-09-27 15:31:00,9,5722.95,635.88,Cyprus,Repeat Customer,73,648,4-9 orders (Regular),Active (0-90d),2009-12-01,94.0,1636.43
12456,2011-03-30 09:12:00,2011-10-26 14:41:00,3,2581.04,860.35,Switzerland,Repeat Customer,44,210,2-3 orders (Occasional),Active (0-90d),2011-03-01,123.0,780.17
12457,2010-09-30 17:59:00,2011-10-04 13:13:00,7,2555.91,365.13,Switzerland,Repeat Customer,66,368,4-9 orders (Regular),Active (0-90d),2010-09-01,196.0,512.68
12458,2010-08-09 10:33:00,2011-09-29 15:25:00,4,1502.49,375.62,Switzerland,Repeat Customer,71,416,4-9 orders (Regular),Active (0-90d),2010-08-01,60.0,345.61
12459,2010-04-13 14:53:00,2010-04-13 14:53:00,1,398.36,398.36,Spain,One-Time Customer,605,0,1 order (One-Time),Lapsed (180d+),2010-04-01,,398.36
12460,2010-09-09 13:51:00,2010-09-09 13:51:00,1,296.65,296.65,Belgium,One-Time Customer,456,0,1 order (One-Time),Lapsed (180d+),2010-09-01,,296.65
12461,2011-07-08 10:23:00,2011-07-08 10:23:00,1,626.88,626.88,Switzerland,One-Time Customer,154,0,1 order (One-Time),At Risk (91-180d),2011-07-01,,626.88
12462,2011-02-09 14:44:00,2011-11-21 09:11:00,2,937.59,468.8,Spain,Repeat Customer,18,284,2-3 orders (Occasional),Active (0-90d),2011-02-01,284.0,594.11
12463,2011-04-12 12:47:00,2011-10-17 13:44:00,4,1200.78,300.2,Belgium,Repeat Customer,53,188,4-9 orders (Regular),Active (0-90d),2011-04-01,34.0,314.57
12464,2011-02-03 13:30:00,2011-11-29 13:33:00,8,957.05,119.63,Belgium,Repeat Customer,10,299,4-9 orders (Regular),Active (0-90d),2011-02-01,24.0,168.9
12465,2011-06-23 13:37:00,2011-11-22 16:34:00,2,682.19,341.1,Belgium,Repeat Customer,17,152,2-3 orders (Occasional),Active (0-90d),2011-06-01,152.0,410.94
12467,2010-10-12 15:41:00,2010-10-12 15:41:00,1,132.8,132.8,USA,One-Time Customer,423,0,1 order (One-Time),Lapsed (180d+),2010-10-01,,132.8
12468,2010-01-26 10:09:00,2011-06-05 11:36:00,5,3238.74,647.75,Germany,Repeat Customer,187,495,4-9 orders (Regular),Lapsed (180d+),2010-01-01,72.0,405.23
12469,2010-06-21 10:30:00,2010-07-05 12:40:00,2,3070.54,1535.27,Thailand,Repeat Customer,522,14,2-3 orders (Occasional),Lapsed (180d+),2010-06-01,14.0,1956.84
12470,2010-01-19 11:01:00,2010-01-19 11:01:00,1,211.95,211.95,Unspecified,One-Time Customer,689,0,1 order (One-Time),Lapsed (180d+),2010-01-01,,211.95
12471,2009-12-07 10:41:00,2011-12-07 15:43:00,71,35099.9,494.36,Germany,Repeat Customer,2,730,10+ orders (Champions),Active (0-90d),2009-12-01,0.0,808.12
12472,2009-12-14 10:49:00,2011-11-07 14:01:00,19,14971.29,787.96,Germany,Repeat Customer,32,693,10+ orders (Champions),Active (0-90d),2009-12-01,55.0,1196.43
12473,2011-06-01 10:15:00,2011-10-17 11:27:00,3,2585.73,861.91,Germany,Repeat Customer,53,138,2-3 orders (Occasional),Active (0-90d),2011-06-01,77.0,589.69
12474,2010-02-11 09:41:00,2011-11-22 14:39:00,29,11310.75,390.03,Germany,Repeat Customer,17,649,10+ orders (Champions),Active (0-90d),2010-02-01,63.0,140.7
12475,2010-10-26 08:49:00,2011-10-17 10:10:00,2,1065.64,532.82,Germany,Repeat Customer,53,356,2-3 orders (Occasional),Active (0-90d),2010-10-01,356.0,396.26
12476,2010-07-26 09:04:00,2011-11-24 12:40:00,18,12319.91,684.44,Germany,Repeat Customer,15,486,10+ orders (Champions),Active (0-90d),2010-07-01,50.0,1105.74
12477,2010-03-26 14:01:00,2011-11-17 09:51:00,9,20276.37,2252.93,Germany,Repeat Customer,22,600,4-9 orders (Regular),Active (0-90d),2010-03-01,97.0,2021.23
12478,2011-12-06 09:56:00,2011-12-06 09:56:00,1,545.99,545.99,Greece,One-Time Customer,3,0,1 order (One-Time),Active (0-90d),2011-12-01,,545.99
12479,2011-11-28 13:26:00,2011-11-28 13:26:00,1,473.2,473.2,Germany,One-Time Customer,11,0,1 order (One-Time),Active (0-90d),2011-11-01,,473.2
12480,2010-07-20 13:21:00,2011-11-11 14:52:00,7,4834.85,690.69,Germany,Repeat Customer,28,479,4-9 orders (Regular),Active (0-90d),2010-07-01,79.0,397.9
12481,2010-04-11 13:10:00,2011-11-17 08:29:00,14,11033.51,788.11,Germany,Repeat Customer,22,584,10+ orders (Champions),Active (0-90d),2010-04-01,156.0,2969.6
12482,2010-02-24 10:24:00,2010-05-12 16:51:00,27,21941.72,812.66,Sweden,Repeat Customer,576,77,10+ orders (Champions),Lapsed (180d+),2010-02-01,0.0,2087.68
12483,2010-01-31 13:28:00,2011-11-22 17:02:00,19,4069.18,214.17,Sweden,Repeat Customer,17,660,10+ orders (Champions),Active (0-90d),2010-01-01,9.0,221.7
12484,2010-01-27 16:41:00,2011-11-04 15:18:00,9,5557.1,617.46,Spain,Repeat Customer,35,645,4-9 orders (Regular),Active (0-90d),2010-01-01,1.0,563.65
12485,2010-06-28 15:22:00,2010-06-28 15:22:00,1,708.1,708.1,Sweden,One-Time Customer,529,0,1 order (One-Time),Lapsed (180d+),2010-06-01,,708.1
12486,2010-10-04 12:14:00,2010-10-04 12:14:00,1,917.28,917.28,Sweden,One-Time Customer,431,0,1 order (One-Time),Lapsed (180d+),2010-10-01,,917.28
12487,2009-12-09 11:36:00,2009-12-09 11:36:00,1,285.3,285.3,Sweden,One-Time Customer,730,0,1 order (One-Time),Lapsed (180d+),2009-12-01,,285.3
12488,2011-09-25 10:34:00,2011-11-30 08:50:00,3,1244.66,414.89,France,Repeat Customer,9,65,2-3 orders (Occasional),Active (0-90d),2011-09-01,36.0,553.39
12489,2011-01-07 13:13:00,2011-01-07 13:13:00,1,298.93,298.93,France,One-Time Customer,336,0,1 order (One-Time),Lapsed (180d+),2011-01-01,,298.93
12490,2009-12-01 12:52:00,2011-12-04 16:07:00,20,8764.64,438.23,France,Repeat Customer,5,733,10+ orders (Champions),Active (0-90d),2009-12-01,61.0,531.94
12491,2011-11-01 12:18:00,2011-11-01 12:18:00,1,424.4,424.4,France,One-Time Customer,38,0,1 order (One-Time),Active (0-90d),2011-11-01,,424.4
12492,2010-11-01 14:58:00,2011-10-07 15:15:00,3,607.21,202.4,Germany,Repeat Customer,63,340,2-3 orders (Occasional),Active (0-90d),2010-11-01,297.0,380.0
12493,2011-05-26 14:53:00,2011-06-27 10:17:00,2,415.74,207.87,France,Repeat Customer,165,31,2-3 orders (Occasional),At Risk (91-180d),2011-05-01,31.0,232.5
12494,2010-05-12 13:52:00,2011-11-24 09:34:00,9,1563.27,173.7,France,Repeat Customer,15,560,4-9 orders (Regular),Active (0-90d),2010-05-01,164.0,290.87
12495,2010-03-09 10:53:00,2010-03-09 10:53:00,1,277.4,277.4,Sweden,One-Time Customer,640,0,1 order (One-Time),Lapsed (180d+),2010-03-01,,277.4
12496,2010-03-29 13:57:00,2010-03-29 14:06:00,2,45.34,22.67,Spain,Repeat Customer,620,0,2-3 orders (Occasional),Lapsed (180d+),2010-03-01,0.0,44.09
12497,2010-03-05 09:39:00,2011-09-19 12:29:00,3,5996.5,1998.83,Germany,Repeat Customer,81,563,2-3 orders (Occasional),Active (0-90d),2010-03-01,244.0,1049.76
12498,2011-10-13 09:30:00,2011-11-18 12:53:00,3,349.7,116.57,Germany,Repeat Customer,21,36,2-3 orders (Occasional),Active (0-90d),2011-10-01,36.0,211.25
12499,2010-05-28 15:12:00,2010-05-28 15:12:00,1,357.72,357.72,Germany,One-Time Customer,560,0,1 order (One-Time),Lapsed (180d+),2010-05-01,,357.72
12500,2010-02-04 15:05:00,2011-11-16 16:20:00,18,5559.21,308.85,Germany,Repeat Customer,23,650,10+ orders (Champions),Active (0-90d),2010-02-01,0.0,311.43
12501,2011-01-07 12:28:00,2011-01-07 12:28:00,1,2025.39,2025.39,Germany,One-Time Customer,336,0,1 order (One-Time),Lapsed (180d+),2011-01-01,,2025.39
12502,2011-02-03 10:41:00,2011-09-05 11:52:00,5,2995.87,599.17,Spain,Repeat Customer,95,214,4-9 orders (Regular),At Risk (91-180d),2011-02-01,41.0,505.25
12503,2010-05-04 13:59:00,2010-05-04 13:59:00,1,896.0,896.0,Spain,One-Time Customer,584,0,1 order (One-Time),Lapsed (180d+),2010-05-01,,896.0
12504,2010-04-22 10:24:00,2011-11-21 16:02:00,4,689.05,172.26,Germany,Repeat Customer,18,578,4-9 orders (Regular),Active (0-90d),2010-04-01,179.0,116.4
12505,2010-10-27 09:18:00,2010-10-27 09:18:00,1,787.2,787.2,Italy,One-Time Customer,408,0,1 order (One-Time),Lapsed (180d+),2010-10-01,,787.2
12506,2011-04-21 08:54:00,2011-04-21 08:54:00,1,73.5,73.5,France,One-Time Customer,232,0,1 order (One-Time),Lapsed (180d+),2011-04-01,,73.5
12507,2010-05-04 09:23:00,2011-07-28 17:09:00,4,1508.06,377.02,Spain,Repeat Customer,134,450,4-9 orders (Regular),At Risk (91-180d),2010-05-01,286.0,455.25
12508,2011-11-10 16:27:00,2011-11-13 15:37:00,2,397.88,198.94,France,Repeat Customer,26,2,2-3 orders (Occasional),Active (0-90d),2011-11-01,2.0,274.8
12509,2011-02-28 14:45:00,2011-02-28 14:45:00,1,158.5,158.5,France,One-Time Customer,284,0,1 order (One-Time),Lapsed (180d+),2011-02-01,,158.5
12510,2009-12-04 13:47:00,2011-07-20 10:15:00,7,3039.03,434.15,Spain,Repeat Customer,142,592,4-9 orders (Regular),At Risk (91-180d),2009-12-01,48.0,323.88
12511,2010-10-07 10:39:00,2010-10-07 10:39:00,1,3084.02,3084.02,Greece,One-Time Customer,428,0,1 order (One-Time),Lapsed (180d+),2010-10-01,,3084.02
12512,2011-10-04 14:53:00,2011-10-04 14:55:00,2,132.18,66.09,Israel,Repeat Customer,66,0,2-3 orders (Occasional),Active (0-90d),2011-10-01,0.0,116.48
12513,2011-08-19 10:51:00,2011-08-19 10:51:00,1,558.29,558.29,France,One-Time Customer,112,0,1 order (One-Time),At Risk (91-180d),2011-08-01,,558.29
12514,2010-03-08 12:18:00,2011-03-17 16:38:00,2,1597.76,798.88,Italy,Repeat Customer,267,374,2-3 orders (Occasional),Lapsed (180d+),2010-03-01,374.0,580.08
12515,2010-12-21 15:43:00,2010-12-21 15:43:00,1,278.7,278.7,Italy,One-Time Customer,353,0,1 order (One-Time),Lapsed (180d+),2010-12-01,,278.7
12516,2010-04-19 14:14:00,2011-09-23 09:13:00,4,2288.62,572.16,Germany,Repeat Customer,77,521,4-9 orders (Regular),Active (0-90d),2010-04-01,168.0,509.46
12517,2011-06-02 15:13:00,2011-11-11 13:57:00,4,2301.6,575.4,Germany,Repeat Customer,28,161,4-9 orders (Regular),Active (0-90d),2011-06-01,63.0,749.7
12518,2011-08-21 13:18:00,2011-12-09 10:13:00,5,1840.89,368.18,Germany,Repeat Customer,0,109,4-9 orders (Regular),Active (0-90d),2011-08-01,33.0,288.83
12519,2010-08-20 08:21:00,2011-10-07 09:26:00,2,626.54,313.27,Germany,Repeat Customer,63,413,2-3 orders (Occasional),Active (0-90d),2010-08-01,413.0,349.7
12520,2011-03-11 11:35:00,2011-09-21 15:23:00,5,2346.26,469.25,Germany,Repeat Customer,79,194,4-9 orders (Regular),Active (0-90d),2011-03-01,13.0,897.42
12521,2011-07-20 10:51:00,2011-07-20 10:51:00,1,545.68,545.68,Germany,One-Time Customer,142,0,1 order (One-Time),At Risk (91-180d),2011-07-01,,545.68
12522,2011-10-19 14:41:00,2011-10-31 15:30:00,2,156.72,78.36,Germany,Repeat Customer,39,12,2-3 orders (Occasional),Active (0-90d),2011-10-01,12.0,71.4
12523,2009-12-07 13:46:00,2011-11-20 12:55:00,23,4010.35,174.36,France,Repeat Customer,19,712,10+ orders (Champions),Active (0-90d),2009-12-01,63.0,74.56
12524,2010-02-08 14:41:00,2011-11-30 15:31:00,17,9794.11,576.12,Germany,Repeat Customer,9,660,10+ orders (Champions),Active (0-90d),2010-02-01,27.0,486.9
12525,2010-03-02 14:01:00,2010-07-29 16:08:00,3,883.73,294.58,France,Repeat Customer,498,149,2-3 orders (Occasional),Lapsed (180d+),2010-03-01,90.0,476.43
12526,2011-09-06 14:19:00,2011-12-09 12:09:00,3,1172.66,390.89,Germany,Repeat Customer,0,93,2-3 orders (Occasional),Active (0-90d),2011-09-01,40.0,484.3
12527,2010-06-28 15:37:00,2011-09-19 11:55:00,5,717.51,143.5,Germany,Repeat Customer,81,447,4-9 orders (Regular),Active (0-90d),2010-06-01,34.0,301.8
12528,2011-01-31 09:05:00,2011-11-30 14:40:00,6,1645.48,274.25,Germany,Repeat Customer,9,303,4-9 orders (Regular),Active (0-90d),2011-01-01,36.0,439.53
12529,2010-06-29 13:10:00,2010-06-29 13:10:00,1,316.48,316.48,France,One-Time Customer,528,0,1 order (One-Time),Lapsed (180d+),2010-06-01,,316.48
12530,2010-03-07 14:37:00,2011-10-11 12:34:00,9,3381.26,375.7,Germany,Repeat Customer,59,582,4-9 orders (Regular),Active (0-90d),2010-03-01,44.0,321.0
12531,2010-01-22 14:17:00,2011-11-25 11:12:00,2,1771.2,885.6,Germany,Repeat Customer,14,671,2-3 orders (Occasional),Active (0-90d),2010-01-01,671.0,1645.98
12532,2011-11-09 13:47:00,2011-11-09 13:47:00,1,313.83,313.83,France,One-Time Customer,30,0,1 order (One-Time),Active (0-90d),2011-11-01,,313.83
12533,2009-12-01 11:50:00,2010-03-22 10:56:00,2,1223.89,611.94,Germany,Repeat Customer,627,110,2-3 orders (Occasional),Lapsed (180d+),2009-12-01,110.0,821.92
12534,2011-08-01 10:26:00,2011-08-01 10:26:00,1,981.18,981.18,Germany,One-Time Customer,130,0,1 order (One-Time),At Risk (91-180d),2011-08-01,,981.18
12535,2011-06-06 12:47:00,2011-09-09 08:48:00,2,716.35,358.17,France,Repeat Customer,91,94,2-3 orders (Occasional),At Risk (91-180d),2011-06-01,94.0,371.45
12536,2011-10-11 14:52:00,2011-10-11 14:52:00,1,4279.71,4279.71,France,One-Time Customer,59,0,1 order (One-Time),Active (0-90d),2011-10-01,,4279.71
12537,2010-10-27 08:36:00,2010-10-27 08:36:00,1,612.94,612.94,Sweden,One-Time Customer,408,0,1 order (One-Time),Lapsed (180d+),2010-10-01,,612.94
12538,2010-11-26 13:02:00,2011-11-10 17:16:00,2,640.45,320.23,Spain,Repeat Customer,29,349,2-3 orders (Occasional),Active (0-90d),2010-11-01,349.0,276.5
12539,2009-12-23 13:00:00,2011-11-17 13:30:00,7,11186.75,1598.11,Spain,Repeat Customer,22,694,4-9 orders (Regular),Active (0-90d),2009-12-01,0.0,2565.83
12540,2009-12-07 16:56:00,2011-11-20 11:31:00,32,19250.49,601.58,Spain,Repeat Customer,19,712,10+ orders (Champions),Active (0-90d),2009-12-01,33.0,328.6
12541,2011-03-04 09:32:00,2011-11-10 10:40:00,3,841.18,280.39,Spain,Repeat Customer,29,251,2-3 orders (Occasional),Active (0-90d),2011-03-01,107.0,284.4
12542,2010-03-09 16:26:00,2010-08-12 19:12:00,2,481.88,240.94,Spain,Repeat Customer,484,156,2-3 orders (Occasional),Lapsed (180d+),2010-03-01,156.0,364.79
12543,2010-09-17 15:51:00,2010-09-17 15:51:00,1,840.25,840.25,Spain,One-Time Customer,448,0,1 order (One-Time),Lapsed (180d+),2010-09-01,,840.25
12544,2011-11-03 16:15:00,2011-11-03 16:15:00,1,316.7,316.7,Spain,One-Time Customer,36,0,1 order (One-Time),Active (0-90d),2011-11-01,,316.7
12545,2011-03-25 12:04:00,2011-09-25 13:39:00,2,832.39,416.2,Spain,Repeat Customer,75,184,2-3 orders (Occasional),Active (0-90d),2011-03-01,184.0,544.15
12546,2011-09-23 09:44:00,2011-10-24 12:09:00,2,1021.5,510.75,Spain,Repeat Customer,46,31,2-3 orders (Occasional),Active (0-90d),2011-09-01,31.0,676.2
12547,2010-07-27 13:55:00,2011-05-26 12:38:00,3,299.58,99.86,Spain,Repeat Customer,197,302,2-3 orders (Occasional),Lapsed (180d+),2010-07-01,219.0,147.78
12548,2011-06-26 15:35:00,2011-06-26 15:35:00,1,67.2,67.2,Spain,One-Time Customer,166,0,1 order (One-Time),At Risk (91-180d),2011-06-01,,67.2
12549,2010-01-11 12:29:00,2010-05-13 12:05:00,5,1570.68,314.14,USA,Repeat Customer,575,121,4-9 orders (Regular),Lapsed (180d+),2010-01-01,0.0,408.42
12550,2011-09-21 14:35:00,2011-09-21 14:35:00,1,824.83,824.83,Spain,One-Time Customer,79,0,1 order (One-Time),Active (0-90d),2011-09-01,,824.83
12551,2010-12-17 11:23:00,2010-12-17 11:23:00,1,168.0,168.0,Spain,One-Time Customer,357,0,1 order (One-Time),Lapsed (180d+),2010-12-01,,168.0
12552,2011-10-31 12:11:00,2011-10-31 12:11:00,1,317.82,317.82,Italy,One-Time Customer,39,0,1 order (One-Time),Active (0-90d),2011-10-01,,317.82
12553,2010-10-12 13:35:00,2011-12-01 16:38:00,12,4104.75,342.06,France,Repeat Customer,8,415,10+ orders (Champions),Active (0-90d),2010-10-01,37.0,483.99
12554,2010-09-17 12:29:00,2010-09-17 12:29:00,1,384.5,384.5,Spain,One-Time Customer,448,0,1 order (One-Time),Lapsed (180d+),2010-09-01,,384.5
12556,2011-07-11 13:35:00,2011-10-20 13:06:00,2,599.56,299.78,Spain,Repeat Customer,50,100,2-3 orders (Occasional),Active (0-90d),2011-07-01,100.0,308.75
12557,2009-12-17 10:39:00,2011-11-23 16:59:00,8,18096.14,2262.02,Spain,Repeat Customer,16,706,4-9 orders (Regular),Active (0-90d),2009-12-01,176.0,1952.64
12558,2011-12-02 10:41:00,2011-12-02 10:41:00,1,269.96,269.96,USA,One-Time Customer,7,0,1 order (One-Time),Active (0-90d),2011-12-01,,269.96
12559,2011-01-24 10:12:00,2011-02-02 09:49:00,2,525.71,262.86,Germany,Repeat Customer,310,8,2-3 orders (Occasional),Lapsed (180d+),2011-01-01,8.0,450.11
12560,2011-07-19 15:55:00,2011-12-04 13:54:00,2,1918.01,959.0,Germany,Repeat Customer,5,137,2-3 orders (Occasional),Active (0-90d),2011-07-01,137.0,1292.31
12561,2011-02-10 11:39:00,2011-02-10 11:39:00,1,238.85,238.85,Germany,One-Time Customer,302,0,1 order (One-Time),Lapsed (180d+),2011-02-01,,238.85
12562,2010-09-30 13:13:00,2011-12-01 17:20:00,9,4426.92,491.88,France,Repeat Customer,8,427,4-9 orders (Regular),Active (0-90d),2010-09-01,49.0,390.0
12563,2010-10-27 09:52:00,2010-10-27 09:52:00,1,221.24,221.24,Italy,One-Time Customer,408,0,1 order (One-Time),Lapsed (180d+),2010-10-01,,221.24
12564,2011-03-23 14:55:00,2011-03-23 14:55:00,1,402.9,402.9,France,One-Time Customer,261,0,1 order (One-Time),Lapsed (180d+),2011-03-01,,402.9
12565,2011-02-24 10:34:00,2011-02-24 10:34:00,1,145.92,145.92,Saudi Arabia,One-Time Customer,288,0,1 order (One-Time),Lapsed (180d+),2011-02-01,,145.92
12566,2011-09-14 14:30:00,2011-09-14 14:30:00,1,297.65,297.65,Germany,One-Time Customer,86,0,1 order (One-Time),Active (0-90d),2011-09-01,,297.65
12567,2010-02-11 10:30:00,2011-11-17 11:02:00,15,10741.48,716.1,France,Repeat Customer,22,644,10+ orders (Champions),Active (0-90d),2010-02-01,83.0,486.28
12568,2010-03-05 09:15:00,2010-03-05 09:15:00,1,52.0,52.0,Germany,One-Time Customer,644,0,1 order (One-Time),Lapsed (180d+),2010-03-01,,52.0
12569,2011-04-01 13:47:00,2011-12-07 16:24:00,32,3152.69,98.52,Germany,Repeat Customer,2,250,10+ orders (Champions),Active (0-90d),2011-04-01,12.0,222.68
12571,2011-08-10 12:35:00,2011-10-31 10:19:00,2,519.61,259.8,France,Repeat Customer,39,81,2-3 orders (Occasional),Active (0-90d),2011-08-01,81.0,248.35
12572,2011-10-19 08:20:00,2011-12-01 09:20:00,2,912.42,456.21,Germany,Repeat Customer,8,43,2-3 orders (Occasional),Active (0-90d),2011-10-01,43.0,478.74
12573,2010-08-31 17:25:00,2011-04-26 15:52:00,5,717.41,143.48,France,Repeat Customer,227,237,4-9 orders (Regular),Lapsed (180d+),2010-08-01,40.0,152.02
12574,2011-01-28 09:20:00,2011-01-28 09:20:00,1,182.45,182.45,France,One-Time Customer,315,0,1 order (One-Time),Lapsed (180d+),2011-01-01,,182.45
12575,2010-07-01 09:15:00,2010-09-08 13:09:00,2,568.82,284.41,France,Repeat Customer,457,69,2-3 orders (Occasional),Lapsed (180d+),2010-07-01,69.0,305.8
12576,2010-07-01 13:46:00,2011-11-04 10:11:00,8,2062.72,257.84,Poland,Repeat Customer,35,490,4-9 orders (Regular),Active (0-90d),2010-07-01,67.0,294.75
12577,2009-12-03 19:31:00,2011-11-04 13:24:00,8,1613.15,201.64,France,Repeat Customer,35,700,4-9 orders (Regular),Active (0-90d),2009-12-01,326.0,210.55
12578,2010-09-22 11:19:00,2011-11-18 13:30:00,4,4026.45,1006.61,Italy,Repeat Customer,21,422,4-9 orders (Regular),Active (0-90d),2010-09-01,58.0,899.86
12579,2011-09-22 17:15:00,2011-09-22 17:15:00,1,386.42,386.42,France,One-Time Customer,78,0,1 order (One-Time),Active (0-90d),2011-09-01,,386.42
12580,2010-05-12 11:45:00,2011-04-07 10:24:00,2,962.9,481.45,Germany,Repeat Customer,246,329,2-3 orders (Occasional),Lapsed (180d+),2010-05-01,329.0,583.2
12581,2011-10-31 08:56:00,2011-10-31 08:56:00,1,179.71,179.71,Germany,One-Time Customer,39,0,1 order (One-Time),Active (0-90d),2011-10-01,,179.71
12582,2010-05-11 09:55:00,2011-04-15 08:45:00,4,1820.4,455.1,Finland,Repeat Customer,238,338,4-9 orders (Regular),Lapsed (180d+),2010-05-01,155.0,837.11
12583,2009-12-06 11:57:00,2011-12-07 08:07:00,27,12493.58,462.73,France,Repeat Customer,2,730,10+ orders (Champions),Active (0-90d),2009-12-01,80.0,745.44
12584,2011-03-04 15:15:00,2011-12-06 09:35:00,9,2254.15,250.46,Italy,Repeat Customer,3,276,4-9 orders (Regular),Active (0-90d),2011-03-01,94.0,379.63
12585,2010-12-23 12:58:00,2011-04-19 13:39:00,2,1824.1,912.05,Germany,Repeat Customer,234,117,2-3 orders (Occasional),Lapsed (180d+),2010-12-01,117.0,1154.85
12586,2009-12-16 13:15:00,2011-11-22 16:24:00,4,2062.67,515.67,Italy,Repeat Customer,17,706,4-9 orders (Regular),Active (0-90d),2009-12-01,308.0,422.35
12587,2011-12-02 12:47:00,2011-12-02 12:47:00,1,104.0,104.0,Finland,One-Time Customer,7,0,1 order (One-Time),Active (0-90d),2011-12-01,,104.0
12588,2010-04-21 12:22:00,2011-10-31 15:01:00,3,718.78,239.59,Finland,Repeat Customer,39,558,2-3 orders (Occasional),Active (0-90d),2010-04-01,198.0,248.9
12589,2010-01-19 12:26:00,2011-11-11 10:19:00,6,3294.91,549.15,France,Repeat Customer,28,660,4-9 orders (Regular),Active (0-90d),2010-01-01,225.0,661.5
12590,2011-05-12 14:46:00,2011-05-12 14:46:00,1,9341.26,9341.26,Germany,One-Time Customer,211,0,1 order (One-Time),Lapsed (180d+),2011-05-01,,9341.26
12591,2010-10-27 10:42:00,2011-01-26 14:35:00,3,1114.95,371.65,Italy,Repeat Customer,317,91,2-3 orders (Occasional),Lapsed (180d+),2010-10-01,18.0,572.95
12592,2010-07-08 14:06:00,2011-09-08 15:04:00,4,1723.64,430.91,Germany,Repeat Customer,92,427,4-9 orders (Regular),At Risk (91-180d),2010-07-01,0.0,661.02
12593,2011-05-05 09:29:00,2011-08-23 12:43:00,3,382.1,127.37,France,Repeat Customer,108,110,2-3 orders (Occasional),At Risk (91-180d),2011-05-01,89.0,200.0
12594,2010-03-03 13:51:00,2011-11-02 12:20:00,14,4890.11,349.29,Italy,Repeat Customer,37,608,10+ orders (Champions),Active (0-90d),2010-03-01,102.0,119.14
12595,2010-07-23 09:10:00,2010-07-23 09:10:00,1,281.02,281.02,Germany,One-Time Customer,504,0,1 order (One-Time),Lapsed (180d+),2010-07-01,,281.02
12596,2011-04-11 13:22:00,2011-10-19 13:02:00,2,450.27,225.14,Spain,Repeat Customer,51,190,2-3 orders (Occasional),Active (0-90d),2011-04-01,190.0,213.95
12597,2011-03-16 14:00:00,2011-11-20 13:33:00,4,3195.22,798.8,Spain,Repeat Customer,19,248,4-9 orders (Regular),Active (0-90d),2011-03-01,85.0,432.15
12598,2010-03-01 09:58:00,2011-11-30 12:18:00,10,4192.09,419.21,France,Repeat Customer,9,639,10+ orders (Champions),Active (0-90d),2010-03-01,2.0,575.39
12599,2010-05-11 10:42:00,2011-11-10 13:34:00,13,2026.72,155.9,France,Repeat Customer,29,548,10+ orders (Champions),Active (0-90d),2010-05-01,28.0,463.48
12600,2009-12-07 13:37:00,2011-11-11 10:29:00,20,4385.85,219.29,Germany,Repeat Customer,28,703,10+ orders (Champions),Active (0-90d),2009-12-01,6.0,249.9
12601,2010-10-31 10:57:00,2011-06-03 10:17:00,6,573.26,95.54,Germany,Repeat Customer,189,214,4-9 orders (Regular),Lapsed (180d+),2010-10-01,71.0,86.2
12602,2011-10-12 11:22:00,2011-10-12 11:22:00,1,153.12,153.12,France,One-Time Customer,58,0,1 order (One-Time),Active (0-90d),2011-10-01,,153.12
12603,2011-11-18 10:42:00,2011-11-18 10:42:00,1,613.2,613.2,Germany,One-Time Customer,21,0,1 order (One-Time),Active (0-90d),2011-11-01,,613.2
12604,2011-03-23 12:06:00,2011-09-21 14:08:00,2,236.18,118.09,France,Repeat Customer,79,182,2-3 orders (Occasional),Active (0-90d),2011-03-01,182.0,160.5
12605,2010-09-07 14:21:00,2010-11-28 14:18:00,3,1124.95,374.98,Germany,Repeat Customer,376,81,2-3 orders (Occasional),Lapsed (180d+),2010-09-01,35.0,220.99
12607,2011-10-10 16:06:00,2011-10-10 16:06:00,1,1579.51,1579.51,USA,One-Time Customer,60,0,1 order (One-Time),Active (0-90d),2011-10-01,,1579.51
12608,2010-10-31 10:49:00,2010-10-31 10:49:00,1,415.79,415.79,United Kingdom,One-Time Customer,404,0,1 order (One-Time),Lapsed (180d+),2010-10-01,,415.79
12609,2009-12-20 13:30:00,2011-09-22 16:34:00,9,3021.86,335.76,Germany,Repeat Customer,78,641,4-9 orders (Regular),Active (0-90d),2009-12-01,101.0,294.6
12610,2011-08-05 13:52:00,2011-11-17 09:34:00,4,1747.54,436.88,Italy,Repeat Customer,22,103,4-9 orders (Regular),Active (0-90d),2011-08-01,19.0,834.75
12611,2011-10-18 13:12:00,2011-10-18 13:12:00,1,1193.32,1193.32,Italy,One-Time Customer,52,0,1 order (One-Time),Active (0-90d),2011-10-01,,1193.32
12612,2011-09-26 15:35:00,2011-09-26 15:35:00,1,668.04,668.04,Germany,One-Time Customer,74,0,1 order (One-Time),Active (0-90d),2011-09-01,,668.04
12613,2009-12-14 13:10:00,2011-10-13 14:59:00,9,6277.37,697.49,Germany,Repeat Customer,57,668,4-9 orders (Regular),Active (0-90d),2009-12-01,116.0,1207.11
12614,2011-03-07 10:22:00,2011-03-07 10:22:00,1,315.6,315.6,Germany,One-Time Customer,277,0,1 order (One-Time),Lapsed (180d+),2011-03-01,,315.6
12615,2010-03-18 14:09:00,2011-12-07 15:02:00,8,5362.98,670.37,France,Repeat Customer,2,629,4-9 orders (Regular),Active (0-90d),2010-03-01,127.0,1155.48
12616,2010-11-16 11:38:00,2011-09-05 15:17:00,3,1023.1,341.03,France,Repeat Customer,95,293,2-3 orders (Occasional),At Risk (91-180d),2010-11-01,91.0,381.8
12617,2011-11-10 14:39:00,2011-11-10 14:39:00,1,352.98,352.98,France,One-Time Customer,29,0,1 order (One-Time),Active (0-90d),2011-11-01,,352.98
12618,2011-11-18 11:10:00,2011-11-18 11:10:00,1,137.31,137.31,Italy,One-Time Customer,21,0,1 order (One-Time),Active (0-90d),2011-11-01,,137.31
12619,2010-05-28 12:52:00,2011-11-23 14:52:00,9,3085.7,342.86,Germany,Repeat Customer,16,544,4-9 orders (Regular),Active (0-90d),2010-05-01,307.0,140.14
12620,2011-05-19 12:10:00,2011-11-25 10:20:00,3,1303.41,434.47,France,Repeat Customer,14,189,2-3 orders (Occasional),Active (0-90d),2011-05-01,123.0,561.66
12621,2010-02-09 12:01:00,2011-12-08 11:25:00,35,22097.2,631.35,Germany,Repeat Customer,1,666,10+ orders (Champions),Active (0-90d),2010-02-01,37.0,238.44
12622,2011-04-21 16:39:00,2011-04-21 16:39:00,1,162.1,162.1,Germany,One-Time Customer,232,0,1 order (One-Time),Lapsed (180d+),2011-04-01,,162.1
12623,2010-01-12 11:45:00,2011-03-08 13:50:00,7,3315.84,473.69,Germany,Repeat Customer,276,420,4-9 orders (Regular),Lapsed (180d+),2010-01-01,48.0,1399.72
12624,2011-06-15 12:34:00,2011-08-25 15:04:00,2,569.13,284.56,France,Repeat Customer,106,71,2-3 orders (Occasional),At Risk (91-180d),2011-06-01,71.0,263.94
12625,2010-04-22 11:33:00,2011-05-12 09:54:00,4,4678.88,1169.72,Germany,Repeat Customer,211,384,4-9 orders (Regular),Lapsed (180d+),2010-04-01,87.0,879.69
12626,2011-01-17 11:01:00,2011-11-16 16:06:00,9,5954.48,661.61,Germany,Repeat Customer,23,303,4-9 orders (Regular),Active (0-90d),2011-01-01,10.0,952.0
12627,2011-07-22 13:59:00,2011-11-29 12:07:00,6,4082.53,680.42,Germany,Repeat Customer,10,129,4-9 orders (Regular),Active (0-90d),2011-07-01,10.0,696.02
12628,2011-10-06 09:28:00,2011-12-05 13:15:00,3,732.46,244.15,Germany,Repeat Customer,4,60,2-3 orders (Occasional),Active (0-90d),2011-10-01,31.0,315.64
12629,2010-10-12 16:40:00,2010-11-19 09:18:00,2,1198.22,599.11,Sweden,Repeat Customer,385,37,2-3 orders (Occasional),Lapsed (180d+),2010-10-01,37.0,584.36
12630,2011-10-27 10:41:00,2011-11-30 10:48:00,2,1030.88,515.44,Finland,Repeat Customer,9,34,2-3 orders (Occasional),Active (0-90d),2011-10-01,34.0,581.79
12631,2010-01-15 14:50:00,2011-10-13 13:53:00,6,3321.57,553.59,Finland,Repeat Customer,57,635,4-9 orders (Regular),Active (0-90d),2010-01-01,95.0,738.18
12632,2010-05-24 09:07:00,2010-07-07 09:39:00,2,714.88,357.44,Germany,Repeat Customer,520,44,2-3 orders (Occasional),Lapsed (180d+),2010-05-01,44.0,340.32
12633,2010-07-02 11:44:00,2011-10-12 11:40:00,7,5156.16,736.59,Germany,Repeat Customer,58,466,4-9 orders (Regular),Active (0-90d),2010-07-01,34.0,2036.39
12634,2010-06-09 15:41:00,2010-06-09 15:41:00,1,360.0,360.0,USA,One-Time Customer,548,0,1 order (One-Time),Lapsed (180d+),2010-06-01,,360.0
12635,2010-09-09 10:50:00,2011-09-11 11:04:00,4,2624.41,656.1,Germany,Repeat Customer,89,367,4-9 orders (Regular),Active (0-90d),2010-09-01,64.0,659.33
12637,2010-06-14 13:36:00,2011-10-03 13:46:00,12,8085.81,673.82,France,Repeat Customer,67,476,10+ orders (Champions),Active (0-90d),2010-06-01,43.0,697.84
12638,2010-03-10 10:30:00,2011-11-06 13:11:00,2,681.49,340.74,Sweden,Repeat Customer,33,606,2-3 orders (Occasional),Active (0-90d),2010-03-01,606.0,169.8
12639,2010-03-22 09:05:00,2011-04-15 12:48:00,3,1072.37,357.46,Sweden,Repeat Customer,238,389,2-3 orders (Occasional),Lapsed (180d+),2010-03-01,193.0,213.58
12640,2011-09-19 12:01:00,2011-11-16 11:52:00,3,994.58,331.53,France,Repeat Customer,23,57,2-3 orders (Occasional),Active (0-90d),2011-09-01,56.0,674.59
12641,2011-08-16 13:26:00,2011-08-16 13:26:00,1,145.9,145.9,Sweden,One-Time Customer,115,0,1 order (One-Time),At Risk (91-180d),2011-08-01,,145.9
12642,2011-08-24 09:23:00,2011-11-14 15:03:00,3,905.26,301.75,Germany,Repeat Customer,25,82,2-3 orders (Occasional),Active (0-90d),2011-08-01,57.0,330.45
12643,2010-04-07 14:16:00,2011-08-03 12:56:00,11,7803.82,709.44,France,Repeat Customer,128,482,10+ orders (Champions),At Risk (91-180d),2010-04-01,51.0,2213.2
12644,2010-01-14 13:02:00,2011-08-02 10:33:00,4,1900.49,475.12,Germany,Repeat Customer,129,564,4-9 orders (Regular),At Risk (91-180d),2010-01-01,24.0,671.93
12645,2010-02-09 10:49:00,2011-11-06 12:38:00,8,3215.3,401.91,Germany,Repeat Customer,33,635,4-9 orders (Regular),Active (0-90d),2010-02-01,21.0,337.65
12646,2011-10-21 12:52:00,2011-12-05 10:14:00,2,1346.97,673.48,USA,Repeat Customer,4,44,2-3 orders (Occasional),Active (0-90d),2011-10-01,44.0,731.69
12647,2010-01-13 15:06:00,2011-11-17 12:56:00,35,14109.55,403.13,Germany,Repeat Customer,22,672,10+ orders (Champions),Active (0-90d),2010-01-01,18.0,1149.41
12648,2010-01-07 18:38:00,2011-07-08 11:55:00,4,1039.0,259.75,Germany,Repeat Customer,154,546,4-9 orders (Regular),At Risk (91-180d),2010-01-01,60.0,204.75
12649,2010-01-12 17:24:00,2011-08-24 14:41:00,8,2096.65,262.08,Germany,Repeat Customer,107,588,4-9 orders (Regular),At Risk (91-180d),2010-01-01,2.0,270.3
12650,2011-12-06 16:34:00,2011-12-06 16:34:00,1,242.44,242.44,France,One-Time Customer,3,0,1 order (One-Time),Active (0-90d),2011-12-01,,242.44
12651,2010-08-31 15:21:00,2011-01-09 12:46:00,4,377.75,94.44,France,Repeat Customer,334,130,4-9 orders (Regular),Lapsed (180d+),2010-08-01,58.0,99.0
12652,2010-10-01 15:16:00,2011-01-12 15:00:00,2,891.03,445.52,Germany,Repeat Customer,331,102,2-3 orders (Occasional),Lapsed (180d+),2010-10-01,102.0,97.05
12653,2010-07-01 09:56:00,2011-07-14 10:41:00,3,4160.83,1386.94,Israel,Repeat Customer,148,378,2-3 orders (Occasional),At Risk (91-180d),2010-07-01,230.0,1950.98
12654,2011-02-17 13:16:00,2011-11-29 10:10:00,5,529.98,106.0,Germany,Repeat Customer,10,284,4-9 orders (Regular),Active (0-90d),2011-02-01,97.0,148.6
12655,2010-10-12 09:17:00,2010-10-12 09:17:00,1,243.35,243.35,France,One-Time Customer,423,0,1 order (One-Time),Lapsed (180d+),2010-10-01,,243.35
12656,2010-05-26 09:00:00,2011-11-22 13:42:00,8,5723.83,715.48,France,Repeat Customer,17,545,4-9 orders (Regular),Active (0-90d),2010-05-01,63.0,819.0
12657,2011-09-22 11:40:00,2011-11-28 15:47:00,4,1427.18,356.79,France,Repeat Customer,11,67,4-9 orders (Regular),Active (0-90d),2011-09-01,36.0,546.44
12658,2011-11-21 10:22:00,2011-11-21 10:22:00,1,632.05,632.05,Germany,One-Time Customer,18,0,1 order (One-Time),Active (0-90d),2011-11-01,,632.05
12659,2011-11-10 11:53:00,2011-11-10 11:53:00,1,73.68,73.68,France,One-Time Customer,29,0,1 order (One-Time),Active (0-90d),2011-11-01,,73.68
12660,2011-11-28 13:26:00,2011-11-28 13:26:00,1,227.1,227.1,France,One-Time Customer,11,0,1 order (One-Time),Active (0-90d),2011-11-01,,227.1
12661,2010-09-29 16:46:00,2010-09-29 16:46:00,1,162.0,162.0,Sweden,One-Time Customer,436,0,1 order (One-Time),Lapsed (180d+),2010-09-01,,162.0
12662,2010-04-01 09:50:00,2011-12-09 11:59:00,20,6130.54,306.53,Germany,Repeat Customer,0,617,10+ orders (Champions),Active (0-90d),2010-04-01,31.0,440.36
12663,2010-02-09 14:28:00,2010-03-25 09:40:00,2,185.4,92.7,Germany,Repeat Customer,624,43,2-3 orders (Occasional),Lapsed (180d+),2010-02-01,43.0,117.75
12664,2009-12-13 10:28:00,2011-12-01 17:07:00,11,5420.04,492.73,Finland,Repeat Customer,8,718,10+ orders (Champions),Active (0-90d),2009-12-01,212.0,469.08
12665,2010-02-08 15:11:00,2011-01-19 08:34:00,3,259.6,86.53,Germany,Repeat Customer,324,344,2-3 orders (Occasional),Lapsed (180d+),2010-02-01,251.0,150.8
12666,2010-11-10 16:40:00,2010-11-10 16:40:00,1,1248.42,1248.42,Israel,One-Time Customer,394,0,1 order (One-Time),Lapsed (180d+),2010-11-01,,1248.42
12667,2011-10-12 17:00:00,2011-10-12 17:00:00,1,460.13,460.13,Finland,One-Time Customer,58,0,1 order (One-Time),Active (0-90d),2011-10-01,,460.13
12668,2010-01-31 15:45:00,2011-11-28 10:56:00,9,9906.03,1100.67,Germany,Repeat Customer,11,665,4-9 orders (Regular),Active (0-90d),2010-01-01,34.0,1521.74
12669,2011-03-28 10:15:00,2011-07-12 09:54:00,2,1427.73,713.86,France,Repeat Customer,150,105,2-3 orders (Occasional),At Risk (91-180d),2011-03-01,105.0,1028.3
12670,2010-02-11 10:13:00,2011-11-29 15:23:00,7,3436.29,490.9,France,Repeat Customer,10,656,4-9 orders (Regular),Active (0-90d),2010-02-01,280.0,207.6
12671,2010-04-12 16:30:00,2010-04-12 16:30:00,1,2622.48,2622.48,Germany,One-Time Customer,606,0,1 order (One-Time),Lapsed (180d+),2010-04-01,,2622.48
12672,2010-04-23 09:57:00,2011-01-14 09:20:00,2,407.05,203.52,France,Repeat Customer,329,265,2-3 orders (Occasional),Lapsed (180d+),2010-04-01,265.0,181.15
12673,2010-11-03 10:46:00,2011-12-04 13:55:00,3,1140.02,380.01,Germany,Repeat Customer,5,396,2-3 orders (Occasional),Active (0-90d),2010-11-01,75.0,565.5
12674,2011-05-16 09:10:00,2011-11-01 12:12:00,4,1844.6,461.15,France,Repeat Customer,38,169,4-9 orders (Regular),Active (0-90d),2011-05-01,37.0,550.74
12675,2010-05-10 16:44:00,2010-06-04 09:49:00,2,873.25,436.62,Italy,Repeat Customer,553,24,2-3 orders (Occasional),Lapsed (180d+),2010-05-01,24.0,860.5
12676,2010-08-13 13:29:00,2011-11-15 12:25:00,10,2333.09,233.31,Sweden,Repeat Customer,24,458,10+ orders (Champions),Active (0-90d),2010-08-01,0.0,335.58
12677,2010-02-11 13:55:00,2010-06-02 14:30:00,2,359.1,179.55,France,Repeat Customer,555,111,2-3 orders (Occasional),Lapsed (180d+),2010-02-01,111.0,172.7
12678,2010-01-07 16:46:00,2011-10-28 13:04:00,17,32855.18,1932.66,France,Repeat Customer,42,658,10+ orders (Champions),Active (0-90d),2010-01-01,118.0,2130.3
12679,2011-03-01 12:26:00,2011-10-12 12:30:00,4,951.02,237.76,France,Repeat Customer,58,225,4-9 orders (Regular),Active (0-90d),2011-03-01,77.0,722.06
12680,2011-08-18 15:44:00,2011-12-09 12:50:00,4,790.81,197.7,France,Repeat Customer,0,112,4-9 orders (Regular),Active (0-90d),2011-08-01,23.0,275.78
12681,2009-12-13 13:31:00,2011-11-25 11:33:00,44,26936.76,612.2,France,Repeat Customer,14,711,10+ orders (Champions),Active (0-90d),2009-12-01,25.0,942.54
12682,2009-12-01 09:28:00,2011-12-06 10:00:00,51,20736.22,406.59,France,Repeat Customer,3,735,10+ orders (Champions),Active (0-90d),2009-12-01,7.0,372.3
12683,2009-12-13 15:01:00,2011-12-05 16:28:00,20,10445.7,522.29,France,Repeat Customer,4,722,10+ orders (Champions),Active (0-90d),2009-12-01,7.0,222.3
12684,2011-05-10 12:55:00,2011-12-02 09:53:00,6,2073.63,345.6,France,Repeat Customer,7,205,4-9 orders (Regular),Active (0-90d),2011-05-01,16.0,453.1
12685,2011-09-07 10:28:00,2011-11-11 13:46:00,6,2575.08,429.18,France,Repeat Customer,28,65,4-9 orders (Regular),Active (0-90d),2011-09-01,1.0,495.24
12686,2010-12-03 09:51:00,2010-12-03 09:51:00,1,71.14,71.14,France,One-Time Customer,371,0,1 order (One-Time),Lapsed (180d+),2010-12-01,,71.14
12687,2010-08-16 12:12:00,2010-08-16 12:12:00,1,1858.91,1858.91,Sweden,One-Time Customer,480,0,1 order (One-Time),Lapsed (180d+),2010-08-01,,1858.91
12688,2011-08-18 08:49:00,2011-08-18 08:49:00,1,4873.81,4873.81,Israel,One-Time Customer,113,0,1 order (One-Time),At Risk (91-180d),2011-08-01,,4873.81
12689,2011-08-04 10:04:00,2011-11-14 08:31:00,2,1139.61,569.81,France,Repeat Customer,25,101,2-3 orders (Occasional),Active (0-90d),2011-08-01,101.0,475.03
12690,2011-05-18 09:09:00,2011-05-18 09:09:00,1,335.01,335.01,France,One-Time Customer,205,0,1 order (One-Time),Lapsed (180d+),2011-05-01,,335.01
12691,2010-10-15 12:00:00,2011-11-11 16:49:00,6,1044.4,174.07,France,Repeat Customer,28,392,4-9 orders (Regular),Active (0-90d),2010-10-01,63.0,116.6
12692,2010-03-12 14:02:00,2010-03-12 14:02:00,1,110.95,110.95,France,One-Time Customer,637,0,1 order (One-Time),Lapsed (180d+),2010-03-01,,110.95
12693,2010-07-05 13:56:00,2011-08-04 17:51:00,7,1415.02,202.15,Germany,Repeat Customer,127,395,4-9 orders (Regular),At Risk (91-180d),2010-07-01,70.0,489.35
12694,2010-10-14 19:39:00,2011-09-30 13:06:00,3,1663.35,554.45,France,Repeat Customer,70,350,2-3 orders (Occasional),Active (0-90d),2010-10-01,237.0,901.68
12695,2010-02-12 13:22:00,2011-12-02 13:22:00,7,1371.12,195.87,France,Repeat Customer,7,658,4-9 orders (Regular),Active (0-90d),2010-02-01,75.0,493.66
12696,2010-07-19 10:02:00,2010-10-01 10:43:00,2,731.91,365.96,Finland,Repeat Customer,434,74,2-3 orders (Occasional),Lapsed (180d+),2010-07-01,74.0,277.15
12697,2011-06-23 15:44:00,2011-11-11 08:47:00,3,757.59,252.53,Sweden,Repeat Customer,28,140,2-3 orders (Occasional),Active (0-90d),2011-06-01,37.0,310.5
12698,2010-04-28 15:51:00,2010-04-28 15:51:00,1,285.75,285.75,Germany,One-Time Customer,590,0,1 order (One-Time),Lapsed (180d+),2010-04-01,,285.75
12699,2010-10-18 12:07:00,2010-10-18 12:07:00,1,566.11,566.11,Germany,One-Time Customer,417,0,1 order (One-Time),Lapsed (180d+),2010-10-01,,566.11
12700,2011-05-08 16:10:00,2011-12-02 10:47:00,4,4525.99,1131.5,France,Repeat Customer,7,207,4-9 orders (Regular),Active (0-90d),2011-05-01,58.0,984.43
12701,2010-03-16 13:23:00,2011-09-21 10:47:00,6,2248.41,374.73,Germany,Repeat Customer,79,553,4-9 orders (Regular),Active (0-90d),2010-03-01,76.0,511.32
12702,2011-11-20 10:36:00,2011-11-20 10:36:00,1,201.0,201.0,Germany,One-Time Customer,19,0,1 order (One-Time),Active (0-90d),2011-11-01,,201.0
12703,2010-01-24 12:05:00,2011-09-29 17:52:00,4,898.53,224.63,Germany,Repeat Customer,71,613,4-9 orders (Regular),Active (0-90d),2010-01-01,49.0,503.53
12704,2011-06-23 10:20:00,2011-12-02 13:15:00,8,1740.84,217.6,Finland,Repeat Customer,7,162,4-9 orders (Regular),Active (0-90d),2011-06-01,41.0,289.56
12705,2010-06-24 09:51:00,2011-11-24 13:17:00,13,11114.1,854.93,Germany,Repeat Customer,15,518,10+ orders (Champions),Active (0-90d),2010-06-01,98.0,1544.87
12707,2011-02-21 08:38:00,2011-02-21 08:38:00,1,603.42,603.42,France,One-Time Customer,291,0,1 order (One-Time),Lapsed (180d+),2011-02-01,,603.42
12708,2009-12-18 10:25:00,2011-11-10 09:52:00,18,4559.66,253.31,Germany,Repeat Customer,29,691,10+ orders (Champions),Active (0-90d),2009-12-01,35.0,187.47
12709,2009-12-09 13:49:00,2011-11-24 15:38:00,32,29487.18,921.47,Germany,Repeat Customer,15,715,10+ orders (Champions),Active (0-90d),2009-12-01,47.0,1196.68
12710,2011-05-22 14:05:00,2011-09-04 12:00:00,3,1023.02,341.01,Germany,Repeat Customer,96,104,2-3 orders (Occasional),At Risk (91-180d),2011-05-01,39.0,646.96
12711,2010-02-01 11:30:00,2010-04-07 11:59:00,2,1213.05,606.52,Germany,Repeat Customer,611,65,2-3 orders (Occasional),Lapsed (180d+),2010-02-01,65.0,477.3
12712,2009-12-09 10:46:00,2011-11-11 08:19:00,21,5985.03,285.0,Germany,Repeat Customer,28,701,10+ orders (Champions),Active (0-90d),2009-12-01,57.0,297.8
12713,2011-12-09 12:16:00,2011-12-09 12:16:00,1,794.55,794.55,Germany,One-Time Customer,0,0,1 order (One-Time),Active (0-90d),2011-12-01,,794.55
12714,2009-12-04 10:00:00,2011-11-30 15:43:00,12,12815.71,1067.98,France,Repeat Customer,9,726,10+ orders (Champions),Active (0-90d),2009-12-01,35.0,556.65
12715,2011-08-25 15:22:00,2011-08-25 15:22:00,1,263.36,263.36,Sweden,One-Time Customer,106,0,1 order (One-Time),At Risk (91-180d),2011-08-01,,263.36
12716,2011-07-29 13:28:00,2011-12-06 08:55:00,2,963.49,481.74,France,Repeat Customer,3,129,2-3 orders (Occasional),Active (0-90d),2011-07-01,129.0,623.9
12717,2010-04-28 14:34:00,2011-07-11 14:47:00,3,1058.91,352.97,Greece,Repeat Customer,151,439,2-3 orders (Occasional),At Risk (91-180d),2010-04-01,344.0,227.93
12718,2011-09-29 16:38:00,2011-09-29 16:38:00,1,202.25,202.25,France,One-Time Customer,71,0,1 order (One-Time),Active (0-90d),2011-09-01,,202.25
12719,2011-10-05 14:50:00,2011-12-04 13:45:00,2,572.95,286.48,France,Repeat Customer,5,59,2-3 orders (Occasional),Active (0-90d),2011-10-01,59.0,247.6
12720,2010-07-21 09:46:00,2011-12-07 08:03:00,29,6905.28,238.11,Germany,Repeat Customer,2,503,10+ orders (Champions),Active (0-90d),2010-07-01,34.0,824.49
12721,2010-08-25 11:07:00,2011-11-08 12:13:00,8,3635.08,454.38,France,Repeat Customer,31,440,4-9 orders (Regular),Active (0-90d),2010-08-01,86.0,679.55
12722,2011-07-12 11:55:00,2011-09-15 14:50:00,4,979.63,244.91,France,Repeat Customer,85,65,4-9 orders (Regular),Active (0-90d),2011-07-01,32.0,302.92
12723,2011-10-05 15:52:00,2011-12-06 10:19:00,5,707.07,141.41,France,Repeat Customer,3,61,4-9 orders (Regular),Active (0-90d),2011-10-01,0.0,265.51
12724,2010-06-22 14:00:00,2011-12-04 16:02:00,7,2083.52,297.65,France,Repeat Customer,5,530,4-9 orders (Regular),Active (0-90d),2010-06-01,29.0,517.4
12725,2010-05-04 13:59:00,2010-12-03 15:45:00,3,1906.76,635.59,Italy,Repeat Customer,371,213,2-3 orders (Occasional),Lapsed (180d+),2010-05-01,169.0,1008.95
12726,2010-03-25 16:25:00,2011-11-11 13:35:00,11,3690.6,335.51,France,Repeat Customer,28,595,10+ orders (Champions),Active (0-90d),2010-03-01,77.0,345.36
12727,2010-02-23 09:54:00,2011-11-29 11:46:00,10,4905.53,490.55,France,Repeat Customer,10,644,10+ orders (Champions),Active (0-90d),2010-02-01,106.0,669.32
12728,2010-11-21 11:34:00,2011-09-29 15:31:00,5,926.17,185.23,France,Repeat Customer,71,312,4-9 orders (Regular),Active (0-90d),2010-11-01,51.0,197.84
12729,2011-08-18 11:40:00,2011-08-18 11:40:00,1,417.01,417.01,France,One-Time Customer,113,0,1 order (One-Time),At Risk (91-180d),2011-08-01,,417.01
12730,2010-07-06 12:19:00,2010-07-06 12:19:00,1,703.25,703.25,Germany,One-Time Customer,521,0,1 order (One-Time),Lapsed (180d+),2010-07-01,,703.25
12731,2010-03-02 09:23:00,2011-11-16 11:59:00,17,25631.71,1507.75,France,Repeat Customer,23,624,10+ orders (Champions),Active (0-90d),2010-03-01,75.0,1626.4
12732,2011-06-13 11:33:00,2011-06-13 11:33:00,1,218.26,218.26,France,One-Time Customer,179,0,1 order (One-Time),At Risk (91-180d),2011-06-01,,218.26
12733,2010-01-19 13:23:00,2011-04-19 16:19:00,4,2424.02,606.0,USA,Repeat Customer,234,455,4-9 orders (Regular),Lapsed (180d+),2010-01-01,192.0,1130.22
12734,2010-11-12 13:26:00,2010-12-22 12:47:00,3,603.65,201.22,France,Repeat Customer,352,39,2-3 orders (Occasional),Lapsed (180d+),2010-11-01,17.0,130.35
12735,2011-01-06 14:26:00,2011-01-28 13:37:00,2,689.57,344.78,France,Repeat Customer,315,21,2-3 orders (Occasional),Lapsed (180d+),2011-01-01,21.0,283.77
12736,2011-01-11 07:57:00,2011-01-11 07:57:00,1,144.0,144.0,France,One-Time Customer,332,0,1 order (One-Time),Lapsed (180d+),2011-01-01,,144.0
12737,2010-07-29 12:27:00,2010-07-29 12:27:00,1,100.0,100.0,France,One-Time Customer,498,0,1 order (One-Time),Lapsed (180d+),2010-07-01,,100.0
12738,2010-12-02 18:27:00,2010-12-02 18:27:00,1,137.35,137.35,Germany,One-Time Customer,372,0,1 order (One-Time),Lapsed (180d+),2010-12-01,,137.35
12739,2010-11-10 14:27:00,2011-09-01 17:45:00,2,2421.23,1210.62,United Arab Emirates,Repeat Customer,99,295,2-3 orders (Occasional),At Risk (91-180d),2010-11-01,295.0,1445.69
12740,2011-10-07 10:44:00,2011-10-07 10:44:00,1,427.6,427.6,France,One-Time Customer,63,0,1 order (One-Time),Active (0-90d),2011-10-01,,427.6
12741,2010-06-24 16:24:00,2010-06-24 16:24:00,1,236.07,236.07,USA,One-Time Customer,533,0,1 order (One-Time),Lapsed (180d+),2010-06-01,,236.07
12742,2010-03-24 12:43:00,2010-03-24 12:43:00,1,1201.52,1201.52,United Arab Emirates,One-Time Customer,625,0,1 order (One-Time),Lapsed (180d+),2010-03-01,,1201.52
12743,2011-07-28 16:06:00,2011-07-28 16:21:00,2,540.13,270.06,Unspecified,Repeat Customer,134,0,2-3 orders (Occasional),At Risk (91-180d),2011-07-01,0.0,344.8
12744,2010-04-27 16:19:00,2011-10-14 14:54:00,8,13158.16,1644.77,Singapore,Repeat Customer,56,534,4-9 orders (Regular),Active (0-90d),2010-04-01,131.0,1252.95
12745,2010-05-14 16:50:00,2010-08-10 10:14:00,2,723.85,361.92,United Kingdom,Repeat Customer,486,87,2-3 orders (Occasional),Lapsed (180d+),2010-05-01,87.0,456.92
12746,2010-06-17 10:41:00,2010-06-17 10:41:00,1,254.55,254.55,United Kingdom,One-Time Customer,540,0,1 order (One-Time),Lapsed (180d+),2010-06-01,,254.55
12747,2009-12-07 13:23:00,2011-12-07 14:34:00,26,8898.48,342.25,United Kingdom,Repeat Customer,2,730,10+ orders (Champions),Active (0-90d),2009-12-01,1.0,380.65
12748,2009-12-04 17:31:00,2011-12-09 12:20:00,322,49176.74,152.72,United Kingdom,Repeat Customer,0,734,10+ orders (Champions),Active (0-90d),2009-12-01,9.0,205.35
12749,2010-07-06 15:05:00,2011-12-06 09:56:00,9,6897.36,766.37,United Kingdom,Repeat Customer,3,517,4-9 orders (Regular),Active (0-90d),2010-07-01,95.0,832.9
12750,2011-08-03 09:13:00,2011-08-03 09:13:00,1,275.88,275.88,Poland,One-Time Customer,128,0,1 order (One-Time),At Risk (91-180d),2011-08-01,,275.88
12751,2010-09-21 12:49:00,2010-09-21 12:49:00,1,268.27,268.27,Brazil,One-Time Customer,444,0,1 order (One-Time),Lapsed (180d+),2010-09-01,,268.27
12752,2011-09-19 13:32:00,2011-09-19 13:32:00,1,4366.78,4366.78,Norway,One-Time Customer,81,0,1 order (One-Time),Active (0-90d),2011-09-01,,4366.78
12753,2010-12-12 11:44:00,2011-11-17 10:52:00,6,21429.39,3571.56,Japan,Repeat Customer,22,339,4-9 orders (Regular),Active (0-90d),2010-12-01,58.0,3590.59
12754,2011-02-04 10:31:00,2011-04-18 09:00:00,3,3010.74,1003.58,Japan,Repeat Customer,235,72,2-3 orders (Occasional),Lapsed (180d+),2011-02-01,31.0,45.57
12755,2010-01-15 11:57:00,2011-03-04 12:42:00,11,5236.26,476.02,Japan,Repeat Customer,280,413,10+ orders (Champions),Lapsed (180d+),2010-01-01,38.0,2.95
12756,2011-09-14 09:31:00,2011-09-14 09:31:00,1,112.08,112.08,Japan,One-Time Customer,86,0,1 order (One-Time),Active (0-90d),2011-09-01,,112.08
12757,2011-05-12 19:01:00,2011-11-24 12:30:00,9,4176.75,464.08,Portugal,Repeat Customer,15,195,4-9 orders (Regular),Active (0-90d),2011-05-01,25.0,602.83
12758,2009-12-01 14:40:00,2011-08-15 10:22:00,7,9903.24,1414.75,Portugal,Repeat Customer,116,621,4-9 orders (Regular),At Risk (91-180d),2009-12-01,112.0,2454.68
12759,2009-12-04 10:47:00,2011-10-18 14:49:00,8,4618.74,577.34,Netherlands,Repeat Customer,52,683,4-9 orders (Regular),Active (0-90d),2009-12-01,170.0,454.26
12760,2010-09-10 08:50:00,2010-09-10 08:50:00,1,317.8,317.8,Netherlands,One-Time Customer,455,0,1 order (One-Time),Lapsed (180d+),2010-09-01,,317.8
12761,2010-09-01 10:47:00,2010-09-01 10:47:00,1,712.95,712.95,Netherlands,One-Time Customer,464,0,1 order (One-Time),Lapsed (180d+),2010-09-01,,712.95
12762,2011-11-14 14:23:00,2011-12-02 10:23:00,2,1702.52,851.26,Portugal,Repeat Customer,7,17,2-3 orders (Occasional),Active (0-90d),2011-11-01,17.0,405.59
12763,2010-12-05 15:46:00,2011-07-24 14:12:00,2,494.08,247.04,Japan,Repeat Customer,138,230,2-3 orders (Occasional),At Risk (91-180d),2010-12-01,230.0,320.08
12764,2011-01-27 10:19:00,2011-01-27 10:19:00,1,1693.88,1693.88,Lebanon,One-Time Customer,316,0,1 order (One-Time),Lapsed (180d+),2011-01-01,,1693.88
12765,2010-03-08 09:43:00,2010-08-24 13:51:00,6,1299.58,216.6,Netherlands,Repeat Customer,472,169,4-9 orders (Regular),Lapsed (180d+),2010-03-01,31.0,132.0
12766,2010-10-28 09:29:00,2011-12-06 08:46:00,9,8134.99,903.89,Portugal,Repeat Customer,3,403,4-9 orders (Regular),Active (0-90d),2010-10-01,19.0,790.36
12767,2010-11-29 09:38:00,2010-11-29 09:38:00,1,949.82,949.82,Korea,One-Time Customer,375,0,1 order (One-Time),Lapsed (180d+),2010-11-01,,949.82
12768,2010-09-15 12:08:00,2010-09-15 12:08:00,1,168.69,168.69,Korea,One-Time Customer,450,0,1 order (One-Time),Lapsed (180d+),2010-09-01,,168.69
12769,2011-04-15 10:25:00,2011-04-15 10:25:00,1,1143.6,1143.6,Brazil,One-Time Customer,238,0,1 order (One-Time),Lapsed (180d+),2011-04-01,,1143.6
12770,2010-09-09 11:43:00,2011-05-13 09:33:00,2,3246.45,1623.22,Japan,Repeat Customer,210,245,2-3 orders (Occasional),Lapsed (180d+),2010-09-01,245.0,1895.0
12771,2010-08-11 11:51:00,2010-08-11 11:51:00,1,226.3,226.3,Portugal,One-Time Customer,485,0,1 order (One-Time),Lapsed (180d+),2010-08-01,,226.3
12772,2011-10-11 09:19:00,2011-10-11 09:19:00,1,752.47,752.47,Portugal,One-Time Customer,59,0,1 order (One-Time),Active (0-90d),2011-10-01,,752.47
12773,2010-05-24 17:30:00,2010-05-24 17:30:00,1,124.25,124.25,Portugal,One-Time Customer,564,0,1 order (One-Time),Lapsed (180d+),2010-05-01,,124.25
12774,2010-06-22 10:38:00,2010-06-22 10:38:00,1,83.7,83.7,Netherlands,One-Time Customer,535,0,1 order (One-Time),Lapsed (180d+),2010-06-01,,83.7
12775,2010-10-26 14:24:00,2011-11-22 16:33:00,7,1551.12,221.59,Netherlands,Repeat Customer,17,392,4-9 orders (Regular),Active (0-90d),2010-10-01,21.0,157.12
12776,2010-02-10 12:11:00,2010-02-10 12:11:00,1,27.5,27.5,Portugal,One-Time Customer,667,0,1 order (One-Time),Lapsed (180d+),2010-02-01,,27.5
12777,2010-09-08 11:35:00,2010-09-08 11:35:00,1,519.45,519.45,United Kingdom,One-Time Customer,457,0,1 order (One-Time),Lapsed (180d+),2010-09-01,,519.45
12778,2010-04-16 09:57:00,2011-11-20 11:30:00,9,1541.68,171.3,Netherlands,Repeat Customer,19,583,4-9 orders (Regular),Active (0-90d),2010-04-01,151.0,348.6
12779,2009-12-03 07:25:00,2011-11-02 11:43:00,14,6474.11,462.44,Poland,Repeat Customer,37,699,10+ orders (Champions),Active (0-90d),2009-12-01,88.0,371.82
12780,2010-04-20 09:40:00,2010-04-20 09:40:00,1,322.4,322.4,Netherlands,One-Time Customer,598,0,1 order (One-Time),Lapsed (180d+),2010-04-01,,322.4
12781,2011-02-28 08:43:00,2011-10-07 10:37:00,2,786.74,393.37,Czech Republic,Repeat Customer,63,221,2-3 orders (Occasional),Active (0-90d),2011-02-01,221.0,549.26
12782,2010-07-08 13:31:00,2011-12-05 09:16:00,11,3862.24,351.11,Portugal,Repeat Customer,4,514,10+ orders (Champions),Active (0-90d),2010-07-01,69.0,232.1
12783,2011-09-25 15:35:00,2011-12-07 15:56:00,4,1295.87,323.97,Portugal,Repeat Customer,2,73,4-9 orders (Regular),Active (0-90d),2011-09-01,18.0,283.02
12784,2010-06-28 13:06:00,2011-11-24 12:53:00,2,1511.15,755.58,Portugal,Repeat Customer,15,513,2-3 orders (Occasional),Active (0-90d),2010-06-01,513.0,1034.33
12785,2009-12-08 13:56:00,2010-12-10 13:48:00,3,904.4,301.47,Portugal,Repeat Customer,364,366,2-3 orders (Occasional),Lapsed (180d+),2009-12-01,195.0,310.9
12786,2010-04-09 12:12:00,2010-04-09 12:12:00,1,668.5,668.5,Netherlands,One-Time Customer,609,0,1 order (One-Time),Lapsed (180d+),2010-04-01,,668.5
12787,2010-10-22 14:57:00,2011-11-30 08:44:00,4,799.18,199.8,Netherlands,Repeat Customer,9,403,4-9 orders (Regular),Active (0-90d),2010-10-01,220.0,380.52
12788,2010-06-29 13:05:00,2010-09-02 14:21:00,4,384.9,96.22,Netherlands,Repeat Customer,463,65,4-9 orders (Regular),Lapsed (180d+),2010-06-01,16.0,146.1
12789,2010-01-15 12:06:00,2011-10-05 13:34:00,3,225.35,75.12,Netherlands,Repeat Customer,65,628,2-3 orders (Occasional),Active (0-90d),2010-01-01,181.0,74.25
12790,2010-10-25 13:04:00,2011-05-31 14:14:00,2,546.85,273.42,Netherlands,Repeat Customer,192,218,2-3 orders (Occasional),Lapsed (180d+),2010-10-01,218.0,251.93
12791,2010-03-25 17:29:00,2010-12-01 11:27:00,5,656.83,131.37,Netherlands,Repeat Customer,373,250,4-9 orders (Regular),Lapsed (180d+),2010-03-01,0.0,131.68
12792,2010-06-23 10:49:00,2011-03-28 11:36:00,2,715.01,357.5,Portugal,Repeat Customer,256,278,2-3 orders (Occasional),Lapsed (180d+),2010-06-01,278.0,370.47
12793,2010-11-03 13:05:00,2011-01-09 12:12:00,3,745.53,248.51,Portugal,Repeat Customer,334,66,2-3 orders (Occasional),Lapsed (180d+),2010-11-01,30.0,284.05
12794,2011-09-02 12:01:00,2011-10-17 14:54:00,2,860.41,430.2,Portugal,Repeat Customer,53,45,2-3 orders (Occasional),Active (0-90d),2011-09-01,45.0,317.0
12795,2011-11-21 10:27:00,2011-11-21 10:27:00,1,318.48,318.48,Portugal,One-Time Customer,18,0,1 order (One-Time),Active (0-90d),2011-11-01,,318.48
12796,2010-03-21 15:49:00,2010-03-21 15:49:00,1,351.0,351.0,Netherlands,One-Time Customer,628,0,1 order (One-Time),Lapsed (180d+),2010-03-01,,351.0
12797,2010-10-11 12:53:00,2010-12-09 10:55:00,2,468.08,234.04,Portugal,Repeat Customer,365,58,2-3 orders (Occasional),Lapsed (180d+),2010-10-01,58.0,242.05
12798,2010-10-14 12:27:00,2011-11-29 15:52:00,4,8510.93,2127.73,Japan,Repeat Customer,10,411,4-9 orders (Regular),Active (0-90d),2010-10-01,250.0,1533.89
12799,2010-06-28 15:57:00,2010-06-28 15:57:00,1,219.35,219.35,Japan,One-Time Customer,529,0,1 order (One-Time),Lapsed (180d+),2010-06-01,,219.35
12800,2010-02-01 11:02:00,2010-08-26 14:11:00,2,500.25,250.12,Portugal,Repeat Customer,470,206,2-3 orders (Occasional),Lapsed (180d+),2010-02-01,206.0,347.33
12801,2010-07-27 09:38:00,2010-07-27 09:38:00,1,871.82,871.82,Sweden,One-Time Customer,500,0,1 order (One-Time),Lapsed (180d+),2010-07-01,,871.82
12802,2010-05-25 09:34:00,2011-06-06 09:36:00,5,2186.42,437.28,Netherlands,Repeat Customer,186,377,4-9 orders (Regular),Lapsed (180d+),2010-05-01,24.0,714.25
12803,2010-11-11 14:57:00,2010-11-11 14:57:00,1,1017.81,1017.81,Netherlands,One-Time Customer,393,0,1 order (One-Time),Lapsed (180d+),2010-11-01,,1017.81
12804,2010-07-27 13:52:00,2010-08-31 11:58:00,2,325.37,162.68,Netherlands,Repeat Customer,465,34,2-3 orders (Occasional),Lapsed (180d+),2010-07-01,34.0,178.28
12805,2010-02-03 09:06:00,2010-11-23 12:27:00,4,1230.95,307.74,Netherlands,Repeat Customer,381,293,4-9 orders (Regular),Lapsed (180d+),2010-02-01,69.0,236.5
12806,2010-04-30 10:44:00,2010-05-16 13:49:00,2,2558.96,1279.48,Netherlands,Repeat Customer,572,16,2-3 orders (Occasional),Lapsed (180d+),2010-04-01,16.0,1069.5
12807,2010-11-21 14:21:00,2010-11-21 14:21:00,1,250.35,250.35,Sweden,One-Time Customer,383,0,1 order (One-Time),Lapsed (180d+),2010-11-01,,250.35
12808,2010-09-03 10:24:00,2011-11-03 10:05:00,5,748.7,149.74,Portugal,Repeat Customer,36,425,4-9 orders (Regular),Active (0-90d),2010-09-01,27.0,189.65
12809,2010-03-02 14:19:00,2011-06-15 10:51:00,3,1384.34,461.45,Portugal,Repeat Customer,177,469,2-3 orders (Occasional),At Risk (91-180d),2010-03-01,81.0,514.08
12810,2010-02-01 09:52:00,2010-06-23 10:53:00,2,534.99,267.5,Japan,Repeat Customer,534,142,2-3 orders (Occasional),Lapsed (180d+),2010-02-01,142.0,159.66
12811,2010-10-08 12:20:00,2011-03-23 10:55:00,4,893.9,223.48,Portugal,Repeat Customer,261,165,4-9 orders (Regular),Lapsed (180d+),2010-10-01,48.0,226.95
12812,2011-10-26 09:54:00,2011-10-26 09:54:00,1,229.64,229.64,Japan,One-Time Customer,44,0,1 order (One-Time),Active (0-90d),2011-10-01,,229.64
12813,2010-01-15 16:52:00,2010-07-26 09:50:00,3,1621.8,540.6,Netherlands,Repeat Customer,501,191,2-3 orders (Occasional),Lapsed (180d+),2010-01-01,114.0,226.2
12814,2011-08-30 12:11:00,2011-08-30 12:11:00,1,85.92,85.92,Poland,One-Time Customer,101,0,1 order (One-Time),At Risk (91-180d),2011-08-01,,85.92
12815,2011-05-25 13:34:00,2011-07-15 10:21:00,2,863.46,431.73,Poland,Repeat Customer,147,50,2-3 orders (Occasional),At Risk (91-180d),2011-05-01,50.0,495.36
12816,2011-06-16 13:24:00,2011-09-05 12:41:00,2,452.2,226.1,Poland,Repeat Customer,95,80,2-3 orders (Occasional),At Risk (91-180d),2011-06-01,80.0,238.65
12817,2010-10-01 08:57:00,2011-03-03 16:28:00,3,570.98,190.33,Austria,Repeat Customer,281,153,2-3 orders (Occasional),Lapsed (180d+),2010-10-01,34.0,155.6
12818,2011-03-23 12:06:00,2011-03-23 12:06:00,1,1182.08,1182.08,Austria,One-Time Customer,261,0,1 order (One-Time),Lapsed (180d+),2011-03-01,,1182.08
12819,2010-09-07 15:20:00,2010-09-07 15:20:00,1,540.52,540.52,United Kingdom,One-Time Customer,458,0,1 order (One-Time),Lapsed (180d+),2010-09-01,,540.52
12820,2009-12-05 13:37:00,2011-12-06 15:12:00,11,2689.52,244.5,United Kingdom,Repeat Customer,3,731,10+ orders (Champions),Active (0-90d),2009-12-01,38.0,148.3
12821,2010-04-07 15:14:00,2011-05-09 15:51:00,2,220.8,110.4,United Kingdom,Repeat Customer,214,397,2-3 orders (Occasional),Lapsed (180d+),2010-04-01,397.0,128.08
12822,2011-09-13 13:46:00,2011-09-30 10:04:00,2,948.88,474.44,United Kingdom,Repeat Customer,70,16,2-3 orders (Occasional),Active (0-90d),2011-09-01,16.0,690.9
12823,2010-01-29 12:52:00,2011-09-26 07:35:00,18,6501.5,361.19,United Kingdom,Repeat Customer,74,604,10+ orders (Champions),Active (0-90d),2010-01-01,34.0,416.5
12824,2011-10-11 12:49:00,2011-10-11 12:49:00,1,397.12,397.12,United Kingdom,One-Time Customer,59,0,1 order (One-Time),Active (0-90d),2011-10-01,,397.12
12825,2010-03-08 10:17:00,2010-07-06 13:56:00,2,518.63,259.32,United Kingdom,Repeat Customer,521,120,2-3 orders (Occasional),Lapsed (180d+),2010-03-01,120.0,214.83
12826,2009-12-18 10:43:00,2011-12-07 10:25:00,12,2800.75,233.4,United Kingdom,Repeat Customer,2,718,10+ orders (Champions),Active (0-90d),2009-12-01,213.0,458.2
12827,2011-10-26 15:44:00,2011-12-04 12:17:00,3,430.15,143.38,United Kingdom,Repeat Customer,5,38,2-3 orders (Occasional),Active (0-90d),2011-10-01,11.0,217.75
12828,2011-08-01 16:16:00,2011-12-07 08:45:00,6,1018.71,169.78,United Kingdom,Repeat Customer,2,127,4-9 orders (Regular),Active (0-90d),2011-08-01,17.0,227.0
12829,2010-06-07 15:04:00,2011-01-07 11:13:00,3,385.3,128.43,United Kingdom,Repeat Customer,336,213,2-3 orders (Occasional),Lapsed (180d+),2010-06-01,189.0,92.3
12830,2011-06-21 10:53:00,2011-11-02 11:54:00,6,6814.64,1135.77,United Kingdom,Repeat Customer,37,134,4-9 orders (Regular),Active (0-90d),2011-06-01,14.0,2221.84
12831,2010-09-02 15:58:00,2011-03-22 13:02:00,3,451.11,150.37,United Kingdom,Repeat Customer,262,200,2-3 orders (Occasional),Lapsed (180d+),2010-09-01,0.0,146.6
12832,2011-09-02 13:48:00,2011-11-07 13:30:00,2,383.03,191.52,United Kingdom,Repeat Customer,32,65,2-3 orders (Occasional),Active (0-90d),2011-09-01,65.0,267.8
12833,2011-07-17 13:46:00,2011-07-17 13:46:00,1,417.38,417.38,United Kingdom,One-Time Customer,145,0,1 order (One-Time),At Risk (91-180d),2011-07-01,,417.38
12834,2011-03-02 09:49:00,2011-03-02 09:49:00,1,312.38,312.38,United Kingdom,One-Time Customer,282,0,1 order (One-Time),Lapsed (180d+),2011-03-01,,312.38
12835,2009-12-03 12:13:00,2010-10-08 10:59:00,41,5996.83,146.26,United Kingdom,Repeat Customer,427,308,10+ orders (Champions),Lapsed (180d+),2009-12-01,1.0,285.09
12836,2009-12-01 14:19:00,2011-10-11 15:10:00,15,6559.73,437.32,United Kingdom,Repeat Customer,59,679,10+ orders (Champions),Active (0-90d),2009-12-01,50.0,407.97
12837,2010-05-19 15:10:00,2011-06-19 16:07:00,2,662.66,331.33,United Kingdom,Repeat Customer,173,396,2-3 orders (Occasional),At Risk (91-180d),2010-05-01,396.0,528.56
12838,2010-04-26 09:59:00,2011-11-06 12:20:00,10,2975.91,297.59,United Kingdom,Repeat Customer,33,559,10+ orders (Champions),Active (0-90d),2010-04-01,16.0,228.05
12839,2009-12-07 09:18:00,2011-12-07 12:33:00,26,9669.12,371.89,United Kingdom,Repeat Customer,2,730,10+ orders (Champions),Active (0-90d),2009-12-01,7.0,346.0
12840,2010-02-03 14:51:00,2011-07-19 09:29:00,7,4041.97,577.42,United Kingdom,Repeat Customer,143,530,4-9 orders (Regular),At Risk (91-180d),2010-02-01,124.0,150.0
12841,2010-07-08 15:38:00,2011-12-05 11:13:00,40,6958.2,173.96,United Kingdom,Repeat Customer,4,514,10+ orders (Champions),Active (0-90d),2010-07-01,16.0,345.1
12842,2009-12-02 08:15:00,2011-09-30 15:33:00,4,1917.99,479.5,United Kingdom,Repeat Customer,70,667,4-9 orders (Regular),Active (0-90d),2009-12-01,333.0,397.2
12843,2009-12-13 11:41:00,2011-10-05 12:09:00,28,6461.87,230.78,United Kingdom,Repeat Customer,65,661,10+ orders (Champions),Active (0-90d),2009-12-01,45.0,71.79
12844,2010-04-25 11:51:00,2011-11-10 13:31:00,4,648.6,162.15,United Kingdom,Repeat Customer,29,564,4-9 orders (Regular),Active (0-90d),2010-04-01,151.0,123.03
12845,2011-02-22 14:10:00,2011-03-17 13:34:00,4,354.09,88.52,United Kingdom,Repeat Customer,267,22,4-9 orders (Regular),Lapsed (180d+),2011-02-01,19.0,65.09
12847,2010-11-17 12:44:00,2011-11-17 13:16:00,2,1609.0,804.5,United Kingdom,Repeat Customer,22,365,2-3 orders (Occasional),Active (0-90d),2010-11-01,365.0,765.36
12848,2010-02-02 12:45:00,2010-02-02 12:45:00,1,208.0,208.0,United Kingdom,One-Time Customer,675,0,1 order (One-Time),Lapsed (180d+),2010-02-01,,208.0
12849,2010-04-27 13:44:00,2011-11-08 13:41:00,6,3015.98,502.66,United Kingdom,Repeat Customer,31,559,4-9 orders (Regular),Active (0-90d),2010-04-01,160.0,455.95
12850,2010-09-20 12:26:00,2010-09-20 12:26:00,1,330.0,330.0,United Kingdom,One-Time Customer,445,0,1 order (One-Time),Lapsed (180d+),2010-09-01,,330.0
12851,2010-08-19 15:13:00,2011-09-04 12:41:00,2,280.76,140.38,United Kingdom,Repeat Customer,96,380,2-3 orders (Occasional),At Risk (91-180d),2010-08-01,380.0,148.95
12852,2011-02-18 08:47:00,2011-02-18 08:47:00,1,311.55,311.55,United Kingdom,One-Time Customer,294,0,1 order (One-Time),Lapsed (180d+),2011-02-01,,311.55
12853,2010-02-05 11:57:00,2011-07-28 11:29:00,11,3907.5,355.23,United Kingdom,Repeat Customer,134,537,10+ orders (Champions),At Risk (91-180d),2010-02-01,121.0,413.0
12854,2009-12-11 12:55:00,2011-09-22 12:15:00,7,2970.97,424.42,United Kingdom,Repeat Customer,78,649,4-9 orders (Regular),Active (0-90d),2009-12-01,74.0,522.44
12855,2010-11-02 18:16:00,2010-12-02 09:37:00,4,612.84,153.21,United Kingdom,Repeat Customer,372,29,4-9 orders (Regular),Lapsed (180d+),2010-11-01,7.0,383.32
12856,2011-10-07 12:38:00,2011-12-02 10:52:00,6,2170.78,361.8,United Kingdom,Repeat Customer,7,55,4-9 orders (Regular),Active (0-90d),2011-10-01,7.0,392.49
12857,2010-01-25 15:37:00,2011-05-13 10:20:00,6,3688.0,614.67,United Kingdom,Repeat Customer,210,472,4-9 orders (Regular),Lapsed (180d+),2010-01-01,94.0,204.6
12858,2010-11-21 12:55:00,2010-11-21 12:55:00,1,147.27,147.27,United Kingdom,One-Time Customer,383,0,1 order (One-Time),Lapsed (180d+),2010-11-01,,147.27
12859,2010-09-07 12:20:00,2010-09-07 12:20:00,1,575.1,575.1,United Kingdom,One-Time Customer,458,0,1 order (One-Time),Lapsed (180d+),2010-09-01,,575.1
12860,2010-01-15 15:22:00,2010-01-15 15:22:00,1,54.22,54.22,United Kingdom,One-Time Customer,693,0,1 order (One-Time),Lapsed (180d+),2010-01-01,,54.22
12861,2010-03-30 11:39:00,2010-03-30 11:39:00,1,68.25,68.25,United Kingdom,One-Time Customer,619,0,1 order (One-Time),Lapsed (180d+),2010-03-01,,68.25
12862,2010-08-01 15:20:00,2010-10-10 11:47:00,2,984.62,492.31,United Kingdom,Repeat Customer,425,69,2-3 orders (Occasional),Lapsed (180d+),2010-08-01,69.0,490.73
12863,2010-04-29 13:54:00,2011-10-18 14:15:00,6,2792.55,465.42,United Kingdom,Repeat Customer,52,537,4-9 orders (Regular),Active (0-90d),2010-04-01,13.0,632.35
12864,2010-07-19 17:22:00,2011-07-24 13:03:00,2,299.57,149.78,United Kingdom,Repeat Customer,138,369,2-3 orders (Occasional),At Risk (91-180d),2010-07-01,369.0,152.45
12865,2010-08-20 12:20:00,2011-11-13 14:31:00,4,3323.47,830.87,Austria,Repeat Customer,26,450,4-9 orders (Regular),Active (0-90d),2010-08-01,98.0,1043.15
12866,2010-07-25 11:37:00,2011-03-01 14:11:00,3,1092.35,364.12,Belgium,Repeat Customer,283,219,2-3 orders (Occasional),Lapsed (180d+),2010-07-01,28.0,312.83
12867,2009-12-16 16:25:00,2011-11-13 15:30:00,13,7829.26,602.25,United Kingdom,Repeat Customer,26,696,10+ orders (Champions),Active (0-90d),2009-12-01,59.0,286.49
12868,2010-11-12 10:05:00,2011-06-07 10:42:00,8,2043.76,255.47,United Kingdom,Repeat Customer,185,207,4-9 orders (Regular),Lapsed (180d+),2010-11-01,12.0,301.05
12869,2010-01-27 12:10:00,2010-01-27 12:10:00,1,337.67,337.67,United Kingdom,One-Time Customer,681,0,1 order (One-Time),Lapsed (180d+),2010-01-01,,337.67
12870,2010-03-25 14:32:00,2010-11-29 13:42:00,3,1676.95,558.98,United Kingdom,Repeat Customer,375,248,2-3 orders (Occasional),Lapsed (180d+),2010-03-01,147.0,209.3
12871,2010-09-26 10:34:00,2011-09-16 15:07:00,3,744.02,248.01,United Kingdom,Repeat Customer,84,355,2-3 orders (Occasional),Active (0-90d),2010-09-01,232.0,363.38
12872,2009-12-03 20:03:00,2011-01-17 10:52:00,12,3283.96,273.66,United Kingdom,Repeat Customer,326,409,10+ orders (Champions),Lapsed (180d+),2009-12-01,55.0,407.22
12873,2010-01-27 09:50:00,2011-03-02 14:58:00,3,2027.3,675.77,United Kingdom,Repeat Customer,282,399,2-3 orders (Occasional),Lapsed (180d+),2010-01-01,284.0,492.4
12874,2010-06-03 12:51:00,2010-11-19 15:23:00,2,873.42,436.71,Belgium,Repeat Customer,385,169,2-3 orders (Occasional),Lapsed (180d+),2010-06-01,169.0,459.26
12875,2010-01-11 12:37:00,2011-07-19 15:30:00,5,1356.99,271.4,United Kingdom,Repeat Customer,143,554,4-9 orders (Regular),At Risk (91-180d),2010-01-01,95.0,305.28
12876,2010-04-28 13:26:00,2011-10-13 12:26:00,4,3751.79,937.95,Belgium,Repeat Customer,57,532,4-9 orders (Regular),Active (0-90d),2010-04-01,195.0,795.54
12877,2010-01-18 10:23:00,2011-12-06 10:30:00,20,2942.14,147.11,United Kingdom,Repeat Customer,3,687,10+ orders (Champions),Active (0-90d),2010-01-01,97.0,299.49
12878,2011-03-18 14:02:00,2011-04-17 13:07:00,2,854.99,427.5,United Kingdom,Repeat Customer,236,29,2-3 orders (Occasional),Lapsed (180d+),2011-03-01,29.0,315.18
12879,2011-09-09 12:11:00,2011-10-26 12:24:00,3,573.22,191.07,United Kingdom,Repeat Customer,44,47,2-3 orders (Occasional),Active (0-90d),2011-09-01,10.0,140.5
12880,2010-05-14 11:57:00,2010-11-23 10:50:00,2,640.13,320.06,United Kingdom,Repeat Customer,381,192,2-3 orders (Occasional),Lapsed (180d+),2010-05-01,192.0,337.18
12881,2011-03-09 11:44:00,2011-03-09 11:44:00,1,298.0,298.0,United Kingdom,One-Time Customer,275,0,1 order (One-Time),Lapsed (180d+),2011-03-01,,298.0
12882,2011-11-06 11:22:00,2011-11-30 16:18:00,2,1463.04,731.52,United Kingdom,Repeat Customer,9,24,2-3 orders (Occasional),Active (0-90d),2011-11-01,24.0,471.84
12883,2011-09-11 15:18:00,2011-11-15 09:32:00,4,703.47,175.87,United Kingdom,Repeat Customer,24,64,4-9 orders (Regular),Active (0-90d),2011-09-01,64.0,291.63
12884,2011-09-12 13:10:00,2011-09-12 13:10:00,1,309.05,309.05,United Kingdom,One-Time Customer,88,0,1 order (One-Time),Active (0-90d),2011-09-01,,309.05
12885,2011-08-08 11:45:00,2011-10-07 13:40:00,3,1175.22,391.74,United Kingdom,Repeat Customer,63,60,2-3 orders (Occasional),Active (0-90d),2011-08-01,60.0,645.35
12886,2011-05-04 11:21:00,2011-10-03 10:09:00,2,1378.4,689.2,United Kingdom,Repeat Customer,67,151,2-3 orders (Occasional),Active (0-90d),2011-05-01,151.0,775.0
12887,2010-11-21 11:18:00,2010-11-21 11:18:00,1,222.4,222.4,United Kingdom,One-Time Customer,383,0,1 order (One-Time),Lapsed (180d+),2010-11-01,,222.4
12888,2011-03-29 14:31:00,2011-05-09 16:02:00,2,354.12,177.06,United Kingdom,Repeat Customer,214,41,2-3 orders (Occasional),Lapsed (180d+),2011-03-01,41.0,272.76
12889,2010-07-25 14:32:00,2010-11-23 16:08:00,4,385.46,96.36,United Kingdom,Repeat Customer,381,121,4-9 orders (Regular),Lapsed (180d+),2010-07-01,35.0,99.41
12890,2010-11-17 14:05:00,2011-11-15 17:26:00,2,706.02,353.01,United Kingdom,Repeat Customer,24,363,2-3 orders (Occasional),Active (0-90d),2010-11-01,363.0,329.3
12891,2010-02-18 14:32:00,2011-06-07 12:31:00,11,840.5,76.41,United Kingdom,Repeat Customer,185,473,10+ orders (Champions),Lapsed (180d+),2010-02-01,33.0,21.0
12892,2010-11-08 09:51:00,2010-11-08 09:51:00,1,263.38,263.38,United Kingdom,One-Time Customer,396,0,1 order (One-Time),Lapsed (180d+),2010-11-01,,263.38
12893,2011-11-09 12:34:00,2011-11-09 12:34:00,1,176.55,176.55,United Kingdom,One-Time Customer,30,0,1 order (One-Time),Active (0-90d),2011-11-01,,176.55
12894,2010-05-13 14:47:00,2010-05-13 14:47:00,1,157.35,157.35,United Kingdom,One-Time Customer,575,0,1 order (One-Time),Lapsed (180d+),2010-05-01,,157.35
12895,2011-09-14 08:35:00,2011-10-28 13:51:00,2,372.8,186.4,United Kingdom,Repeat Customer,42,44,2-3 orders (Occasional),Active (0-90d),2011-09-01,44.0,267.8
12897,2010-06-14 11:58:00,2011-05-19 12:13:00,4,514.25,128.56,United Kingdom,Repeat Customer,204,339,4-9 orders (Regular),Lapsed (180d+),2010-06-01,162.0,104.15
12898,2010-02-18 12:36:00,2010-09-02 08:08:00,2,296.21,148.1,United Kingdom,Repeat Customer,463,195,2-3 orders (Occasional),Lapsed (180d+),2010-02-01,195.0,143.57
12899,2010-10-22 09:53:00,2010-10-22 09:53:00,1,366.4,366.4,United Kingdom,One-Time Customer,413,0,1 order (One-Time),Lapsed (180d+),2010-10-01,,366.4
12900,2010-10-13 15:17:00,2010-10-13 15:17:00,1,340.33,340.33,United Kingdom,One-Time Customer,422,0,1 order (One-Time),Lapsed (180d+),2010-10-01,,340.33
12901,2011-03-14 10:41:00,2011-12-01 10:07:00,28,17654.54,630.52,United Kingdom,Repeat Customer,8,261,10+ orders (Champions),Active (0-90d),2011-03-01,10.0,349.8
12902,2011-03-20 12:06:00,2011-03-20 12:06:00,1,138.68,138.68,United Kingdom,One-Time Customer,264,0,1 order (One-Time),Lapsed (180d+),2011-03-01,,138.68
12903,2010-10-07 12:39:00,2010-10-07 12:39:00,1,833.53,833.53,United Kingdom,One-Time Customer,428,0,1 order (One-Time),Lapsed (180d+),2010-10-01,,833.53
12904,2011-06-20 13:18:00,2011-11-21 14:34:00,2,496.06,248.03,United Kingdom,Repeat Customer,18,154,2-3 orders (Occasional),Active (0-90d),2011-06-01,154.0,244.69
12905,2010-01-26 14:06:00,2010-05-12 10:05:00,2,1018.42,509.21,United Kingdom,Repeat Customer,576,105,2-3 orders (Occasional),Lapsed (180d+),2010-01-01,105.0,593.66
12906,2011-09-22 15:03:00,2011-11-28 09:55:00,5,2919.81,583.96,United Kingdom,Repeat Customer,11,66,4-9 orders (Regular),Active (0-90d),2011-09-01,0.0,1546.86
12907,2010-08-02 14:33:00,2010-11-09 12:08:00,2,508.91,254.46,United Kingdom,Repeat Customer,395,98,2-3 orders (Occasional),Lapsed (180d+),2010-08-01,98.0,328.43
12908,2010-03-19 15:59:00,2011-06-16 15:39:00,5,1776.0,355.2,United Kingdom,Repeat Customer,176,453,4-9 orders (Regular),At Risk (91-180d),2010-03-01,124.0,318.0
12909,2010-02-24 12:14:00,2011-10-31 12:43:00,8,3103.19,387.9,United Kingdom,Repeat Customer,39,614,4-9 orders (Regular),Active (0-90d),2010-02-01,89.0,284.11
12910,2010-03-28 13:10:00,2011-11-16 14:28:00,13,5796.52,445.89,United Kingdom,Repeat Customer,23,598,10+ orders (Champions),Active (0-90d),2010-03-01,127.0,1017.96
12911,2010-06-06 12:13:00,2010-06-06 12:13:00,1,1651.72,1651.72,United Kingdom,One-Time Customer,551,0,1 order (One-Time),Lapsed (180d+),2010-06-01,,1651.72
12912,2011-10-30 11:35:00,2011-12-07 08:55:00,5,1662.3,332.46,United Kingdom,Repeat Customer,2,37,4-9 orders (Regular),Active (0-90d),2011-10-01,16.0,318.06
12913,2009-12-01 12:18:00,2011-12-05 12:11:00,13,6283.24,483.33,United Kingdom,Repeat Customer,4,733,10+ orders (Champions),Active (0-90d),2009-12-01,6.0,537.96
12914,2010-11-04 12:28:00,2010-11-04 12:28:00,1,223.98,223.98,United Kingdom,One-Time Customer,400,0,1 order (One-Time),Lapsed (180d+),2010-11-01,,223.98
12915,2010-04-29 19:36:00,2011-07-14 11:34:00,4,975.1,243.78,United Kingdom,Repeat Customer,148,440,4-9 orders (Regular),At Risk (91-180d),2010-04-01,116.0,206.3
12916,2010-01-24 11:26:00,2011-07-24 10:35:00,7,4479.73,639.96,United Kingdom,Repeat Customer,138,545,4-9 orders (Regular),At Risk (91-180d),2010-01-01,76.0,379.33
12917,2009-12-09 14:22:00,2011-08-03 16:42:00,6,4359.2,726.53,United Kingdom,Repeat Customer,128,602,4-9 orders (Regular),At Risk (91-180d),2009-12-01,151.0,1552.9
12919,2011-06-23 09:22:00,2011-12-01 13:47:00,6,1335.19,222.53,United Kingdom,Repeat Customer,8,161,4-9 orders (Regular),Active (0-90d),2011-06-01,19.0,206.2
12920,2009-12-14 15:58:00,2011-11-22 15:05:00,4,486.64,121.66,United Kingdom,Repeat Customer,17,707,4-9 orders (Regular),Active (0-90d),2009-12-01,0.0,88.5
12921,2009-12-01 13:43:00,2011-11-30 16:22:00,74,35233.24,476.12,United Kingdom,Repeat Customer,9,729,10+ orders (Champions),Active (0-90d),2009-12-01,1.0,261.0
12922,2011-07-01 15:35:00,2011-07-01 15:35:00,1,405.38,405.38,United Kingdom,One-Time Customer,161,0,1 order (One-Time),At Risk (91-180d),2011-07-01,,405.38
12923,2010-05-13 14:55:00,2011-10-06 16:20:00,3,769.17,256.39,United Kingdom,Repeat Customer,64,511,2-3 orders (Occasional),Active (0-90d),2010-05-01,184.0,426.2
12924,2009-12-09 12:40:00,2011-09-12 13:55:00,12,2461.45,205.12,United Kingdom,Repeat Customer,88,642,10+ orders (Champions),Active (0-90d),2009-12-01,0.0,194.1
12925,2010-04-26 10:32:00,2011-12-05 11:11:00,3,729.33,243.11,United Kingdom,Repeat Customer,4,588,2-3 orders (Occasional),Active (0-90d),2010-04-01,518.0,35.28
12926,2009-12-14 14:35:00,2010-10-24 15:57:00,4,1523.59,380.9,United Kingdom,Repeat Customer,411,314,4-9 orders (Regular),Lapsed (180d+),2009-12-01,78.0,370.77
12927,2010-11-10 10:02:00,2010-11-10 10:02:00,1,197.31,197.31,United Kingdom,One-Time Customer,394,0,1 order (One-Time),Lapsed (180d+),2010-11-01,,197.31
12928,2010-06-08 10:16:00,2011-11-04 14:24:00,12,4304.89,358.74,United Kingdom,Repeat Customer,35,514,10+ orders (Champions),Active (0-90d),2010-06-01,17.0,484.79
12929,2011-02-01 12:08:00,2011-02-01 12:08:00,1,117.85,117.85,United Kingdom,One-Time Customer,311,0,1 order (One-Time),Lapsed (180d+),2011-02-01,,117.85
12930,2011-06-21 13:25:00,2011-09-22 15:18:00,2,415.8,207.9,United Kingdom,Repeat Customer,78,93,2-3 orders (Occasional),Active (0-90d),2011-06-01,93.0,221.56
12931,2009-12-01 11:46:00,2011-11-18 12:39:00,57,92347.34,1620.13,United Kingdom,Repeat Customer,21,717,10+ orders (Champions),Active (0-90d),2009-12-01,2.0,1160.0
12932,2010-02-10 08:46:00,2010-06-18 14:22:00,8,1698.56,212.32,United Kingdom,Repeat Customer,539,128,4-9 orders (Regular),Lapsed (180d+),2010-02-01,26.0,424.72
12933,2009-12-10 16:39:00,2011-11-15 16:38:00,8,1636.63,204.58,United Kingdom,Repeat Customer,24,704,4-9 orders (Regular),Active (0-90d),2009-12-01,277.0,155.79
12934,2009-12-03 10:51:00,2009-12-03 10:51:00,1,181.65,181.65,United Kingdom,One-Time Customer,736,0,1 order (One-Time),Lapsed (180d+),2009-12-01,,181.65
12935,2010-04-11 15:59:00,2011-12-07 17:25:00,15,4243.86,282.92,United Kingdom,Repeat Customer,2,605,10+ orders (Champions),Active (0-90d),2010-04-01,3.0,478.66
12936,2011-09-22 13:51:00,2011-11-22 17:32:00,4,1063.9,265.98,United Kingdom,Repeat Customer,17,61,4-9 orders (Regular),Active (0-90d),2011-09-01,56.0,798.46
12937,2009-12-03 15:43:00,2011-11-24 15:05:00,9,3097.61,344.18,United Kingdom,Repeat Customer,15,720,4-9 orders (Regular),Active (0-90d),2009-12-01,13.0,170.06
12938,2011-11-14 11:21:00,2011-11-14 11:21:00,1,114.14,114.14,United Kingdom,One-Time Customer,25,0,1 order (One-Time),Active (0-90d),2011-11-01,,114.14
12939,2010-01-12 11:27:00,2011-10-06 14:33:00,20,25264.8,1263.24,United Kingdom,Repeat Customer,64,632,10+ orders (Champions),Active (0-90d),2010-01-01,43.0,495.0
12940,2011-09-13 10:16:00,2011-10-16 12:09:00,2,899.69,449.84,United Kingdom,Repeat Customer,54,33,2-3 orders (Occasional),Active (0-90d),2011-09-01,33.0,361.27
12941,2009-12-15 13:12:00,2009-12-15 13:12:00,1,377.49,377.49,United Kingdom,One-Time Customer,724,0,1 order (One-Time),Lapsed (180d+),2009-12-01,,377.49
12942,2010-12-09 09:34:00,2011-07-31 14:39:00,3,675.6,225.2,United Kingdom,Repeat Customer,131,234,2-3 orders (Occasional),At Risk (91-180d),2010-12-01,168.0,258.75
12943,2010-04-13 11:03:00,2010-05-30 13:52:00,2,496.5,248.25,United Kingdom,Repeat Customer,558,47,2-3 orders (Occasional),Lapsed (180d+),2010-04-01,47.0,315.85
12944,2010-12-20 10:41:00,2011-11-04 11:04:00,2,604.51,302.26,United Kingdom,Repeat Customer,35,319,2-3 orders (Occasional),Active (0-90d),2010-12-01,319.0,286.95
12945,2010-02-21 15:18:00,2011-02-24 14:15:00,2,900.11,450.06,United Kingdom,Repeat Customer,288,367,2-3 orders (Occasional),Lapsed (180d+),2010-02-01,367.0,437.16
12946,2010-09-29 10:14:00,2010-09-29 10:14:00,1,324.45,324.45,United Kingdom,One-Time Customer,436,0,1 order (One-Time),Lapsed (180d+),2010-09-01,,324.45
12947,2010-12-01 16:21:00,2011-07-19 10:06:00,6,1603.99,267.33,United Kingdom,Repeat Customer,143,229,4-9 orders (Regular),At Risk (91-180d),2010-12-01,36.0,304.04
12948,2009-12-02 12:28:00,2011-11-23 17:10:00,9,2317.43,257.49,United Kingdom,Repeat Customer,16,721,4-9 orders (Regular),Active (0-90d),2009-12-01,6.0,128.48
12949,2009-12-03 15:56:00,2011-11-09 11:25:00,22,15526.7,705.76,United Kingdom,Repeat Customer,30,705,10+ orders (Champions),Active (0-90d),2009-12-01,52.0,1794.7
12950,2011-11-15 13:48:00,2011-12-07 13:17:00,3,1843.0,614.33,United Kingdom,Repeat Customer,2,21,2-3 orders (Occasional),Active (0-90d),2011-11-01,16.0,311.6
12951,2010-01-10 12:43:00,2011-12-01 12:14:00,15,3213.72,214.25,United Kingdom,Repeat Customer,8,689,10+ orders (Champions),Active (0-90d),2010-01-01,31.0,168.3
12952,2011-09-22 16:37:00,2011-12-04 10:35:00,4,1387.79,346.95,United Kingdom,Repeat Customer,5,72,4-9 orders (Regular),Active (0-90d),2011-09-01,35.0,731.54
12953,2010-07-05 13:37:00,2011-11-30 09:24:00,2,828.81,414.4,United Kingdom,Repeat Customer,9,512,2-3 orders (Occasional),Active (0-90d),2010-07-01,512.0,498.96
12954,2010-03-11 10:16:00,2010-03-11 10:16:00,1,162.45,162.45,United Kingdom,One-Time Customer,638,0,1 order (One-Time),Lapsed (180d+),2010-03-01,,162.45
12955,2011-03-17 09:03:00,2011-12-08 16:29:00,11,4757.16,432.47,United Kingdom,Repeat Customer,1,266,10+ orders (Champions),Active (0-90d),2011-03-01,48.0,473.82
12956,2009-12-15 19:03:00,2011-02-06 16:08:00,4,521.89,130.47,United Kingdom,Repeat Customer,306,417,4-9 orders (Regular),Lapsed (180d+),2009-12-01,0.0,53.0
12957,2009-12-11 12:01:00,2011-11-30 09:53:00,13,8706.97,669.77,United Kingdom,Repeat Customer,9,718,10+ orders (Champions),Active (0-90d),2009-12-01,90.0,1107.95
12958,2010-05-05 16:22:00,2010-11-04 16:16:00,2,467.34,233.67,United Kingdom,Repeat Customer,400,182,2-3 orders (Occasional),Lapsed (180d+),2010-05-01,182.0,166.89
12959,2010-08-12 17:20:00,2010-08-12 17:20:00,1,150.95,150.95,United Kingdom,One-Time Customer,484,0,1 order (One-Time),Lapsed (180d+),2010-08-01,,150.95
12960,2010-02-16 13:32:00,2010-10-22 09:31:00,4,1322.07,330.52,United Kingdom,Repeat Customer,413,247,4-9 orders (Regular),Lapsed (180d+),2010-02-01,83.0,413.67
12961,2010-11-25 16:44:00,2010-11-25 16:44:00,1,211.99,211.99,United Kingdom,One-Time Customer,379,0,1 order (One-Time),Lapsed (180d+),2010-11-01,,211.99
12962,2011-08-18 13:38:00,2011-12-02 15:55:00,2,266.39,133.2,United Kingdom,Repeat Customer,7,106,2-3 orders (Occasional),Active (0-90d),2011-08-01,106.0,170.54
12963,2010-07-08 14:45:00,2011-12-01 12:55:00,12,3235.79,269.65,United Kingdom,Repeat Customer,8,510,10+ orders (Champions),Active (0-90d),2010-07-01,49.0,716.08
12964,2010-09-28 17:47:00,2010-09-28 17:47:00,1,132.24,132.24,United Kingdom,One-Time Customer,437,0,1 order (One-Time),Lapsed (180d+),2010-09-01,,132.24
12965,2011-09-11 15:31:00,2011-09-11 15:31:00,1,769.81,769.81,United Kingdom,One-Time Customer,89,0,1 order (One-Time),Active (0-90d),2011-09-01,,769.81
12966,2011-11-30 12:38:00,2011-11-30 12:38:00,1,160.18,160.18,United Kingdom,One-Time Customer,9,0,1 order (One-Time),Active (0-90d),2011-11-01,,160.18
12967,2010-11-21 11:03:00,2010-12-16 19:10:00,3,2938.52,979.51,United Kingdom,Repeat Customer,358,25,2-3 orders (Occasional),Lapsed (180d+),2010-11-01,11.0,1277.62
12968,2011-08-19 15:44:00,2011-08-19 15:44:00,1,135.95,135.95,United Kingdom,One-Time Customer,112,0,1 order (One-Time),At Risk (91-180d),2011-08-01,,135.95
12969,2010-04-16 10:50:00,2010-04-16 10:50:00,1,122.45,122.45,United Kingdom,One-Time Customer,602,0,1 order (One-Time),Lapsed (180d+),2010-04-01,,122.45
12970,2009-12-04 14:19:00,2011-12-02 14:30:00,10,1452.54,145.25,United Kingdom,Repeat Customer,7,728,10+ orders (Champions),Active (0-90d),2009-12-01,346.0,236.93
12971,2009-12-15 19:04:00,2011-12-06 12:20:00,116,15704.6,135.38,United Kingdom,Repeat Customer,3,720,10+ orders (Champions),Active (0-90d),2009-12-01,23.0,61.45
12972,2010-02-16 14:30:00,2010-10-22 08:41:00,4,1161.2,290.3,United Kingdom,Repeat Customer,413,247,4-9 orders (Regular),Lapsed (180d+),2010-02-01,13.0,469.51
12973,2010-10-22 10:14:00,2010-10-22 10:14:00,1,385.55,385.55,United Kingdom,One-Time Customer,413,0,1 order (One-Time),Lapsed (180d+),2010-10-01,,385.55
12974,2010-05-23 11:45:00,2011-05-26 09:33:00,2,408.95,204.48,United Kingdom,Repeat Customer,197,367,2-3 orders (Occasional),Lapsed (180d+),2010-05-01,367.0,264.15
12975,2009-12-06 10:38:00,2010-09-29 09:46:00,6,2100.09,350.02,United Kingdom,Repeat Customer,436,296,4-9 orders (Regular),Lapsed (180d+),2009-12-01,213.0,441.63
12976,2010-02-12 15:46:00,2011-05-12 09:55:00,8,3156.38,394.55,United Kingdom,Repeat Customer,211,453,4-9 orders (Regular),Lapsed (180d+),2010-02-01,26.0,377.62
12977,2010-07-16 16:25:00,2011-07-06 16:40:00,4,513.88,128.47,United Kingdom,Repeat Customer,156,355,4-9 orders (Regular),At Risk (91-180d),2010-07-01,0.0,102.0
12978,2009-12-10 12:10:00,2010-11-19 14:29:00,5,2502.82,500.56,United Kingdom,Repeat Customer,385,344,4-9 orders (Regular),Lapsed (180d+),2009-12-01,28.0,945.58
12979,2009-12-10 15:45:00,2009-12-10 15:45:00,1,517.7,517.7,United Arab Emirates,One-Time Customer,729,0,1 order (One-Time),Lapsed (180d+),2009-12-01,,517.7
12980,2009-12-02 11:26:00,2011-07-05 09:34:00,21,16245.78,773.61,United Kingdom,Repeat Customer,157,579,10+ orders (Champions),At Risk (91-180d),2009-12-01,40.0,754.2
12981,2011-07-29 14:14:00,2011-11-10 12:00:00,2,372.22,186.11,United Kingdom,Repeat Customer,29,103,2-3 orders (Occasional),Active (0-90d),2011-07-01,103.0,187.18
12982,2010-04-12 13:50:00,2011-04-11 11:51:00,8,2744.81,343.1,United Kingdom,Repeat Customer,242,363,4-9 orders (Regular),Lapsed (180d+),2010-04-01,17.0,701.97
12983,2010-04-20 12:58:00,2010-04-20 12:58:00,1,490.08,490.08,United Kingdom,One-Time Customer,598,0,1 order (One-Time),Lapsed (180d+),2010-04-01,,490.08
12984,2011-11-21 12:37:00,2011-11-21 12:37:00,1,97.5,97.5,United Kingdom,One-Time Customer,18,0,1 order (One-Time),Active (0-90d),2011-11-01,,97.5
12985,2011-11-11 12:44:00,2011-12-09 10:46:00,2,1239.38,619.69,United Kingdom,Repeat Customer,0,27,2-3 orders (Occasional),Active (0-90d),2011-11-01,27.0,754.38
12986,2010-01-21 10:45:00,2010-10-07 11:57:00,10,2729.84,272.98,United Kingdom,Repeat Customer,428,259,10+ orders (Champions),Lapsed (180d+),2010-01-01,45.0,303.87
12987,2010-01-20 09:57:00,2011-09-27 12:03:00,5,1312.21,262.44,United Kingdom,Repeat Customer,73,615,4-9 orders (Regular),Active (0-90d),2010-01-01,78.0,282.33
12988,2011-02-20 14:31:00,2011-02-20 14:31:00,1,505.82,505.82,United Kingdom,One-Time Customer,292,0,1 order (One-Time),Lapsed (180d+),2011-02-01,,505.82
12989,2009-12-10 13:27:00,2011-12-06 15:28:00,33,13551.75,410.66,United Kingdom,Repeat Customer,3,726,10+ orders (Champions),Active (0-90d),2009-12-01,48.0,413.1
12990,2010-03-30 11:36:00,2011-11-08 13:01:00,7,955.5,136.5,United Kingdom,Repeat Customer,31,588,4-9 orders (Regular),Active (0-90d),2010-03-01,113.0,117.0
12991,2010-11-15 13:43:00,2011-11-16 15:34:00,3,764.82,254.94,United Kingdom,Repeat Customer,23,366,2-3 orders (Occasional),Active (0-90d),2010-11-01,277.0,261.06
12992,2009-12-14 16:46:00,2009-12-14 16:46:00,1,93.35,93.35,United Kingdom,One-Time Customer,725,0,1 order (One-Time),Lapsed (180d+),2009-12-01,,93.35
12993,2010-02-18 10:35:00,2011-11-16 15:49:00,8,1259.63,157.45,United Kingdom,Repeat Customer,23,636,4-9 orders (Regular),Active (0-90d),2010-02-01,28.0,169.55
12994,2011-03-16 08:31:00,2011-12-05 15:43:00,3,974.42,324.81,United Kingdom,Repeat Customer,4,264,2-3 orders (Occasional),Active (0-90d),2011-03-01,148.0,352.6
12995,2011-09-15 15:44:00,2011-09-15 15:44:00,1,211.32,211.32,United Kingdom,One-Time Customer,85,0,1 order (One-Time),Active (0-90d),2011-09-01,,211.32
12996,2010-11-29 09:27:00,2010-11-29 09:27:00,1,355.5,355.5,United Kingdom,One-Time Customer,375,0,1 order (One-Time),Lapsed (180d+),2010-11-01,,355.5
12997,2010-04-06 11:06:00,2011-11-17 15:47:00,8,2110.91,263.86,United Kingdom,Repeat Customer,22,590,4-9 orders (Regular),Active (0-90d),2010-04-01,30.0,2.95
12998,2010-02-24 11:55:00,2010-08-04 08:05:00,3,920.08,306.69,United Kingdom,Repeat Customer,492,160,2-3 orders (Occasional),Lapsed (180d+),2010-02-01,43.0,300.2
12999,2011-04-08 10:26:00,2011-05-27 13:24:00,3,455.88,151.96,United Kingdom,Repeat Customer,196,49,2-3 orders (Occasional),Lapsed (180d+),2011-04-01,40.0,320.28
13000,2009-12-14 17:03:00,2011-08-25 10:43:00,4,1032.5,258.12,United Kingdom,Repeat Customer,106,618,4-9 orders (Regular),At Risk (91-180d),2009-12-01,360.0,497.65
13001,2009-12-03 16:21:00,2011-12-05 14:51:00,33,24042.65,728.57,United Kingdom,Repeat Customer,4,731,10+ orders (Champions),Active (0-90d),2009-12-01,52.0,869.93
13002,2010-10-01 11:58:00,2011-01-25 15:18:00,3,414.13,138.04,United Kingdom,Repeat Customer,318,116,2-3 orders (Occasional),Lapsed (180d+),2010-10-01,18.0,180.38
13003,2011-05-09 08:23:00,2011-08-26 10:50:00,3,149.05,49.68,United Kingdom,Repeat Customer,105,109,2-3 orders (Occasional),At Risk (91-180d),2011-05-01,63.0,59.05
13004,2009-12-15 09:44:00,2011-11-28 11:27:00,36,11650.85,323.63,United Kingdom,Repeat Customer,11,713,10+ orders (Champions),Active (0-90d),2009-12-01,20.0,306.54
13005,2010-09-08 12:52:00,2011-06-19 10:53:00,4,999.68,249.92,United Kingdom,Repeat Customer,173,283,4-9 orders (Regular),At Risk (91-180d),2010-09-01,25.0,229.73
13006,2011-10-14 13:49:00,2011-10-14 13:49:00,1,81.57,81.57,United Kingdom,One-Time Customer,56,0,1 order (One-Time),Active (0-90d),2011-10-01,,81.57
13007,2010-05-09 10:38:00,2010-05-09 10:38:00,1,175.25,175.25,United Kingdom,One-Time Customer,579,0,1 order (One-Time),Lapsed (180d+),2010-05-01,,175.25
13008,2009-12-16 16:07:00,2011-01-20 14:24:00,3,612.13,204.04,United Kingdom,Repeat Customer,323,399,2-3 orders (Occasional),Lapsed (180d+),2009-12-01,325.0,189.31
13009,2010-02-05 12:22:00,2010-02-05 12:22:00,1,234.0,234.0,United Kingdom,One-Time Customer,672,0,1 order (One-Time),Lapsed (180d+),2010-02-01,,234.0
13010,2010-03-01 11:28:00,2010-11-30 15:09:00,2,330.12,165.06,United Kingdom,Repeat Customer,374,274,2-3 orders (Occasional),Lapsed (180d+),2010-03-01,274.0,177.12
13011,2010-12-02 17:22:00,2010-12-02 17:22:00,1,50.55,50.55,United Kingdom,One-Time Customer,372,0,1 order (One-Time),Lapsed (180d+),2010-12-01,,50.55
13012,2010-04-26 14:14:00,2011-11-30 13:05:00,11,2957.83,268.89,United Kingdom,Repeat Customer,9,582,10+ orders (Champions),Active (0-90d),2010-04-01,78.0,381.89
13013,2009-12-14 10:34:00,2011-12-08 15:01:00,29,11097.43,382.67,United Kingdom,Repeat Customer,1,724,10+ orders (Champions),Active (0-90d),2009-12-01,84.0,756.51
13014,2010-10-03 11:35:00,2011-11-29 12:27:00,11,5381.08,489.19,United Kingdom,Repeat Customer,10,422,10+ orders (Champions),Active (0-90d),2010-10-01,151.0,1914.8
13015,2010-04-15 16:35:00,2011-10-17 13:19:00,11,6579.78,598.16,United Kingdom,Repeat Customer,53,549,10+ orders (Champions),Active (0-90d),2010-04-01,10.0,735.64
13016,2011-08-08 15:00:00,2011-09-27 14:08:00,3,789.89,263.3,United Kingdom,Repeat Customer,73,49,2-3 orders (Occasional),Active (0-90d),2011-08-01,49.0,425.25
13017,2011-12-02 15:53:00,2011-12-02 15:53:00,1,204.0,204.0,United Kingdom,One-Time Customer,7,0,1 order (One-Time),Active (0-90d),2011-12-01,,204.0
13018,2010-03-01 12:34:00,2011-11-23 13:28:00,35,9763.16,278.95,United Kingdom,Repeat Customer,16,632,10+ orders (Champions),Active (0-90d),2010-03-01,0.0,605.4
13019,2009-12-06 15:40:00,2010-11-25 14:56:00,6,1229.95,204.99,United Kingdom,Repeat Customer,379,353,4-9 orders (Regular),Lapsed (180d+),2009-12-01,3.0,255.0
13020,2010-02-18 10:35:00,2010-05-26 11:12:00,2,618.96,309.48,United Kingdom,Repeat Customer,562,97,2-3 orders (Occasional),Lapsed (180d+),2010-02-01,97.0,448.01
13021,2009-12-05 12:02:00,2011-12-05 16:37:00,17,4887.24,287.48,United Kingdom,Repeat Customer,4,730,10+ orders (Champions),Active (0-90d),2009-12-01,103.0,233.71
13022,2010-10-06 10:50:00,2010-10-06 10:50:00,1,50.3,50.3,Belgium,One-Time Customer,429,0,1 order (One-Time),Lapsed (180d+),2010-10-01,,50.3
13023,2010-06-29 09:51:00,2011-10-06 16:27:00,3,1251.03,417.01,United Kingdom,Repeat Customer,64,464,2-3 orders (Occasional),Active (0-90d),2010-06-01,398.0,651.13
13024,2010-05-06 14:25:00,2010-08-26 09:42:00,2,555.87,277.94,United Kingdom,Repeat Customer,470,111,2-3 orders (Occasional),Lapsed (180d+),2010-05-01,111.0,247.83
13025,2009-12-08 10:02:00,2009-12-08 10:02:00,1,323.39,323.39,United Kingdom,One-Time Customer,731,0,1 order (One-Time),Lapsed (180d+),2009-12-01,,323.39
13026,2009-12-13 11:34:00,2011-12-08 16:58:00,9,1733.08,192.56,United Kingdom,Repeat Customer,1,725,4-9 orders (Regular),Active (0-90d),2009-12-01,84.0,335.98
13027,2010-01-20 10:41:00,2011-08-18 09:39:00,19,17239.2,907.33,United Kingdom,Repeat Customer,113,574,10+ orders (Champions),At Risk (91-180d),2010-01-01,1.0,480.0
13028,2011-10-25 14:09:00,2011-11-17 11:10:00,2,661.32,330.66,United Kingdom,Repeat Customer,22,22,2-3 orders (Occasional),Active (0-90d),2011-10-01,22.0,355.94
13029,2010-07-04 13:46:00,2011-11-09 09:13:00,5,1927.3,385.46,United Kingdom,Repeat Customer,30,492,4-9 orders (Regular),Active (0-90d),2010-07-01,148.0,347.7
13030,2010-12-06 14:31:00,2011-11-28 14:30:00,2,752.44,376.22,United Kingdom,Repeat Customer,11,356,2-3 orders (Occasional),Active (0-90d),2010-12-01,356.0,402.36
13031,2010-06-03 14:57:00,2010-10-28 15:34:00,5,3292.84,658.57,United Kingdom,Repeat Customer,407,147,4-9 orders (Regular),Lapsed (180d+),2010-06-01,49.0,948.72
13032,2010-09-05 14:01:00,2011-10-18 15:54:00,9,2815.96,312.88,United Kingdom,Repeat Customer,52,408,4-9 orders (Regular),Active (0-90d),2010-09-01,1.0,525.83
13033,2010-10-06 09:37:00,2010-12-17 14:23:00,2,220.55,110.28,United Kingdom,Repeat Customer,357,72,2-3 orders (Occasional),Lapsed (180d+),2010-10-01,72.0,30.0
13034,2010-11-03 15:22:00,2011-10-16 12:21:00,3,756.82,252.27,United Kingdom,Repeat Customer,54,346,2-3 orders (Occasional),Active (0-90d),2010-11-01,31.0,114.05
13035,2010-10-04 15:41:00,2011-09-27 08:57:00,3,1364.2,454.73,United Kingdom,Repeat Customer,73,357,2-3 orders (Occasional),Active (0-90d),2010-10-01,170.0,442.32
13036,2010-01-24 11:35:00,2010-01-24 11:35:00,1,307.1,307.1,United Kingdom,One-Time Customer,684,0,1 order (One-Time),Lapsed (180d+),2010-01-01,,307.1
13037,2009-12-03 17:04:00,2011-07-24 15:46:00,12,3914.95,326.25,United Kingdom,Repeat Customer,138,597,10+ orders (Champions),At Risk (91-180d),2009-12-01,45.0,313.19
13038,2011-02-22 11:43:00,2011-09-20 14:37:00,3,908.46,302.82,United Kingdom,Repeat Customer,80,210,2-3 orders (Occasional),Active (0-90d),2011-02-01,106.0,395.1
13039,2009-12-17 16:43:00,2010-05-04 16:45:00,4,1010.73,252.68,United Kingdom,Repeat Customer,584,138,4-9 orders (Regular),Lapsed (180d+),2009-12-01,103.0,162.8
13040,2011-11-06 13:53:00,2011-12-01 10:38:00,2,676.99,338.5,United Kingdom,Repeat Customer,8,24,2-3 orders (Occasional),Active (0-90d),2011-11-01,24.0,303.25
13041,2010-04-29 08:43:00,2010-09-15 11:44:00,4,799.13,199.78,United Kingdom,Repeat Customer,450,139,4-9 orders (Regular),Lapsed (180d+),2010-04-01,67.0,256.16
13042,2009-12-07 15:42:00,2010-04-20 13:43:00,3,1488.59,496.2,United Kingdom,Repeat Customer,598,133,2-3 orders (Occasional),Lapsed (180d+),2009-12-01,57.0,665.15
13043,2011-03-11 14:52:00,2011-03-11 14:52:00,1,516.42,516.42,United Kingdom,One-Time Customer,273,0,1 order (One-Time),Lapsed (180d+),2011-03-01,,516.42
13044,2010-01-08 14:46:00,2011-02-21 15:20:00,11,4848.05,440.73,United Kingdom,Repeat Customer,291,409,10+ orders (Champions),Lapsed (180d+),2010-01-01,44.0,177.35
13045,2010-08-10 13:02:00,2011-09-01 15:04:00,3,808.92,269.64,United Kingdom,Repeat Customer,99,387,2-3 orders (Occasional),At Risk (91-180d),2010-08-01,84.0,325.44
13046,2010-09-09 13:09:00,2011-11-09 08:36:00,3,949.25,316.42,United Kingdom,Repeat Customer,30,425,2-3 orders (Occasional),Active (0-90d),2010-09-01,190.0,319.94
13047,2009-12-16 11:43:00,2011-10-14 11:15:00,23,8423.58,366.24,United Kingdom,Repeat Customer,56,666,10+ orders (Champions),Active (0-90d),2009-12-01,22.0,306.3
13048,2010-01-27 12:55:00,2011-11-25 13:23:00,9,4049.13,449.9,United Kingdom,Repeat Customer,14,667,4-9 orders (Regular),Active (0-90d),2010-01-01,90.0,394.6
13049,2010-11-03 15:39:00,2011-10-06 15:31:00,4,1408.24,352.06,United Kingdom,Repeat Customer,64,336,4-9 orders (Regular),Active (0-90d),2010-11-01,11.0,247.56
13050,2009-12-15 15:06:00,2011-11-25 09:18:00,34,11877.29,349.33,United Kingdom,Repeat Customer,14,709,10+ orders (Champions),Active (0-90d),2009-12-01,29.0,327.91
13051,2010-03-30 11:11:00,2010-05-10 09:14:00,2,155.8,77.9,United Kingdom,Repeat Customer,578,40,2-3 orders (Occasional),Lapsed (180d+),2010-03-01,40.0,75.0
13052,2010-02-23 12:31:00,2011-05-11 14:12:00,7,3118.48,445.5,United Kingdom,Repeat Customer,212,442,4-9 orders (Regular),Lapsed (180d+),2010-02-01,49.0,560.97
13053,2010-03-28 11:28:00,2010-03-28 11:28:00,1,127.65,127.65,United Kingdom,One-Time Customer,621,0,1 order (One-Time),Lapsed (180d+),2010-03-01,,127.65
13055,2010-10-06 08:17:00,2011-09-22 14:26:00,4,2321.11,580.28,United Kingdom,Repeat Customer,78,351,4-9 orders (Regular),Active (0-90d),2010-10-01,216.0,1106.7
13056,2010-06-06 14:10:00,2010-06-06 14:10:00,1,209.48,209.48,United Kingdom,One-Time Customer,551,0,1 order (One-Time),Lapsed (180d+),2010-06-01,,209.48
13057,2010-03-18 12:14:00,2010-06-27 15:44:00,3,709.59,236.53,United Kingdom,Repeat Customer,530,101,2-3 orders (Occasional),Lapsed (180d+),2010-03-01,98.0,353.49
13058,2011-07-11 12:01:00,2011-11-15 12:43:00,3,271.4,90.47,United Kingdom,Repeat Customer,24,127,2-3 orders (Occasional),Active (0-90d),2011-07-01,93.0,47.55
13059,2010-03-31 12:23:00,2011-04-04 10:40:00,10,2291.77,229.18,United Kingdom,Repeat Customer,249,368,10+ orders (Champions),Lapsed (180d+),2010-03-01,0.0,152.5
13060,2011-03-31 11:37:00,2011-03-31 11:37:00,1,307.53,307.53,United Kingdom,One-Time Customer,253,0,1 order (One-Time),Lapsed (180d+),2011-03-01,,307.53
13061,2011-09-28 16:04:00,2011-09-28 16:04:00,1,248.61,248.61,United Kingdom,One-Time Customer,72,0,1 order (One-Time),Active (0-90d),2011-09-01,,248.61
13062,2011-06-01 15:12:00,2011-06-01 15:12:00,1,346.98,346.98,United Kingdom,One-Time Customer,191,0,1 order (One-Time),Lapsed (180d+),2011-06-01,,346.98
13063,2010-08-16 12:27:00,2010-08-16 12:27:00,1,188.4,188.4,United Kingdom,One-Time Customer,480,0,1 order (One-Time),Lapsed (180d+),2010-08-01,,188.4
13064,2010-04-27 10:08:00,2011-11-27 12:31:00,6,1666.84,277.81,United Kingdom,Repeat Customer,12,579,4-9 orders (Regular),Active (0-90d),2010-04-01,41.0,239.65
13065,2010-06-10 11:44:00,2010-12-01 16:52:00,5,1055.05,211.01,United Kingdom,Repeat Customer,373,174,4-9 orders (Regular),Lapsed (180d+),2010-06-01,77.0,187.57
13066,2011-11-07 17:06:00,2011-11-15 12:57:00,2,470.8,235.4,United Kingdom,Repeat Customer,24,7,2-3 orders (Occasional),Active (0-90d),2011-11-01,7.0,151.81
13067,2010-09-19 13:43:00,2011-09-18 13:38:00,3,508.51,169.5,United Kingdom,Repeat Customer,82,363,2-3 orders (Occasional),Active (0-90d),2010-09-01,36.0,251.4
13068,2011-01-24 08:20:00,2011-11-29 15:00:00,2,344.0,172.0,United Kingdom,Repeat Customer,10,309,2-3 orders (Occasional),Active (0-90d),2011-01-01,309.0,165.0
13069,2010-06-14 14:27:00,2011-12-09 08:39:00,38,9284.45,244.33,United Kingdom,Repeat Customer,0,542,10+ orders (Champions),Active (0-90d),2010-06-01,0.0,700.1
13070,2009-12-07 14:44:00,2011-05-31 13:45:00,4,751.7,187.92,United Kingdom,Repeat Customer,192,539,4-9 orders (Regular),Lapsed (180d+),2009-12-01,142.0,154.2
13071,2010-04-06 13:37:00,2010-04-06 13:37:00,1,129.22,129.22,United Kingdom,One-Time Customer,612,0,1 order (One-Time),Lapsed (180d+),2010-04-01,,129.22
13072,2011-03-18 08:12:00,2011-03-18 08:12:00,1,177.15,177.15,United Kingdom,One-Time Customer,266,0,1 order (One-Time),Lapsed (180d+),2011-03-01,,177.15
13073,2010-09-28 09:27:00,2010-10-24 14:06:00,2,418.08,209.04,United Kingdom,Repeat Customer,411,26,2-3 orders (Occasional),Lapsed (180d+),2010-09-01,26.0,302.88
13074,2009-12-16 11:46:00,2010-07-16 16:53:00,4,1378.74,344.68,United Kingdom,Repeat Customer,511,212,4-9 orders (Regular),Lapsed (180d+),2009-12-01,33.0,313.3
13075,2011-08-02 10:19:00,2011-08-02 10:19:00,1,919.61,919.61,United Kingdom,One-Time Customer,129,0,1 order (One-Time),At Risk (91-180d),2011-08-01,,919.61
13076,2010-09-08 10:27:00,2010-09-08 10:27:00,1,135.4,135.4,United Kingdom,One-Time Customer,457,0,1 order (One-Time),Lapsed (180d+),2010-09-01,,135.4
13077,2009-12-11 11:17:00,2011-12-08 19:24:00,11,2740.65,249.15,United Kingdom,Repeat Customer,1,727,10+ orders (Champions),Active (0-90d),2009-12-01,6.0,218.44
13078,2009-12-01 09:06:00,2011-12-06 15:36:00,57,29018.06,509.09,United Kingdom,Repeat Customer,3,735,10+ orders (Champions),Active (0-90d),2009-12-01,7.0,630.33
13079,2010-10-18 14:15:00,2011-12-05 16:53:00,6,419.18,69.86,United Kingdom,Repeat Customer,4,413,4-9 orders (Regular),Active (0-90d),2010-10-01,277.0,199.08
13080,2010-04-09 13:07:00,2011-06-13 14:59:00,4,280.73,70.18,United Kingdom,Repeat Customer,179,430,4-9 orders (Regular),At Risk (91-180d),2010-04-01,47.0,70.3
13081,2009-12-08 13:58:00,2011-11-28 10:54:00,28,56838.37,2029.94,United Kingdom,Repeat Customer,11,719,10+ orders (Champions),Active (0-90d),2009-12-01,29.0,2285.58
13082,2009-12-22 15:37:00,2011-08-05 16:16:00,21,7335.75,349.32,United Kingdom,Repeat Customer,126,591,10+ orders (Champions),At Risk (91-180d),2009-12-01,0.0,179.46
13083,2010-10-10 13:38:00,2011-12-05 15:01:00,3,395.43,131.81,United Kingdom,Repeat Customer,4,421,2-3 orders (Occasional),Active (0-90d),2010-10-01,349.0,91.68
13084,2010-08-05 08:49:00,2010-08-05 08:49:00,1,122.4,122.4,United Kingdom,One-Time Customer,491,0,1 order (One-Time),Lapsed (180d+),2010-08-01,,122.4
13085,2009-12-01 07:45:00,2011-07-05 12:11:00,8,2433.28,304.16,United Kingdom,Repeat Customer,157,581,4-9 orders (Regular),At Risk (91-180d),2009-12-01,0.0,505.3
13086,2010-11-22 10:28:00,2010-11-22 10:28:00,1,439.33,439.33,United Kingdom,One-Time Customer,382,0,1 order (One-Time),Lapsed (180d+),2010-11-01,,439.33
13087,2009-12-13 15:16:00,2009-12-13 15:16:00,1,313.64,313.64,United Kingdom,One-Time Customer,726,0,1 order (One-Time),Lapsed (180d+),2009-12-01,,313.64
13088,2010-10-18 15:35:00,2010-10-18 15:35:00,1,236.11,236.11,United Kingdom,One-Time Customer,417,0,1 order (One-Time),Lapsed (180d+),2010-10-01,,236.11
13089,2009-12-02 15:44:00,2011-12-07 09:02:00,203,113416.91,558.7,United Kingdom,Repeat Customer,2,734,10+ orders (Champions),Active (0-90d),2009-12-01,4.0,368.1
13090,2010-08-02 13:58:00,2011-12-01 12:39:00,23,13076.74,568.55,United Kingdom,Repeat Customer,8,485,10+ orders (Champions),Active (0-90d),2010-08-01,0.0,178.95
13091,2009-12-10 12:44:00,2011-11-11 15:54:00,2,1108.8,554.4,United Kingdom,Repeat Customer,28,701,2-3 orders (Occasional),Active (0-90d),2009-12-01,701.0,762.98
13092,2010-02-10 08:44:00,2011-09-30 11:18:00,12,2140.28,178.36,United Kingdom,Repeat Customer,70,597,10+ orders (Champions),Active (0-90d),2010-02-01,39.0,448.05
13093,2009-12-04 10:32:00,2011-03-09 12:14:00,55,54144.25,984.44,United Kingdom,Repeat Customer,275,460,10+ orders (Champions),Lapsed (180d+),2009-12-01,0.0,455.36
13094,2010-11-15 14:15:00,2011-11-18 14:07:00,13,2209.44,169.96,United Kingdom,Repeat Customer,21,367,10+ orders (Champions),Active (0-90d),2010-11-01,20.0,282.12
13095,2011-09-30 12:03:00,2011-09-30 12:03:00,1,74.4,74.4,United Kingdom,One-Time Customer,70,0,1 order (One-Time),Active (0-90d),2011-09-01,,74.4
13096,2010-11-10 14:08:00,2010-11-10 14:08:00,1,419.7,419.7,United Kingdom,One-Time Customer,394,0,1 order (One-Time),Lapsed (180d+),2010-11-01,,419.7
13097,2009-12-01 13:31:00,2011-11-07 10:43:00,27,13015.36,482.05,United Kingdom,Repeat Customer,32,705,10+ orders (Champions),Active (0-90d),2009-12-01,7.0,544.73
13098,2011-01-26 13:46:00,2011-12-08 14:14:00,28,28882.44,1031.52,United Kingdom,Repeat Customer,1,316,10+ orders (Champions),Active (0-90d),2011-01-01,12.0,648.8
13099,2011-09-01 17:40:00,2011-09-01 17:40:00,1,207.36,207.36,United Kingdom,One-Time Customer,99,0,1 order (One-Time),At Risk (91-180d),2011-09-01,,207.36
13101,2010-01-27 15:49:00,2011-04-19 14:37:00,4,695.4,173.85,United Kingdom,Repeat Customer,234,446,4-9 orders (Regular),Lapsed (180d+),2010-01-01,120.0,168.55
13102,2010-05-06 13:12:00,2011-12-08 12:52:00,37,11380.1,307.57,United Kingdom,Repeat Customer,1,580,10+ orders (Champions),Active (0-90d),2010-05-01,17.0,671.64
13103,2010-05-11 14:41:00,2011-10-31 09:38:00,3,709.64,236.55,United Kingdom,Repeat Customer,39,537,2-3 orders (Occasional),Active (0-90d),2010-05-01,139.0,123.34
13104,2010-02-24 15:06:00,2011-12-06 13:10:00,9,1709.1,189.9,United Kingdom,Repeat Customer,3,649,4-9 orders (Regular),Active (0-90d),2010-02-01,119.0,96.66
13105,2010-09-29 13:41:00,2010-09-29 13:41:00,1,72.0,72.0,United Kingdom,One-Time Customer,436,0,1 order (One-Time),Lapsed (180d+),2010-09-01,,72.0
13106,2010-10-22 13:10:00,2011-07-29 15:12:00,2,603.46,301.73,United Kingdom,Repeat Customer,133,280,2-3 orders (Occasional),At Risk (91-180d),2010-10-01,280.0,526.96
13107,2010-02-04 10:50:00,2011-10-26 14:52:00,9,5253.07,583.67,United Kingdom,Repeat Customer,44,629,4-9 orders (Regular),Active (0-90d),2010-02-01,63.0,606.3
13108,2010-09-30 17:09:00,2010-12-02 10:35:00,2,748.46,374.23,United Kingdom,Repeat Customer,372,62,2-3 orders (Occasional),Lapsed (180d+),2010-09-01,62.0,398.4
13109,2010-06-06 12:59:00,2011-10-11 10:16:00,3,1134.03,378.01,United Kingdom,Repeat Customer,59,491,2-3 orders (Occasional),Active (0-90d),2010-06-01,394.0,347.49
13110,2009-12-01 14:14:00,2011-11-08 14:30:00,12,2957.47,246.46,United Kingdom,Repeat Customer,31,707,10+ orders (Champions),Active (0-90d),2009-12-01,48.0,362.78
13111,2009-12-21 09:00:00,2009-12-21 09:00:00,1,321.88,321.88,United Kingdom,One-Time Customer,718,0,1 order (One-Time),Lapsed (180d+),2009-12-01,,321.88
13112,2010-06-16 17:03:00,2010-06-16 17:03:00,1,20.6,20.6,United Kingdom,One-Time Customer,541,0,1 order (One-Time),Lapsed (180d+),2010-06-01,,20.6
13113,2010-03-28 16:13:00,2011-12-09 12:49:00,37,18230.07,492.7,United Kingdom,Repeat Customer,0,620,10+ orders (Champions),Active (0-90d),2010-03-01,34.0,513.59
13114,2009-12-09 09:56:00,2009-12-09 09:56:00,1,234.38,234.38,United Kingdom,One-Time Customer,730,0,1 order (One-Time),Lapsed (180d+),2009-12-01,,234.38
13115,2010-04-19 13:29:00,2011-11-28 12:38:00,10,5494.7,549.47,United Kingdom,Repeat Customer,11,587,10+ orders (Champions),Active (0-90d),2010-04-01,27.0,754.5
13116,2011-07-24 14:33:00,2011-07-24 14:33:00,1,501.14,501.14,United Kingdom,One-Time Customer,138,0,1 order (One-Time),At Risk (91-180d),2011-07-01,,501.14
13117,2010-03-26 13:50:00,2011-11-18 12:02:00,18,2255.66,125.31,United Kingdom,Repeat Customer,21,601,10+ orders (Champions),Active (0-90d),2010-03-01,30.0,128.22
13118,2010-09-26 15:46:00,2011-11-20 12:46:00,9,2415.41,268.38,United Kingdom,Repeat Customer,19,419,4-9 orders (Regular),Active (0-90d),2010-09-01,27.0,221.37
13119,2010-02-09 08:38:00,2010-02-09 08:38:00,1,134.9,134.9,United Kingdom,One-Time Customer,668,0,1 order (One-Time),Lapsed (180d+),2010-02-01,,134.9
13120,2011-04-15 10:19:00,2011-04-15 10:19:00,1,30.6,30.6,United Kingdom,One-Time Customer,238,0,1 order (One-Time),Lapsed (180d+),2011-04-01,,30.6
13121,2011-03-15 16:47:00,2011-03-15 16:47:00,1,283.73,283.73,United Kingdom,One-Time Customer,269,0,1 order (One-Time),Lapsed (180d+),2011-03-01,,283.73
13122,2011-04-13 14:12:00,2011-09-06 15:53:00,2,922.39,461.2,United Kingdom,Repeat Customer,94,146,2-3 orders (Occasional),At Risk (91-180d),2011-04-01,146.0,903.67
13123,2010-06-28 12:43:00,2010-08-24 10:18:00,2,506.75,253.38,United Kingdom,Repeat Customer,472,56,2-3 orders (Occasional),Lapsed (180d+),2010-06-01,56.0,355.44
13124,2010-11-19 15:50:00,2011-09-11 12:45:00,4,4641.66,1160.42,United Kingdom,Repeat Customer,89,295,4-9 orders (Regular),Active (0-90d),2010-11-01,25.0,885.33
13125,2010-07-04 11:58:00,2010-07-04 11:58:00,1,148.62,148.62,United Kingdom,One-Time Customer,523,0,1 order (One-Time),Lapsed (180d+),2010-07-01,,148.62
13126,2010-03-02 12:24:00,2011-12-05 10:00:00,13,3774.81,290.37,United Kingdom,Repeat Customer,4,642,10+ orders (Champions),Active (0-90d),2010-03-01,52.0,464.85
13127,2011-09-23 10:26:00,2011-09-23 10:26:00,1,259.17,259.17,United Kingdom,One-Time Customer,77,0,1 order (One-Time),Active (0-90d),2011-09-01,,259.17
13128,2010-03-18 15:08:00,2010-03-18 15:08:00,1,263.5,263.5,United Kingdom,One-Time Customer,631,0,1 order (One-Time),Lapsed (180d+),2010-03-01,,263.5
13129,2010-06-28 11:54:00,2010-09-13 13:47:00,2,233.25,116.62,United Kingdom,Repeat Customer,452,77,2-3 orders (Occasional),Lapsed (180d+),2010-06-01,77.0,108.75
13130,2011-09-06 15:30:00,2011-09-06 15:30:00,1,64.0,64.0,United Kingdom,One-Time Customer,94,0,1 order (One-Time),At Risk (91-180d),2011-09-01,,64.0
13131,2010-02-09 09:47:00,2011-11-16 13:21:00,7,3313.77,473.4,United Kingdom,Repeat Customer,23,645,4-9 orders (Regular),Active (0-90d),2010-02-01,113.0,651.41
13132,2011-03-23 12:44:00,2011-03-23 12:44:00,1,77.3,77.3,United Kingdom,One-Time Customer,261,0,1 order (One-Time),Lapsed (180d+),2011-03-01,,77.3
13133,2010-09-06 15:30:00,2011-03-11 10:31:00,3,200.45,66.82,United Kingdom,Repeat Customer,273,185,2-3 orders (Occasional),Lapsed (180d+),2010-09-01,155.0,90.65
13134,2010-10-19 13:21:00,2011-09-15 10:35:00,6,2475.23,412.54,United Kingdom,Repeat Customer,85,330,4-9 orders (Regular),Active (0-90d),2010-10-01,14.0,273.85
13135,2010-08-05 17:28:00,2011-05-27 10:52:00,2,3371.45,1685.72,United Kingdom,Repeat Customer,196,294,2-3 orders (Occasional),Lapsed (180d+),2010-08-01,294.0,275.45
13136,2009-12-08 18:30:00,2011-10-14 13:41:00,13,6274.56,482.66,United Kingdom,Repeat Customer,56,674,10+ orders (Champions),Active (0-90d),2009-12-01,144.0,549.09
13137,2010-07-25 15:40:00,2011-11-29 12:09:00,16,7586.94,474.18,United Kingdom,Repeat Customer,10,491,10+ orders (Champions),Active (0-90d),2010-07-01,43.0,831.25
13138,2010-11-08 11:45:00,2011-11-17 16:51:00,7,1274.01,182.0,United Kingdom,Repeat Customer,22,374,4-9 orders (Regular),Active (0-90d),2010-11-01,24.0,311.62
13139,2010-09-28 09:12:00,2011-11-23 13:54:00,8,8202.98,1025.37,United Kingdom,Repeat Customer,16,421,4-9 orders (Regular),Active (0-90d),2010-09-01,178.0,3138.04
13140,2010-08-05 19:05:00,2011-08-23 15:33:00,5,1054.92,210.98,United Kingdom,Repeat Customer,108,382,4-9 orders (Regular),At Risk (91-180d),2010-08-01,70.0,252.3
13141,2009-12-09 13:34:00,2011-09-16 09:54:00,17,7656.08,450.36,United Kingdom,Repeat Customer,84,645,10+ orders (Champions),Active (0-90d),2009-12-01,47.0,351.45
13142,2011-11-20 16:07:00,2011-11-20 16:07:00,1,307.09,307.09,United Kingdom,One-Time Customer,19,0,1 order (One-Time),Active (0-90d),2011-11-01,,307.09
13143,2010-05-04 12:22:00,2010-05-04 12:22:00,1,405.1,405.1,United Kingdom,One-Time Customer,584,0,1 order (One-Time),Lapsed (180d+),2010-05-01,,405.1
13144,2010-10-04 14:14:00,2011-01-11 11:15:00,2,135.35,67.68,United Kingdom,Repeat Customer,332,98,2-3 orders (Occasional),Lapsed (180d+),2010-10-01,98.0,24.4
13145,2010-04-19 11:11:00,2011-10-31 12:45:00,7,1128.52,161.22,United Kingdom,Repeat Customer,39,560,4-9 orders (Regular),Active (0-90d),2010-04-01,83.0,102.0
13146,2011-11-13 15:29:00,2011-11-13 15:29:00,1,228.91,228.91,United Kingdom,One-Time Customer,26,0,1 order (One-Time),Active (0-90d),2011-11-01,,228.91
13147,2011-09-01 12:28:00,2011-11-29 13:59:00,4,712.8,178.2,United Kingdom,Repeat Customer,10,89,4-9 orders (Regular),Active (0-90d),2011-09-01,56.0,118.8
13148,2009-12-07 15:26:00,2011-11-10 15:23:00,26,8488.32,326.47,United Kingdom,Repeat Customer,29,702,10+ orders (Champions),Active (0-90d),2009-12-01,44.0,331.4
13149,2011-02-23 13:57:00,2011-11-25 13:09:00,4,1676.06,419.02,United Kingdom,Repeat Customer,14,274,4-9 orders (Regular),Active (0-90d),2011-02-01,139.0,376.74
13150,2010-03-19 09:03:00,2010-08-12 12:59:00,3,449.97,149.99,United Kingdom,Repeat Customer,484,146,2-3 orders (Occasional),Lapsed (180d+),2010-03-01,146.0,176.52
13151,2010-03-22 10:26:00,2011-02-17 12:29:00,3,2454.71,818.24,United Kingdom,Repeat Customer,295,332,2-3 orders (Occasional),Lapsed (180d+),2010-03-01,1.0,895.34
13152,2010-01-14 10:01:00,2010-10-18 13:44:00,7,2146.38,306.63,United Kingdom,Repeat Customer,417,277,4-9 orders (Regular),Lapsed (180d+),2010-01-01,38.0,480.47
13153,2011-12-04 12:14:00,2011-12-04 12:14:00,1,486.22,486.22,United Kingdom,One-Time Customer,5,0,1 order (One-Time),Active (0-90d),2011-12-01,,486.22
13154,2009-12-04 08:46:00,2010-11-05 16:00:00,3,1624.84,541.61,United Kingdom,Repeat Customer,399,336,2-3 orders (Occasional),Lapsed (180d+),2009-12-01,228.0,337.1
13155,2010-08-05 09:30:00,2011-11-06 15:41:00,6,1370.48,228.41,United Kingdom,Repeat Customer,33,458,4-9 orders (Regular),Active (0-90d),2010-08-01,78.0,235.7
13156,2010-02-01 13:45:00,2010-11-19 13:09:00,3,1586.54,528.85,United Kingdom,Repeat Customer,385,290,2-3 orders (Occasional),Lapsed (180d+),2010-02-01,8.0,793.92
13157,2010-03-08 11:59:00,2011-10-21 13:50:00,9,5687.36,631.93,United Kingdom,Repeat Customer,49,592,4-9 orders (Regular),Active (0-90d),2010-03-01,66.0,193.2
13158,2010-11-16 17:12:00,2011-09-06 11:58:00,5,1508.18,301.64,United Kingdom,Repeat Customer,94,293,4-9 orders (Regular),At Risk (91-180d),2010-11-01,69.0,307.12
13159,2011-08-16 11:44:00,2011-12-01 11:20:00,4,1429.35,357.34,United Kingdom,Repeat Customer,8,106,4-9 orders (Regular),Active (0-90d),2011-08-01,9.0,457.31
13160,2011-11-17 13:07:00,2011-11-17 13:07:00,1,91.8,91.8,United Kingdom,One-Time Customer,22,0,1 order (One-Time),Active (0-90d),2011-11-01,,91.8
13161,2010-07-27 12:44:00,2011-01-30 14:03:00,2,472.13,236.06,United Kingdom,Repeat Customer,313,187,2-3 orders (Occasional),Lapsed (180d+),2010-07-01,187.0,359.38
13162,2009-12-04 13:59:00,2011-08-09 15:59:00,16,9275.49,579.72,United Kingdom,Repeat Customer,122,613,10+ orders (Champions),At Risk (91-180d),2009-12-01,10.0,694.2
13163,2010-04-08 16:21:00,2010-04-08 16:21:00,1,17.65,17.65,United Kingdom,One-Time Customer,610,0,1 order (One-Time),Lapsed (180d+),2010-04-01,,17.65
13164,2010-02-10 11:52:00,2010-05-19 13:52:00,2,372.2,186.1,United Kingdom,Repeat Customer,569,98,2-3 orders (Occasional),Lapsed (180d+),2010-02-01,98.0,275.8
13165,2010-10-22 17:04:00,2011-10-24 15:05:00,3,1451.16,483.72,United Kingdom,Repeat Customer,46,366,2-3 orders (Occasional),Active (0-90d),2010-10-01,61.0,429.68
13166,2010-10-21 14:29:00,2011-03-01 15:16:00,2,875.93,437.96,United Kingdom,Repeat Customer,283,131,2-3 orders (Occasional),Lapsed (180d+),2010-10-01,131.0,458.73
13167,2010-11-14 12:58:00,2011-11-21 12:24:00,5,1113.15,222.63,United Kingdom,Repeat Customer,18,371,4-9 orders (Regular),Active (0-90d),2010-11-01,246.0,333.82
13168,2010-06-15 15:00:00,2011-11-03 12:56:00,5,1840.73,368.15,United Kingdom,Repeat Customer,36,505,4-9 orders (Regular),Active (0-90d),2010-06-01,223.0,541.14
13169,2010-05-26 15:58:00,2011-10-07 12:11:00,3,840.08,280.03,United Kingdom,Repeat Customer,63,498,2-3 orders (Occasional),Active (0-90d),2010-05-01,309.0,127.2
13170,2011-11-13 12:19:00,2011-11-13 12:19:00,1,108.81,108.81,United Kingdom,One-Time Customer,26,0,1 order (One-Time),Active (0-90d),2011-11-01,,108.81
13171,2011-02-13 14:16:00,2011-11-18 10:27:00,3,468.41,156.14,United Kingdom,Repeat Customer,21,277,2-3 orders (Occasional),Active (0-90d),2011-02-01,250.0,140.35
13172,2010-11-04 15:10:00,2010-11-04 15:10:00,1,69.6,69.6,United Kingdom,One-Time Customer,400,0,1 order (One-Time),Lapsed (180d+),2010-11-01,,69.6
13173,2009-12-10 12:52:00,2011-12-05 15:51:00,11,2389.82,217.26,United Kingdom,Repeat Customer,4,725,10+ orders (Champions),Active (0-90d),2009-12-01,28.0,302.7
13174,2009-12-04 15:40:00,2011-11-23 14:35:00,11,7972.46,724.77,United Kingdom,Repeat Customer,16,718,10+ orders (Champions),Active (0-90d),2009-12-01,55.0,630.39
13175,2009-12-04 12:11:00,2010-05-06 13:13:00,2,831.45,415.72,United Kingdom,Repeat Customer,582,153,2-3 orders (Occasional),Lapsed (180d+),2009-12-01,153.0,319.15
13176,2011-10-24 15:43:00,2011-10-24 15:43:00,1,481.49,481.49,United Kingdom,One-Time Customer,46,0,1 order (One-Time),Active (0-90d),2011-10-01,,481.49
13177,2010-10-05 10:35:00,2011-10-06 09:56:00,2,512.2,256.1,United Kingdom,Repeat Customer,64,365,2-3 orders (Occasional),Active (0-90d),2010-10-01,365.0,229.75
13178,2009-12-16 14:00:00,2011-11-13 16:14:00,21,14059.19,669.49,United Kingdom,Repeat Customer,26,697,10+ orders (Champions),Active (0-90d),2009-12-01,32.0,618.79
13179,2010-03-31 11:40:00,2010-03-31 11:40:00,1,572.31,572.31,United Kingdom,One-Time Customer,618,0,1 order (One-Time),Lapsed (180d+),2010-03-01,,572.31
13180,2010-04-11 13:37:00,2010-04-11 13:37:00,1,86.1,86.1,United Kingdom,One-Time Customer,607,0,1 order (One-Time),Lapsed (180d+),2010-04-01,,86.1
13181,2010-11-23 15:05:00,2010-11-23 15:05:00,1,359.69,359.69,United Kingdom,One-Time Customer,381,0,1 order (One-Time),Lapsed (180d+),2010-11-01,,359.69
13182,2011-10-25 13:46:00,2011-10-25 13:46:00,1,121.18,121.18,United Kingdom,One-Time Customer,45,0,1 order (One-Time),Active (0-90d),2011-10-01,,121.18
13183,2010-03-14 12:32:00,2011-12-02 10:30:00,15,7036.18,469.08,United Kingdom,Repeat Customer,7,627,10+ orders (Champions),Active (0-90d),2010-03-01,52.0,493.44
13184,2011-02-22 17:25:00,2011-11-25 12:02:00,10,1667.95,166.8,United Kingdom,Repeat Customer,14,275,10+ orders (Champions),Active (0-90d),2011-02-01,37.0,212.52
13185,2011-03-17 11:56:00,2011-03-17 11:56:00,1,71.4,71.4,United Kingdom,One-Time Customer,267,0,1 order (One-Time),Lapsed (180d+),2011-03-01,,71.4
13186,2011-08-03 09:09:00,2011-10-31 11:40:00,3,1575.89,525.3,United Kingdom,Repeat Customer,39,89,2-3 orders (Occasional),Active (0-90d),2011-08-01,35.0,988.34
13187,2010-03-25 17:18:00,2011-01-06 18:57:00,4,328.36,82.09,United Kingdom,Repeat Customer,337,287,4-9 orders (Regular),Lapsed (180d+),2010-03-01,0.0,73.59
13188,2011-11-28 15:28:00,2011-11-28 15:28:00,1,114.6,114.6,United Kingdom,One-Time Customer,11,0,1 order (One-Time),Active (0-90d),2011-11-01,,114.6
13189,2011-08-16 13:12:00,2011-11-21 10:39:00,2,260.68,130.34,United Kingdom,Repeat Customer,18,96,2-3 orders (Occasional),Active (0-90d),2011-08-01,96.0,127.0
13190,2009-12-07 12:13:00,2010-06-13 15:47:00,3,570.66,190.22,United Kingdom,Repeat Customer,544,188,2-3 orders (Occasional),Lapsed (180d+),2009-12-01,54.0,147.1
13191,2010-02-19 17:02:00,2010-02-19 17:02:00,1,159.21,159.21,United Kingdom,One-Time Customer,658,0,1 order (One-Time),Lapsed (180d+),2010-02-01,,159.21
13192,2010-01-22 08:37:00,2011-09-05 14:13:00,6,2558.58,426.43,United Kingdom,Repeat Customer,95,591,4-9 orders (Regular),At Risk (91-180d),2010-01-01,95.0,724.92
13193,2011-10-09 14:30:00,2011-10-09 14:30:00,1,112.08,112.08,United Kingdom,One-Time Customer,61,0,1 order (One-Time),Active (0-90d),2011-10-01,,112.08
13194,2010-10-14 11:54:00,2011-07-27 09:01:00,2,472.78,236.39,United Kingdom,Repeat Customer,135,285,2-3 orders (Occasional),At Risk (91-180d),2010-10-01,285.0,412.08
13195,2010-10-21 13:07:00,2010-10-21 13:07:00,1,136.73,136.73,United Kingdom,One-Time Customer,414,0,1 order (One-Time),Lapsed (180d+),2010-10-01,,136.73
13196,2010-04-01 12:54:00,2011-11-28 13:54:00,7,3068.84,438.41,United Kingdom,Repeat Customer,11,606,4-9 orders (Regular),Active (0-90d),2010-04-01,130.0,199.97
13197,2010-04-09 09:14:00,2010-04-09 09:14:00,1,373.01,373.01,United Kingdom,One-Time Customer,609,0,1 order (One-Time),Lapsed (180d+),2010-04-01,,373.01
13198,2010-10-01 13:27:00,2011-11-29 15:17:00,8,4974.23,621.78,United Kingdom,Repeat Customer,10,424,4-9 orders (Regular),Active (0-90d),2010-10-01,47.0,821.84
13199,2009-12-05 10:11:00,2011-12-06 12:30:00,66,15949.21,241.65,United Kingdom,Repeat Customer,3,731,10+ orders (Champions),Active (0-90d),2009-12-01,34.0,138.24
13200,2011-08-05 14:50:00,2011-11-20 15:35:00,4,870.09,217.52,United Kingdom,Repeat Customer,19,107,4-9 orders (Regular),Active (0-90d),2011-08-01,51.0,319.32
13201,2010-03-07 11:01:00,2010-07-25 14:30:00,4,1233.06,308.26,United Kingdom,Repeat Customer,502,140,4-9 orders (Regular),Lapsed (180d+),2010-03-01,78.0,316.75
13202,2009-12-09 10:48:00,2010-11-10 16:24:00,7,1580.3,225.76,United Kingdom,Repeat Customer,394,336,4-9 orders (Regular),Lapsed (180d+),2009-12-01,82.0,320.2
13203,2009-12-17 14:15:00,2011-11-30 10:45:00,10,2648.25,264.82,United Kingdom,Repeat Customer,9,712,10+ orders (Champions),Active (0-90d),2009-12-01,91.0,339.9
13204,2009-12-08 14:56:00,2009-12-08 14:56:00,1,966.66,966.66,United Kingdom,One-Time Customer,731,0,1 order (One-Time),Lapsed (180d+),2009-12-01,,966.66
13205,2010-09-22 16:26:00,2010-09-22 16:26:00,1,2803.2,2803.2,United Kingdom,One-Time Customer,443,0,1 order (One-Time),Lapsed (180d+),2010-09-01,,2803.2
13206,2009-12-07 13:48:00,2010-11-04 16:50:00,13,8308.19,639.09,United Kingdom,Repeat Customer,400,332,10+ orders (Champions),Lapsed (180d+),2009-12-01,5.0,1028.07
13207,2010-04-06 16:37:00,2011-11-24 14:52:00,4,535.86,133.96,United Kingdom,Repeat Customer,15,596,4-9 orders (Regular),Active (0-90d),2010-04-01,160.0,214.2
13208,2009-12-03 13:25:00,2011-10-11 16:25:00,8,1951.82,243.98,United Kingdom,Repeat Customer,59,677,4-9 orders (Regular),Active (0-90d),2009-12-01,203.0,61.12
13209,2010-01-24 14:30:00,2011-11-09 13:54:00,13,8509.51,654.58,United Kingdom,Repeat Customer,30,653,10+ orders (Champions),Active (0-90d),2010-01-01,62.0,257.3
13210,2011-09-07 08:18:00,2011-09-07 08:18:00,1,353.48,353.48,United Kingdom,One-Time Customer,93,0,1 order (One-Time),At Risk (91-180d),2011-09-01,,353.48
13211,2009-12-06 15:24:00,2011-11-29 14:43:00,10,2618.77,261.88,United Kingdom,Repeat Customer,10,722,10+ orders (Champions),Active (0-90d),2009-12-01,97.0,235.84
13212,2011-10-09 14:48:00,2011-11-20 12:40:00,3,786.83,262.28,United Kingdom,Repeat Customer,19,41,2-3 orders (Occasional),Active (0-90d),2011-10-01,0.0,216.22
13213,2010-05-20 14:50:00,2011-10-14 11:42:00,11,3851.52,350.14,United Kingdom,Repeat Customer,56,511,10+ orders (Champions),Active (0-90d),2010-05-01,62.0,295.55
13214,2010-03-03 14:10:00,2010-10-18 10:00:00,7,3264.23,466.32,United Kingdom,Repeat Customer,417,228,4-9 orders (Regular),Lapsed (180d+),2010-03-01,17.0,1647.63
13215,2010-11-02 18:26:00,2010-11-02 18:26:00,1,81.6,81.6,United Kingdom,One-Time Customer,402,0,1 order (One-Time),Lapsed (180d+),2010-11-01,,81.6
13216,2011-03-17 12:18:00,2011-03-17 12:18:00,1,333.74,333.74,United Kingdom,One-Time Customer,267,0,1 order (One-Time),Lapsed (180d+),2011-03-01,,333.74
13217,2010-02-22 12:49:00,2011-08-09 15:32:00,4,666.48,166.62,United Kingdom,Repeat Customer,122,533,4-9 orders (Regular),At Risk (91-180d),2010-02-01,498.0,132.5
13218,2011-08-04 16:59:00,2011-08-04 16:59:00,1,62.64,62.64,United Kingdom,One-Time Customer,127,0,1 order (One-Time),At Risk (91-180d),2011-08-01,,62.64
13219,2010-03-31 14:18:00,2010-03-31 14:18:00,1,76.23,76.23,United Kingdom,One-Time Customer,618,0,1 order (One-Time),Lapsed (180d+),2010-03-01,,76.23
13220,2010-05-13 10:35:00,2011-09-22 13:38:00,5,1336.09,267.22,United Kingdom,Repeat Customer,78,497,4-9 orders (Regular),Active (0-90d),2010-05-01,339.0,516.8
13221,2010-12-15 13:24:00,2011-04-13 16:58:00,2,844.86,422.43,United Kingdom,Repeat Customer,240,119,2-3 orders (Occasional),Lapsed (180d+),2010-12-01,119.0,498.16
13222,2010-05-11 13:54:00,2010-05-11 13:54:00,1,88.5,88.5,United Kingdom,One-Time Customer,577,0,1 order (One-Time),Lapsed (180d+),2010-05-01,,88.5
13223,2010-02-12 13:27:00,2011-05-23 13:03:00,6,969.12,161.52,United Kingdom,Repeat Customer,200,464,4-9 orders (Regular),Lapsed (180d+),2010-02-01,92.0,216.6
13224,2011-07-11 14:10:00,2011-10-10 14:55:00,2,2152.95,1076.47,United Kingdom,Repeat Customer,60,91,2-3 orders (Occasional),Active (0-90d),2011-07-01,91.0,1212.26
13225,2009-12-17 09:09:00,2011-12-06 13:29:00,16,16260.07,1016.25,United Kingdom,Repeat Customer,3,719,10+ orders (Champions),Active (0-90d),2009-12-01,60.0,1425.3
13226,2010-11-11 13:46:00,2011-03-11 14:35:00,2,312.46,156.23,United Kingdom,Repeat Customer,273,120,2-3 orders (Occasional),Lapsed (180d+),2010-11-01,120.0,204.25
13227,2011-05-22 11:47:00,2011-05-22 11:47:00,1,257.7,257.7,United Kingdom,One-Time Customer,201,0,1 order (One-Time),Lapsed (180d+),2011-05-01,,257.7
13228,2011-09-19 14:28:00,2011-09-19 14:28:00,1,358.0,358.0,United Kingdom,One-Time Customer,81,0,1 order (One-Time),Active (0-90d),2011-09-01,,358.0
13229,2011-04-28 12:07:00,2011-04-28 12:07:00,1,160.95,160.95,United Kingdom,One-Time Customer,225,0,1 order (One-Time),Lapsed (180d+),2011-04-01,,160.95
13230,2010-03-18 20:02:00,2011-12-05 16:03:00,30,6109.51,203.65,United Kingdom,Repeat Customer,4,626,10+ orders (Champions),Active (0-90d),2010-03-01,42.0,261.25
13232,2011-04-10 13:48:00,2011-11-27 10:39:00,7,1327.75,189.68,United Kingdom,Repeat Customer,12,230,4-9 orders (Regular),Active (0-90d),2011-04-01,34.0,117.43
13233,2010-01-14 14:10:00,2011-09-26 13:25:00,4,1176.46,294.12,United Kingdom,Repeat Customer,74,619,4-9 orders (Regular),Active (0-90d),2010-01-01,273.0,290.63
13234,2009-12-07 12:32:00,2010-02-05 11:41:00,2,346.5,173.25,United Kingdom,Repeat Customer,672,59,2-3 orders (Occasional),Lapsed (180d+),2009-12-01,59.0,228.4
13235,2011-05-11 17:13:00,2011-05-11 17:13:00,1,1031.07,1031.07,United Kingdom,One-Time Customer,212,0,1 order (One-Time),Lapsed (180d+),2011-05-01,,1031.07
13236,2011-08-25 08:58:00,2011-11-15 12:50:00,2,744.85,372.42,United Kingdom,Repeat Customer,24,82,2-3 orders (Occasional),Active (0-90d),2011-08-01,82.0,439.23
13237,2010-11-17 10:07:00,2010-11-17 10:07:00,1,643.0,643.0,United Kingdom,One-Time Customer,387,0,1 order (One-Time),Lapsed (180d+),2010-11-01,,643.0
13238,2010-04-28 15:02:00,2011-11-22 15:37:00,6,1006.63,167.77,United Kingdom,Repeat Customer,17,573,4-9 orders (Regular),Active (0-90d),2010-04-01,159.0,117.0
13239,2010-07-25 13:34:00,2011-03-23 10:25:00,5,1594.69,318.94,United Kingdom,Repeat Customer,261,240,4-9 orders (Regular),Lapsed (180d+),2010-07-01,4.0,279.73
13240,2010-02-25 13:17:00,2011-09-04 14:08:00,8,1455.39,181.92,United Kingdom,Repeat Customer,96,556,4-9 orders (Regular),At Risk (91-180d),2010-02-01,0.0,143.56
13241,2010-10-24 11:17:00,2010-10-24 11:17:00,1,112.53,112.53,United Kingdom,One-Time Customer,411,0,1 order (One-Time),Lapsed (180d+),2010-10-01,,112.53
13242,2010-02-09 13:12:00,2011-08-19 12:53:00,7,699.4,99.91,United Kingdom,Repeat Customer,112,555,4-9 orders (Regular),At Risk (91-180d),2010-02-01,105.0,117.0
13243,2010-03-18 13:10:00,2011-05-20 13:14:00,5,1220.38,244.08,United Kingdom,Repeat Customer,203,428,4-9 orders (Regular),Lapsed (180d+),2010-03-01,181.0,251.62
13244,2011-09-08 11:46:00,2011-09-08 11:46:00,1,121.74,121.74,United Kingdom,One-Time Customer,92,0,1 order (One-Time),At Risk (91-180d),2011-09-01,,121.74
13245,2010-10-03 14:03:00,2011-10-20 11:40:00,2,989.22,494.61,United Kingdom,Repeat Customer,50,381,2-3 orders (Occasional),Active (0-90d),2010-10-01,381.0,558.72
13246,2010-07-02 13:36:00,2011-11-21 16:50:00,11,3351.75,304.7,United Kingdom,Repeat Customer,18,507,10+ orders (Champions),Active (0-90d),2010-07-01,70.0,157.17
13247,2011-09-18 11:31:00,2011-11-22 10:59:00,4,501.12,125.28,United Kingdom,Repeat Customer,17,64,4-9 orders (Regular),Active (0-90d),2011-09-01,31.0,305.07
13248,2011-06-03 13:05:00,2011-08-07 12:40:00,2,465.68,232.84,United Kingdom,Repeat Customer,124,64,2-3 orders (Occasional),At Risk (91-180d),2011-06-01,64.0,387.47
13249,2010-01-24 12:11:00,2011-09-08 13:26:00,9,1608.93,178.77,United Kingdom,Repeat Customer,92,592,4-9 orders (Regular),At Risk (91-180d),2010-01-01,38.0,76.4
13250,2010-07-25 14:01:00,2010-09-05 11:33:00,2,253.09,126.54,United Kingdom,Repeat Customer,460,41,2-3 orders (Occasional),Lapsed (180d+),2010-07-01,41.0,133.09
13251,2010-11-02 13:20:00,2010-11-02 13:20:00,1,252.68,252.68,United Kingdom,One-Time Customer,402,0,1 order (One-Time),Lapsed (180d+),2010-11-01,,252.68
13252,2010-03-24 10:30:00,2010-11-10 16:00:00,2,399.3,199.65,United Kingdom,Repeat Customer,394,231,2-3 orders (Occasional),Lapsed (180d+),2010-03-01,231.0,346.9
13253,2010-01-05 12:13:00,2011-07-06 10:09:00,4,2951.11,737.78,United Kingdom,Repeat Customer,156,546,4-9 orders (Regular),At Risk (91-180d),2010-01-01,273.0,974.39
13254,2010-11-28 15:42:00,2010-11-28 15:42:00,1,51.41,51.41,United Kingdom,One-Time Customer,376,0,1 order (One-Time),Lapsed (180d+),2010-11-01,,51.41
13255,2010-07-15 13:20:00,2011-11-30 13:14:00,3,678.76,226.25,United Kingdom,Repeat Customer,9,502,2-3 orders (Occasional),Active (0-90d),2010-07-01,138.0,279.25
13257,2010-09-29 14:58:00,2010-09-29 14:58:00,1,149.75,149.75,United Kingdom,One-Time Customer,436,0,1 order (One-Time),Lapsed (180d+),2010-09-01,,149.75
13258,2010-11-04 12:45:00,2011-11-28 09:31:00,5,1009.43,201.89,United Kingdom,Repeat Customer,11,388,4-9 orders (Regular),Active (0-90d),2010-11-01,20.0,136.2
13259,2010-01-10 10:26:00,2011-10-09 10:48:00,9,1398.79,155.42,United Kingdom,Repeat Customer,61,637,4-9 orders (Regular),Active (0-90d),2010-01-01,20.0,152.05
13260,2011-10-09 13:21:00,2011-10-09 13:21:00,1,557.62,557.62,United Kingdom,One-Time Customer,61,0,1 order (One-Time),Active (0-90d),2011-10-01,,557.62
13261,2011-02-27 10:41:00,2011-03-16 12:22:00,2,944.1,472.05,United Kingdom,Repeat Customer,268,17,2-3 orders (Occasional),Lapsed (180d+),2011-02-01,17.0,845.1
13262,2010-04-18 12:14:00,2011-03-21 15:06:00,3,573.45,191.15,United Kingdom,Repeat Customer,263,337,2-3 orders (Occasional),Lapsed (180d+),2010-04-01,211.0,232.41
13263,2010-10-22 17:07:00,2011-12-08 13:59:00,38,8650.98,227.66,United Kingdom,Repeat Customer,1,411,10+ orders (Champions),Active (0-90d),2010-10-01,6.0,390.85
13264,2010-09-23 12:42:00,2010-09-23 12:42:00,1,722.56,722.56,United Kingdom,One-Time Customer,442,0,1 order (One-Time),Lapsed (180d+),2010-09-01,,722.56
13265,2011-03-11 09:54:00,2011-10-17 15:02:00,5,2092.66,418.53,United Kingdom,Repeat Customer,53,220,4-9 orders (Regular),Active (0-90d),2011-03-01,28.0,307.44
13266,2009-12-17 10:52:00,2011-11-28 14:39:00,19,6135.04,322.9,United Kingdom,Repeat Customer,11,711,10+ orders (Champions),Active (0-90d),2009-12-01,77.0,295.55
13267,2009-12-07 16:56:00,2011-12-07 11:12:00,36,9429.81,261.94,United Kingdom,Repeat Customer,2,729,10+ orders (Champions),Active (0-90d),2009-12-01,7.0,306.55
13268,2011-03-17 13:20:00,2011-11-22 11:34:00,10,3152.71,315.27,United Kingdom,Repeat Customer,17,249,10+ orders (Champions),Active (0-90d),2011-03-01,13.0,648.53
13269,2009-12-02 11:47:00,2011-12-08 14:53:00,28,8537.32,304.9,United Kingdom,Repeat Customer,1,736,10+ orders (Champions),Active (0-90d),2009-12-01,0.0,162.04
13270,2010-12-08 14:53:00,2010-12-08 14:53:00,1,590.0,590.0,United Kingdom,One-Time Customer,366,0,1 order (One-Time),Lapsed (180d+),2010-12-01,,590.0
13271,2011-11-02 14:31:00,2011-11-02 14:31:00,1,211.49,211.49,United Kingdom,One-Time Customer,37,0,1 order (One-Time),Active (0-90d),2011-11-01,,211.49
13272,2011-09-11 12:06:00,2011-11-08 14:00:00,2,276.56,138.28,United Kingdom,Repeat Customer,31,58,2-3 orders (Occasional),Active (0-90d),2011-09-01,58.0,140.96
13273,2011-08-18 14:02:00,2011-08-18 14:02:00,1,138.98,138.98,United Kingdom,One-Time Customer,113,0,1 order (One-Time),At Risk (91-180d),2011-08-01,,138.98
13274,2010-10-26 13:48:00,2010-10-26 13:48:00,1,360.85,360.85,United Kingdom,One-Time Customer,409,0,1 order (One-Time),Lapsed (180d+),2010-10-01,,360.85
13275,2010-03-17 14:05:00,2010-11-21 12:09:00,2,238.86,119.43,United Kingdom,Repeat Customer,383,248,2-3 orders (Occasional),Lapsed (180d+),2010-03-01,248.0,177.36
13276,2010-03-07 14:05:00,2011-10-07 12:44:00,5,1891.91,378.38,United Kingdom,Repeat Customer,63,578,4-9 orders (Regular),Active (0-90d),2010-03-01,140.0,384.43
13277,2010-06-18 08:45:00,2011-11-24 09:21:00,7,523.3,74.76,United Kingdom,Repeat Customer,15,524,4-9 orders (Regular),Active (0-90d),2010-06-01,69.0,6.9
13278,2010-04-08 11:59:00,2011-10-30 11:49:00,4,1425.35,356.34,United Kingdom,Repeat Customer,40,569,4-9 orders (Regular),Active (0-90d),2010-04-01,130.0,287.19
13279,2011-09-22 17:24:00,2011-09-22 17:24:00,1,137.75,137.75,United Kingdom,One-Time Customer,78,0,1 order (One-Time),Active (0-90d),2011-09-01,,137.75
13280,2010-03-05 09:07:00,2011-08-09 13:14:00,7,2293.33,327.62,United Kingdom,Repeat Customer,122,522,4-9 orders (Regular),At Risk (91-180d),2010-03-01,216.0,478.5
13281,2010-09-26 16:03:00,2010-09-26 16:03:00,1,350.85,350.85,United Kingdom,One-Time Customer,439,0,1 order (One-Time),Lapsed (180d+),2010-09-01,,350.85
13282,2010-10-29 14:11:00,2011-11-21 15:33:00,4,1313.19,328.3,United Kingdom,Repeat Customer,18,388,4-9 orders (Regular),Active (0-90d),2010-10-01,185.0,181.05
13283,2010-03-09 14:36:00,2011-10-11 09:50:00,4,373.36,93.34,United Kingdom,Repeat Customer,59,580,4-9 orders (Regular),Active (0-90d),2010-03-01,72.0,127.8
13284,2011-01-13 09:23:00,2011-01-13 09:23:00,1,201.19,201.19,United Kingdom,One-Time Customer,330,0,1 order (One-Time),Lapsed (180d+),2011-01-01,,201.19
13285,2010-03-25 14:26:00,2011-11-16 13:19:00,6,3364.59,560.76,United Kingdom,Repeat Customer,23,600,4-9 orders (Regular),Active (0-90d),2010-03-01,23.0,340.3
13286,2010-04-18 15:35:00,2010-04-18 15:35:00,1,734.91,734.91,United Kingdom,One-Time Customer,600,0,1 order (One-Time),Lapsed (180d+),2010-04-01,,734.91
13287,2010-01-04 10:43:00,2010-04-15 15:26:00,3,781.59,260.53,United Kingdom,Repeat Customer,603,101,2-3 orders (Occasional),Lapsed (180d+),2010-01-01,50.0,264.38
13288,2010-02-11 14:59:00,2010-09-22 16:32:00,5,927.61,185.52,United Kingdom,Repeat Customer,443,223,4-9 orders (Regular),Lapsed (180d+),2010-02-01,13.0,365.76
13289,2009-12-16 11:53:00,2009-12-16 11:53:00,1,307.95,307.95,United Kingdom,One-Time Customer,723,0,1 order (One-Time),Lapsed (180d+),2009-12-01,,307.95
13291,2010-02-11 18:36:00,2011-07-07 10:36:00,11,3270.79,297.34,United Kingdom,Repeat Customer,155,510,10+ orders (Champions),At Risk (91-180d),2010-02-01,48.0,179.37
13292,2010-07-01 14:36:00,2011-11-01 10:04:00,5,994.51,198.9,United Kingdom,Repeat Customer,38,487,4-9 orders (Regular),Active (0-90d),2010-07-01,31.0,210.45
13293,2010-02-09 12:05:00,2010-11-12 13:28:00,6,1192.94,198.82,United Kingdom,Repeat Customer,392,276,4-9 orders (Regular),Lapsed (180d+),2010-02-01,42.0,236.6
13294,2010-03-03 12:54:00,2011-06-03 08:54:00,3,1689.53,563.18,United Kingdom,Repeat Customer,189,456,2-3 orders (Occasional),Lapsed (180d+),2010-03-01,396.0,815.79
13295,2010-05-12 09:13:00,2010-12-15 11:21:00,4,1101.97,275.49,United Kingdom,Repeat Customer,359,217,4-9 orders (Regular),Lapsed (180d+),2010-05-01,165.0,306.5
13296,2010-05-11 14:29:00,2011-07-25 13:46:00,6,792.51,132.08,United Kingdom,Repeat Customer,137,439,4-9 orders (Regular),At Risk (91-180d),2010-05-01,28.0,121.35
13297,2010-06-15 12:35:00,2011-12-02 09:32:00,7,4368.62,624.09,United Kingdom,Repeat Customer,7,534,4-9 orders (Regular),Active (0-90d),2010-06-01,119.0,656.57
13298,2011-12-08 13:11:00,2011-12-08 13:11:00,1,360.0,360.0,United Kingdom,One-Time Customer,1,0,1 order (One-Time),Active (0-90d),2011-12-01,,360.0
13299,2010-06-29 11:30:00,2011-03-16 12:55:00,3,1218.7,406.23,United Kingdom,Repeat Customer,268,260,2-3 orders (Occasional),Lapsed (180d+),2010-06-01,104.0,351.18
13300,2010-05-14 15:56:00,2011-06-23 13:09:00,3,1285.51,428.5,United Kingdom,Repeat Customer,169,404,2-3 orders (Occasional),At Risk (91-180d),2010-05-01,186.0,314.98
13301,2011-02-20 13:13:00,2011-08-28 11:25:00,4,600.19,150.05,United Kingdom,Repeat Customer,103,188,4-9 orders (Regular),At Risk (91-180d),2011-02-01,69.0,173.91
13302,2010-07-01 12:32:00,2011-07-07 17:56:00,2,159.2,79.6,United Kingdom,Repeat Customer,155,371,2-3 orders (Occasional),At Risk (91-180d),2010-07-01,371.0,95.45
13303,2010-11-04 14:55:00,2010-11-04 14:55:00,1,61.72,61.72,United Kingdom,One-Time Customer,400,0,1 order (One-Time),Lapsed (180d+),2010-11-01,,61.72
13304,2010-02-08 12:42:00,2010-12-23 14:35:00,4,1217.99,304.5,United Kingdom,Repeat Customer,351,318,4-9 orders (Regular),Lapsed (180d+),2010-02-01,123.0,307.85
13305,2010-03-10 14:49:00,2011-12-05 15:15:00,16,3616.41,226.03,United Kingdom,Repeat Customer,4,635,10+ orders (Champions),Active (0-90d),2010-03-01,139.0,413.68
13306,2010-10-05 14:55:00,2010-10-05 14:55:00,1,53.65,53.65,United Kingdom,One-Time Customer,430,0,1 order (One-Time),Lapsed (180d+),2010-10-01,,53.65
13307,2010-04-26 13:28:00,2011-08-11 17:14:00,3,273.34,91.11,United Kingdom,Repeat Customer,120,472,2-3 orders (Occasional),At Risk (91-180d),2010-04-01,104.0,227.74
13308,2010-04-22 09:22:00,2011-11-17 09:31:00,4,1670.37,417.59,United Kingdom,Repeat Customer,22,574,4-9 orders (Regular),Active (0-90d),2010-04-01,393.0,284.86
13309,2010-11-12 12:10:00,2011-12-02 16:34:00,6,1706.37,284.4,United Kingdom,Repeat Customer,7,385,4-9 orders (Regular),Active (0-90d),2010-11-01,84.0,249.58
13310,2010-11-02 17:03:00,2011-11-11 17:23:00,5,1541.2,308.24,United Kingdom,Repeat Customer,28,374,4-9 orders (Regular),Active (0-90d),2010-11-01,21.0,249.45
13311,2011-07-12 14:26:00,2011-12-05 12:55:00,2,598.57,299.29,United Kingdom,Repeat Customer,4,145,2-3 orders (Occasional),Active (0-90d),2011-07-01,145.0,490.11
13312,2010-09-14 14:36:00,2010-09-14 14:36:00,1,124.75,124.75,United Kingdom,One-Time Customer,451,0,1 order (One-Time),Lapsed (180d+),2010-09-01,,124.75
13313,2009-12-02 16:18:00,2011-11-17 16:48:00,12,3445.32,287.11,United Kingdom,Repeat Customer,22,715,10+ orders (Champions),Active (0-90d),2009-12-01,0.0,380.28
13314,2011-09-27 10:20:00,2011-12-08 12:29:00,3,775.94,258.65,United Kingdom,Repeat Customer,1,72,2-3 orders (Occasional),Active (0-90d),2011-09-01,10.0,499.62
13315,2010-01-19 15:34:00,2010-01-19 15:34:00,1,310.26,310.26,United Kingdom,One-Time Customer,689,0,1 order (One-Time),Lapsed (180d+),2010-01-01,,310.26
13316,2010-03-10 10:01:00,2011-11-02 13:40:00,10,12940.82,1294.08,United Kingdom,Repeat Customer,37,602,10+ orders (Champions),Active (0-90d),2010-03-01,156.0,2017.36
13317,2009-12-13 11:11:00,2011-10-04 13:35:00,19,6486.09,341.37,United Kingdom,Repeat Customer,66,660,10+ orders (Champions),Active (0-90d),2009-12-01,66.0,416.82
13318,2011-11-02 13:26:00,2011-12-08 18:51:00,3,640.76,213.59,United Kingdom,Repeat Customer,1,36,2-3 orders (Occasional),Active (0-90d),2011-11-01,31.0,302.96
13319,2009-12-06 14:46:00,2011-12-04 13:34:00,58,21323.22,367.64,United Kingdom,Repeat Customer,5,727,10+ orders (Champions),Active (0-90d),2009-12-01,8.0,626.6
13320,2010-08-18 10:29:00,2011-09-22 18:07:00,6,2211.6,368.6,United Kingdom,Repeat Customer,78,400,4-9 orders (Regular),Active (0-90d),2010-08-01,44.0,306.6
13321,2011-09-14 15:18:00,2011-09-28 15:24:00,2,567.36,283.68,United Kingdom,Repeat Customer,72,14,2-3 orders (Occasional),Active (0-90d),2011-09-01,14.0,259.04
13322,2011-11-22 14:21:00,2011-11-22 14:21:00,1,199.48,199.48,United Kingdom,One-Time Customer,17,0,1 order (One-Time),Active (0-90d),2011-11-01,,199.48
13323,2011-09-16 13:23:00,2011-12-06 17:12:00,5,787.85,157.57,United Kingdom,Repeat Customer,3,81,4-9 orders (Regular),Active (0-90d),2011-09-01,52.0,120.3
13324,2010-05-25 10:23:00,2011-11-03 16:28:00,18,10513.47,584.08,United Kingdom,Repeat Customer,36,527,10+ orders (Champions),Active (0-90d),2010-05-01,29.0,350.16
13325,2011-09-19 10:36:00,2011-09-19 10:36:00,1,675.3,675.3,United Kingdom,One-Time Customer,81,0,1 order (One-Time),Active (0-90d),2011-09-01,,675.3
13326,2010-10-03 16:00:00,2010-10-03 16:00:00,1,281.76,281.76,United Kingdom,One-Time Customer,432,0,1 order (One-Time),Lapsed (180d+),2010-10-01,,281.76
13327,2009-12-18 15:35:00,2011-11-01 10:21:00,19,9052.87,476.47,United Kingdom,Repeat Customer,38,682,10+ orders (Champions),Active (0-90d),2009-12-01,36.0,914.16
13328,2011-01-27 15:22:00,2011-01-27 15:22:00,1,1308.48,1308.48,United Kingdom,One-Time Customer,316,0,1 order (One-Time),Lapsed (180d+),2011-01-01,,1308.48
13329,2009-12-04 15:41:00,2011-11-08 10:29:00,8,4808.77,601.1,United Kingdom,Repeat Customer,31,703,4-9 orders (Regular),Active (0-90d),2009-12-01,237.0,334.65
13330,2010-02-23 10:12:00,2011-09-08 12:27:00,6,2796.1,466.02,United Kingdom,Repeat Customer,92,562,4-9 orders (Regular),At Risk (91-180d),2010-02-01,89.0,628.49
13331,2010-11-03 08:04:00,2010-11-03 08:04:00,1,262.4,262.4,United Kingdom,One-Time Customer,401,0,1 order (One-Time),Lapsed (180d+),2010-11-01,,262.4
13332,2011-11-25 13:30:00,2011-11-25 13:30:00,1,350.9,350.9,United Kingdom,One-Time Customer,14,0,1 order (One-Time),Active (0-90d),2011-11-01,,350.9
13333,2010-02-19 09:26:00,2010-10-24 13:24:00,3,1015.74,338.58,United Kingdom,Repeat Customer,411,247,2-3 orders (Occasional),Lapsed (180d+),2010-02-01,200.0,162.18
13334,2010-02-25 12:21:00,2011-09-18 15:21:00,5,6201.8,1240.36,United Kingdom,Repeat Customer,82,570,4-9 orders (Regular),Active (0-90d),2010-02-01,116.0,1176.32
13336,2011-09-23 14:05:00,2011-09-23 14:05:00,1,795.12,795.12,United Kingdom,One-Time Customer,77,0,1 order (One-Time),Active (0-90d),2011-09-01,,795.12
13337,2010-06-11 13:27:00,2010-06-11 13:27:00,1,1575.26,1575.26,United Kingdom,One-Time Customer,546,0,1 order (One-Time),Lapsed (180d+),2010-06-01,,1575.26
13338,2010-01-05 12:25:00,2011-07-05 09:06:00,4,2445.62,611.4,United Kingdom,Repeat Customer,157,545,4-9 orders (Regular),At Risk (91-180d),2010-01-01,142.0,757.1
13339,2011-05-23 08:31:00,2011-05-23 08:31:00,1,860.12,860.12,United Kingdom,One-Time Customer,200,0,1 order (One-Time),Lapsed (180d+),2011-05-01,,860.12
13340,2010-02-22 14:54:00,2011-10-25 13:15:00,12,22100.56,1841.71,United Kingdom,Repeat Customer,45,609,10+ orders (Champions),Active (0-90d),2010-02-01,0.0,3360.0
13341,2011-03-24 09:50:00,2011-03-24 09:50:00,1,775.85,775.85,United Kingdom,One-Time Customer,260,0,1 order (One-Time),Lapsed (180d+),2011-03-01,,775.85
13343,2011-06-15 12:24:00,2011-06-15 12:24:00,1,353.43,353.43,United Kingdom,One-Time Customer,177,0,1 order (One-Time),At Risk (91-180d),2011-06-01,,353.43
13344,2011-03-07 10:28:00,2011-10-03 09:45:00,3,2511.69,837.23,United Kingdom,Repeat Customer,67,209,2-3 orders (Occasional),Active (0-90d),2011-03-01,209.0,1656.15
13345,2011-02-25 09:01:00,2011-02-25 09:01:00,1,389.5,389.5,United Kingdom,One-Time Customer,287,0,1 order (One-Time),Lapsed (180d+),2011-02-01,,389.5
13346,2010-04-22 12:34:00,2010-09-03 11:41:00,6,299.4,49.9,United Kingdom,Repeat Customer,462,133,4-9 orders (Regular),Lapsed (180d+),2010-04-01,25.0,45.9
13347,2011-09-30 13:28:00,2011-09-30 13:28:00,1,341.36,341.36,United Kingdom,One-Time Customer,70,0,1 order (One-Time),Active (0-90d),2011-09-01,,341.36
13348,2011-10-06 17:28:00,2011-10-06 17:28:00,1,233.76,233.76,United Kingdom,One-Time Customer,64,0,1 order (One-Time),Active (0-90d),2011-10-01,,233.76
13349,2011-11-29 08:07:00,2011-11-29 08:07:00,1,247.32,247.32,United Kingdom,One-Time Customer,10,0,1 order (One-Time),Active (0-90d),2011-11-01,,247.32
13350,2011-09-21 13:33:00,2011-11-23 16:33:00,2,979.12,489.56,United Kingdom,Repeat Customer,16,63,2-3 orders (Occasional),Active (0-90d),2011-09-01,63.0,646.57
13351,2011-10-04 12:55:00,2011-10-04 12:55:00,1,373.94,373.94,United Kingdom,One-Time Customer,66,0,1 order (One-Time),Active (0-90d),2011-10-01,,373.94
13352,2011-10-10 13:55:00,2011-10-10 13:55:00,1,397.98,397.98,United Kingdom,One-Time Customer,60,0,1 order (One-Time),Active (0-90d),2011-10-01,,397.98
13354,2011-09-29 13:17:00,2011-09-29 13:17:00,1,743.53,743.53,United Kingdom,One-Time Customer,71,0,1 order (One-Time),Active (0-90d),2011-09-01,,743.53
13355,2011-08-09 14:48:00,2011-08-09 14:48:00,1,674.7,674.7,United Kingdom,One-Time Customer,122,0,1 order (One-Time),At Risk (91-180d),2011-08-01,,674.7
13356,2011-09-20 14:33:00,2011-09-20 14:33:00,1,768.24,768.24,United Kingdom,One-Time Customer,80,0,1 order (One-Time),Active (0-90d),2011-09-01,,768.24
13357,2010-03-22 14:30:00,2011-03-27 13:56:00,5,3795.01,759.0,United Kingdom,Repeat Customer,257,369,4-9 orders (Regular),Lapsed (180d+),2010-03-01,0.0,1480.97
13358,2011-03-16 11:52:00,2011-03-16 11:52:00,1,439.03,439.03,United Kingdom,One-Time Customer,268,0,1 order (One-Time),Lapsed (180d+),2011-03-01,,439.03
13359,2010-11-01 15:05:00,2011-10-07 09:30:00,2,1043.31,521.66,United Kingdom,Repeat Customer,63,339,2-3 orders (Occasional),Active (0-90d),2010-11-01,339.0,603.75
13360,2010-01-08 11:16:00,2010-10-04 12:37:00,4,1553.65,388.41,United Kingdom,Repeat Customer,431,269,4-9 orders (Regular),Lapsed (180d+),2010-01-01,6.0,702.55
13361,2010-04-01 07:49:00,2010-08-24 14:56:00,2,1450.5,725.25,United Kingdom,Repeat Customer,472,145,2-3 orders (Occasional),Lapsed (180d+),2010-04-01,145.0,817.25
13362,2010-10-10 15:27:00,2011-11-30 14:41:00,7,5394.07,770.58,United Kingdom,Repeat Customer,9,415,4-9 orders (Regular),Active (0-90d),2010-10-01,17.0,808.46
13363,2010-10-26 11:07:00,2011-11-22 12:40:00,3,1723.86,574.62,United Kingdom,Repeat Customer,17,392,2-3 orders (Occasional),Active (0-90d),2010-10-01,365.0,731.36
13364,2011-09-29 18:13:00,2011-09-29 18:13:00,1,134.96,134.96,United Kingdom,One-Time Customer,71,0,1 order (One-Time),Active (0-90d),2011-09-01,,134.96
13365,2011-05-06 12:00:00,2011-11-06 12:36:00,2,2225.37,1112.68,United Kingdom,Repeat Customer,33,184,2-3 orders (Occasional),Active (0-90d),2011-05-01,184.0,700.6
13366,2011-10-20 13:37:00,2011-10-20 13:37:00,1,56.16,56.16,United Kingdom,One-Time Customer,50,0,1 order (One-Time),Active (0-90d),2011-10-01,,56.16
13367,2010-10-04 10:00:00,2010-10-04 10:00:00,1,510.2,510.2,United Kingdom,One-Time Customer,431,0,1 order (One-Time),Lapsed (180d+),2010-10-01,,510.2
13368,2010-10-12 10:43:00,2011-03-28 09:59:00,4,1121.5,280.38,United Kingdom,Repeat Customer,256,166,4-9 orders (Regular),Lapsed (180d+),2010-10-01,8.0,462.7
13369,2010-12-09 11:30:00,2010-12-09 11:30:00,1,308.28,308.28,United Kingdom,One-Time Customer,365,0,1 order (One-Time),Lapsed (180d+),2010-12-01,,308.28
13370,2010-12-03 10:26:00,2010-12-03 10:26:00,1,754.87,754.87,United Kingdom,One-Time Customer,371,0,1 order (One-Time),Lapsed (180d+),2010-12-01,,754.87
13371,2010-03-17 15:29:00,2010-07-22 17:33:00,2,2297.66,1148.83,United Kingdom,Repeat Customer,505,127,2-3 orders (Occasional),Lapsed (180d+),2010-03-01,127.0,1189.01
13372,2011-09-11 12:46:00,2011-09-11 12:46:00,1,378.64,378.64,United Kingdom,One-Time Customer,89,0,1 order (One-Time),Active (0-90d),2011-09-01,,378.64
13373,2009-12-06 12:34:00,2011-10-10 10:51:00,6,7587.19,1264.53,United Kingdom,Repeat Customer,60,672,4-9 orders (Regular),Active (0-90d),2009-12-01,112.0,748.42
13374,2010-09-16 10:29:00,2010-10-21 10:04:00,2,422.8,211.4,United Kingdom,Repeat Customer,414,34,2-3 orders (Occasional),Lapsed (180d+),2010-09-01,34.0,299.6
13375,2010-09-21 08:12:00,2011-09-12 10:19:00,2,1792.23,896.12,United Kingdom,Repeat Customer,88,356,2-3 orders (Occasional),Active (0-90d),2010-09-01,356.0,1013.58
13376,2011-04-19 13:03:00,2011-09-01 16:16:00,3,1019.76,339.92,United Kingdom,Repeat Customer,99,135,2-3 orders (Occasional),At Risk (91-180d),2011-04-01,30.0,376.0
13377,2010-03-04 10:06:00,2010-11-08 12:20:00,2,1552.88,776.44,United Kingdom,Repeat Customer,396,249,2-3 orders (Occasional),Lapsed (180d+),2010-03-01,249.0,815.32
13379,2011-07-26 12:26:00,2011-11-13 13:45:00,3,572.56,190.85,United Kingdom,Repeat Customer,26,110,2-3 orders (Occasional),Active (0-90d),2011-07-01,68.0,136.29
13380,2010-10-03 10:18:00,2010-10-03 10:18:00,1,62.4,62.4,United Kingdom,One-Time Customer,432,0,1 order (One-Time),Lapsed (180d+),2010-10-01,,62.4
13381,2009-12-01 15:19:00,2011-11-08 11:58:00,12,8224.37,685.36,United Kingdom,Repeat Customer,31,706,10+ orders (Champions),Active (0-90d),2009-12-01,76.0,17.4
13382,2009-12-08 09:56:00,2011-03-04 10:03:00,5,1387.58,277.52,United Kingdom,Repeat Customer,280,451,4-9 orders (Regular),Lapsed (180d+),2009-12-01,96.0,255.04
13383,2010-06-14 11:45:00,2010-06-14 11:45:00,1,305.28,305.28,United Kingdom,One-Time Customer,543,0,1 order (One-Time),Lapsed (180d+),2010-06-01,,305.28
13384,2010-07-27 12:22:00,2011-11-09 11:04:00,11,6680.83,607.35,United Kingdom,Repeat Customer,30,469,10+ orders (Champions),Active (0-90d),2010-07-01,43.0,977.21
13385,2011-01-14 09:52:00,2011-01-14 09:52:00,1,534.57,534.57,United Kingdom,One-Time Customer,329,0,1 order (One-Time),Lapsed (180d+),2011-01-01,,534.57
13386,2010-09-28 13:09:00,2010-10-21 12:52:00,2,835.46,417.73,United Kingdom,Repeat Customer,414,22,2-3 orders (Occasional),Lapsed (180d+),2010-09-01,22.0,313.7
13387,2010-10-18 14:07:00,2010-10-18 14:07:00,1,181.84,181.84,United Kingdom,One-Time Customer,417,0,1 order (One-Time),Lapsed (180d+),2010-10-01,,181.84
13388,2010-04-15 10:18:00,2011-07-31 12:52:00,3,1185.65,395.22,United Kingdom,Repeat Customer,131,472,2-3 orders (Occasional),At Risk (91-180d),2010-04-01,472.0,508.55
13389,2011-04-21 12:12:00,2011-11-28 14:01:00,3,797.96,265.99,United Kingdom,Repeat Customer,11,221,2-3 orders (Occasional),Active (0-90d),2011-04-01,157.0,257.89
13390,2011-09-26 08:38:00,2011-09-26 08:38:00,1,544.08,544.08,United Kingdom,One-Time Customer,74,0,1 order (One-Time),Active (0-90d),2011-09-01,,544.08
13391,2011-05-20 10:50:00,2011-05-20 10:50:00,1,59.8,59.8,United Kingdom,One-Time Customer,203,0,1 order (One-Time),Lapsed (180d+),2011-05-01,,59.8
13392,2010-01-31 13:34:00,2010-01-31 13:34:00,1,91.14,91.14,United Kingdom,One-Time Customer,677,0,1 order (One-Time),Lapsed (180d+),2010-01-01,,91.14
13393,2009-12-07 18:12:00,2010-05-05 09:34:00,4,1131.45,282.86,United Kingdom,Repeat Customer,583,148,4-9 orders (Regular),Lapsed (180d+),2009-12-01,7.0,8.92
13394,2009-12-01 11:58:00,2011-12-08 11:36:00,19,6621.7,348.51,United Kingdom,Repeat Customer,1,736,10+ orders (Champions),Active (0-90d),2009-12-01,37.0,304.53
13395,2010-10-14 13:00:00,2011-06-07 15:04:00,3,1180.23,393.41,United Kingdom,Repeat Customer,185,236,2-3 orders (Occasional),Lapsed (180d+),2010-10-01,21.0,512.88
13396,2011-01-24 13:37:00,2011-11-10 16:59:00,2,1360.99,680.5,United Kingdom,Repeat Customer,29,290,2-3 orders (Occasional),Active (0-90d),2011-01-01,290.0,387.27
13397,2010-01-20 09:50:00,2011-09-28 10:56:00,10,3191.87,319.19,United Kingdom,Repeat Customer,72,616,10+ orders (Champions),Active (0-90d),2010-01-01,27.0,323.0
13398,2010-09-17 09:34:00,2011-05-31 13:17:00,2,670.34,335.17,United Kingdom,Repeat Customer,192,256,2-3 orders (Occasional),Lapsed (180d+),2010-09-01,256.0,213.0
13399,2010-07-08 17:47:00,2010-09-01 13:59:00,3,275.4,91.8,United Kingdom,Repeat Customer,464,54,2-3 orders (Occasional),Lapsed (180d+),2010-07-01,13.0,99.9
13400,2010-05-06 09:00:00,2010-05-06 09:00:00,1,310.83,310.83,United Kingdom,One-Time Customer,582,0,1 order (One-Time),Lapsed (180d+),2010-05-01,,310.83
13402,2010-05-24 10:56:00,2011-08-04 15:51:00,4,1226.85,306.71,United Kingdom,Repeat Customer,127,437,4-9 orders (Regular),At Risk (91-180d),2010-05-01,58.0,290.6
13403,2009-12-16 13:23:00,2011-11-22 08:28:00,3,229.5,76.5,United Kingdom,Repeat Customer,17,705,2-3 orders (Occasional),Active (0-90d),2009-12-01,335.0,78.6
13404,2011-05-11 11:57:00,2011-12-08 15:37:00,2,252.49,126.24,United Kingdom,Repeat Customer,1,211,2-3 orders (Occasional),Active (0-90d),2011-05-01,211.0,217.81
13405,2009-12-15 14:13:00,2011-05-19 16:31:00,5,1198.81,239.76,United Kingdom,Repeat Customer,204,520,4-9 orders (Regular),Lapsed (180d+),2009-12-01,155.0,146.46
13406,2010-03-18 07:29:00,2010-10-08 14:44:00,2,568.92,284.46,United Kingdom,Repeat Customer,427,204,2-3 orders (Occasional),Lapsed (180d+),2010-03-01,204.0,140.16
13407,2010-02-16 11:13:00,2010-05-10 12:41:00,3,2244.7,748.23,United Kingdom,Repeat Customer,578,83,2-3 orders (Occasional),Lapsed (180d+),2010-02-01,62.0,1384.02
13408,2009-12-04 09:31:00,2011-12-08 09:05:00,106,50174.78,473.35,United Kingdom,Repeat Customer,1,733,10+ orders (Champions),Active (0-90d),2009-12-01,4.0,510.64
13410,2009-12-08 13:43:00,2011-11-15 15:33:00,9,2201.96,244.66,United Kingdom,Repeat Customer,24,707,4-9 orders (Regular),Active (0-90d),2009-12-01,32.0,81.12
13411,2011-08-24 13:57:00,2011-08-24 13:57:00,1,213.55,213.55,United Kingdom,One-Time Customer,107,0,1 order (One-Time),At Risk (91-180d),2011-08-01,,213.55
13412,2010-03-29 16:28:00,2010-03-29 16:28:00,1,487.35,487.35,United Kingdom,One-Time Customer,620,0,1 order (One-Time),Lapsed (180d+),2010-03-01,,487.35
13413,2010-01-21 17:43:00,2010-03-10 12:17:00,6,429.44,71.57,United Kingdom,Repeat Customer,639,47,4-9 orders (Regular),Lapsed (180d+),2010-01-01,37.0,17.49
13414,2010-04-15 17:00:00,2011-07-29 11:45:00,6,2494.14,415.69,United Kingdom,Repeat Customer,133,469,4-9 orders (Regular),At Risk (91-180d),2010-04-01,72.0,219.86
13415,2009-12-11 14:20:00,2010-08-24 11:38:00,4,784.17,196.04,United Kingdom,Repeat Customer,472,255,4-9 orders (Regular),Lapsed (180d+),2009-12-01,98.0,466.92
13416,2009-12-03 13:02:00,2011-10-27 08:56:00,3,940.8,313.6,United Kingdom,Repeat Customer,43,692,2-3 orders (Occasional),Active (0-90d),2009-12-01,655.0,228.3
13417,2010-02-08 12:39:00,2011-12-05 08:49:00,6,1669.49,278.25,United Kingdom,Repeat Customer,4,664,4-9 orders (Regular),Active (0-90d),2010-02-01,51.0,604.1
13418,2009-12-11 12:51:00,2011-11-28 10:23:00,31,11559.66,372.89,United Kingdom,Repeat Customer,11,716,10+ orders (Champions),Active (0-90d),2009-12-01,90.0,811.76
13419,2011-10-07 12:49:00,2011-10-07 12:49:00,1,221.06,221.06,United Kingdom,One-Time Customer,63,0,1 order (One-Time),Active (0-90d),2011-10-01,,221.06
13420,2011-06-22 11:35:00,2011-07-13 08:48:00,2,159.85,79.92,United Kingdom,Repeat Customer,149,20,2-3 orders (Occasional),At Risk (91-180d),2011-06-01,20.0,55.8
13421,2010-02-14 14:45:00,2011-10-30 14:21:00,8,4048.25,506.03,United Kingdom,Repeat Customer,40,622,4-9 orders (Regular),Active (0-90d),2010-02-01,0.0,174.8
13422,2011-10-06 13:42:00,2011-10-06 13:42:00,1,2626.3,2626.3,United Kingdom,One-Time Customer,64,0,1 order (One-Time),Active (0-90d),2011-10-01,,2626.3
13423,2010-10-07 09:02:00,2010-10-07 09:02:00,1,217.03,217.03,United Kingdom,One-Time Customer,428,0,1 order (One-Time),Lapsed (180d+),2010-10-01,,217.03
13424,2010-09-16 10:49:00,2010-09-16 10:49:00,1,572.77,572.77,United Kingdom,One-Time Customer,449,0,1 order (One-Time),Lapsed (180d+),2010-09-01,,572.77
13425,2010-05-09 14:35:00,2011-08-23 17:13:00,5,3390.43,678.09,United Kingdom,Repeat Customer,108,471,4-9 orders (Regular),At Risk (91-180d),2010-05-01,70.0,823.36
13426,2009-12-09 15:16:00,2011-12-09 08:59:00,22,8167.38,371.24,United Kingdom,Repeat Customer,0,729,10+ orders (Champions),Active (0-90d),2009-12-01,7.0,601.6
13427,2009-12-17 13:44:00,2011-11-20 13:02:00,6,1006.53,167.76,United Kingdom,Repeat Customer,19,702,4-9 orders (Regular),Active (0-90d),2009-12-01,182.0,96.0
13428,2010-07-13 13:20:00,2011-11-29 14:20:00,3,478.54,159.51,United Kingdom,Repeat Customer,10,504,2-3 orders (Occasional),Active (0-90d),2010-07-01,0.0,261.76
13429,2011-09-25 15:59:00,2011-11-29 09:10:00,4,1006.8,251.7,United Kingdom,Repeat Customer,10,64,4-9 orders (Regular),Active (0-90d),2011-09-01,14.0,330.6
13430,2011-09-14 14:26:00,2011-11-21 08:19:00,2,679.45,339.72,United Kingdom,Repeat Customer,18,67,2-3 orders (Occasional),Active (0-90d),2011-09-01,67.0,336.31
13431,2010-02-18 11:53:00,2011-10-03 13:49:00,8,3316.24,414.53,United Kingdom,Repeat Customer,67,592,4-9 orders (Regular),Active (0-90d),2010-02-01,62.0,293.45
13432,2010-04-06 14:42:00,2010-05-17 13:18:00,2,436.55,218.28,United Kingdom,Repeat Customer,571,40,2-3 orders (Occasional),Lapsed (180d+),2010-04-01,40.0,127.75
13433,2010-01-12 08:59:00,2010-07-26 16:55:00,4,658.32,164.58,United Kingdom,Repeat Customer,501,195,4-9 orders (Regular),Lapsed (180d+),2010-01-01,93.0,95.2
13434,2010-02-22 09:54:00,2011-09-26 14:30:00,5,1666.86,333.37,United Kingdom,Repeat Customer,74,581,4-9 orders (Regular),Active (0-90d),2010-02-01,195.0,339.18
13435,2010-07-27 16:56:00,2011-12-04 14:45:00,9,4447.33,494.15,United Kingdom,Repeat Customer,5,494,4-9 orders (Regular),Active (0-90d),2010-07-01,123.0,323.85
13436,2011-12-08 10:33:00,2011-12-08 10:33:00,1,196.89,196.89,United Kingdom,One-Time Customer,1,0,1 order (One-Time),Active (0-90d),2011-12-01,,196.89
13437,2011-06-02 14:30:00,2011-11-25 14:00:00,7,3408.06,486.87,United Kingdom,Repeat Customer,14,175,4-9 orders (Regular),Active (0-90d),2011-06-01,20.0,1440.9
13438,2010-06-10 18:46:00,2010-06-10 18:46:00,1,46.5,46.5,United Kingdom,One-Time Customer,547,0,1 order (One-Time),Lapsed (180d+),2010-06-01,,46.5
13439,2010-07-01 14:36:00,2011-03-29 14:20:00,3,986.61,328.87,United Kingdom,Repeat Customer,255,270,2-3 orders (Occasional),Lapsed (180d+),2010-07-01,138.0,284.28
13440,2010-09-14 10:34:00,2010-10-12 13:11:00,7,1295.25,185.04,United Kingdom,Repeat Customer,423,28,4-9 orders (Regular),Lapsed (180d+),2010-09-01,7.0,1244.7
13441,2010-10-04 10:38:00,2011-09-09 09:38:00,2,720.9,360.45,United Kingdom,Repeat Customer,91,339,2-3 orders (Occasional),At Risk (91-180d),2010-10-01,339.0,424.26
13442,2009-12-01 14:59:00,2010-02-10 14:03:00,3,419.87,139.96,United Kingdom,Repeat Customer,667,70,2-3 orders (Occasional),Lapsed (180d+),2009-12-01,35.0,198.0
13443,2010-01-31 13:30:00,2010-09-17 12:31:00,6,1269.37,211.56,United Kingdom,Repeat Customer,448,228,4-9 orders (Regular),Lapsed (180d+),2010-01-01,67.0,229.77
13444,2010-07-21 14:34:00,2010-11-30 13:02:00,2,619.08,309.54,United Kingdom,Repeat Customer,374,131,2-3 orders (Occasional),Lapsed (180d+),2010-07-01,131.0,135.29
13445,2010-03-23 15:34:00,2010-03-23 15:34:00,1,241.9,241.9,United Kingdom,One-Time Customer,626,0,1 order (One-Time),Lapsed (180d+),2010-03-01,,241.9
13446,2010-02-14 11:52:00,2010-10-05 18:51:00,11,3881.89,352.9,United Kingdom,Repeat Customer,430,233,10+ orders (Champions),Lapsed (180d+),2010-02-01,19.0,541.19
13447,2011-11-04 10:10:00,2011-11-16 13:38:00,3,1129.14,376.38,United Kingdom,Repeat Customer,23,12,2-3 orders (Occasional),Active (0-90d),2011-11-01,2.0,223.71
13448,2009-12-06 12:14:00,2011-11-23 12:33:00,12,8386.22,698.85,United Kingdom,Repeat Customer,16,717,10+ orders (Champions),Active (0-90d),2009-12-01,10.0,918.35
13449,2011-11-16 08:28:00,2011-11-16 08:28:00,1,291.88,291.88,United Kingdom,One-Time Customer,23,0,1 order (One-Time),Active (0-90d),2011-11-01,,291.88
13450,2010-04-15 19:15:00,2011-11-13 11:54:00,13,4120.04,316.93,United Kingdom,Repeat Customer,26,576,10+ orders (Champions),Active (0-90d),2010-04-01,25.0,239.64
13451,2010-03-21 16:13:00,2011-11-13 15:58:00,11,7088.92,644.45,United Kingdom,Repeat Customer,26,601,10+ orders (Champions),Active (0-90d),2010-03-01,55.0,866.34
13452,2010-08-24 09:53:00,2011-03-25 14:19:00,3,729.8,243.27,United Kingdom,Repeat Customer,259,213,2-3 orders (Occasional),Lapsed (180d+),2010-08-01,202.0,139.8
13453,2010-11-02 13:23:00,2011-06-27 09:34:00,3,781.69,260.56,United Kingdom,Repeat Customer,165,236,2-3 orders (Occasional),At Risk (91-180d),2010-11-01,112.0,424.71
13454,2010-03-08 14:40:00,2010-03-08 14:40:00,1,219.87,219.87,United Kingdom,One-Time Customer,641,0,1 order (One-Time),Lapsed (180d+),2010-03-01,,219.87
13455,2009-12-09 08:58:00,2011-11-15 11:21:00,6,2212.99,368.83,United Kingdom,Repeat Customer,24,706,4-9 orders (Regular),Active (0-90d),2009-12-01,13.0,295.35
13456,2011-05-16 15:34:00,2011-11-22 09:18:00,6,1766.72,294.45,United Kingdom,Repeat Customer,17,189,4-9 orders (Regular),Active (0-90d),2011-05-01,31.0,207.66
13457,2009-12-02 12:46:00,2010-01-20 08:48:00,2,148.22,74.11,United Kingdom,Repeat Customer,688,48,2-3 orders (Occasional),Lapsed (180d+),2009-12-01,48.0,112.5
13458,2010-11-16 14:01:00,2011-12-02 15:29:00,16,11959.27,747.45,United Kingdom,Repeat Customer,7,381,10+ orders (Champions),Active (0-90d),2010-11-01,9.0,1322.33
13459,2010-01-26 13:35:00,2010-03-25 10:24:00,2,1160.41,580.2,United Kingdom,Repeat Customer,624,57,2-3 orders (Occasional),Lapsed (180d+),2010-01-01,57.0,630.79
13460,2011-10-21 09:50:00,2011-11-10 17:17:00,2,183.44,91.72,United Kingdom,Repeat Customer,29,20,2-3 orders (Occasional),Active (0-90d),2011-10-01,20.0,107.46
13461,2010-04-21 16:01:00,2011-11-01 09:01:00,6,4160.0,693.33,United Kingdom,Repeat Customer,38,558,4-9 orders (Regular),Active (0-90d),2010-04-01,83.0,336.6
13462,2009-12-14 09:48:00,2011-04-01 11:20:00,5,1153.85,230.77,United Kingdom,Repeat Customer,252,473,4-9 orders (Regular),Lapsed (180d+),2009-12-01,36.0,171.82
13464,2010-03-31 15:22:00,2011-10-12 15:01:00,6,3097.64,516.27,United Kingdom,Repeat Customer,58,559,4-9 orders (Regular),Active (0-90d),2010-03-01,145.0,299.34
13465,2010-05-02 15:30:00,2010-09-19 15:13:00,2,931.12,465.56,United Kingdom,Repeat Customer,446,139,2-3 orders (Occasional),Lapsed (180d+),2010-05-01,139.0,611.5
13466,2010-03-21 13:50:00,2011-06-08 16:39:00,5,1013.35,202.67,United Kingdom,Repeat Customer,184,444,4-9 orders (Regular),Lapsed (180d+),2010-03-01,127.0,262.31
13467,2011-11-03 16:56:00,2011-11-29 10:01:00,2,1071.91,535.95,United Kingdom,Repeat Customer,10,25,2-3 orders (Occasional),Active (0-90d),2011-11-01,25.0,770.66
13468,2009-12-03 13:32:00,2011-12-08 10:39:00,72,12793.28,177.68,United Kingdom,Repeat Customer,1,734,10+ orders (Champions),Active (0-90d),2009-12-01,11.0,314.22
13469,2010-02-24 15:03:00,2010-02-24 15:03:00,1,82.4,82.4,United Kingdom,One-Time Customer,653,0,1 order (One-Time),Lapsed (180d+),2010-02-01,,82.4
13470,2011-08-16 17:06:00,2011-09-01 14:57:00,2,165.0,82.5,United Kingdom,Repeat Customer,99,15,2-3 orders (Occasional),At Risk (91-180d),2011-08-01,15.0,115.5
13471,2011-10-23 13:10:00,2011-12-08 15:44:00,4,2501.84,625.46,United Kingdom,Repeat Customer,1,46,4-9 orders (Regular),Active (0-90d),2011-10-01,25.0,941.67
13472,2010-06-02 09:48:00,2010-09-02 09:41:00,2,592.24,296.12,United Kingdom,Repeat Customer,463,91,2-3 orders (Occasional),Lapsed (180d+),2010-06-01,91.0,262.18
13473,2009-12-15 19:02:00,2011-10-10 11:20:00,8,2657.76,332.22,United Kingdom,Repeat Customer,60,663,4-9 orders (Regular),Active (0-90d),2009-12-01,76.0,388.74
13474,2010-08-01 14:40:00,2011-04-17 13:53:00,3,646.59,215.53,United Kingdom,Repeat Customer,236,258,2-3 orders (Occasional),Lapsed (180d+),2010-08-01,51.0,350.6
13475,2011-02-14 12:36:00,2011-06-01 13:52:00,4,1431.78,357.94,United Kingdom,Repeat Customer,191,107,4-9 orders (Regular),Lapsed (180d+),2011-02-01,36.0,317.12
13476,2010-03-05 09:39:00,2011-06-14 12:00:00,5,2061.47,412.29,United Kingdom,Repeat Customer,178,466,4-9 orders (Regular),At Risk (91-180d),2010-03-01,158.0,240.8
13477,2010-01-25 11:52:00,2011-11-02 12:04:00,11,2819.17,256.29,United Kingdom,Repeat Customer,37,646,10+ orders (Champions),Active (0-90d),2010-01-01,94.0,422.7
13478,2010-01-31 15:51:00,2010-08-27 13:23:00,5,2215.78,443.16,United Kingdom,Repeat Customer,469,207,4-9 orders (Regular),Lapsed (180d+),2010-01-01,44.0,386.19
13479,2010-08-19 16:18:00,2011-05-23 10:45:00,4,851.37,212.84,United Kingdom,Repeat Customer,200,276,4-9 orders (Regular),Lapsed (180d+),2010-08-01,24.0,387.36
13480,2010-01-29 12:35:00,2010-10-19 11:53:00,2,627.82,313.91,United Kingdom,Repeat Customer,416,262,2-3 orders (Occasional),Lapsed (180d+),2010-01-01,262.0,493.94
13481,2009-12-04 12:37:00,2011-10-25 09:07:00,11,3830.84,348.26,United Kingdom,Repeat Customer,45,689,10+ orders (Champions),Active (0-90d),2009-12-01,100.0,311.2
13482,2010-03-22 10:31:00,2011-04-21 17:03:00,2,336.09,168.04,United Kingdom,Repeat Customer,232,395,2-3 orders (Occasional),Lapsed (180d+),2010-03-01,395.0,151.45
13483,2011-10-05 11:53:00,2011-10-05 11:53:00,1,140.34,140.34,United Kingdom,One-Time Customer,65,0,1 order (One-Time),Active (0-90d),2011-10-01,,140.34
13484,2010-03-10 11:46:00,2011-04-12 16:30:00,3,790.72,263.57,United Kingdom,Repeat Customer,241,398,2-3 orders (Occasional),Lapsed (180d+),2010-03-01,256.0,165.78
13485,2009-12-03 13:46:00,2011-04-20 13:58:00,11,3015.22,274.11,United Kingdom,Repeat Customer,233,503,10+ orders (Champions),Lapsed (180d+),2009-12-01,4.0,165.3
13486,2011-07-07 17:19:00,2011-09-22 13:13:00,3,1122.41,374.14,United Kingdom,Repeat Customer,78,76,2-3 orders (Occasional),Active (0-90d),2011-07-01,26.0,202.16
13487,2009-12-05 10:25:00,2011-10-13 12:07:00,5,846.87,169.37,United Kingdom,Repeat Customer,57,677,4-9 orders (Regular),Active (0-90d),2009-12-01,229.0,103.95
13488,2010-01-25 10:13:00,2011-11-22 14:41:00,23,14205.96,617.65,United Kingdom,Repeat Customer,17,666,10+ orders (Champions),Active (0-90d),2010-01-01,112.0,350.73
13489,2011-02-18 10:42:00,2011-08-26 13:16:00,4,449.52,112.38,United Kingdom,Repeat Customer,105,189,4-9 orders (Regular),At Risk (91-180d),2011-02-01,5.0,77.28
13490,2010-02-23 14:48:00,2010-02-23 14:48:00,1,154.25,154.25,United Kingdom,One-Time Customer,654,0,1 order (One-Time),Lapsed (180d+),2010-02-01,,154.25
13491,2009-12-07 08:24:00,2011-10-19 08:32:00,27,4467.66,165.47,United Kingdom,Repeat Customer,51,681,10+ orders (Champions),Active (0-90d),2009-12-01,1.0,221.9
13492,2011-05-09 10:06:00,2011-07-26 14:25:00,3,1269.84,423.28,Switzerland,Repeat Customer,136,78,2-3 orders (Occasional),At Risk (91-180d),2011-05-01,52.0,315.3
13493,2011-02-25 16:42:00,2011-03-09 15:35:00,2,498.63,249.32,Switzerland,Repeat Customer,275,11,2-3 orders (Occasional),Lapsed (180d+),2011-02-01,11.0,139.35
13494,2011-02-01 11:58:00,2011-02-01 11:58:00,1,316.26,316.26,United Kingdom,One-Time Customer,311,0,1 order (One-Time),Lapsed (180d+),2011-02-01,,316.26
13495,2009-12-07 12:12:00,2011-12-02 11:21:00,10,4863.31,486.33,United Kingdom,Repeat Customer,7,724,10+ orders (Champions),Active (0-90d),2009-12-01,7.0,452.16
13496,2010-12-15 10:17:00,2011-11-29 10:58:00,2,653.33,326.66,United Kingdom,Repeat Customer,10,349,2-3 orders (Occasional),Active (0-90d),2010-12-01,349.0,501.01
13497,2010-02-08 10:27:00,2011-03-02 09:04:00,6,1166.83,194.47,United Kingdom,Repeat Customer,282,386,4-9 orders (Regular),Lapsed (180d+),2010-02-01,28.0,216.95
13498,2009-12-09 15:26:00,2009-12-09 15:26:00,1,327.38,327.38,United Kingdom,One-Time Customer,730,0,1 order (One-Time),Lapsed (180d+),2009-12-01,,327.38
13499,2011-03-15 08:52:00,2011-11-22 11:21:00,5,1159.11,231.82,United Kingdom,Repeat Customer,17,252,4-9 orders (Regular),Active (0-90d),2011-03-01,44.0,158.23
13500,2010-11-03 13:16:00,2011-11-16 15:35:00,4,1466.3,366.58,United Kingdom,Repeat Customer,23,378,4-9 orders (Regular),Active (0-90d),2010-11-01,278.0,299.53
13501,2010-05-18 13:24:00,2011-02-24 18:59:00,3,2885.11,961.7,Switzerland,Repeat Customer,288,282,2-3 orders (Occasional),Lapsed (180d+),2010-05-01,83.0,595.17
13502,2010-06-09 10:52:00,2011-11-23 10:39:00,5,780.5,156.1,United Kingdom,Repeat Customer,16,531,4-9 orders (Regular),Active (0-90d),2010-06-01,132.0,307.9
13503,2010-02-16 13:49:00,2011-09-29 13:23:00,5,1778.04,355.61,United Kingdom,Repeat Customer,71,589,4-9 orders (Regular),Active (0-90d),2010-02-01,0.0,881.12
13504,2011-10-06 13:20:00,2011-10-06 13:20:00,1,295.93,295.93,United Kingdom,One-Time Customer,64,0,1 order (One-Time),Active (0-90d),2011-10-01,,295.93
13505,2011-04-21 12:07:00,2011-09-28 11:56:00,4,3633.63,908.41,Switzerland,Repeat Customer,72,159,4-9 orders (Regular),Active (0-90d),2011-04-01,40.0,849.69
13506,2010-09-05 12:33:00,2011-01-27 13:53:00,5,1338.08,267.62,United Kingdom,Repeat Customer,316,144,4-9 orders (Regular),Lapsed (180d+),2010-09-01,45.0,427.32
13507,2011-07-17 11:50:00,2011-12-06 13:13:00,4,2479.16,619.79,United Kingdom,Repeat Customer,3,142,4-9 orders (Regular),Active (0-90d),2011-07-01,38.0,1242.38
13508,2010-03-07 11:58:00,2011-04-10 11:58:00,2,287.05,143.52,United Kingdom,Repeat Customer,243,399,2-3 orders (Occasional),Lapsed (180d+),2010-03-01,399.0,176.08
13509,2010-07-20 12:10:00,2011-12-01 10:10:00,7,1099.72,157.1,United Kingdom,Repeat Customer,8,498,4-9 orders (Regular),Active (0-90d),2010-07-01,223.0,135.0
13510,2009-12-21 11:53:00,2011-12-08 13:46:00,11,4558.29,414.39,United Kingdom,Repeat Customer,1,717,10+ orders (Champions),Active (0-90d),2009-12-01,41.0,266.7
13511,2010-02-01 12:10:00,2010-02-01 12:10:00,1,282.76,282.76,United Kingdom,One-Time Customer,676,0,1 order (One-Time),Lapsed (180d+),2010-02-01,,282.76
13512,2010-05-05 13:22:00,2011-03-24 10:03:00,4,713.39,178.35,United Kingdom,Repeat Customer,260,322,4-9 orders (Regular),Lapsed (180d+),2010-05-01,102.0,153.3
13513,2010-02-22 16:36:00,2011-08-05 11:50:00,3,824.59,274.86,United Kingdom,Repeat Customer,126,528,2-3 orders (Occasional),At Risk (91-180d),2010-02-01,213.0,299.64
13514,2010-01-26 15:11:00,2011-09-27 09:39:00,4,815.9,203.98,United Kingdom,Repeat Customer,73,608,4-9 orders (Regular),Active (0-90d),2010-01-01,102.0,346.3
13515,2010-03-05 11:58:00,2011-09-28 11:26:00,6,1265.82,210.97,United Kingdom,Repeat Customer,72,571,4-9 orders (Regular),Active (0-90d),2010-03-01,195.0,188.1
13516,2010-10-18 08:52:00,2011-11-18 13:15:00,4,1685.26,421.32,United Kingdom,Repeat Customer,21,396,4-9 orders (Regular),Active (0-90d),2010-10-01,179.0,295.85
13517,2011-06-13 08:44:00,2011-10-11 11:43:00,3,2128.42,709.47,United Kingdom,Repeat Customer,59,120,2-3 orders (Occasional),Active (0-90d),2011-06-01,73.0,1101.86
13518,2011-09-15 10:29:00,2011-09-15 10:29:00,1,627.16,627.16,United Kingdom,One-Time Customer,85,0,1 order (One-Time),Active (0-90d),2011-09-01,,627.16
13519,2010-09-23 11:45:00,2011-09-22 18:24:00,2,343.21,171.6,United Kingdom,Repeat Customer,78,364,2-3 orders (Occasional),Active (0-90d),2010-09-01,364.0,220.46
13520,2009-12-17 11:11:00,2011-10-12 10:20:00,11,5446.0,495.09,Switzerland,Repeat Customer,58,663,10+ orders (Champions),Active (0-90d),2009-12-01,55.0,469.4
13521,2011-11-29 15:09:00,2011-12-08 13:50:00,3,1070.47,356.82,United Kingdom,Repeat Customer,1,8,2-3 orders (Occasional),Active (0-90d),2011-11-01,4.0,277.48
13522,2011-11-09 15:11:00,2011-11-09 15:11:00,1,125.8,125.8,United Kingdom,One-Time Customer,30,0,1 order (One-Time),Active (0-90d),2011-11-01,,125.8
13523,2010-11-02 14:55:00,2011-11-06 15:11:00,6,4534.57,755.76,United Kingdom,Repeat Customer,33,369,4-9 orders (Regular),Active (0-90d),2010-11-01,35.0,569.69
13524,2011-05-04 12:26:00,2011-10-30 12:34:00,5,680.18,136.04,United Kingdom,Repeat Customer,40,179,4-9 orders (Regular),Active (0-90d),2011-05-01,46.0,159.2
13525,2011-04-05 15:36:00,2011-11-25 12:01:00,2,628.78,314.39,United Kingdom,Repeat Customer,14,233,2-3 orders (Occasional),Active (0-90d),2011-04-01,233.0,282.88
13526,2009-12-01 12:56:00,2009-12-01 13:13:00,2,1182.0,591.0,United Kingdom,Repeat Customer,738,0,2-3 orders (Occasional),Lapsed (180d+),2009-12-01,0.0,859.1
13527,2010-01-21 12:37:00,2011-11-06 12:04:00,12,4541.29,378.44,United Kingdom,Repeat Customer,33,653,10+ orders (Champions),Active (0-90d),2010-01-01,2.0,218.8
13529,2011-05-19 11:50:00,2011-09-22 09:15:00,2,307.76,153.88,United Kingdom,Repeat Customer,78,125,2-3 orders (Occasional),Active (0-90d),2011-05-01,125.0,181.1
13530,2010-03-15 14:10:00,2010-03-15 14:10:00,1,402.98,402.98,United Kingdom,One-Time Customer,634,0,1 order (One-Time),Lapsed (180d+),2010-03-01,,402.98
13531,2009-12-03 15:20:00,2011-05-18 16:56:00,6,1433.07,238.84,United Kingdom,Repeat Customer,205,531,4-9 orders (Regular),Lapsed (180d+),2009-12-01,140.0,311.7
13532,2011-11-06 12:25:00,2011-11-06 12:25:00,1,210.31,210.31,United Kingdom,One-Time Customer,33,0,1 order (One-Time),Active (0-90d),2011-11-01,,210.31
13533,2011-03-17 12:47:00,2011-06-10 11:54:00,3,269.09,89.7,United Kingdom,Repeat Customer,182,84,2-3 orders (Occasional),Lapsed (180d+),2011-03-01,0.0,126.79
13534,2010-07-07 15:00:00,2011-12-07 14:52:00,35,7720.9,220.6,United Kingdom,Repeat Customer,2,517,10+ orders (Champions),Active (0-90d),2010-07-01,15.0,192.88
13535,2010-11-02 11:49:00,2010-11-02 11:49:00,1,89.5,89.5,United Kingdom,One-Time Customer,402,0,1 order (One-Time),Lapsed (180d+),2010-11-01,,89.5
13536,2011-09-25 13:30:00,2011-12-08 16:38:00,7,3444.39,492.06,United Kingdom,Repeat Customer,1,74,4-9 orders (Regular),Active (0-90d),2011-09-01,22.0,455.17
13537,2010-09-14 10:41:00,2010-10-10 12:45:00,2,717.85,358.92,United Kingdom,Repeat Customer,425,26,2-3 orders (Occasional),Lapsed (180d+),2010-09-01,26.0,415.85
13538,2010-02-02 12:47:00,2011-10-27 16:34:00,12,3103.13,258.59,United Kingdom,Repeat Customer,43,632,10+ orders (Champions),Active (0-90d),2010-02-01,19.0,623.78
13539,2010-04-28 12:04:00,2011-09-15 10:18:00,7,1569.36,224.19,United Kingdom,Repeat Customer,85,504,4-9 orders (Regular),Active (0-90d),2010-04-01,8.0,333.49
13540,2010-02-22 09:22:00,2010-08-29 14:20:00,3,632.39,210.8,United Kingdom,Repeat Customer,467,188,2-3 orders (Occasional),Lapsed (180d+),2010-02-01,0.0,284.75
13541,2010-05-18 16:15:00,2010-10-08 16:37:00,2,785.25,392.62,United Kingdom,Repeat Customer,427,143,2-3 orders (Occasional),Lapsed (180d+),2010-05-01,143.0,310.35
13542,2009-12-10 19:53:00,2010-11-28 11:24:00,17,3959.49,232.91,United Kingdom,Repeat Customer,376,352,10+ orders (Champions),Lapsed (180d+),2009-12-01,9.0,177.91
13543,2010-01-21 14:30:00,2010-03-15 13:34:00,2,1439.61,719.8,United Kingdom,Repeat Customer,634,52,2-3 orders (Occasional),Lapsed (180d+),2010-01-01,52.0,588.45
13544,2010-03-05 11:31:00,2011-10-31 11:57:00,6,790.2,131.7,United Kingdom,Repeat Customer,39,605,4-9 orders (Regular),Active (0-90d),2010-03-01,88.0,181.32
13545,2010-06-13 11:49:00,2010-11-14 11:27:00,2,364.93,182.46,United Kingdom,Repeat Customer,390,153,2-3 orders (Occasional),Lapsed (180d+),2010-06-01,153.0,118.18
13546,2010-10-11 17:23:00,2011-11-27 14:50:00,5,1086.24,217.25,United Kingdom,Repeat Customer,12,411,4-9 orders (Regular),Active (0-90d),2010-10-01,42.0,192.41
13547,2010-10-27 14:14:00,2010-10-27 14:14:00,1,164.53,164.53,United Kingdom,One-Time Customer,408,0,1 order (One-Time),Lapsed (180d+),2010-10-01,,164.53
13548,2010-08-25 13:44:00,2011-09-04 14:50:00,3,901.44,300.48,United Kingdom,Repeat Customer,96,375,2-3 orders (Occasional),At Risk (91-180d),2010-08-01,227.0,223.28
13549,2010-11-17 12:17:00,2011-11-14 09:20:00,8,1005.8,125.72,United Kingdom,Repeat Customer,25,361,4-9 orders (Regular),Active (0-90d),2010-11-01,145.0,87.6
13550,2010-11-21 15:24:00,2010-11-21 15:24:00,1,342.55,342.55,United Kingdom,One-Time Customer,383,0,1 order (One-Time),Lapsed (180d+),2010-11-01,,342.55
13551,2010-02-11 15:01:00,2011-01-24 14:46:00,2,244.2,122.1,United Kingdom,Repeat Customer,319,346,2-3 orders (Occasional),Lapsed (180d+),2010-02-01,346.0,152.4
13552,2010-02-19 13:28:00,2011-10-04 15:19:00,22,6948.92,315.86,United Kingdom,Repeat Customer,66,592,10+ orders (Champions),Active (0-90d),2010-02-01,0.0,410.86
13553,2010-02-03 12:21:00,2010-02-03 12:21:00,1,499.6,499.6,United Kingdom,One-Time Customer,674,0,1 order (One-Time),Lapsed (180d+),2010-02-01,,499.6
13554,2010-09-19 12:39:00,2010-11-24 15:05:00,7,1629.35,232.76,United Kingdom,Repeat Customer,380,66,4-9 orders (Regular),Lapsed (180d+),2010-09-01,9.0,106.45
13555,2010-01-19 13:20:00,2011-09-27 12:36:00,13,8891.84,683.99,United Kingdom,Repeat Customer,73,615,10+ orders (Champions),Active (0-90d),2010-01-01,0.0,91.15
13556,2010-09-30 09:01:00,2010-10-06 16:44:00,2,200.82,100.41,United Kingdom,Repeat Customer,429,6,2-3 orders (Occasional),Lapsed (180d+),2010-09-01,6.0,107.22
13557,2009-12-08 17:41:00,2011-11-11 15:24:00,13,3032.26,233.25,United Kingdom,Repeat Customer,28,702,10+ orders (Champions),Active (0-90d),2009-12-01,8.0,272.5
13558,2011-10-02 13:01:00,2011-12-04 11:24:00,4,594.52,148.63,United Kingdom,Repeat Customer,5,62,4-9 orders (Regular),Active (0-90d),2011-10-01,6.0,192.7
13559,2010-06-14 11:52:00,2010-07-15 09:52:00,2,990.0,495.0,United Kingdom,Repeat Customer,512,30,2-3 orders (Occasional),Lapsed (180d+),2010-06-01,30.0,330.0
13560,2011-12-02 13:11:00,2011-12-02 13:11:00,1,171.42,171.42,United Kingdom,One-Time Customer,7,0,1 order (One-Time),Active (0-90d),2011-12-01,,171.42
13561,2010-02-28 13:42:00,2011-05-08 12:39:00,11,1803.4,163.95,United Kingdom,Repeat Customer,215,433,10+ orders (Champions),Lapsed (180d+),2010-02-01,7.0,199.5
13562,2010-01-14 16:33:00,2011-09-19 10:51:00,8,4838.18,604.77,United Kingdom,Repeat Customer,81,612,4-9 orders (Regular),Active (0-90d),2010-01-01,19.0,939.4
13563,2011-07-22 17:21:00,2011-09-16 14:45:00,2,777.53,388.76,United Kingdom,Repeat Customer,84,55,2-3 orders (Occasional),Active (0-90d),2011-07-01,55.0,310.88
13564,2009-12-02 11:55:00,2010-12-20 16:50:00,36,15880.22,441.12,United Kingdom,Repeat Customer,354,383,10+ orders (Champions),Lapsed (180d+),2009-12-01,5.0,119.16
13565,2010-10-24 15:51:00,2011-11-20 14:33:00,3,414.8,138.27,United Kingdom,Repeat Customer,19,391,2-3 orders (Occasional),Active (0-90d),2010-10-01,76.0,174.58
13566,2010-03-10 12:22:00,2011-10-30 11:59:00,5,1684.75,336.95,United Kingdom,Repeat Customer,40,598,4-9 orders (Regular),Active (0-90d),2010-03-01,129.0,287.27
13567,2010-06-16 12:48:00,2010-10-07 12:51:00,4,1079.29,269.82,United Kingdom,Repeat Customer,428,113,4-9 orders (Regular),Lapsed (180d+),2010-06-01,69.0,414.44
13568,2011-06-19 14:42:00,2011-06-19 14:42:00,1,187.05,187.05,United Kingdom,One-Time Customer,173,0,1 order (One-Time),At Risk (91-180d),2011-06-01,,187.05
13569,2010-10-07 13:05:00,2011-11-22 13:07:00,4,725.04,181.26,United Kingdom,Repeat Customer,17,411,4-9 orders (Regular),Active (0-90d),2010-10-01,46.0,235.96
13570,2011-04-10 13:36:00,2011-04-10 13:36:00,1,239.49,239.49,United Kingdom,One-Time Customer,243,0,1 order (One-Time),Lapsed (180d+),2011-04-01,,239.49
13571,2009-12-08 13:02:00,2011-11-27 10:47:00,26,4537.26,174.51,United Kingdom,Repeat Customer,12,718,10+ orders (Champions),Active (0-90d),2009-12-01,75.0,111.24
13572,2011-05-18 11:59:00,2011-05-18 11:59:00,1,1384.25,1384.25,United Kingdom,One-Time Customer,205,0,1 order (One-Time),Lapsed (180d+),2011-05-01,,1384.25
13573,2010-03-12 16:06:00,2011-10-20 14:33:00,6,903.07,150.51,United Kingdom,Repeat Customer,50,586,4-9 orders (Regular),Active (0-90d),2010-03-01,187.0,80.4
13574,2010-10-24 13:28:00,2010-10-24 13:28:00,1,404.45,404.45,United Kingdom,One-Time Customer,411,0,1 order (One-Time),Lapsed (180d+),2010-10-01,,404.45
13575,2011-06-16 14:24:00,2011-11-16 13:14:00,5,732.07,146.41,United Kingdom,Repeat Customer,23,152,4-9 orders (Regular),Active (0-90d),2011-06-01,42.0,88.55
13576,2009-12-08 15:12:00,2011-11-29 15:34:00,28,11202.59,400.09,United Kingdom,Repeat Customer,10,721,10+ orders (Champions),Active (0-90d),2009-12-01,35.0,328.8
13577,2009-12-14 16:10:00,2011-11-14 15:19:00,11,3484.28,316.75,United Kingdom,Repeat Customer,25,699,10+ orders (Champions),Active (0-90d),2009-12-01,0.0,94.86
13578,2010-10-26 13:44:00,2010-10-26 13:44:00,1,147.66,147.66,United Kingdom,One-Time Customer,409,0,1 order (One-Time),Lapsed (180d+),2010-10-01,,147.66
13579,2010-02-18 13:53:00,2011-11-25 08:41:00,5,1374.34,274.87,United Kingdom,Repeat Customer,14,644,4-9 orders (Regular),Active (0-90d),2010-02-01,203.0,383.55
13580,2010-10-29 15:01:00,2010-10-29 15:01:00,1,107.75,107.75,United Kingdom,One-Time Customer,406,0,1 order (One-Time),Lapsed (180d+),2010-10-01,,107.75
13581,2010-10-21 16:30:00,2011-02-03 14:41:00,2,280.53,140.26,United Kingdom,Repeat Customer,309,104,2-3 orders (Occasional),Lapsed (180d+),2010-10-01,104.0,162.53
13582,2010-04-01 11:38:00,2010-11-15 11:34:00,2,241.68,120.84,United Kingdom,Repeat Customer,389,227,2-3 orders (Occasional),Lapsed (180d+),2010-04-01,227.0,77.5
13583,2010-01-29 13:53:00,2011-07-07 10:40:00,2,1445.03,722.52,United Kingdom,Repeat Customer,155,523,2-3 orders (Occasional),At Risk (91-180d),2010-01-01,523.0,664.0
13584,2010-02-02 08:40:00,2011-02-06 12:49:00,3,385.7,128.57,United Kingdom,Repeat Customer,306,369,2-3 orders (Occasional),Lapsed (180d+),2010-02-01,177.0,1.3
13585,2009-12-01 14:56:00,2010-06-27 12:33:00,3,684.54,228.18,United Kingdom,Repeat Customer,530,207,2-3 orders (Occasional),Lapsed (180d+),2009-12-01,160.0,12.75
13586,2010-06-16 13:47:00,2010-06-16 13:47:00,1,127.28,127.28,United Kingdom,One-Time Customer,541,0,1 order (One-Time),Lapsed (180d+),2010-06-01,,127.28
13587,2010-02-14 13:17:00,2011-10-07 12:31:00,4,1673.5,418.38,United Kingdom,Repeat Customer,63,599,4-9 orders (Regular),Active (0-90d),2010-02-01,214.0,568.3
13588,2011-03-29 15:53:00,2011-11-24 10:42:00,9,2478.95,275.44,United Kingdom,Repeat Customer,15,239,4-9 orders (Regular),Active (0-90d),2011-03-01,118.0,113.3
13589,2009-12-06 10:26:00,2011-11-25 12:10:00,6,1120.74,186.79,United Kingdom,Repeat Customer,14,719,4-9 orders (Regular),Active (0-90d),2009-12-01,154.0,269.15
13590,2009-12-01 13:37:00,2011-11-28 12:54:00,18,6336.04,352.0,United Kingdom,Repeat Customer,11,726,10+ orders (Champions),Active (0-90d),2009-12-01,56.0,367.28
13591,2009-12-14 15:44:00,2011-10-06 12:26:00,7,2093.94,299.13,United Kingdom,Repeat Customer,64,660,4-9 orders (Regular),Active (0-90d),2009-12-01,122.0,53.2
13592,2011-03-20 14:01:00,2011-11-04 09:49:00,4,247.96,61.99,United Kingdom,Repeat Customer,35,228,4-9 orders (Regular),Active (0-90d),2011-03-01,51.0,76.72
13593,2010-03-02 16:36:00,2011-08-23 13:35:00,14,5493.29,392.38,United Kingdom,Repeat Customer,108,538,10+ orders (Champions),At Risk (91-180d),2010-03-01,0.0,456.95
13594,2010-08-11 10:23:00,2011-10-18 10:19:00,2,533.32,266.66,United Kingdom,Repeat Customer,52,432,2-3 orders (Occasional),Active (0-90d),2010-08-01,432.0,136.35
13595,2010-03-03 14:42:00,2010-07-11 12:36:00,3,784.48,261.49,United Kingdom,Repeat Customer,516,129,2-3 orders (Occasional),Lapsed (180d+),2010-03-01,66.0,532.29
13596,2011-11-27 11:57:00,2011-12-04 12:01:00,2,664.11,332.06,United Kingdom,Repeat Customer,5,7,2-3 orders (Occasional),Active (0-90d),2011-11-01,7.0,378.67
13597,2010-11-02 09:30:00,2010-11-04 14:54:00,2,396.71,198.36,United Kingdom,Repeat Customer,400,2,2-3 orders (Occasional),Lapsed (180d+),2010-11-01,2.0,380.21
13598,2010-02-26 11:22:00,2011-10-23 14:28:00,5,761.96,152.39,United Kingdom,Repeat Customer,47,604,4-9 orders (Regular),Active (0-90d),2010-02-01,0.0,244.37
13599,2009-12-01 12:30:00,2011-12-08 16:10:00,33,9811.04,297.3,United Kingdom,Repeat Customer,1,737,10+ orders (Champions),Active (0-90d),2009-12-01,14.0,641.45
13600,2010-03-15 17:16:00,2011-01-31 15:27:00,2,518.42,259.21,United Kingdom,Repeat Customer,312,321,2-3 orders (Occasional),Lapsed (180d+),2010-03-01,321.0,298.9
13601,2010-06-11 15:03:00,2011-10-25 17:31:00,4,1159.99,290.0,United Kingdom,Repeat Customer,45,501,4-9 orders (Regular),Active (0-90d),2010-06-01,154.0,182.43
13602,2010-05-28 11:49:00,2011-10-06 11:47:00,4,1025.17,256.29,United Kingdom,Repeat Customer,64,495,4-9 orders (Regular),Active (0-90d),2010-05-01,125.0,169.38
13603,2011-11-13 15:57:00,2011-11-13 15:57:00,1,164.34,164.34,United Kingdom,One-Time Customer,26,0,1 order (One-Time),Active (0-90d),2011-11-01,,164.34
13604,2010-02-19 12:02:00,2010-02-19 12:02:00,1,717.62,717.62,United Kingdom,One-Time Customer,658,0,1 order (One-Time),Lapsed (180d+),2010-02-01,,717.62
13605,2010-05-17 15:46:00,2010-11-17 17:16:00,2,522.67,261.33,United Kingdom,Repeat Customer,387,184,2-3 orders (Occasional),Lapsed (180d+),2010-05-01,184.0,169.89
13606,2011-02-01 11:42:00,2011-11-10 17:46:00,3,276.75,92.25,United Kingdom,Repeat Customer,29,282,2-3 orders (Occasional),Active (0-90d),2011-02-01,68.0,70.02
13607,2010-11-02 11:48:00,2011-10-30 16:17:00,2,1075.81,537.9,United Kingdom,Repeat Customer,40,362,2-3 orders (Occasional),Active (0-90d),2010-11-01,362.0,400.3
13608,2010-06-17 12:28:00,2010-06-17 12:28:00,1,232.05,232.05,United Kingdom,One-Time Customer,540,0,1 order (One-Time),Lapsed (180d+),2010-06-01,,232.05
13609,2010-04-25 13:26:00,2010-04-25 13:26:00,1,167.35,167.35,United Kingdom,One-Time Customer,593,0,1 order (One-Time),Lapsed (180d+),2010-04-01,,167.35
13610,2010-01-05 14:12:00,2011-11-27 15:38:00,14,2102.46,150.18,United Kingdom,Repeat Customer,12,691,10+ orders (Champions),Active (0-90d),2010-01-01,20.0,337.55
13611,2009-12-03 07:57:00,2011-09-11 14:51:00,10,3297.93,329.79,United Kingdom,Repeat Customer,89,647,10+ orders (Champions),Active (0-90d),2009-12-01,111.0,337.93
13612,2010-03-17 12:14:00,2010-03-17 12:14:00,1,818.29,818.29,United Kingdom,One-Time Customer,632,0,1 order (One-Time),Lapsed (180d+),2010-03-01,,818.29
13613,2010-02-17 12:40:00,2010-09-13 12:01:00,5,1039.85,207.97,United Kingdom,Repeat Customer,452,207,4-9 orders (Regular),Lapsed (180d+),2010-02-01,34.0,468.0
13614,2010-06-06 13:42:00,2011-11-15 14:47:00,6,2332.74,388.79,United Kingdom,Repeat Customer,24,527,4-9 orders (Regular),Active (0-90d),2010-06-01,157.0,303.4
13615,2010-01-28 15:43:00,2011-01-25 08:21:00,8,6272.53,784.07,United Kingdom,Repeat Customer,318,361,4-9 orders (Regular),Lapsed (180d+),2010-01-01,58.0,808.15
13616,2010-01-17 14:56:00,2010-05-20 12:59:00,2,283.85,141.93,United Kingdom,Repeat Customer,568,122,2-3 orders (Occasional),Lapsed (180d+),2010-01-01,122.0,178.0
13617,2010-08-01 15:23:00,2011-10-30 13:50:00,8,1278.75,159.84,United Kingdom,Repeat Customer,40,454,4-9 orders (Regular),Active (0-90d),2010-08-01,35.0,112.2
13618,2011-06-19 11:09:00,2011-06-19 11:09:00,1,177.34,177.34,United Kingdom,One-Time Customer,173,0,1 order (One-Time),At Risk (91-180d),2011-06-01,,177.34
13619,2010-02-03 14:16:00,2010-06-13 11:39:00,2,223.44,111.72,United Kingdom,Repeat Customer,544,129,2-3 orders (Occasional),Lapsed (180d+),2010-02-01,129.0,98.74
13620,2010-06-29 15:02:00,2010-06-29 15:02:00,1,112.34,112.34,United Kingdom,One-Time Customer,528,0,1 order (One-Time),Lapsed (180d+),2010-06-01,,112.34
13621,2011-08-15 08:26:00,2011-08-15 08:26:00,1,213.85,213.85,United Kingdom,One-Time Customer,116,0,1 order (One-Time),At Risk (91-180d),2011-08-01,,213.85
13622,2010-01-12 13:22:00,2010-01-12 13:22:00,1,658.95,658.95,United Kingdom,One-Time Customer,696,0,1 order (One-Time),Lapsed (180d+),2010-01-01,,658.95
13623,2009-12-02 13:57:00,2011-11-09 12:00:00,10,2533.06,253.31,United Kingdom,Repeat Customer,30,706,10+ orders (Champions),Active (0-90d),2009-12-01,49.0,628.14
13624,2010-11-16 13:43:00,2010-11-16 13:43:00,1,462.08,462.08,United Kingdom,One-Time Customer,388,0,1 order (One-Time),Lapsed (180d+),2010-11-01,,462.08
13625,2010-04-22 10:50:00,2010-04-22 10:50:00,1,301.26,301.26,United Kingdom,One-Time Customer,596,0,1 order (One-Time),Lapsed (180d+),2010-04-01,,301.26
13626,2010-11-25 16:12:00,2011-04-01 10:05:00,2,707.04,353.52,United Kingdom,Repeat Customer,252,126,2-3 orders (Occasional),Lapsed (180d+),2010-11-01,126.0,449.81
13627,2010-03-09 14:03:00,2011-10-11 14:20:00,7,2245.9,320.84,United Kingdom,Repeat Customer,59,581,4-9 orders (Regular),Active (0-90d),2010-03-01,152.0,304.4
13628,2010-02-01 14:44:00,2010-02-01 14:44:00,1,310.14,310.14,United Kingdom,One-Time Customer,676,0,1 order (One-Time),Lapsed (180d+),2010-02-01,,310.14
13629,2010-02-11 17:34:00,2011-11-16 13:21:00,19,13370.86,703.73,United Kingdom,Repeat Customer,23,642,10+ orders (Champions),Active (0-90d),2010-02-01,61.0,660.0
13630,2011-02-27 12:49:00,2011-12-04 15:16:00,7,2031.78,290.25,United Kingdom,Repeat Customer,5,280,4-9 orders (Regular),Active (0-90d),2011-02-01,40.0,299.14
13631,2011-03-17 17:13:00,2011-09-01 09:57:00,11,3070.42,279.13,United Kingdom,Repeat Customer,99,167,10+ orders (Champions),At Risk (91-180d),2011-03-01,60.0,80.0
13632,2010-04-07 10:59:00,2011-11-15 10:51:00,8,3645.81,455.73,United Kingdom,Repeat Customer,24,586,4-9 orders (Regular),Active (0-90d),2010-04-01,35.0,366.19
13634,2010-01-10 14:26:00,2011-11-06 13:40:00,15,4988.08,332.54,United Kingdom,Repeat Customer,33,664,10+ orders (Champions),Active (0-90d),2010-01-01,6.0,290.12
13635,2009-12-01 09:46:00,2011-10-03 10:55:00,4,2999.16,749.79,United Kingdom,Repeat Customer,67,671,4-9 orders (Regular),Active (0-90d),2009-12-01,14.0,382.37
13636,2011-02-27 14:29:00,2011-11-03 10:30:00,5,949.12,189.82,United Kingdom,Repeat Customer,36,248,4-9 orders (Regular),Active (0-90d),2011-02-01,24.0,154.5
13637,2011-04-27 13:06:00,2011-10-18 13:32:00,3,803.05,267.68,United Kingdom,Repeat Customer,52,174,2-3 orders (Occasional),Active (0-90d),2011-04-01,39.0,415.15
13638,2011-11-24 10:38:00,2011-11-24 10:38:00,1,122.64,122.64,United Kingdom,One-Time Customer,15,0,1 order (One-Time),Active (0-90d),2011-11-01,,122.64
13639,2010-09-29 10:05:00,2011-09-26 13:36:00,2,1346.27,673.14,United Kingdom,Repeat Customer,74,362,2-3 orders (Occasional),Active (0-90d),2010-09-01,362.0,312.93
13640,2010-04-07 15:33:00,2010-04-07 15:33:00,1,405.0,405.0,United Kingdom,One-Time Customer,611,0,1 order (One-Time),Lapsed (180d+),2010-04-01,,405.0
13641,2009-12-05 13:17:00,2010-03-09 07:37:00,4,942.37,235.59,United Kingdom,Repeat Customer,640,93,4-9 orders (Regular),Lapsed (180d+),2009-12-01,10.0,224.1
13642,2010-10-03 12:23:00,2011-05-08 12:34:00,4,472.2,118.05,United Kingdom,Repeat Customer,215,217,4-9 orders (Regular),Lapsed (180d+),2010-10-01,0.0,116.32
13643,2009-12-08 12:48:00,2011-11-08 15:37:00,10,2156.77,215.68,United Kingdom,Repeat Customer,31,700,10+ orders (Champions),Active (0-90d),2009-12-01,90.0,311.8
13644,2011-08-26 11:53:00,2011-11-23 14:07:00,4,2624.26,656.06,United Kingdom,Repeat Customer,16,89,4-9 orders (Regular),Active (0-90d),2011-08-01,31.0,851.09
13645,2011-08-11 16:11:00,2011-08-11 16:11:00,1,252.1,252.1,United Kingdom,One-Time Customer,120,0,1 order (One-Time),At Risk (91-180d),2011-08-01,,252.1
13646,2010-11-05 12:00:00,2010-11-05 12:13:00,2,326.25,163.12,United Kingdom,Repeat Customer,399,0,2-3 orders (Occasional),Lapsed (180d+),2010-11-01,0.0,282.5
13647,2010-04-15 12:55:00,2011-11-30 12:00:00,8,3041.68,380.21,United Kingdom,Repeat Customer,9,593,4-9 orders (Regular),Active (0-90d),2010-04-01,37.0,315.5
13648,2009-12-01 18:13:00,2010-11-04 14:46:00,8,1759.07,219.88,United Kingdom,Repeat Customer,400,337,4-9 orders (Regular),Lapsed (180d+),2009-12-01,67.0,263.09
13649,2010-06-30 16:35:00,2011-03-28 11:51:00,6,1453.68,242.28,United Kingdom,Repeat Customer,256,270,4-9 orders (Regular),Lapsed (180d+),2010-06-01,14.0,310.41
13650,2010-01-26 08:44:00,2011-11-23 12:22:00,10,3288.0,328.8,United Kingdom,Repeat Customer,16,666,10+ orders (Champions),Active (0-90d),2010-01-01,112.0,505.13
13651,2010-11-23 09:44:00,2011-10-31 12:11:00,2,211.85,105.93,United Kingdom,Repeat Customer,39,342,2-3 orders (Occasional),Active (0-90d),2010-11-01,342.0,132.65
13652,2010-02-25 17:37:00,2011-10-25 08:51:00,5,2262.05,452.41,United Kingdom,Repeat Customer,45,606,4-9 orders (Regular),Active (0-90d),2010-02-01,223.0,393.96
13653,2010-08-09 08:19:00,2010-08-09 08:19:00,1,152.2,152.2,United Kingdom,One-Time Customer,487,0,1 order (One-Time),Lapsed (180d+),2010-08-01,,152.2
13654,2009-12-02 11:43:00,2011-10-27 16:24:00,11,6308.0,573.45,United Kingdom,Repeat Customer,43,694,10+ orders (Champions),Active (0-90d),2009-12-01,91.0,159.98
13655,2010-04-27 09:59:00,2011-08-17 14:25:00,6,2280.51,380.08,United Kingdom,Repeat Customer,114,477,4-9 orders (Regular),At Risk (91-180d),2010-04-01,2.0,523.08
13656,2010-04-23 12:50:00,2011-06-28 10:31:00,4,1078.85,269.71,United Kingdom,Repeat Customer,164,430,4-9 orders (Regular),At Risk (91-180d),2010-04-01,95.0,325.15
13657,2011-05-22 12:35:00,2011-11-29 12:32:00,2,382.14,191.07,United Kingdom,Repeat Customer,10,190,2-3 orders (Occasional),Active (0-90d),2011-05-01,190.0,152.34
13658,2010-02-05 13:17:00,2011-11-30 10:13:00,9,6025.5,669.5,United Kingdom,Repeat Customer,9,662,4-9 orders (Regular),Active (0-90d),2010-02-01,125.0,982.26
13659,2010-02-17 09:05:00,2011-05-18 12:37:00,12,4884.68,407.06,United Kingdom,Repeat Customer,205,455,10+ orders (Champions),Lapsed (180d+),2010-02-01,22.0,421.03
13660,2010-11-04 16:10:00,2010-11-04 16:10:00,1,306.64,306.64,United Kingdom,One-Time Customer,400,0,1 order (One-Time),Lapsed (180d+),2010-11-01,,306.64
13661,2010-04-15 14:58:00,2010-04-15 14:58:00,1,325.24,325.24,United Kingdom,One-Time Customer,603,0,1 order (One-Time),Lapsed (180d+),2010-04-01,,325.24
13662,2010-02-19 13:21:00,2011-09-15 12:04:00,11,2233.61,203.06,United Kingdom,Repeat Customer,85,572,10+ orders (Champions),Active (0-90d),2010-02-01,0.0,127.34
13663,2010-03-03 10:11:00,2011-06-13 15:44:00,5,2047.51,409.5,United Kingdom,Repeat Customer,179,467,4-9 orders (Regular),At Risk (91-180d),2010-03-01,224.0,545.45
13665,2010-07-23 13:29:00,2010-11-18 13:06:00,3,1711.66,570.55,United Kingdom,Repeat Customer,386,117,2-3 orders (Occasional),Lapsed (180d+),2010-07-01,82.0,632.81
13666,2009-12-04 10:48:00,2011-10-10 15:39:00,5,127.05,25.41,United Kingdom,Repeat Customer,60,675,4-9 orders (Regular),Active (0-90d),2009-12-01,315.0,19.5
13667,2011-07-13 15:42:00,2011-07-13 15:42:00,1,299.05,299.05,United Kingdom,One-Time Customer,149,0,1 order (One-Time),At Risk (91-180d),2011-07-01,,299.05
13668,2009-12-11 14:28:00,2011-12-07 12:11:00,35,12948.48,369.96,United Kingdom,Repeat Customer,2,725,10+ orders (Champions),Active (0-90d),2009-12-01,39.0,615.3
13669,2010-10-28 15:05:00,2011-10-20 09:32:00,3,413.55,137.85,United Kingdom,Repeat Customer,50,356,2-3 orders (Occasional),Active (0-90d),2010-10-01,257.0,195.0
13670,2011-09-25 15:25:00,2011-09-25 15:25:00,1,349.7,349.7,United Kingdom,One-Time Customer,75,0,1 order (One-Time),Active (0-90d),2011-09-01,,349.7
13671,2010-11-10 10:50:00,2010-11-10 10:50:00,1,172.6,172.6,United Kingdom,One-Time Customer,394,0,1 order (One-Time),Lapsed (180d+),2010-11-01,,172.6
13672,2009-12-09 11:40:00,2011-02-11 13:53:00,3,419.92,139.97,United Kingdom,Repeat Customer,301,429,2-3 orders (Occasional),Lapsed (180d+),2009-12-01,398.0,233.53
13673,2011-11-07 15:40:00,2011-11-21 12:11:00,2,387.44,193.72,United Kingdom,Repeat Customer,18,13,2-3 orders (Occasional),Active (0-90d),2011-11-01,13.0,204.12
13674,2010-10-03 10:41:00,2010-10-03 10:41:00,1,240.68,240.68,United Kingdom,One-Time Customer,432,0,1 order (One-Time),Lapsed (180d+),2010-10-01,,240.68
13675,2011-02-28 12:14:00,2011-07-11 12:57:00,2,486.82,243.41,United Kingdom,Repeat Customer,151,133,2-3 orders (Occasional),At Risk (91-180d),2011-02-01,133.0,308.44
13676,2010-03-30 16:53:00,2010-06-18 17:30:00,2,243.9,121.95,United Kingdom,Repeat Customer,539,80,2-3 orders (Occasional),Lapsed (180d+),2010-03-01,80.0,128.3
13677,2010-07-07 17:25:00,2010-10-31 11:32:00,2,551.24,275.62,United Kingdom,Repeat Customer,404,115,2-3 orders (Occasional),Lapsed (180d+),2010-07-01,115.0,273.96
13678,2011-07-11 10:14:00,2011-07-11 10:14:00,1,232.6,232.6,United Kingdom,One-Time Customer,151,0,1 order (One-Time),At Risk (91-180d),2011-07-01,,232.6
13679,2009-12-04 16:52:00,2010-08-03 12:13:00,3,281.26,93.75,United Kingdom,Repeat Customer,493,241,2-3 orders (Occasional),Lapsed (180d+),2009-12-01,136.0,126.8
13680,2009-12-04 14:14:00,2011-12-08 13:47:00,12,11419.67,951.64,United Kingdom,Repeat Customer,1,733,10+ orders (Champions),Active (0-90d),2009-12-01,4.0,618.27
13681,2011-07-07 15:21:00,2011-11-22 11:13:00,4,827.83,206.96,United Kingdom,Repeat Customer,17,137,4-9 orders (Regular),Active (0-90d),2011-07-01,86.0,203.46
13682,2011-06-05 14:06:00,2011-06-05 14:06:00,1,59.5,59.5,United Kingdom,One-Time Customer,187,0,1 order (One-Time),Lapsed (180d+),2011-06-01,,59.5
13683,2010-09-08 10:00:00,2010-09-08 10:00:00,1,258.6,258.6,United Kingdom,One-Time Customer,457,0,1 order (One-Time),Lapsed (180d+),2010-09-01,,258.6
13684,2010-03-28 14:48:00,2011-02-27 10:13:00,4,594.88,148.72,United Kingdom,Repeat Customer,285,335,4-9 orders (Regular),Lapsed (180d+),2010-03-01,58.0,190.53
13685,2011-10-10 12:59:00,2011-12-07 11:41:00,7,3119.44,445.63,United Kingdom,Repeat Customer,2,57,4-9 orders (Regular),Active (0-90d),2011-10-01,6.0,1334.16
13686,2010-11-03 13:44:00,2011-06-10 09:10:00,3,409.04,136.35,United Kingdom,Repeat Customer,182,218,2-3 orders (Occasional),Lapsed (180d+),2010-11-01,21.0,225.44
13687,2010-09-27 16:30:00,2010-09-27 16:30:00,1,11880.84,11880.84,United Kingdom,One-Time Customer,438,0,1 order (One-Time),Lapsed (180d+),2010-09-01,,11880.84
13688,2010-03-14 14:11:00,2010-03-14 14:11:00,1,375.5,375.5,United Kingdom,One-Time Customer,635,0,1 order (One-Time),Lapsed (180d+),2010-03-01,,375.5
13689,2010-09-21 10:27:00,2011-10-07 13:21:00,2,1259.5,629.75,United Kingdom,Repeat Customer,63,381,2-3 orders (Occasional),Active (0-90d),2010-09-01,381.0,349.5
13690,2011-10-11 15:03:00,2011-10-11 15:03:00,1,172.25,172.25,United Kingdom,One-Time Customer,59,0,1 order (One-Time),Active (0-90d),2011-10-01,,172.25
13691,2010-11-08 17:34:00,2010-11-08 17:34:00,1,210.78,210.78,United Kingdom,One-Time Customer,396,0,1 order (One-Time),Lapsed (180d+),2010-11-01,,210.78
13692,2010-10-15 13:28:00,2011-11-15 11:17:00,5,3114.4,622.88,United Kingdom,Repeat Customer,24,395,4-9 orders (Regular),Active (0-90d),2010-10-01,11.0,1125.08
13693,2009-12-07 11:29:00,2010-11-30 18:21:00,9,2011.82,223.54,United Kingdom,Repeat Customer,374,358,4-9 orders (Regular),Lapsed (180d+),2009-12-01,2.0,173.55
13694,2009-12-04 15:26:00,2011-12-06 09:32:00,143,195640.69,1368.12,United Kingdom,Repeat Customer,3,731,10+ orders (Champions),Active (0-90d),2009-12-01,0.0,867.89
13695,2010-05-11 11:07:00,2011-11-08 14:26:00,16,2770.73,173.17,United Kingdom,Repeat Customer,31,546,10+ orders (Champions),Active (0-90d),2010-05-01,318.0,266.6
13696,2010-02-11 14:17:00,2010-10-14 09:44:00,3,2020.4,673.47,United Kingdom,Repeat Customer,421,244,2-3 orders (Occasional),Lapsed (180d+),2010-02-01,74.0,306.0
13697,2011-11-01 09:14:00,2011-11-01 09:14:00,1,151.3,151.3,United Kingdom,One-Time Customer,38,0,1 order (One-Time),Active (0-90d),2011-11-01,,151.3
13698,2010-01-27 09:02:00,2010-04-22 11:52:00,2,451.73,225.86,United Kingdom,Repeat Customer,596,85,2-3 orders (Occasional),Lapsed (180d+),2010-01-01,85.0,184.3
13699,2010-06-07 13:03:00,2011-07-07 16:51:00,2,764.15,382.08,United Kingdom,Repeat Customer,155,395,2-3 orders (Occasional),At Risk (91-180d),2010-06-01,395.0,455.57
13700,2010-02-07 10:53:00,2011-11-13 13:00:00,13,2596.97,199.77,United Kingdom,Repeat Customer,26,644,10+ orders (Champions),Active (0-90d),2010-02-01,2.0,54.3
13701,2010-09-19 12:39:00,2010-09-19 12:39:00,1,161.0,161.0,United Kingdom,One-Time Customer,446,0,1 order (One-Time),Lapsed (180d+),2010-09-01,,161.0
13702,2010-09-20 11:40:00,2010-09-20 11:40:00,1,135.18,135.18,United Kingdom,One-Time Customer,445,0,1 order (One-Time),Lapsed (180d+),2010-09-01,,135.18
13703,2010-10-20 13:11:00,2011-01-25 13:10:00,2,425.56,212.78,United Kingdom,Repeat Customer,318,96,2-3 orders (Occasional),Lapsed (180d+),2010-10-01,96.0,326.06
13704,2011-09-12 14:40:00,2011-12-04 15:13:00,9,2308.06,256.45,United Kingdom,Repeat Customer,5,83,4-9 orders (Regular),Active (0-90d),2011-09-01,1.0,88.56
13705,2010-03-25 17:19:00,2011-12-02 12:32:00,7,1717.19,245.31,United Kingdom,Repeat Customer,7,616,4-9 orders (Regular),Active (0-90d),2010-03-01,84.0,250.45
13706,2010-03-23 09:18:00,2011-02-10 09:21:00,2,631.17,315.59,United Kingdom,Repeat Customer,302,324,2-3 orders (Occasional),Lapsed (180d+),2010-03-01,324.0,300.38
13707,2010-06-21 11:57:00,2011-03-17 18:03:00,5,3365.86,673.17,United Kingdom,Repeat Customer,267,269,4-9 orders (Regular),Lapsed (180d+),2010-06-01,106.0,720.5
13708,2011-03-13 13:46:00,2011-03-13 13:46:00,1,283.33,283.33,United Kingdom,One-Time Customer,271,0,1 order (One-Time),Lapsed (180d+),2011-03-01,,283.33
13709,2010-01-11 10:40:00,2011-12-06 10:28:00,18,7571.35,420.63,United Kingdom,Repeat Customer,3,693,10+ orders (Champions),Active (0-90d),2010-01-01,79.0,306.74
13710,2010-04-06 12:54:00,2011-11-08 08:16:00,3,509.52,169.84,United Kingdom,Repeat Customer,31,580,2-3 orders (Occasional),Active (0-90d),2010-04-01,188.0,228.0
13711,2009-12-15 19:04:00,2011-05-05 10:31:00,9,1792.26,199.14,United Kingdom,Repeat Customer,218,505,4-9 orders (Regular),Lapsed (180d+),2009-12-01,22.0,126.5
13712,2010-04-08 11:16:00,2011-04-07 12:33:00,2,766.42,383.21,United Kingdom,Repeat Customer,246,364,2-3 orders (Occasional),Lapsed (180d+),2010-04-01,364.0,537.58
13713,2010-05-05 16:48:00,2010-10-27 16:18:00,3,740.76,246.92,United Kingdom,Repeat Customer,408,174,2-3 orders (Occasional),Lapsed (180d+),2010-05-01,111.0,247.98
13714,2010-08-31 13:57:00,2010-08-31 13:57:00,1,161.35,161.35,United Kingdom,One-Time Customer,465,0,1 order (One-Time),Lapsed (180d+),2010-08-01,,161.35
13715,2010-03-11 15:33:00,2011-03-03 19:21:00,17,8153.04,479.59,United Kingdom,Repeat Customer,281,357,10+ orders (Champions),Lapsed (180d+),2010-03-01,47.0,828.68
13716,2011-03-15 13:49:00,2011-03-15 13:49:00,1,138.28,138.28,United Kingdom,One-Time Customer,269,0,1 order (One-Time),Lapsed (180d+),2011-03-01,,138.28
13717,2010-08-11 09:40:00,2011-11-07 14:13:00,8,1763.3,220.41,United Kingdom,Repeat Customer,32,453,4-9 orders (Regular),Active (0-90d),2010-08-01,28.0,179.97
13718,2011-02-17 11:58:00,2011-04-07 13:24:00,2,306.55,153.28,United Kingdom,Repeat Customer,246,49,2-3 orders (Occasional),Lapsed (180d+),2011-02-01,49.0,114.05
13719,2010-05-17 14:36:00,2011-11-24 15:26:00,11,2782.1,252.92,United Kingdom,Repeat Customer,15,556,10+ orders (Champions),Active (0-90d),2010-05-01,15.0,381.36
13720,2011-03-30 09:17:00,2011-08-15 12:46:00,4,799.9,199.98,United Kingdom,Repeat Customer,116,138,4-9 orders (Regular),At Risk (91-180d),2011-03-01,16.0,266.2
13721,2010-11-09 17:59:00,2011-11-03 14:05:00,2,741.54,370.77,United Kingdom,Repeat Customer,36,358,2-3 orders (Occasional),Active (0-90d),2010-11-01,358.0,217.4
13722,2010-03-03 14:13:00,2011-07-31 12:44:00,10,5635.41,563.54,United Kingdom,Repeat Customer,131,514,10+ orders (Champions),At Risk (91-180d),2010-03-01,145.0,664.54
13723,2010-04-07 14:32:00,2011-05-06 17:04:00,6,1194.08,199.01,United Kingdom,Repeat Customer,217,394,4-9 orders (Regular),Lapsed (180d+),2010-04-01,50.0,320.23
13724,2010-03-12 15:28:00,2010-03-12 15:28:00,1,213.01,213.01,United Kingdom,One-Time Customer,637,0,1 order (One-Time),Lapsed (180d+),2010-03-01,,213.01
13725,2011-02-04 12:18:00,2011-10-21 10:03:00,8,1980.56,247.57,United Kingdom,Repeat Customer,49,258,4-9 orders (Regular),Active (0-90d),2011-02-01,3.0,947.65
13726,2011-08-31 11:06:00,2011-11-01 10:49:00,2,1079.66,539.83,United Kingdom,Repeat Customer,38,61,2-3 orders (Occasional),Active (0-90d),2011-08-01,61.0,292.68
13727,2009-12-09 13:25:00,2011-11-11 09:46:00,8,1074.15,134.27,United Kingdom,Repeat Customer,28,701,4-9 orders (Regular),Active (0-90d),2009-12-01,28.0,130.6
13728,2009-12-09 17:13:00,2011-11-03 10:49:00,16,2855.17,178.45,United Kingdom,Repeat Customer,36,693,10+ orders (Champions),Active (0-90d),2009-12-01,29.0,135.0
13729,2010-01-24 14:57:00,2010-09-30 10:44:00,3,724.73,241.58,United Kingdom,Repeat Customer,435,248,2-3 orders (Occasional),Lapsed (180d+),2010-01-01,245.0,357.88
13730,2011-07-01 12:47:00,2011-07-27 08:35:00,2,752.6,376.3,United Kingdom,Repeat Customer,135,25,2-3 orders (Occasional),At Risk (91-180d),2011-07-01,25.0,306.75
13731,2011-04-07 10:10:00,2011-05-04 14:33:00,2,610.59,305.29,United Kingdom,Repeat Customer,219,27,2-3 orders (Occasional),Lapsed (180d+),2011-04-01,27.0,308.12
13732,2011-11-11 15:49:00,2011-11-11 15:49:00,1,491.86,491.86,United Kingdom,One-Time Customer,28,0,1 order (One-Time),Active (0-90d),2011-11-01,,491.86
13733,2009-12-04 15:28:00,2010-10-25 12:18:00,2,487.03,243.52,United Kingdom,Repeat Customer,410,324,2-3 orders (Occasional),Lapsed (180d+),2009-12-01,324.0,149.1
13734,2010-04-16 08:42:00,2010-07-19 12:04:00,4,6695.69,1673.92,United Kingdom,Repeat Customer,508,94,4-9 orders (Regular),Lapsed (180d+),2010-04-01,84.0,279.6
13735,2009-12-13 13:31:00,2011-11-15 11:14:00,13,9762.77,750.98,United Kingdom,Repeat Customer,24,701,10+ orders (Champions),Active (0-90d),2009-12-01,39.0,489.62
13736,2009-12-06 12:07:00,2011-12-04 15:19:00,7,2752.47,393.21,United Kingdom,Repeat Customer,5,728,4-9 orders (Regular),Active (0-90d),2009-12-01,188.0,710.84
13737,2011-05-23 16:32:00,2011-05-23 16:32:00,1,339.6,339.6,United Kingdom,One-Time Customer,200,0,1 order (One-Time),Lapsed (180d+),2011-05-01,,339.6
13738,2010-11-08 15:23:00,2010-11-08 15:23:00,1,434.78,434.78,United Kingdom,One-Time Customer,396,0,1 order (One-Time),Lapsed (180d+),2010-11-01,,434.78
13739,2010-06-30 10:25:00,2011-11-21 13:35:00,2,292.2,146.1,United Kingdom,Repeat Customer,18,509,2-3 orders (Occasional),Active (0-90d),2010-06-01,509.0,75.3
13740,2009-12-02 12:22:00,2011-04-13 10:32:00,5,1582.77,316.55,United Kingdom,Repeat Customer,240,496,4-9 orders (Regular),Lapsed (180d+),2009-12-01,160.0,296.69
13741,2011-05-06 13:43:00,2011-09-29 09:19:00,3,668.43,222.81,United Kingdom,Repeat Customer,71,145,2-3 orders (Occasional),Active (0-90d),2011-05-01,33.0,162.96
13742,2011-01-23 14:59:00,2011-11-23 11:07:00,12,3107.87,258.99,United Kingdom,Repeat Customer,16,303,10+ orders (Champions),Active (0-90d),2011-01-01,20.0,456.98
13743,2011-03-25 14:46:00,2011-12-07 10:09:00,7,1341.6,191.66,United Kingdom,Repeat Customer,2,256,4-9 orders (Regular),Active (0-90d),2011-03-01,41.0,141.72
13744,2011-02-20 14:08:00,2011-09-05 15:19:00,2,1080.52,540.26,United Kingdom,Repeat Customer,95,197,2-3 orders (Occasional),At Risk (91-180d),2011-02-01,197.0,817.32
13745,2010-06-11 17:19:00,2011-06-30 16:43:00,2,777.36,388.68,United Kingdom,Repeat Customer,162,383,2-3 orders (Occasional),At Risk (91-180d),2010-06-01,383.0,477.32
13746,2010-10-22 11:55:00,2010-10-22 11:55:00,1,176.69,176.69,United Kingdom,One-Time Customer,413,0,1 order (One-Time),Lapsed (180d+),2010-10-01,,176.69
13747,2010-10-11 09:15:00,2010-12-01 10:37:00,2,169.8,84.9,United Kingdom,Repeat Customer,373,51,2-3 orders (Occasional),Lapsed (180d+),2010-10-01,51.0,90.2
13748,2009-12-01 16:44:00,2011-09-05 09:45:00,9,2064.35,229.37,United Kingdom,Repeat Customer,95,642,4-9 orders (Regular),At Risk (91-180d),2009-12-01,320.0,173.1
13750,2010-04-01 14:49:00,2011-10-17 12:16:00,11,3602.18,327.47,United Kingdom,Repeat Customer,53,563,10+ orders (Champions),Active (0-90d),2010-04-01,34.0,313.1
13751,2011-02-24 15:56:00,2011-02-24 15:56:00,1,296.25,296.25,United Kingdom,One-Time Customer,288,0,1 order (One-Time),Lapsed (180d+),2011-02-01,,296.25
13752,2010-06-30 10:23:00,2011-08-07 14:16:00,7,1579.83,225.69,United Kingdom,Repeat Customer,124,403,4-9 orders (Regular),At Risk (91-180d),2010-06-01,281.0,404.45
13753,2009-12-03 10:20:00,2011-02-25 12:48:00,4,2094.57,523.64,United Kingdom,Repeat Customer,287,449,4-9 orders (Regular),Lapsed (180d+),2009-12-01,85.0,642.2
13754,2010-09-28 15:29:00,2011-07-11 11:51:00,3,447.05,149.02,United Kingdom,Repeat Customer,151,285,2-3 orders (Occasional),At Risk (91-180d),2010-09-01,119.0,164.45
13755,2011-10-07 15:45:00,2011-12-06 12:26:00,9,2108.06,234.23,United Kingdom,Repeat Customer,3,59,4-9 orders (Regular),Active (0-90d),2011-10-01,12.0,462.81
13756,2009-12-15 15:18:00,2011-12-07 16:44:00,23,8655.95,376.35,United Kingdom,Repeat Customer,2,722,10+ orders (Champions),Active (0-90d),2009-12-01,36.0,182.25
13757,2010-02-03 12:37:00,2010-02-03 12:37:00,1,195.55,195.55,United Kingdom,One-Time Customer,674,0,1 order (One-Time),Lapsed (180d+),2010-02-01,,195.55
13758,2009-12-01 10:06:00,2011-11-28 11:11:00,14,8595.29,613.95,United Kingdom,Repeat Customer,11,727,10+ orders (Champions),Active (0-90d),2009-12-01,14.0,996.1
13759,2011-09-29 15:40:00,2011-11-06 14:47:00,2,659.41,329.7,United Kingdom,Repeat Customer,33,37,2-3 orders (Occasional),Active (0-90d),2011-09-01,37.0,560.41
13760,2010-04-25 13:10:00,2011-10-16 16:13:00,5,1363.64,272.73,United Kingdom,Repeat Customer,54,539,4-9 orders (Regular),Active (0-90d),2010-04-01,58.0,298.32
13761,2010-02-21 11:08:00,2011-10-20 14:01:00,6,1952.17,325.36,United Kingdom,Repeat Customer,50,606,4-9 orders (Regular),Active (0-90d),2010-02-01,81.0,311.9
13762,2010-01-10 12:13:00,2011-05-05 09:15:00,5,2472.48,494.5,United Kingdom,Repeat Customer,218,479,4-9 orders (Regular),Lapsed (180d+),2010-01-01,48.0,447.36
13763,2010-09-30 17:39:00,2011-10-07 15:13:00,3,5217.44,1739.15,United Kingdom,Repeat Customer,63,371,2-3 orders (Occasional),Active (0-90d),2010-09-01,17.0,3196.48
13764,2010-03-07 12:56:00,2011-09-30 12:03:00,6,2908.67,484.78,United Kingdom,Repeat Customer,70,571,4-9 orders (Regular),Active (0-90d),2010-03-01,0.0,558.3
13765,2010-02-24 13:46:00,2010-02-24 13:46:00,1,352.82,352.82,United Kingdom,One-Time Customer,653,0,1 order (One-Time),Lapsed (180d+),2010-02-01,,352.82
13766,2010-08-01 14:25:00,2010-08-01 14:25:00,1,190.35,190.35,United Kingdom,One-Time Customer,495,0,1 order (One-Time),Lapsed (180d+),2010-08-01,,190.35
13767,2009-12-01 10:52:00,2011-12-07 15:00:00,73,33903.57,464.43,United Kingdom,Repeat Customer,2,736,10+ orders (Champions),Active (0-90d),2009-12-01,6.0,1197.8
13768,2009-12-09 10:25:00,2009-12-13 10:41:00,2,875.97,437.98,United Kingdom,Repeat Customer,726,4,2-3 orders (Occasional),Lapsed (180d+),2009-12-01,4.0,519.42
13769,2009-12-16 11:59:00,2011-12-07 15:08:00,20,5478.12,273.91,United Kingdom,Repeat Customer,2,721,10+ orders (Champions),Active (0-90d),2009-12-01,64.0,214.25
13770,2009-12-09 14:44:00,2010-10-13 15:10:00,4,785.37,196.34,United Kingdom,Repeat Customer,422,308,4-9 orders (Regular),Lapsed (180d+),2009-12-01,84.0,174.33
13771,2010-02-25 12:37:00,2011-10-06 14:18:00,9,5728.82,636.54,United Kingdom,Repeat Customer,64,588,4-9 orders (Regular),Active (0-90d),2010-02-01,90.0,869.56
13772,2010-02-23 13:55:00,2011-11-06 11:43:00,8,3100.02,387.5,United Kingdom,Repeat Customer,33,620,4-9 orders (Regular),Active (0-90d),2010-02-01,71.0,562.6
13773,2010-02-18 10:27:00,2010-11-08 11:49:00,2,301.54,150.77,United Kingdom,Repeat Customer,396,263,2-3 orders (Occasional),Lapsed (180d+),2010-02-01,263.0,91.4
13774,2011-09-19 12:06:00,2011-09-19 12:06:00,1,345.0,345.0,United Kingdom,One-Time Customer,81,0,1 order (One-Time),Active (0-90d),2011-09-01,,345.0
13775,2010-04-28 12:15:00,2010-04-28 12:15:00,1,1049.66,1049.66,United Kingdom,One-Time Customer,590,0,1 order (One-Time),Lapsed (180d+),2010-04-01,,1049.66
13777,2009-12-02 09:47:00,2011-12-09 12:25:00,61,49638.26,813.74,United Kingdom,Repeat Customer,0,737,10+ orders (Champions),Active (0-90d),2009-12-01,0.0,4939.22
13778,2010-05-23 13:34:00,2011-08-28 15:25:00,4,1124.49,281.12,United Kingdom,Repeat Customer,103,462,4-9 orders (Regular),At Risk (91-180d),2010-05-01,31.0,352.71
13779,2010-07-12 11:24:00,2010-07-12 11:24:00,1,161.13,161.13,United Kingdom,One-Time Customer,515,0,1 order (One-Time),Lapsed (180d+),2010-07-01,,161.13
13780,2010-10-28 19:51:00,2011-12-02 13:49:00,3,732.07,244.02,United Kingdom,Repeat Customer,7,399,2-3 orders (Occasional),Active (0-90d),2010-10-01,236.0,372.06
13781,2009-12-18 15:46:00,2011-04-03 12:08:00,3,778.83,259.61,United Kingdom,Repeat Customer,250,470,2-3 orders (Occasional),Lapsed (180d+),2009-12-01,128.0,314.44
13782,2009-12-06 12:52:00,2011-11-27 11:54:00,13,1786.08,137.39,United Kingdom,Repeat Customer,12,720,10+ orders (Champions),Active (0-90d),2009-12-01,42.0,132.4
13783,2010-02-04 13:47:00,2010-08-09 09:23:00,4,1542.09,385.52,United Kingdom,Repeat Customer,487,185,4-9 orders (Regular),Lapsed (180d+),2010-02-01,33.0,488.88
13784,2010-09-15 12:27:00,2011-11-30 09:33:00,14,2910.23,207.87,United Kingdom,Repeat Customer,9,440,10+ orders (Champions),Active (0-90d),2010-09-01,10.0,389.19
13785,2010-09-05 16:01:00,2010-10-07 09:25:00,4,542.49,135.62,United Kingdom,Repeat Customer,428,31,4-9 orders (Regular),Lapsed (180d+),2010-09-01,0.0,80.23
13786,2009-12-03 15:32:00,2010-12-07 13:53:00,6,3127.99,521.33,United Kingdom,Repeat Customer,367,368,4-9 orders (Regular),Lapsed (180d+),2009-12-01,102.0,723.09
13787,2010-01-14 10:13:00,2011-09-25 12:06:00,6,1222.5,203.75,United Kingdom,Repeat Customer,75,619,4-9 orders (Regular),Active (0-90d),2010-01-01,39.0,164.34
13788,2010-07-22 15:50:00,2010-07-22 15:50:00,1,3.75,3.75,United Kingdom,One-Time Customer,505,0,1 order (One-Time),Lapsed (180d+),2010-07-01,,3.75
13789,2010-11-16 15:31:00,2010-11-16 15:31:00,1,239.46,239.46,United Kingdom,One-Time Customer,388,0,1 order (One-Time),Lapsed (180d+),2010-11-01,,239.46
13790,2011-12-05 15:48:00,2011-12-05 15:48:00,1,348.8,348.8,United Kingdom,One-Time Customer,4,0,1 order (One-Time),Active (0-90d),2011-12-01,,348.8
13791,2011-06-24 16:38:00,2011-08-04 11:44:00,2,1516.0,758.0,United Kingdom,Repeat Customer,127,40,2-3 orders (Occasional),At Risk (91-180d),2011-06-01,40.0,937.0
13792,2010-10-13 11:05:00,2011-10-04 14:31:00,3,383.95,127.98,United Kingdom,Repeat Customer,66,356,2-3 orders (Occasional),Active (0-90d),2010-10-01,135.0,188.4
13793,2010-03-03 08:25:00,2010-03-03 08:25:00,1,96.0,96.0,United Kingdom,One-Time Customer,646,0,1 order (One-Time),Lapsed (180d+),2010-03-01,,96.0
13794,2010-06-11 12:30:00,2010-06-11 12:30:00,1,126.03,126.03,United Kingdom,One-Time Customer,546,0,1 order (One-Time),Lapsed (180d+),2010-06-01,,126.03
13795,2010-03-12 12:44:00,2010-11-16 17:25:00,4,836.3,209.08,United Kingdom,Repeat Customer,388,249,4-9 orders (Regular),Lapsed (180d+),2010-03-01,130.0,222.5
13796,2010-07-28 14:45:00,2010-07-28 14:45:00,1,289.7,289.7,United Kingdom,One-Time Customer,499,0,1 order (One-Time),Lapsed (180d+),2010-07-01,,289.7
13797,2010-03-02 12:17:00,2010-09-29 10:34:00,3,1179.45,393.15,United Kingdom,Repeat Customer,436,210,2-3 orders (Occasional),Lapsed (180d+),2010-03-01,79.0,354.49
13798,2009-12-08 16:21:00,2011-12-08 15:51:00,110,75428.87,685.72,United Kingdom,Repeat Customer,1,729,10+ orders (Champions),Active (0-90d),2009-12-01,6.0,484.0
13799,2010-03-05 16:39:00,2011-08-15 12:07:00,9,2803.57,311.51,United Kingdom,Repeat Customer,116,527,4-9 orders (Regular),At Risk (91-180d),2010-03-01,36.0,378.3
13800,2009-12-03 10:03:00,2011-02-03 12:27:00,3,1679.56,559.85,United Kingdom,Repeat Customer,309,427,2-3 orders (Occasional),Lapsed (180d+),2009-12-01,306.0,478.7
13801,2011-10-04 10:15:00,2011-10-04 10:15:00,1,324.8,324.8,United Kingdom,One-Time Customer,66,0,1 order (One-Time),Active (0-90d),2011-10-01,,324.8
13802,2010-02-16 10:11:00,2011-07-24 10:54:00,19,26259.11,1382.06,United Kingdom,Repeat Customer,138,523,10+ orders (Champions),At Risk (91-180d),2010-02-01,26.0,404.76
13803,2010-03-31 10:00:00,2011-03-29 12:57:00,3,1338.91,446.3,United Kingdom,Repeat Customer,255,363,2-3 orders (Occasional),Lapsed (180d+),2010-03-01,187.0,433.53
13804,2010-09-29 10:26:00,2011-11-09 12:32:00,9,3161.12,351.24,United Kingdom,Repeat Customer,30,406,4-9 orders (Regular),Active (0-90d),2010-09-01,1.0,542.73
13805,2011-08-02 15:29:00,2011-10-18 14:50:00,2,924.6,462.3,United Kingdom,Repeat Customer,52,76,2-3 orders (Occasional),Active (0-90d),2011-08-01,76.0,500.24
13806,2011-10-07 11:43:00,2011-10-07 11:43:00,1,256.38,256.38,United Kingdom,One-Time Customer,63,0,1 order (One-Time),Active (0-90d),2011-10-01,,256.38
13807,2009-12-04 12:41:00,2010-12-07 15:48:00,3,422.2,140.73,United Kingdom,Repeat Customer,367,368,2-3 orders (Occasional),Lapsed (180d+),2009-12-01,161.0,107.95
13808,2011-09-04 12:07:00,2011-12-04 12:18:00,5,1747.66,349.53,United Kingdom,Repeat Customer,5,91,4-9 orders (Regular),Active (0-90d),2011-09-01,3.0,573.46
13809,2010-09-05 11:42:00,2011-02-07 13:15:00,3,679.7,226.57,Cyprus,Repeat Customer,305,155,2-3 orders (Occasional),Lapsed (180d+),2010-09-01,65.0,127.05
13810,2011-10-14 12:57:00,2011-11-11 08:33:00,2,827.51,413.76,Germany,Repeat Customer,28,27,2-3 orders (Occasional),Active (0-90d),2011-10-01,27.0,599.5
13811,2011-04-14 18:40:00,2011-06-09 09:54:00,2,519.75,259.88,Germany,Repeat Customer,183,55,2-3 orders (Occasional),Lapsed (180d+),2011-04-01,55.0,222.75
13812,2011-08-26 12:54:00,2011-10-28 14:27:00,3,485.0,161.67,Germany,Repeat Customer,42,63,2-3 orders (Occasional),Active (0-90d),2011-08-01,41.0,260.74
13813,2009-12-06 10:16:00,2011-10-31 10:38:00,8,2387.47,298.43,Germany,Repeat Customer,39,694,4-9 orders (Regular),Active (0-90d),2009-12-01,66.0,247.15
13814,2010-06-30 14:12:00,2011-09-08 13:48:00,3,2257.32,752.44,Germany,Repeat Customer,92,434,2-3 orders (Occasional),At Risk (91-180d),2010-06-01,389.0,678.2
13815,2010-02-12 10:26:00,2011-11-17 14:19:00,8,6737.74,842.22,Germany,Repeat Customer,22,643,4-9 orders (Regular),Active (0-90d),2010-02-01,114.0,684.86
13816,2011-10-06 14:37:00,2011-11-16 08:38:00,2,499.67,249.83,Germany,Repeat Customer,23,40,2-3 orders (Occasional),Active (0-90d),2011-10-01,40.0,317.69
13817,2010-12-23 11:46:00,2011-11-10 17:49:00,2,328.98,164.49,Germany,Repeat Customer,29,322,2-3 orders (Occasional),Active (0-90d),2010-12-01,322.0,110.7
13818,2010-10-06 12:35:00,2010-10-06 12:35:00,1,61.28,61.28,United Kingdom,One-Time Customer,429,0,1 order (One-Time),Lapsed (180d+),2010-10-01,,61.28
13819,2009-12-01 16:18:00,2011-02-11 10:38:00,6,2642.35,440.39,United Kingdom,Repeat Customer,301,436,4-9 orders (Regular),Lapsed (180d+),2009-12-01,9.0,622.1
13820,2010-01-28 12:26:00,2010-10-17 13:46:00,3,652.75,217.58,United Kingdom,Repeat Customer,418,262,2-3 orders (Occasional),Lapsed (180d+),2010-01-01,33.0,227.22
13821,2010-01-04 13:36:00,2011-07-18 09:49:00,6,1379.08,229.85,United Kingdom,Repeat Customer,144,559,4-9 orders (Regular),At Risk (91-180d),2010-01-01,2.0,282.65
13822,2011-10-30 15:55:00,2011-12-04 12:13:00,2,632.0,316.0,United Kingdom,Repeat Customer,5,34,2-3 orders (Occasional),Active (0-90d),2011-10-01,34.0,468.38
13823,2009-12-15 14:34:00,2011-11-21 10:22:00,7,3403.45,486.21,United Kingdom,Repeat Customer,18,705,4-9 orders (Regular),Active (0-90d),2009-12-01,51.0,391.55
13824,2010-03-12 15:17:00,2011-11-07 12:41:00,12,3314.76,276.23,United Kingdom,Repeat Customer,32,604,10+ orders (Champions),Active (0-90d),2010-03-01,47.0,96.96
13825,2009-12-09 14:30:00,2010-03-28 11:02:00,2,255.59,127.8,United Kingdom,Repeat Customer,621,108,2-3 orders (Occasional),Lapsed (180d+),2009-12-01,108.0,143.36
13826,2011-06-16 13:48:00,2011-06-16 13:48:00,1,189.5,189.5,United Kingdom,One-Time Customer,176,0,1 order (One-Time),At Risk (91-180d),2011-06-01,,189.5
13827,2011-07-19 15:38:00,2011-10-13 12:38:00,3,409.8,136.6,United Kingdom,Repeat Customer,57,85,2-3 orders (Occasional),Active (0-90d),2011-07-01,9.0,112.74
13828,2011-11-17 16:02:00,2011-11-17 16:02:00,1,209.49,209.49,United Kingdom,One-Time Customer,22,0,1 order (One-Time),Active (0-90d),2011-11-01,,209.49
13829,2010-10-14 18:19:00,2010-10-14 18:19:00,1,102.0,102.0,United Kingdom,One-Time Customer,421,0,1 order (One-Time),Lapsed (180d+),2010-10-01,,102.0
13830,2010-05-07 12:24:00,2010-05-07 12:24:00,1,156.85,156.85,United Kingdom,One-Time Customer,581,0,1 order (One-Time),Lapsed (180d+),2010-05-01,,156.85
13831,2009-12-10 14:50:00,2011-11-23 15:41:00,18,6585.54,365.86,United Kingdom,Repeat Customer,16,713,10+ orders (Champions),Active (0-90d),2009-12-01,5.0,910.76
13832,2010-10-13 14:41:00,2011-11-20 15:36:00,2,609.89,304.95,United Kingdom,Repeat Customer,19,403,2-3 orders (Occasional),Active (0-90d),2010-10-01,403.0,557.69
13833,2010-10-31 14:11:00,2011-07-03 13:27:00,2,700.41,350.21,United Kingdom,Repeat Customer,159,244,2-3 orders (Occasional),At Risk (91-180d),2010-10-01,244.0,316.56
13834,2010-02-08 12:52:00,2010-05-12 10:27:00,2,324.19,162.1,United Kingdom,Repeat Customer,576,92,2-3 orders (Occasional),Lapsed (180d+),2010-02-01,92.0,202.45
13835,2010-03-04 08:26:00,2011-11-14 15:37:00,7,1095.27,156.47,United Kingdom,Repeat Customer,25,620,4-9 orders (Regular),Active (0-90d),2010-03-01,20.0,124.45
13836,2010-10-21 13:27:00,2010-11-05 13:31:00,2,620.37,310.18,United Kingdom,Repeat Customer,399,15,2-3 orders (Occasional),Lapsed (180d+),2010-10-01,15.0,320.87
13837,2011-01-26 12:15:00,2011-05-12 12:10:00,2,266.59,133.29,United Kingdom,Repeat Customer,211,105,2-3 orders (Occasional),Lapsed (180d+),2011-01-01,105.0,109.05
13838,2010-05-09 11:40:00,2011-12-04 11:00:00,10,1690.07,169.01,United Kingdom,Repeat Customer,5,573,10+ orders (Champions),Active (0-90d),2010-05-01,147.0,240.44
13839,2010-08-10 13:52:00,2010-08-10 13:52:00,1,139.95,139.95,United Kingdom,One-Time Customer,486,0,1 order (One-Time),Lapsed (180d+),2010-08-01,,139.95
13840,2010-10-19 13:34:00,2010-10-19 13:34:00,1,651.4,651.4,United Kingdom,One-Time Customer,416,0,1 order (One-Time),Lapsed (180d+),2010-10-01,,651.4
13841,2011-04-01 12:10:00,2011-04-01 12:10:00,1,85.0,85.0,United Kingdom,One-Time Customer,252,0,1 order (One-Time),Lapsed (180d+),2011-04-01,,85.0
13842,2010-02-16 15:54:00,2011-10-12 10:51:00,18,5319.34,295.52,United Kingdom,Repeat Customer,58,602,10+ orders (Champions),Active (0-90d),2010-02-01,0.0,190.95
13843,2010-11-23 17:48:00,2010-11-23 17:48:00,1,319.75,319.75,United Kingdom,One-Time Customer,381,0,1 order (One-Time),Lapsed (180d+),2010-11-01,,319.75
13844,2011-11-28 13:21:00,2011-11-28 13:21:00,1,361.62,361.62,United Kingdom,One-Time Customer,11,0,1 order (One-Time),Active (0-90d),2011-11-01,,361.62
13845,2011-10-06 08:25:00,2011-10-06 08:25:00,1,312.98,312.98,United Kingdom,One-Time Customer,64,0,1 order (One-Time),Active (0-90d),2011-10-01,,312.98
13846,2010-11-05 09:47:00,2011-11-15 12:07:00,4,1307.79,326.95,United Kingdom,Repeat Customer,24,375,4-9 orders (Regular),Active (0-90d),2010-11-01,39.0,442.73
13847,2009-12-20 10:41:00,2009-12-20 10:41:00,1,310.72,310.72,United Kingdom,One-Time Customer,719,0,1 order (One-Time),Lapsed (180d+),2009-12-01,,310.72
13848,2009-12-09 16:17:00,2011-09-08 12:58:00,8,3015.0,376.88,United Kingdom,Repeat Customer,92,637,4-9 orders (Regular),At Risk (91-180d),2009-12-01,101.0,480.0
13849,2010-03-25 12:03:00,2011-10-19 10:59:00,5,3469.3,693.86,United Kingdom,Repeat Customer,51,572,4-9 orders (Regular),Active (0-90d),2010-03-01,190.0,509.65
13850,2011-08-02 14:04:00,2011-08-02 14:04:00,1,1595.48,1595.48,United Kingdom,One-Time Customer,129,0,1 order (One-Time),At Risk (91-180d),2011-08-01,,1595.48
13851,2010-01-29 11:54:00,2011-09-05 12:36:00,8,4606.46,575.81,United Kingdom,Repeat Customer,95,584,4-9 orders (Regular),At Risk (91-180d),2010-01-01,237.0,199.3
13852,2010-04-08 09:06:00,2010-04-08 09:06:00,1,187.35,187.35,United Kingdom,One-Time Customer,610,0,1 order (One-Time),Lapsed (180d+),2010-04-01,,187.35
13853,2011-10-13 14:18:00,2011-10-13 14:18:00,1,1090.14,1090.14,United Kingdom,One-Time Customer,57,0,1 order (One-Time),Active (0-90d),2011-10-01,,1090.14
13854,2010-01-08 11:28:00,2011-12-01 09:06:00,39,11944.56,306.27,United Kingdom,Repeat Customer,8,691,10+ orders (Champions),Active (0-90d),2010-01-01,25.0,228.67
13855,2009-12-08 16:56:00,2010-07-27 09:53:00,4,1310.34,327.58,United Kingdom,Repeat Customer,500,230,4-9 orders (Regular),Lapsed (180d+),2009-12-01,9.0,313.45
13856,2010-03-30 15:40:00,2011-06-24 10:03:00,11,1142.03,103.82,United Kingdom,Repeat Customer,168,450,10+ orders (Champions),At Risk (91-180d),2010-03-01,20.0,107.58
13857,2010-05-17 14:21:00,2010-11-11 12:54:00,6,1000.91,166.82,United Kingdom,Repeat Customer,393,177,4-9 orders (Regular),Lapsed (180d+),2010-05-01,82.0,214.65
13858,2011-10-13 16:17:00,2011-10-13 16:17:00,1,216.17,216.17,United Kingdom,One-Time Customer,57,0,1 order (One-Time),Active (0-90d),2011-10-01,,216.17
13859,2010-06-28 15:36:00,2011-01-17 16:14:00,2,515.86,257.93,United Kingdom,Repeat Customer,326,203,2-3 orders (Occasional),Lapsed (180d+),2010-06-01,203.0,314.7
13860,2011-09-14 09:27:00,2011-12-08 12:57:00,5,1245.9,249.18,United Kingdom,Repeat Customer,1,85,4-9 orders (Regular),Active (0-90d),2011-09-01,34.0,405.88
13861,2010-06-27 11:37:00,2010-10-06 14:20:00,2,273.26,136.63,United Kingdom,Repeat Customer,429,101,2-3 orders (Occasional),Lapsed (180d+),2010-06-01,101.0,128.43
13862,2010-11-15 13:43:00,2011-11-21 16:24:00,9,2556.09,284.01,United Kingdom,Repeat Customer,18,371,4-9 orders (Regular),Active (0-90d),2010-11-01,57.0,346.73
13863,2010-04-25 13:09:00,2011-04-06 10:20:00,4,1239.55,309.89,United Kingdom,Repeat Customer,247,345,4-9 orders (Regular),Lapsed (180d+),2010-04-01,51.0,304.52
13864,2010-11-18 12:50:00,2010-11-18 12:50:00,1,662.4,662.4,United Kingdom,One-Time Customer,386,0,1 order (One-Time),Lapsed (180d+),2010-11-01,,662.4
13865,2011-02-23 12:04:00,2011-10-12 13:31:00,4,501.56,125.39,United Kingdom,Repeat Customer,58,231,4-9 orders (Regular),Active (0-90d),2011-02-01,102.0,123.3
13866,2011-09-26 14:54:00,2011-09-26 14:54:00,1,145.67,145.67,United Kingdom,One-Time Customer,74,0,1 order (One-Time),Active (0-90d),2011-09-01,,145.67
13867,2011-05-05 17:28:00,2011-11-08 15:48:00,3,1005.09,335.03,United Kingdom,Repeat Customer,31,186,2-3 orders (Occasional),Active (0-90d),2011-05-01,143.0,138.85
13868,2011-11-01 12:45:00,2011-12-02 16:32:00,2,3192.54,1596.27,United Kingdom,Repeat Customer,7,31,2-3 orders (Occasional),Active (0-90d),2011-11-01,31.0,507.54
13869,2010-01-17 14:53:00,2011-08-08 13:53:00,10,7996.87,799.69,United Kingdom,Repeat Customer,123,567,10+ orders (Champions),At Risk (91-180d),2010-01-01,64.0,1232.88
13870,2010-02-08 12:08:00,2011-12-07 13:23:00,15,5712.08,380.81,United Kingdom,Repeat Customer,2,667,10+ orders (Champions),Active (0-90d),2010-02-01,87.0,611.54
13871,2009-12-20 13:09:00,2011-11-17 10:49:00,17,7885.85,463.87,United Kingdom,Repeat Customer,22,696,10+ orders (Champions),Active (0-90d),2009-12-01,97.0,554.0
13872,2009-12-14 09:56:00,2010-06-30 15:35:00,3,919.57,306.52,United Kingdom,Repeat Customer,527,198,2-3 orders (Occasional),Lapsed (180d+),2009-12-01,99.0,252.12
13873,2010-03-03 12:31:00,2011-08-12 10:08:00,8,1038.92,129.86,United Kingdom,Repeat Customer,119,526,4-9 orders (Regular),At Risk (91-180d),2010-03-01,71.0,149.55
13874,2010-02-04 18:39:00,2010-12-16 18:20:00,7,2049.15,292.74,United Kingdom,Repeat Customer,358,314,4-9 orders (Regular),Lapsed (180d+),2010-02-01,32.0,150.35
13875,2009-12-17 10:30:00,2011-10-17 09:36:00,14,4814.37,343.88,United Kingdom,Repeat Customer,53,668,10+ orders (Champions),Active (0-90d),2009-12-01,49.0,164.59
13876,2011-10-07 10:22:00,2011-10-07 10:22:00,1,122.7,122.7,United Kingdom,One-Time Customer,63,0,1 order (One-Time),Active (0-90d),2011-10-01,,122.7
13877,2010-01-19 10:53:00,2011-09-14 15:49:00,3,449.68,149.89,United Kingdom,Repeat Customer,86,603,2-3 orders (Occasional),Active (0-90d),2010-01-01,219.0,154.83
13878,2010-04-14 13:50:00,2011-10-16 12:19:00,4,2416.9,604.22,United Kingdom,Repeat Customer,54,549,4-9 orders (Regular),Active (0-90d),2010-04-01,28.0,580.98
13879,2010-03-04 10:49:00,2010-03-04 10:49:00,1,395.5,395.5,United Kingdom,One-Time Customer,645,0,1 order (One-Time),Lapsed (180d+),2010-03-01,,395.5
13880,2010-05-26 14:29:00,2011-11-18 13:44:00,17,4293.86,252.58,United Kingdom,Repeat Customer,21,540,10+ orders (Champions),Active (0-90d),2010-05-01,76.0,225.57
13881,2010-03-04 14:41:00,2011-12-06 12:50:00,43,45179.1,1050.68,United Kingdom,Repeat Customer,3,641,10+ orders (Champions),Active (0-90d),2010-03-01,14.0,2985.5
13882,2011-10-06 15:28:00,2011-12-07 11:16:00,5,1191.13,238.23,United Kingdom,Repeat Customer,2,61,4-9 orders (Regular),Active (0-90d),2011-10-01,20.0,192.76
13883,2010-02-28 12:53:00,2011-11-29 10:45:00,14,6535.37,466.81,United Kingdom,Repeat Customer,10,638,10+ orders (Champions),Active (0-90d),2010-02-01,14.0,421.35
13884,2010-08-26 19:57:00,2011-12-02 16:30:00,10,1825.03,182.5,United Kingdom,Repeat Customer,7,462,10+ orders (Champions),Active (0-90d),2010-08-01,72.0,248.45
13885,2011-05-23 08:52:00,2011-06-03 15:07:00,2,506.8,253.4,United Kingdom,Repeat Customer,189,11,2-3 orders (Occasional),Lapsed (180d+),2011-05-01,11.0,399.15
13886,2011-09-29 13:17:00,2011-09-29 13:17:00,1,243.56,243.56,United Kingdom,One-Time Customer,71,0,1 order (One-Time),Active (0-90d),2011-09-01,,243.56
13887,2011-05-19 17:22:00,2011-05-19 17:22:00,1,349.55,349.55,United Kingdom,One-Time Customer,204,0,1 order (One-Time),Lapsed (180d+),2011-05-01,,349.55
13888,2010-05-13 11:57:00,2011-08-12 10:13:00,7,2001.59,285.94,United Kingdom,Repeat Customer,119,455,4-9 orders (Regular),At Risk (91-180d),2010-05-01,0.0,279.67
13889,2010-01-22 14:32:00,2011-09-08 09:13:00,6,1991.23,331.87,United Kingdom,Repeat Customer,92,593,4-9 orders (Regular),At Risk (91-180d),2010-01-01,34.0,319.38
13890,2009-12-06 15:15:00,2011-12-08 15:36:00,14,2927.38,209.1,United Kingdom,Repeat Customer,1,732,10+ orders (Champions),Active (0-90d),2009-12-01,87.0,213.65
13891,2010-05-06 16:02:00,2010-11-26 15:57:00,3,859.21,286.4,United Kingdom,Repeat Customer,378,203,2-3 orders (Occasional),Lapsed (180d+),2010-05-01,167.0,398.4
13892,2010-05-13 10:32:00,2011-11-13 11:50:00,6,1267.65,211.28,United Kingdom,Repeat Customer,26,549,4-9 orders (Regular),Active (0-90d),2010-05-01,97.0,525.24
13893,2011-02-15 11:30:00,2011-02-15 11:30:00,1,821.1,821.1,United Kingdom,One-Time Customer,297,0,1 order (One-Time),Lapsed (180d+),2011-02-01,,821.1
13894,2011-02-02 12:54:00,2011-11-16 09:44:00,3,564.62,188.21,United Kingdom,Repeat Customer,23,286,2-3 orders (Occasional),Active (0-90d),2011-02-01,286.0,160.85
13895,2009-12-03 13:09:00,2011-11-11 16:57:00,6,4008.52,668.09,United Kingdom,Repeat Customer,28,708,4-9 orders (Regular),Active (0-90d),2009-12-01,220.0,831.0
13896,2010-03-24 08:55:00,2010-03-24 08:55:00,1,388.55,388.55,United Kingdom,One-Time Customer,625,0,1 order (One-Time),Lapsed (180d+),2010-03-01,,388.55
13897,2010-01-31 13:48:00,2011-10-20 14:30:00,3,1160.72,386.91,United Kingdom,Repeat Customer,50,627,2-3 orders (Occasional),Active (0-90d),2010-01-01,238.0,482.67
13898,2010-10-24 15:42:00,2011-01-18 10:28:00,2,686.4,343.2,United Kingdom,Repeat Customer,325,85,2-3 orders (Occasional),Lapsed (180d+),2010-10-01,85.0,530.47
13899,2011-03-10 09:30:00,2011-11-23 13:40:00,2,388.52,194.26,United Kingdom,Repeat Customer,16,258,2-3 orders (Occasional),Active (0-90d),2011-03-01,258.0,298.5
13900,2010-03-25 13:46:00,2011-06-09 19:26:00,6,1610.59,268.43,United Kingdom,Repeat Customer,183,441,4-9 orders (Regular),Lapsed (180d+),2010-03-01,120.0,260.5
13901,2010-01-05 09:29:00,2011-09-28 14:48:00,15,5676.34,378.42,United Kingdom,Repeat Customer,72,631,10+ orders (Champions),Active (0-90d),2010-01-01,43.0,279.11
13902,2009-12-15 10:02:00,2010-03-17 13:09:00,5,34023.26,6804.65,Denmark,Repeat Customer,632,92,4-9 orders (Regular),Lapsed (180d+),2009-12-01,37.0,357.66
13903,2010-11-04 17:44:00,2010-11-04 17:44:00,1,165.45,165.45,United Kingdom,One-Time Customer,400,0,1 order (One-Time),Lapsed (180d+),2010-11-01,,165.45
13904,2011-02-18 11:18:00,2011-11-02 13:41:00,2,332.64,166.32,United Kingdom,Repeat Customer,37,257,2-3 orders (Occasional),Active (0-90d),2011-02-01,257.0,201.12
13905,2009-12-07 11:41:00,2009-12-07 11:41:00,1,312.65,312.65,United Kingdom,One-Time Customer,732,0,1 order (One-Time),Lapsed (180d+),2009-12-01,,312.65
13906,2010-10-26 15:00:00,2010-10-26 15:00:00,1,42.0,42.0,United Kingdom,One-Time Customer,409,0,1 order (One-Time),Lapsed (180d+),2010-10-01,,42.0
13907,2010-01-17 12:22:00,2010-01-17 12:22:00,1,136.8,136.8,United Kingdom,One-Time Customer,691,0,1 order (One-Time),Lapsed (180d+),2010-01-01,,136.8
13908,2011-03-08 12:04:00,2011-09-21 11:49:00,4,2369.55,592.39,United Kingdom,Repeat Customer,79,196,4-9 orders (Regular),Active (0-90d),2011-03-01,61.0,496.0
13909,2010-07-06 16:52:00,2010-10-12 17:22:00,2,282.85,141.43,United Kingdom,Repeat Customer,423,98,2-3 orders (Occasional),Lapsed (180d+),2010-07-01,98.0,112.46
13911,2010-03-01 16:31:00,2011-10-13 15:43:00,20,4234.99,211.75,United Kingdom,Repeat Customer,57,590,10+ orders (Champions),Active (0-90d),2010-03-01,6.0,141.24
13912,2010-10-12 08:43:00,2010-10-12 08:43:00,1,124.95,124.95,United Kingdom,One-Time Customer,423,0,1 order (One-Time),Lapsed (180d+),2010-10-01,,124.95
13913,2010-07-21 10:11:00,2010-07-21 10:11:00,1,42.22,42.22,United Kingdom,One-Time Customer,506,0,1 order (One-Time),Lapsed (180d+),2010-07-01,,42.22
13914,2011-11-03 16:28:00,2011-11-28 10:35:00,2,626.45,313.23,United Kingdom,Repeat Customer,11,24,2-3 orders (Occasional),Active (0-90d),2011-11-01,24.0,321.07
13915,2010-11-10 15:17:00,2010-11-10 15:17:00,1,70.8,70.8,United Kingdom,One-Time Customer,394,0,1 order (One-Time),Lapsed (180d+),2010-11-01,,70.8
13916,2010-02-02 10:06:00,2010-09-02 10:04:00,4,1275.81,318.95,United Kingdom,Repeat Customer,463,211,4-9 orders (Regular),Lapsed (180d+),2010-02-01,120.0,364.5
13917,2011-06-01 12:46:00,2011-10-21 09:56:00,2,272.04,136.02,United Kingdom,Repeat Customer,49,141,2-3 orders (Occasional),Active (0-90d),2011-06-01,141.0,65.38
13918,2011-03-31 18:05:00,2011-10-21 12:25:00,2,1212.84,606.42,United Kingdom,Repeat Customer,49,203,2-3 orders (Occasional),Active (0-90d),2011-03-01,203.0,198.2
13919,2010-06-17 09:30:00,2011-10-11 14:24:00,4,1252.68,313.17,Denmark,Repeat Customer,59,481,4-9 orders (Regular),Active (0-90d),2010-06-01,116.0,581.27
13920,2010-05-26 15:48:00,2010-10-04 12:37:00,4,1774.68,443.67,United Kingdom,Repeat Customer,431,130,4-9 orders (Regular),Lapsed (180d+),2010-05-01,71.0,523.65
13921,2009-12-18 12:19:00,2010-11-02 16:32:00,4,730.7,182.68,United Kingdom,Repeat Customer,402,319,4-9 orders (Regular),Lapsed (180d+),2009-12-01,180.0,102.75
13922,2010-08-29 14:36:00,2010-12-23 10:38:00,3,865.2,288.4,United Kingdom,Repeat Customer,351,115,2-3 orders (Occasional),Lapsed (180d+),2010-08-01,30.0,423.2
13923,2011-10-17 12:33:00,2011-10-17 12:33:00,1,351.13,351.13,United Kingdom,One-Time Customer,53,0,1 order (One-Time),Active (0-90d),2011-10-01,,351.13
13924,2011-09-28 15:07:00,2011-12-08 09:39:00,6,1838.85,306.47,United Kingdom,Repeat Customer,1,70,4-9 orders (Regular),Active (0-90d),2011-09-01,27.0,679.03
13925,2011-07-28 12:09:00,2011-09-08 12:47:00,4,678.25,169.56,United Kingdom,Repeat Customer,92,42,4-9 orders (Regular),At Risk (91-180d),2011-07-01,13.0,380.12
13926,2011-11-16 13:16:00,2011-11-16 13:16:00,1,223.85,223.85,United Kingdom,One-Time Customer,23,0,1 order (One-Time),Active (0-90d),2011-11-01,,223.85
13927,2010-09-28 16:12:00,2011-09-26 12:00:00,2,708.26,354.13,United Kingdom,Repeat Customer,74,362,2-3 orders (Occasional),Active (0-90d),2010-09-01,362.0,359.27
13928,2011-07-29 15:59:00,2011-11-29 10:33:00,4,464.57,116.14,United Kingdom,Repeat Customer,10,122,4-9 orders (Regular),Active (0-90d),2011-07-01,26.0,104.2
13929,2010-01-14 07:25:00,2011-06-23 15:26:00,11,3494.1,317.65,United Kingdom,Repeat Customer,169,525,10+ orders (Champions),At Risk (91-180d),2010-01-01,36.0,179.7
13930,2011-07-26 11:00:00,2011-10-13 09:45:00,2,337.34,168.67,United Kingdom,Repeat Customer,57,78,2-3 orders (Occasional),Active (0-90d),2011-07-01,78.0,210.0
13931,2009-12-03 10:26:00,2011-09-05 10:12:00,11,5257.38,477.94,United Kingdom,Repeat Customer,95,640,10+ orders (Champions),At Risk (91-180d),2009-12-01,0.0,1146.1
13932,2011-02-18 12:02:00,2011-02-18 12:02:00,1,307.4,307.4,United Kingdom,One-Time Customer,294,0,1 order (One-Time),Lapsed (180d+),2011-02-01,,307.4
13933,2011-07-14 13:35:00,2011-08-22 14:03:00,2,608.79,304.4,United Kingdom,Repeat Customer,109,39,2-3 orders (Occasional),At Risk (91-180d),2011-07-01,39.0,300.99
13934,2011-03-21 08:39:00,2011-03-21 08:39:00,1,922.1,922.1,United Kingdom,One-Time Customer,263,0,1 order (One-Time),Lapsed (180d+),2011-03-01,,922.1
13935,2010-02-25 16:01:00,2010-04-22 11:21:00,3,6116.92,2038.97,United Kingdom,Repeat Customer,596,55,2-3 orders (Occasional),Lapsed (180d+),2010-02-01,19.0,2320.03
13936,2010-10-21 14:21:00,2011-06-13 08:47:00,3,939.66,313.22,United Kingdom,Repeat Customer,179,234,2-3 orders (Occasional),At Risk (91-180d),2010-10-01,31.0,408.18
13937,2010-11-02 12:37:00,2011-06-23 16:35:00,2,880.13,440.06,United Kingdom,Repeat Customer,169,233,2-3 orders (Occasional),At Risk (91-180d),2010-11-01,233.0,721.28
13938,2011-11-04 14:37:00,2011-11-04 14:37:00,1,71.66,71.66,United Kingdom,One-Time Customer,35,0,1 order (One-Time),Active (0-90d),2011-11-01,,71.66
13939,2010-04-06 12:43:00,2011-11-16 13:33:00,7,1560.96,222.99,United Kingdom,Repeat Customer,23,589,4-9 orders (Regular),Active (0-90d),2010-04-01,13.0,165.38
13940,2011-07-18 16:05:00,2011-11-22 15:15:00,4,839.14,209.78,United Kingdom,Repeat Customer,17,126,4-9 orders (Regular),Active (0-90d),2011-07-01,27.0,218.62
13941,2009-12-16 16:10:00,2011-11-18 09:43:00,15,10027.18,668.48,United Kingdom,Repeat Customer,21,701,10+ orders (Champions),Active (0-90d),2009-12-01,41.0,781.1
13942,2010-06-23 12:35:00,2010-06-23 12:35:00,1,320.0,320.0,United Kingdom,One-Time Customer,534,0,1 order (One-Time),Lapsed (180d+),2010-06-01,,320.0
13943,2010-05-11 11:30:00,2010-05-11 11:30:00,1,246.54,246.54,United Kingdom,One-Time Customer,577,0,1 order (One-Time),Lapsed (180d+),2010-05-01,,246.54
13944,2010-02-24 15:02:00,2010-02-24 15:02:00,1,200.43,200.43,United Kingdom,One-Time Customer,653,0,1 order (One-Time),Lapsed (180d+),2010-02-01,,200.43
13945,2010-08-17 09:59:00,2010-11-10 10:00:00,2,854.15,427.08,United Kingdom,Repeat Customer,394,85,2-3 orders (Occasional),Lapsed (180d+),2010-08-01,85.0,515.65
13946,2009-12-04 11:07:00,2011-09-21 13:33:00,6,1876.23,312.7,United Kingdom,Repeat Customer,79,656,4-9 orders (Regular),Active (0-90d),2009-12-01,100.0,280.2
13947,2011-10-05 14:42:00,2011-10-05 14:42:00,1,90.6,90.6,United Kingdom,One-Time Customer,65,0,1 order (One-Time),Active (0-90d),2011-10-01,,90.6
13948,2009-12-04 12:14:00,2010-12-14 10:18:00,4,548.76,137.19,United Kingdom,Repeat Customer,360,374,4-9 orders (Regular),Lapsed (180d+),2009-12-01,87.0,155.65
13949,2011-09-06 11:55:00,2011-12-07 09:35:00,6,2427.32,404.55,United Kingdom,Repeat Customer,2,91,4-9 orders (Regular),Active (0-90d),2011-09-01,16.0,537.9
13950,2011-04-07 11:29:00,2011-11-28 14:44:00,4,745.06,186.26,United Kingdom,Repeat Customer,11,235,4-9 orders (Regular),Active (0-90d),2011-04-01,173.0,179.31
13951,2011-02-18 15:21:00,2011-06-16 16:43:00,3,674.45,224.82,United Kingdom,Repeat Customer,176,118,2-3 orders (Occasional),At Risk (91-180d),2011-02-01,57.0,212.56
13952,2009-12-16 09:41:00,2011-05-06 09:00:00,14,12823.52,915.97,United Kingdom,Repeat Customer,217,505,10+ orders (Champions),Lapsed (180d+),2009-12-01,64.0,1226.79
13953,2009-12-11 12:58:00,2011-12-02 16:04:00,12,6640.68,553.39,United Kingdom,Repeat Customer,7,721,10+ orders (Champions),Active (0-90d),2009-12-01,54.0,500.0
13954,2011-09-30 10:52:00,2011-12-08 12:50:00,2,439.92,219.96,United Kingdom,Repeat Customer,1,69,2-3 orders (Occasional),Active (0-90d),2011-09-01,69.0,227.41
13955,2010-11-29 17:35:00,2011-07-08 17:19:00,3,544.07,181.36,United Kingdom,Repeat Customer,154,220,2-3 orders (Occasional),At Risk (91-180d),2010-11-01,69.0,221.11
13956,2011-03-13 12:51:00,2011-12-04 13:20:00,5,1019.27,203.85,United Kingdom,Repeat Customer,5,266,4-9 orders (Regular),Active (0-90d),2011-03-01,28.0,118.02
13957,2010-02-19 10:32:00,2010-10-18 10:02:00,3,458.25,152.75,United Kingdom,Repeat Customer,417,240,2-3 orders (Occasional),Lapsed (180d+),2010-02-01,86.0,102.84
13958,2009-12-05 13:12:00,2010-11-25 10:11:00,8,4709.23,588.65,United Kingdom,Repeat Customer,379,354,4-9 orders (Regular),Lapsed (180d+),2009-12-01,0.0,796.55
13959,2010-07-16 15:11:00,2011-09-21 15:06:00,6,1064.77,177.46,United Kingdom,Repeat Customer,79,431,4-9 orders (Regular),Active (0-90d),2010-07-01,86.0,43.25
13960,2011-09-29 12:39:00,2011-11-18 15:27:00,2,230.22,115.11,United Kingdom,Repeat Customer,21,50,2-3 orders (Occasional),Active (0-90d),2011-09-01,50.0,128.1
13961,2010-11-12 14:40:00,2010-11-12 14:40:00,1,538.4,538.4,United Kingdom,One-Time Customer,392,0,1 order (One-Time),Lapsed (180d+),2010-11-01,,538.4
13962,2010-09-30 10:35:00,2011-11-18 08:47:00,3,362.8,120.93,United Kingdom,Repeat Customer,21,413,2-3 orders (Occasional),Active (0-90d),2010-09-01,190.0,193.25
13963,2010-04-21 16:20:00,2011-02-04 14:43:00,17,2860.57,168.27,United Kingdom,Repeat Customer,308,288,10+ orders (Champions),Lapsed (180d+),2010-04-01,32.0,305.33
13964,2010-10-05 12:38:00,2010-11-17 13:53:00,2,438.9,219.45,United Kingdom,Repeat Customer,387,43,2-3 orders (Occasional),Lapsed (180d+),2010-10-01,43.0,305.65
13965,2010-01-05 15:21:00,2010-08-20 10:40:00,3,996.61,332.2,United Kingdom,Repeat Customer,476,226,2-3 orders (Occasional),Lapsed (180d+),2010-01-01,34.0,588.31
13966,2010-09-30 13:08:00,2010-09-30 13:08:00,1,384.26,384.26,United Kingdom,One-Time Customer,435,0,1 order (One-Time),Lapsed (180d+),2010-09-01,,384.26
13967,2010-11-08 13:24:00,2011-07-17 12:02:00,2,166.3,83.15,United Kingdom,Repeat Customer,145,250,2-3 orders (Occasional),At Risk (91-180d),2010-11-01,250.0,85.6
13968,2010-10-12 13:22:00,2010-10-12 13:22:00,1,123.66,123.66,United Kingdom,One-Time Customer,423,0,1 order (One-Time),Lapsed (180d+),2010-10-01,,123.66
13969,2010-03-25 13:15:00,2011-12-02 15:11:00,35,12973.46,370.67,United Kingdom,Repeat Customer,7,617,10+ orders (Champions),Active (0-90d),2010-03-01,35.0,360.95
13970,2010-09-28 11:53:00,2010-11-18 13:21:00,2,846.55,423.28,United Kingdom,Repeat Customer,386,51,2-3 orders (Occasional),Lapsed (180d+),2010-09-01,51.0,288.55
13971,2010-01-26 09:51:00,2011-11-21 12:06:00,14,4667.57,333.4,United Kingdom,Repeat Customer,18,664,10+ orders (Champions),Active (0-90d),2010-01-01,73.0,267.22
13972,2011-05-22 11:34:00,2011-09-30 11:54:00,2,190.25,95.12,United Kingdom,Repeat Customer,70,131,2-3 orders (Occasional),Active (0-90d),2011-05-01,131.0,145.9
13973,2011-02-25 15:21:00,2011-02-25 15:21:00,1,264.7,264.7,United Kingdom,One-Time Customer,287,0,1 order (One-Time),Lapsed (180d+),2011-02-01,,264.7
13974,2010-05-06 17:55:00,2011-10-21 14:41:00,2,677.72,338.86,United Kingdom,Repeat Customer,49,532,2-3 orders (Occasional),Active (0-90d),2010-05-01,532.0,264.13
13975,2010-02-02 13:13:00,2011-11-08 13:19:00,12,5256.4,438.03,United Kingdom,Repeat Customer,31,644,10+ orders (Champions),Active (0-90d),2010-02-01,54.0,543.91
13976,2010-02-09 13:08:00,2011-05-17 09:13:00,4,1192.36,298.09,United Kingdom,Repeat Customer,206,461,4-9 orders (Regular),Lapsed (180d+),2010-02-01,78.0,275.41
13977,2010-10-24 14:08:00,2010-10-24 14:08:00,1,519.81,519.81,United Kingdom,One-Time Customer,411,0,1 order (One-Time),Lapsed (180d+),2010-10-01,,519.81
13978,2011-10-25 15:04:00,2011-11-25 11:36:00,2,196.79,98.4,United Kingdom,Repeat Customer,14,30,2-3 orders (Occasional),Active (0-90d),2011-10-01,30.0,158.99
13979,2009-12-03 10:02:00,2011-09-27 13:32:00,7,3373.63,481.95,United Kingdom,Repeat Customer,73,663,4-9 orders (Regular),Active (0-90d),2009-12-01,88.0,203.78
13980,2010-02-21 14:18:00,2011-10-10 13:34:00,5,768.82,153.76,United Kingdom,Repeat Customer,60,595,4-9 orders (Regular),Active (0-90d),2010-02-01,78.0,216.9
13981,2010-10-20 10:03:00,2010-10-20 10:03:00,1,331.14,331.14,United Kingdom,One-Time Customer,415,0,1 order (One-Time),Lapsed (180d+),2010-10-01,,331.14
13982,2010-01-20 14:04:00,2011-10-31 16:24:00,9,3954.29,439.37,United Kingdom,Repeat Customer,39,649,4-9 orders (Regular),Active (0-90d),2010-01-01,34.0,772.75
13983,2009-12-09 13:53:00,2011-11-10 11:06:00,21,6753.89,321.61,United Kingdom,Repeat Customer,29,700,10+ orders (Champions),Active (0-90d),2009-12-01,36.0,175.95
13984,2009-12-07 11:51:00,2011-11-13 12:38:00,12,1893.8,157.82,United Kingdom,Repeat Customer,26,706,10+ orders (Champions),Active (0-90d),2009-12-01,0.0,214.8
13985,2010-02-09 13:56:00,2011-12-05 17:06:00,22,10020.86,455.49,United Kingdom,Repeat Customer,4,664,10+ orders (Champions),Active (0-90d),2010-02-01,105.0,224.35
13986,2011-11-22 15:00:00,2011-11-22 15:00:00,1,320.46,320.46,United Kingdom,One-Time Customer,17,0,1 order (One-Time),Active (0-90d),2011-11-01,,320.46
13987,2010-11-04 09:54:00,2010-11-25 10:20:00,2,682.54,341.27,United Kingdom,Repeat Customer,379,21,2-3 orders (Occasional),Lapsed (180d+),2010-11-01,21.0,377.46
13988,2010-03-24 11:05:00,2011-11-20 10:15:00,8,4757.8,594.72,United Kingdom,Repeat Customer,19,605,4-9 orders (Regular),Active (0-90d),2010-03-01,242.0,310.2
13989,2010-05-25 12:13:00,2011-10-05 09:47:00,5,2026.06,405.21,United Kingdom,Repeat Customer,65,497,4-9 orders (Regular),Active (0-90d),2010-05-01,76.0,361.68
13990,2011-05-10 15:19:00,2011-05-10 15:19:00,1,311.3,311.3,United Kingdom,One-Time Customer,213,0,1 order (One-Time),Lapsed (180d+),2011-05-01,,311.3
13991,2011-07-19 12:58:00,2011-11-27 16:18:00,6,851.88,141.98,United Kingdom,Repeat Customer,12,131,4-9 orders (Regular),Active (0-90d),2011-07-01,68.0,126.35
13992,2010-09-02 17:04:00,2011-11-09 15:23:00,3,219.5,73.17,United Kingdom,Repeat Customer,30,432,2-3 orders (Occasional),Active (0-90d),2010-09-01,82.0,75.9
13993,2009-12-03 11:57:00,2011-10-28 09:06:00,19,6775.71,356.62,United Kingdom,Repeat Customer,42,693,10+ orders (Champions),Active (0-90d),2009-12-01,68.0,556.75
13994,2011-07-14 18:28:00,2011-12-06 11:05:00,6,2274.14,379.02,United Kingdom,Repeat Customer,3,144,4-9 orders (Regular),Active (0-90d),2011-07-01,42.0,288.57
13995,2009-12-18 12:43:00,2011-11-24 14:22:00,14,3902.01,278.71,United Kingdom,Repeat Customer,15,706,10+ orders (Champions),Active (0-90d),2009-12-01,73.0,143.7
13996,2010-11-05 15:07:00,2010-11-18 16:27:00,2,895.76,447.88,United Kingdom,Repeat Customer,386,13,2-3 orders (Occasional),Lapsed (180d+),2010-11-01,13.0,492.38
13997,2010-06-07 17:33:00,2010-07-08 18:06:00,3,376.46,125.49,United Kingdom,Repeat Customer,519,31,2-3 orders (Occasional),Lapsed (180d+),2010-06-01,31.0,143.55
13998,2010-05-12 13:18:00,2010-09-19 10:20:00,3,566.7,188.9,United Kingdom,Repeat Customer,446,129,2-3 orders (Occasional),Lapsed (180d+),2010-05-01,65.0,264.05
13999,2009-12-05 12:42:00,2011-11-29 13:40:00,29,9502.26,327.66,United Kingdom,Repeat Customer,10,724,10+ orders (Champions),Active (0-90d),2009-12-01,10.0,350.55
14000,2009-12-02 09:50:00,2011-05-12 16:50:00,5,2046.34,409.27,United Kingdom,Repeat Customer,211,526,4-9 orders (Regular),Lapsed (180d+),2009-12-01,141.0,192.0
14001,2010-08-03 12:49:00,2011-10-25 10:31:00,9,4228.85,469.87,United Kingdom,Repeat Customer,45,447,4-9 orders (Regular),Active (0-90d),2010-08-01,23.0,500.57
14002,2011-07-06 14:59:00,2011-07-28 15:55:00,2,529.73,264.86,United Kingdom,Repeat Customer,134,22,2-3 orders (Occasional),At Risk (91-180d),2011-07-01,22.0,224.79
14003,2009-12-07 08:53:00,2009-12-07 08:53:00,1,209.41,209.41,United Kingdom,One-Time Customer,732,0,1 order (One-Time),Lapsed (180d+),2009-12-01,,209.41
14004,2010-09-30 09:39:00,2011-10-27 14:40:00,11,6258.45,568.95,United Kingdom,Repeat Customer,43,392,10+ orders (Champions),Active (0-90d),2010-09-01,0.0,807.15
14005,2011-05-08 10:33:00,2011-11-30 12:41:00,5,2874.72,574.94,United Kingdom,Repeat Customer,9,206,4-9 orders (Regular),Active (0-90d),2011-05-01,39.0,187.16
14006,2010-02-25 09:45:00,2011-08-16 09:39:00,7,2196.67,313.81,United Kingdom,Repeat Customer,115,536,4-9 orders (Regular),At Risk (91-180d),2010-02-01,56.0,330.66
14007,2010-07-15 09:06:00,2010-07-15 09:06:00,1,79.48,79.48,United Kingdom,One-Time Customer,512,0,1 order (One-Time),Lapsed (180d+),2010-07-01,,79.48
14008,2010-10-03 13:09:00,2010-10-03 13:09:00,1,509.04,509.04,United Kingdom,One-Time Customer,432,0,1 order (One-Time),Lapsed (180d+),2010-10-01,,509.04
14009,2010-09-03 12:08:00,2011-05-25 15:47:00,3,1099.91,366.64,United Kingdom,Repeat Customer,198,264,2-3 orders (Occasional),Lapsed (180d+),2010-09-01,257.0,404.3
14010,2010-05-23 12:46:00,2010-05-23 13:00:00,2,445.15,222.58,United Kingdom,Repeat Customer,565,0,2-3 orders (Occasional),Lapsed (180d+),2010-05-01,0.0,351.1
14011,2010-04-11 13:40:00,2010-08-16 15:31:00,2,457.82,228.91,United Kingdom,Repeat Customer,480,127,2-3 orders (Occasional),Lapsed (180d+),2010-04-01,127.0,292.34
14012,2011-03-07 12:26:00,2011-03-07 12:26:00,1,328.8,328.8,United Kingdom,One-Time Customer,277,0,1 order (One-Time),Lapsed (180d+),2011-03-01,,328.8
14013,2010-03-26 10:02:00,2011-08-21 15:01:00,5,1084.57,216.91,United Kingdom,Repeat Customer,110,513,4-9 orders (Regular),At Risk (91-180d),2010-03-01,243.0,174.2
14014,2010-05-12 09:04:00,2011-09-23 13:18:00,3,1948.21,649.4,United Kingdom,Repeat Customer,77,499,2-3 orders (Occasional),Active (0-90d),2010-05-01,200.0,276.66
14015,2011-10-18 10:02:00,2011-10-18 10:02:00,1,917.34,917.34,United Kingdom,One-Time Customer,52,0,1 order (One-Time),Active (0-90d),2011-10-01,,917.34
14016,2010-01-08 14:12:00,2011-07-01 11:29:00,11,11403.41,1036.67,EIRE,Repeat Customer,161,538,10+ orders (Champions),At Risk (91-180d),2010-01-01,24.0,1190.46
14017,2010-05-17 14:52:00,2010-05-17 14:52:00,1,229.75,229.75,United Kingdom,One-Time Customer,571,0,1 order (One-Time),Lapsed (180d+),2010-05-01,,229.75
14018,2010-03-04 14:23:00,2010-03-04 14:23:00,1,367.15,367.15,United Kingdom,One-Time Customer,645,0,1 order (One-Time),Lapsed (180d+),2010-03-01,,367.15
14019,2011-07-24 15:39:00,2011-10-24 10:13:00,3,1421.61,473.87,United Kingdom,Repeat Customer,46,91,2-3 orders (Occasional),Active (0-90d),2011-07-01,39.0,384.29
14020,2010-06-28 15:29:00,2011-11-23 09:22:00,4,1249.01,312.25,United Kingdom,Repeat Customer,16,512,4-9 orders (Regular),Active (0-90d),2010-06-01,52.0,304.68
14021,2010-04-26 11:22:00,2011-07-07 15:46:00,7,1716.58,245.23,United Kingdom,Repeat Customer,155,437,4-9 orders (Regular),At Risk (91-180d),2010-04-01,51.0,301.09
14022,2010-08-10 09:38:00,2011-04-28 14:39:00,2,792.15,396.08,United Kingdom,Repeat Customer,225,261,2-3 orders (Occasional),Lapsed (180d+),2010-08-01,261.0,352.15
14023,2011-04-03 15:50:00,2011-12-02 13:58:00,2,584.07,292.03,United Kingdom,Repeat Customer,7,242,2-3 orders (Occasional),Active (0-90d),2011-04-01,242.0,273.14
14024,2010-11-14 10:51:00,2011-08-10 11:30:00,3,645.74,215.25,United Kingdom,Repeat Customer,121,269,2-3 orders (Occasional),At Risk (91-180d),2010-11-01,266.0,318.04
14025,2010-05-05 09:56:00,2010-09-01 10:11:00,8,4057.9,507.24,United Kingdom,Repeat Customer,464,119,4-9 orders (Regular),Lapsed (180d+),2010-05-01,7.0,233.45
14026,2010-03-24 14:10:00,2010-08-26 10:31:00,2,713.11,356.55,United Kingdom,Repeat Customer,470,154,2-3 orders (Occasional),Lapsed (180d+),2010-03-01,154.0,386.53
14027,2011-10-10 09:01:00,2011-10-10 09:01:00,1,104.82,104.82,United Kingdom,One-Time Customer,60,0,1 order (One-Time),Active (0-90d),2011-10-01,,104.82
14028,2010-06-07 12:02:00,2010-06-07 13:33:00,3,10396.5,3465.5,United Kingdom,Repeat Customer,550,0,2-3 orders (Occasional),Lapsed (180d+),2010-06-01,0.0,3610.5
14029,2011-07-18 16:57:00,2011-10-07 14:46:00,2,467.66,233.83,United Kingdom,Repeat Customer,63,80,2-3 orders (Occasional),Active (0-90d),2011-07-01,80.0,165.2
14030,2009-12-10 17:27:00,2011-11-21 16:48:00,20,7521.8,376.09,United Kingdom,Repeat Customer,18,710,10+ orders (Champions),Active (0-90d),2009-12-01,0.0,588.83
14031,2009-12-03 15:35:00,2011-12-02 17:13:00,44,39019.51,886.81,United Kingdom,Repeat Customer,7,729,10+ orders (Champions),Active (0-90d),2009-12-01,8.0,2506.14
14032,2009-12-14 12:02:00,2011-12-07 15:23:00,16,4546.41,284.15,United Kingdom,Repeat Customer,2,723,10+ orders (Champions),Active (0-90d),2009-12-01,7.0,309.3
14033,2010-06-02 15:10:00,2010-06-02 15:10:00,1,109.44,109.44,United Kingdom,One-Time Customer,555,0,1 order (One-Time),Lapsed (180d+),2010-06-01,,109.44
14034,2011-07-05 13:06:00,2011-11-17 14:02:00,3,648.89,216.3,United Kingdom,Repeat Customer,22,135,2-3 orders (Occasional),Active (0-90d),2011-07-01,0.0,455.17
14035,2010-04-06 12:39:00,2011-11-11 10:03:00,9,2794.75,310.53,United Kingdom,Repeat Customer,28,583,4-9 orders (Regular),Active (0-90d),2010-04-01,42.0,196.76
14036,2011-02-28 09:26:00,2011-02-28 09:26:00,1,626.65,626.65,United Kingdom,One-Time Customer,284,0,1 order (One-Time),Lapsed (180d+),2011-02-01,,626.65
14037,2009-12-07 11:39:00,2011-06-16 13:57:00,6,836.95,139.49,United Kingdom,Repeat Customer,176,556,4-9 orders (Regular),At Risk (91-180d),2009-12-01,47.0,218.33
14038,2010-02-04 08:56:00,2011-09-22 13:37:00,5,3069.88,613.98,United Kingdom,Repeat Customer,78,595,4-9 orders (Regular),Active (0-90d),2010-02-01,276.0,704.55
14039,2010-05-13 10:15:00,2011-11-06 13:48:00,2,267.28,133.64,United Kingdom,Repeat Customer,33,542,2-3 orders (Occasional),Active (0-90d),2010-05-01,542.0,115.08
14040,2009-12-01 12:14:00,2011-10-30 12:42:00,35,12523.81,357.82,United Kingdom,Repeat Customer,40,698,10+ orders (Champions),Active (0-90d),2009-12-01,16.0,633.33
14041,2011-03-18 13:25:00,2011-03-18 13:25:00,1,141.41,141.41,United Kingdom,One-Time Customer,266,0,1 order (One-Time),Lapsed (180d+),2011-03-01,,141.41
14042,2009-12-14 15:07:00,2009-12-14 15:07:00,1,431.98,431.98,United Kingdom,One-Time Customer,725,0,1 order (One-Time),Lapsed (180d+),2009-12-01,,431.98
14043,2009-12-10 15:56:00,2010-08-05 18:18:00,2,302.6,151.3,United Kingdom,Repeat Customer,491,238,2-3 orders (Occasional),Lapsed (180d+),2009-12-01,238.0,164.31
14044,2010-01-24 15:14:00,2011-11-13 12:05:00,10,3073.95,307.4,United Kingdom,Repeat Customer,26,657,10+ orders (Champions),Active (0-90d),2010-01-01,34.0,236.23
14045,2010-01-08 10:08:00,2011-08-22 15:27:00,16,10986.63,686.66,United Kingdom,Repeat Customer,109,591,10+ orders (Champions),At Risk (91-180d),2010-01-01,56.0,396.0
14046,2011-02-28 14:48:00,2011-02-28 14:48:00,1,151.59,151.59,United Kingdom,One-Time Customer,284,0,1 order (One-Time),Lapsed (180d+),2011-02-01,,151.59
14047,2010-02-01 10:05:00,2011-12-01 11:43:00,14,3968.11,283.44,United Kingdom,Repeat Customer,8,668,10+ orders (Champions),Active (0-90d),2010-02-01,101.0,528.24
14048,2010-11-22 14:08:00,2011-02-07 14:53:00,3,748.69,249.56,United Kingdom,Repeat Customer,305,77,2-3 orders (Occasional),Lapsed (180d+),2010-11-01,0.0,298.81
14049,2010-04-01 14:52:00,2011-11-23 12:20:00,13,13023.4,1001.8,United Kingdom,Repeat Customer,16,600,10+ orders (Champions),Active (0-90d),2010-04-01,53.0,861.85
14050,2011-08-25 13:46:00,2011-11-08 10:00:00,2,746.36,373.18,United Kingdom,Repeat Customer,31,74,2-3 orders (Occasional),Active (0-90d),2011-08-01,74.0,485.98
14051,2009-12-03 11:53:00,2011-12-09 10:20:00,37,21770.98,588.4,United Kingdom,Repeat Customer,0,735,10+ orders (Champions),Active (0-90d),2009-12-01,14.0,912.56
14052,2010-11-14 11:37:00,2011-11-20 12:30:00,2,466.66,233.33,United Kingdom,Repeat Customer,19,371,2-3 orders (Occasional),Active (0-90d),2010-11-01,371.0,241.3
14053,2010-08-10 11:02:00,2011-08-07 14:27:00,4,572.3,143.07,United Kingdom,Repeat Customer,124,362,4-9 orders (Regular),At Risk (91-180d),2010-08-01,89.0,170.8
14054,2011-10-05 15:49:00,2011-10-05 15:49:00,1,92.46,92.46,United Kingdom,One-Time Customer,65,0,1 order (One-Time),Active (0-90d),2011-10-01,,92.46
14055,2009-12-16 15:11:00,2011-08-25 15:04:00,3,1520.96,506.99,United Kingdom,Repeat Customer,106,616,2-3 orders (Occasional),At Risk (91-180d),2009-12-01,145.0,274.32
14056,2011-02-28 15:19:00,2011-12-08 13:36:00,23,8152.71,354.47,United Kingdom,Repeat Customer,1,282,10+ orders (Champions),Active (0-90d),2011-02-01,10.0,582.37
14057,2009-12-03 13:17:00,2011-11-16 10:32:00,22,8346.66,379.39,United Kingdom,Repeat Customer,23,712,10+ orders (Champions),Active (0-90d),2009-12-01,130.0,119.54
14058,2010-06-27 11:29:00,2010-09-03 09:31:00,2,469.19,234.6,United Kingdom,Repeat Customer,462,67,2-3 orders (Occasional),Lapsed (180d+),2010-06-01,67.0,321.23
14059,2011-03-18 10:06:00,2011-03-18 10:06:00,1,183.6,183.6,United Kingdom,One-Time Customer,266,0,1 order (One-Time),Lapsed (180d+),2011-03-01,,183.6
14060,2010-03-11 09:47:00,2011-12-05 12:29:00,30,8898.24,296.61,United Kingdom,Repeat Customer,4,634,10+ orders (Champions),Active (0-90d),2010-03-01,66.0,167.75
14061,2009-12-01 18:03:00,2010-07-20 17:22:00,3,917.43,305.81,United Kingdom,Repeat Customer,507,230,2-3 orders (Occasional),Lapsed (180d+),2009-12-01,13.0,374.43
14062,2009-12-10 14:28:00,2011-11-30 10:04:00,24,25585.65,1066.07,United Kingdom,Repeat Customer,9,719,10+ orders (Champions),Active (0-90d),2009-12-01,4.0,873.61
14063,2009-12-08 13:46:00,2010-01-22 11:28:00,7,9471.5,1353.07,United Kingdom,Repeat Customer,686,44,4-9 orders (Regular),Lapsed (180d+),2009-12-01,6.0,2452.56
14064,2010-01-21 13:22:00,2011-11-10 13:14:00,15,3260.24,217.35,United Kingdom,Repeat Customer,29,657,10+ orders (Champions),Active (0-90d),2010-01-01,38.0,412.15
14065,2010-10-04 12:03:00,2010-11-15 16:13:00,3,891.02,297.01,United Kingdom,Repeat Customer,389,42,2-3 orders (Occasional),Lapsed (180d+),2010-10-01,21.0,310.87
14066,2011-03-18 12:21:00,2011-03-18 12:21:00,1,152.55,152.55,United Kingdom,One-Time Customer,266,0,1 order (One-Time),Lapsed (180d+),2011-03-01,,152.55
14067,2011-09-04 12:00:00,2011-10-07 10:21:00,2,374.7,187.35,United Kingdom,Repeat Customer,63,32,2-3 orders (Occasional),Active (0-90d),2011-09-01,32.0,224.67
14068,2010-01-31 10:10:00,2011-01-23 16:02:00,4,1516.72,379.18,United Kingdom,Repeat Customer,320,357,4-9 orders (Regular),Lapsed (180d+),2010-01-01,28.0,487.77
14069,2010-05-27 12:30:00,2010-07-13 12:12:00,2,225.81,112.9,United Kingdom,Repeat Customer,514,46,2-3 orders (Occasional),Lapsed (180d+),2010-05-01,46.0,115.37
14070,2010-01-24 12:27:00,2010-01-24 12:27:00,1,321.6,321.6,United Kingdom,One-Time Customer,684,0,1 order (One-Time),Lapsed (180d+),2010-01-01,,321.6
14071,2011-03-20 11:33:00,2011-12-06 12:27:00,8,1422.75,177.84,United Kingdom,Repeat Customer,3,261,4-9 orders (Regular),Active (0-90d),2011-03-01,4.0,225.4
14072,2010-02-11 12:31:00,2010-02-11 12:31:00,1,390.85,390.85,United Kingdom,One-Time Customer,666,0,1 order (One-Time),Lapsed (180d+),2010-02-01,,390.85
14073,2011-11-07 15:49:00,2011-11-07 15:49:00,1,151.04,151.04,United Kingdom,One-Time Customer,32,0,1 order (One-Time),Active (0-90d),2011-11-01,,151.04
14074,2010-03-26 13:55:00,2010-03-26 13:55:00,1,219.4,219.4,United Kingdom,One-Time Customer,623,0,1 order (One-Time),Lapsed (180d+),2010-03-01,,219.4
14075,2010-08-26 13:42:00,2011-12-05 08:38:00,5,1724.87,344.97,United Kingdom,Repeat Customer,4,465,4-9 orders (Regular),Active (0-90d),2010-08-01,66.0,359.39
14076,2011-08-02 15:19:00,2011-08-02 15:19:00,1,118.67,118.67,United Kingdom,One-Time Customer,129,0,1 order (One-Time),At Risk (91-180d),2011-08-01,,118.67
14077,2010-11-09 16:01:00,2011-10-30 12:35:00,6,615.08,102.51,United Kingdom,Repeat Customer,40,354,4-9 orders (Regular),Active (0-90d),2010-11-01,120.0,115.66
14078,2010-03-28 15:05:00,2011-08-30 12:16:00,9,1551.82,172.42,United Kingdom,Repeat Customer,101,519,4-9 orders (Regular),At Risk (91-180d),2010-03-01,50.0,362.82
14079,2011-08-07 12:10:00,2011-08-07 12:10:00,1,375.1,375.1,United Kingdom,One-Time Customer,124,0,1 order (One-Time),At Risk (91-180d),2011-08-01,,375.1
14080,2009-12-02 15:01:00,2011-11-07 11:09:00,5,1115.68,223.14,United Kingdom,Repeat Customer,32,704,4-9 orders (Regular),Active (0-90d),2009-12-01,6.0,234.87
14081,2009-12-10 18:27:00,2011-02-10 16:17:00,10,4867.57,486.76,United Kingdom,Repeat Customer,302,426,10+ orders (Champions),Lapsed (180d+),2009-12-01,32.0,787.92
14082,2010-11-12 11:47:00,2010-12-10 11:02:00,2,413.36,206.68,United Kingdom,Repeat Customer,364,27,2-3 orders (Occasional),Lapsed (180d+),2010-11-01,27.0,231.11
14083,2009-12-18 11:34:00,2011-12-05 13:14:00,11,1082.19,98.38,United Kingdom,Repeat Customer,4,717,10+ orders (Champions),Active (0-90d),2009-12-01,210.0,64.17
14084,2010-07-15 14:36:00,2010-07-15 14:36:00,1,150.5,150.5,United Kingdom,One-Time Customer,512,0,1 order (One-Time),Lapsed (180d+),2010-07-01,,150.5
14085,2009-12-08 13:41:00,2011-12-07 13:46:00,32,9705.67,303.3,United Kingdom,Repeat Customer,2,729,10+ orders (Champions),Active (0-90d),2009-12-01,0.0,404.44
14086,2010-09-03 10:52:00,2010-09-03 10:52:00,1,39.95,39.95,United Kingdom,One-Time Customer,462,0,1 order (One-Time),Lapsed (180d+),2010-09-01,,39.95
14087,2009-12-04 15:27:00,2011-12-07 12:41:00,3,829.47,276.49,United Kingdom,Repeat Customer,2,732,2-3 orders (Occasional),Active (0-90d),2009-12-01,330.0,235.44
14088,2010-10-14 19:46:00,2011-11-29 16:16:00,16,64036.8,4002.3,United Kingdom,Repeat Customer,10,410,10+ orders (Champions),Active (0-90d),2010-10-01,14.0,12695.14
14089,2011-10-14 10:38:00,2011-10-14 10:38:00,1,158.75,158.75,United Kingdom,One-Time Customer,56,0,1 order (One-Time),Active (0-90d),2011-10-01,,158.75
14090,2011-01-19 10:51:00,2011-01-19 10:51:00,1,76.32,76.32,United Kingdom,One-Time Customer,324,0,1 order (One-Time),Lapsed (180d+),2011-01-01,,76.32
14091,2010-01-10 13:41:00,2010-02-23 15:17:00,2,9530.08,4765.04,United Kingdom,Repeat Customer,654,44,2-3 orders (Occasional),Lapsed (180d+),2010-01-01,44.0,5520.0
14092,2009-12-16 16:24:00,2011-12-02 12:13:00,24,7229.45,301.23,United Kingdom,Repeat Customer,7,715,10+ orders (Champions),Active (0-90d),2009-12-01,27.0,136.2
14093,2011-11-27 16:27:00,2011-11-27 16:27:00,1,433.86,433.86,United Kingdom,One-Time Customer,12,0,1 order (One-Time),Active (0-90d),2011-11-01,,433.86
14094,2010-09-26 11:58:00,2010-09-26 11:58:00,1,311.77,311.77,United Kingdom,One-Time Customer,439,0,1 order (One-Time),Lapsed (180d+),2010-09-01,,311.77
14095,2009-12-17 12:49:00,2009-12-17 12:49:00,1,2.95,2.95,United Kingdom,One-Time Customer,722,0,1 order (One-Time),Lapsed (180d+),2009-12-01,,2.95
14096,2011-08-30 10:49:00,2011-12-05 17:17:00,17,53258.43,3132.85,United Kingdom,Repeat Customer,4,97,10+ orders (Champions),Active (0-90d),2011-08-01,3.0,10.67
14097,2010-03-04 10:46:00,2010-08-15 14:20:00,2,422.86,211.43,United Kingdom,Repeat Customer,481,164,2-3 orders (Occasional),Lapsed (180d+),2010-03-01,164.0,132.0
14098,2011-11-03 10:13:00,2011-11-03 10:13:00,1,147.35,147.35,United Kingdom,One-Time Customer,36,0,1 order (One-Time),Active (0-90d),2011-11-01,,147.35
14099,2009-12-10 11:55:00,2011-11-23 13:53:00,20,5750.91,287.55,United Kingdom,Repeat Customer,16,713,10+ orders (Champions),Active (0-90d),2009-12-01,50.0,384.49
14100,2011-07-25 11:01:00,2011-07-25 11:01:00,1,191.95,191.95,United Kingdom,One-Time Customer,137,0,1 order (One-Time),At Risk (91-180d),2011-07-01,,191.95
14101,2010-03-28 13:36:00,2011-09-27 12:28:00,13,9961.93,766.3,United Kingdom,Repeat Customer,73,547,10+ orders (Champions),Active (0-90d),2010-03-01,52.0,656.72
14102,2011-10-26 12:46:00,2011-12-04 15:38:00,5,1105.88,221.18,United Kingdom,Repeat Customer,5,39,4-9 orders (Regular),Active (0-90d),2011-10-01,7.0,214.1
14104,2010-05-28 16:11:00,2011-07-08 12:50:00,5,740.53,148.11,United Kingdom,Repeat Customer,154,405,4-9 orders (Regular),At Risk (91-180d),2010-05-01,11.0,158.47
14105,2009-12-18 16:57:00,2011-04-14 17:58:00,5,5988.83,1197.77,United Kingdom,Repeat Customer,239,482,4-9 orders (Regular),Lapsed (180d+),2009-12-01,110.0,646.3
14106,2009-12-02 14:09:00,2009-12-02 14:09:00,1,214.8,214.8,United Kingdom,One-Time Customer,737,0,1 order (One-Time),Lapsed (180d+),2009-12-01,,214.8
14107,2009-12-09 14:20:00,2011-10-19 12:12:00,11,4877.3,443.39,United Kingdom,Repeat Customer,51,678,10+ orders (Champions),Active (0-90d),2009-12-01,150.0,163.26
14108,2009-12-01 18:07:00,2011-11-09 10:41:00,4,1044.96,261.24,United Kingdom,Repeat Customer,30,707,4-9 orders (Regular),Active (0-90d),2009-12-01,6.0,252.3
14109,2011-09-28 10:18:00,2011-09-28 10:18:00,1,144.2,144.2,United Kingdom,One-Time Customer,72,0,1 order (One-Time),Active (0-90d),2011-09-01,,144.2
14110,2009-12-01 09:50:00,2011-12-06 12:26:00,33,12987.95,393.57,United Kingdom,Repeat Customer,3,735,10+ orders (Champions),Active (0-90d),2009-12-01,16.0,285.06
14111,2011-04-12 11:36:00,2011-11-25 13:44:00,4,692.85,173.21,United Kingdom,Repeat Customer,14,227,4-9 orders (Regular),Active (0-90d),2011-04-01,135.0,94.2
14112,2010-02-23 14:16:00,2011-11-17 12:30:00,13,5834.59,448.81,United Kingdom,Repeat Customer,22,631,10+ orders (Champions),Active (0-90d),2010-02-01,82.0,1033.55
14113,2009-12-08 07:42:00,2011-12-06 12:18:00,16,7092.61,443.29,United Kingdom,Repeat Customer,3,728,10+ orders (Champions),Active (0-90d),2009-12-01,2.0,580.64
14114,2010-04-12 11:07:00,2011-03-11 09:42:00,7,1364.09,194.87,United Kingdom,Repeat Customer,273,332,4-9 orders (Regular),Lapsed (180d+),2010-04-01,62.0,313.75
14115,2010-02-11 11:44:00,2010-07-26 12:36:00,2,622.67,311.33,United Kingdom,Repeat Customer,501,165,2-3 orders (Occasional),Lapsed (180d+),2010-02-01,165.0,117.8
14116,2011-08-10 12:44:00,2011-11-20 10:29:00,5,1382.74,276.55,United Kingdom,Repeat Customer,19,101,4-9 orders (Regular),Active (0-90d),2011-08-01,28.0,319.97
14117,2011-07-19 09:49:00,2011-07-19 09:49:00,1,90.0,90.0,United Kingdom,One-Time Customer,143,0,1 order (One-Time),At Risk (91-180d),2011-07-01,,90.0
14118,2010-10-07 11:59:00,2010-10-07 11:59:00,1,458.45,458.45,United Kingdom,One-Time Customer,428,0,1 order (One-Time),Lapsed (180d+),2010-10-01,,458.45
14119,2009-12-21 14:52:00,2010-11-29 10:33:00,2,183.37,91.68,United Kingdom,Repeat Customer,375,342,2-3 orders (Occasional),Lapsed (180d+),2009-12-01,342.0,66.48
14121,2011-10-11 10:39:00,2011-12-06 12:19:00,4,2780.15,695.04,United Kingdom,Repeat Customer,3,56,4-9 orders (Regular),Active (0-90d),2011-10-01,29.0,233.1
14122,2009-12-02 14:22:00,2010-10-29 15:11:00,3,362.42,120.81,United Kingdom,Repeat Customer,406,331,2-3 orders (Occasional),Lapsed (180d+),2009-12-01,8.0,89.7
14123,2009-12-06 15:35:00,2009-12-06 15:35:00,1,436.18,436.18,United Kingdom,One-Time Customer,733,0,1 order (One-Time),Lapsed (180d+),2009-12-01,,436.18
14124,2011-09-16 13:32:00,2011-09-16 13:32:00,1,419.58,419.58,United Kingdom,One-Time Customer,84,0,1 order (One-Time),Active (0-90d),2011-09-01,,419.58
14125,2011-09-22 15:40:00,2011-11-29 12:47:00,3,2720.63,906.88,United Kingdom,Repeat Customer,10,67,2-3 orders (Occasional),Active (0-90d),2011-09-01,49.0,1295.43
14126,2010-09-21 14:51:00,2011-12-02 11:45:00,4,1172.46,293.12,United Kingdom,Repeat Customer,7,436,4-9 orders (Regular),Active (0-90d),2010-09-01,433.0,466.33
14127,2010-10-10 11:53:00,2011-08-09 10:49:00,6,1900.08,316.68,United Kingdom,Repeat Customer,122,302,4-9 orders (Regular),At Risk (91-180d),2010-10-01,27.0,483.12
14128,2010-06-06 14:05:00,2011-10-10 12:00:00,3,924.21,308.07,United Kingdom,Repeat Customer,60,490,2-3 orders (Occasional),Active (0-90d),2010-06-01,295.0,286.71
14129,2010-05-09 14:54:00,2011-12-08 11:02:00,9,2591.34,287.93,United Kingdom,Repeat Customer,1,577,4-9 orders (Regular),Active (0-90d),2010-05-01,87.0,409.92
14130,2009-12-11 16:33:00,2011-01-24 16:05:00,4,1858.77,464.69,United Kingdom,Repeat Customer,319,408,4-9 orders (Regular),Lapsed (180d+),2009-12-01,310.0,339.87
14131,2010-03-01 11:59:00,2010-03-01 11:59:00,1,168.22,168.22,United Kingdom,One-Time Customer,648,0,1 order (One-Time),Lapsed (180d+),2010-03-01,,168.22
14132,2011-06-09 12:04:00,2011-12-07 13:35:00,11,3586.03,326.0,United Kingdom,Repeat Customer,2,181,10+ orders (Champions),Active (0-90d),2011-06-01,21.0,306.86
14133,2009-12-06 12:10:00,2011-08-02 11:34:00,4,911.14,227.78,United Kingdom,Repeat Customer,129,603,4-9 orders (Regular),At Risk (91-180d),2009-12-01,417.0,305.5
14134,2009-12-10 09:25:00,2010-11-22 12:26:00,15,11123.35,741.56,United Kingdom,Repeat Customer,382,347,10+ orders (Champions),Lapsed (180d+),2009-12-01,5.0,661.16
14135,2009-12-02 08:58:00,2011-12-08 11:38:00,24,8839.67,368.32,United Kingdom,Repeat Customer,1,736,10+ orders (Champions),Active (0-90d),2009-12-01,7.0,740.3
14136,2009-12-08 09:19:00,2010-11-04 11:53:00,5,1570.81,314.16,United Kingdom,Repeat Customer,400,331,4-9 orders (Regular),Lapsed (180d+),2009-12-01,38.0,302.78
14137,2010-01-13 12:30:00,2010-01-13 12:30:00,1,332.7,332.7,United Kingdom,One-Time Customer,695,0,1 order (One-Time),Lapsed (180d+),2010-01-01,,332.7
14138,2011-10-07 09:38:00,2011-12-08 12:44:00,2,965.88,482.94,United Kingdom,Repeat Customer,1,62,2-3 orders (Occasional),Active (0-90d),2011-10-01,62.0,621.71
14139,2010-06-15 09:17:00,2011-10-24 13:34:00,4,1086.8,271.7,United Kingdom,Repeat Customer,46,496,4-9 orders (Regular),Active (0-90d),2010-06-01,16.0,344.32
14140,2011-11-08 11:20:00,2011-12-06 09:05:00,2,935.05,467.52,United Kingdom,Repeat Customer,3,27,2-3 orders (Occasional),Active (0-90d),2011-11-01,27.0,540.99
14141,2011-08-26 14:40:00,2011-12-07 09:53:00,4,915.13,228.78,United Kingdom,Repeat Customer,2,102,4-9 orders (Regular),Active (0-90d),2011-08-01,31.0,285.16
14142,2010-03-03 15:13:00,2010-12-01 16:33:00,2,671.34,335.67,United Kingdom,Repeat Customer,373,273,2-3 orders (Occasional),Lapsed (180d+),2010-03-01,273.0,359.53
14143,2011-07-29 09:48:00,2011-07-29 09:48:00,1,115.8,115.8,United Kingdom,One-Time Customer,133,0,1 order (One-Time),At Risk (91-180d),2011-07-01,,115.8
14144,2010-08-10 15:17:00,2010-08-10 15:17:00,1,30.6,30.6,United Kingdom,One-Time Customer,486,0,1 order (One-Time),Lapsed (180d+),2010-08-01,,30.6
14145,2010-04-08 09:47:00,2011-10-24 12:10:00,7,7600.05,1085.72,United Kingdom,Repeat Customer,46,564,4-9 orders (Regular),Active (0-90d),2010-04-01,73.0,1383.6
14146,2010-01-13 16:04:00,2011-12-01 10:18:00,12,9450.3,787.52,United Kingdom,Repeat Customer,8,686,10+ orders (Champions),Active (0-90d),2010-01-01,20.0,748.91
14147,2010-03-09 13:43:00,2011-09-22 18:10:00,9,2590.2,287.8,United Kingdom,Repeat Customer,78,562,4-9 orders (Regular),Active (0-90d),2010-03-01,61.0,248.2
14148,2010-10-21 14:08:00,2011-04-20 12:02:00,2,466.29,233.14,United Kingdom,Repeat Customer,233,180,2-3 orders (Occasional),Lapsed (180d+),2010-10-01,180.0,309.09
14149,2011-05-03 09:44:00,2011-05-03 09:44:00,1,446.62,446.62,United Kingdom,One-Time Customer,220,0,1 order (One-Time),Lapsed (180d+),2011-05-01,,446.62
14150,2010-12-15 10:04:00,2011-11-04 10:05:00,2,658.64,329.32,United Kingdom,Repeat Customer,35,324,2-3 orders (Occasional),Active (0-90d),2010-12-01,324.0,306.18
14151,2009-12-23 10:54:00,2010-02-04 15:35:00,2,679.45,339.72,United Kingdom,Repeat Customer,673,43,2-3 orders (Occasional),Lapsed (180d+),2009-12-01,43.0,352.05
14152,2010-02-18 13:57:00,2011-09-25 12:54:00,7,1997.34,285.33,United Kingdom,Repeat Customer,75,583,4-9 orders (Regular),Active (0-90d),2010-02-01,164.0,301.31
14153,2010-08-13 14:35:00,2010-08-13 14:35:00,1,233.4,233.4,United Kingdom,One-Time Customer,483,0,1 order (One-Time),Lapsed (180d+),2010-08-01,,233.4
14154,2010-01-13 12:47:00,2011-04-14 16:26:00,8,6460.7,807.59,United Kingdom,Repeat Customer,239,456,4-9 orders (Regular),Lapsed (180d+),2010-01-01,169.0,530.34
14155,2011-03-18 14:13:00,2011-03-18 14:13:00,1,118.75,118.75,United Kingdom,One-Time Customer,266,0,1 order (One-Time),Lapsed (180d+),2011-03-01,,118.75
14156,2009-12-01 12:30:00,2011-11-30 10:54:00,145,304719.88,2101.52,EIRE,Repeat Customer,9,728,10+ orders (Champions),Active (0-90d),2009-12-01,0.0,584.5
14157,2010-03-03 16:49:00,2011-11-20 11:32:00,5,978.69,195.74,United Kingdom,Repeat Customer,19,626,4-9 orders (Regular),Active (0-90d),2010-03-01,228.0,152.85
14158,2011-10-30 15:08:00,2011-10-30 15:08:00,1,507.66,507.66,United Kingdom,One-Time Customer,40,0,1 order (One-Time),Active (0-90d),2011-10-01,,507.66
14159,2009-12-03 12:31:00,2011-11-20 12:36:00,20,7849.58,392.48,United Kingdom,Repeat Customer,19,717,10+ orders (Champions),Active (0-90d),2009-12-01,80.0,393.65
14160,2010-01-10 12:06:00,2010-04-08 14:30:00,7,8421.47,1203.07,United Kingdom,Repeat Customer,610,88,4-9 orders (Regular),Lapsed (180d+),2010-01-01,11.0,3654.38
14161,2009-12-13 11:46:00,2011-05-08 11:41:00,7,2996.93,428.13,United Kingdom,Repeat Customer,215,510,4-9 orders (Regular),Lapsed (180d+),2009-12-01,91.0,505.13
14162,2011-02-20 12:32:00,2011-06-19 11:36:00,2,289.36,144.68,United Kingdom,Repeat Customer,173,118,2-3 orders (Occasional),At Risk (91-180d),2011-02-01,118.0,177.68
14163,2010-09-03 17:15:00,2011-09-13 15:18:00,5,2594.62,518.92,United Kingdom,Repeat Customer,87,374,4-9 orders (Regular),Active (0-90d),2010-09-01,223.0,148.71
14164,2011-09-20 12:18:00,2011-09-30 12:24:00,2,1631.77,815.88,United Kingdom,Repeat Customer,70,10,2-3 orders (Occasional),Active (0-90d),2011-09-01,10.0,1273.77
14165,2011-03-09 12:39:00,2011-03-09 12:39:00,1,120.44,120.44,United Kingdom,One-Time Customer,275,0,1 order (One-Time),Lapsed (180d+),2011-03-01,,120.44
14166,2010-03-23 15:10:00,2010-07-22 19:42:00,2,251.15,125.58,United Kingdom,Repeat Customer,505,121,2-3 orders (Occasional),Lapsed (180d+),2010-03-01,121.0,110.0
14167,2010-01-27 16:07:00,2011-10-31 14:29:00,8,1274.29,159.29,United Kingdom,Repeat Customer,39,641,4-9 orders (Regular),Active (0-90d),2010-01-01,56.0,151.95
14168,2010-05-24 12:28:00,2010-10-15 10:49:00,2,370.45,185.22,United Kingdom,Repeat Customer,420,143,2-3 orders (Occasional),Lapsed (180d+),2010-05-01,143.0,302.95
14169,2010-09-21 13:39:00,2010-10-05 08:45:00,2,613.11,306.55,United Kingdom,Repeat Customer,430,13,2-3 orders (Occasional),Lapsed (180d+),2010-09-01,13.0,467.91
14170,2010-11-09 14:06:00,2010-11-29 13:10:00,3,570.18,190.06,United Kingdom,Repeat Customer,375,19,2-3 orders (Occasional),Lapsed (180d+),2010-11-01,13.0,148.87
14171,2009-12-09 13:50:00,2011-09-02 16:43:00,2,498.79,249.4,United Kingdom,Repeat Customer,98,632,2-3 orders (Occasional),At Risk (91-180d),2009-12-01,632.0,135.0
14172,2010-03-07 10:58:00,2010-04-13 13:26:00,3,369.02,123.01,United Kingdom,Repeat Customer,605,37,2-3 orders (Occasional),Lapsed (180d+),2010-03-01,4.0,120.35
14173,2009-12-09 12:46:00,2011-11-29 11:54:00,6,586.0,97.67,United Kingdom,Repeat Customer,10,719,4-9 orders (Regular),Active (0-90d),2009-12-01,89.0,23.6
14174,2011-11-06 13:17:00,2011-11-06 13:17:00,1,134.46,134.46,United Kingdom,One-Time Customer,33,0,1 order (One-Time),Active (0-90d),2011-11-01,,134.46
14175,2010-03-22 10:43:00,2011-10-11 11:55:00,8,7678.88,959.86,United Kingdom,Repeat Customer,59,568,4-9 orders (Regular),Active (0-90d),2010-03-01,43.0,851.96
14176,2010-11-23 13:21:00,2011-02-15 13:12:00,5,756.46,151.29,United Kingdom,Repeat Customer,297,83,4-9 orders (Regular),Lapsed (180d+),2010-11-01,13.0,179.56
14177,2010-02-26 11:59:00,2011-09-14 15:11:00,13,2209.69,169.98,United Kingdom,Repeat Customer,86,565,10+ orders (Champions),Active (0-90d),2010-02-01,0.0,230.34
14178,2011-06-10 12:51:00,2011-12-01 12:01:00,7,1580.26,225.75,United Kingdom,Repeat Customer,8,173,4-9 orders (Regular),Active (0-90d),2011-06-01,39.0,197.37
14179,2011-10-18 14:00:00,2011-10-30 12:07:00,2,701.57,350.78,United Kingdom,Repeat Customer,40,11,2-3 orders (Occasional),Active (0-90d),2011-10-01,11.0,538.32
14180,2010-06-09 14:56:00,2011-11-29 10:56:00,33,6117.5,185.38,United Kingdom,Repeat Customer,10,537,10+ orders (Champions),Active (0-90d),2010-06-01,20.0,51.8
14181,2010-05-26 12:32:00,2010-10-25 08:27:00,2,308.35,154.18,United Kingdom,Repeat Customer,410,151,2-3 orders (Occasional),Lapsed (180d+),2010-05-01,151.0,213.9
14182,2010-04-22 15:36:00,2010-09-22 11:45:00,4,678.77,169.69,United Kingdom,Repeat Customer,443,152,4-9 orders (Regular),Lapsed (180d+),2010-04-01,67.0,157.3
14183,2010-08-15 15:36:00,2010-10-24 14:45:00,2,278.34,139.17,United Kingdom,Repeat Customer,411,69,2-3 orders (Occasional),Lapsed (180d+),2010-08-01,69.0,139.58
14184,2011-10-04 12:43:00,2011-10-04 12:43:00,1,452.89,452.89,United Kingdom,One-Time Customer,66,0,1 order (One-Time),Active (0-90d),2011-10-01,,452.89
14185,2011-01-12 13:52:00,2011-01-12 13:52:00,1,197.65,197.65,United Kingdom,One-Time Customer,331,0,1 order (One-Time),Lapsed (180d+),2011-01-01,,197.65
14186,2010-03-05 11:17:00,2010-10-08 13:30:00,5,1550.63,310.13,United Kingdom,Repeat Customer,427,217,4-9 orders (Regular),Lapsed (180d+),2010-03-01,52.0,204.34
14187,2010-08-23 12:06:00,2010-08-23 12:06:00,1,123.5,123.5,United Kingdom,One-Time Customer,473,0,1 order (One-Time),Lapsed (180d+),2010-08-01,,123.5
14188,2011-02-02 13:46:00,2011-11-09 12:45:00,6,2054.36,342.39,United Kingdom,Repeat Customer,30,279,4-9 orders (Regular),Active (0-90d),2011-02-01,95.0,398.0
14189,2010-11-16 09:28:00,2011-12-07 15:55:00,16,5503.15,343.95,United Kingdom,Repeat Customer,2,386,10+ orders (Champions),Active (0-90d),2010-11-01,20.0,849.07
14190,2010-02-11 14:27:00,2010-02-11 14:27:00,1,79.9,79.9,United Kingdom,One-Time Customer,666,0,1 order (One-Time),Lapsed (180d+),2010-02-01,,79.9
14191,2009-12-11 10:48:00,2011-12-08 09:23:00,15,4817.66,321.18,United Kingdom,Repeat Customer,1,726,10+ orders (Champions),Active (0-90d),2009-12-01,334.0,15.9
14192,2010-11-16 17:44:00,2010-11-16 17:44:00,1,293.74,293.74,United Kingdom,One-Time Customer,388,0,1 order (One-Time),Lapsed (180d+),2010-11-01,,293.74
14193,2010-11-08 12:31:00,2011-10-03 09:34:00,3,1210.19,403.4,United Kingdom,Repeat Customer,67,328,2-3 orders (Occasional),Active (0-90d),2010-11-01,126.0,356.8
14194,2010-01-06 12:16:00,2011-12-05 10:38:00,36,18670.59,518.63,United Kingdom,Repeat Customer,4,697,10+ orders (Champions),Active (0-90d),2010-01-01,18.0,689.82
14195,2010-03-15 17:12:00,2011-05-22 10:29:00,6,2615.6,435.93,United Kingdom,Repeat Customer,201,432,4-9 orders (Regular),Lapsed (180d+),2010-03-01,52.0,807.2
14196,2011-08-25 10:25:00,2011-08-25 10:25:00,1,335.52,335.52,United Kingdom,One-Time Customer,106,0,1 order (One-Time),At Risk (91-180d),2011-08-01,,335.52
14197,2010-10-25 10:01:00,2010-10-25 10:01:00,1,390.05,390.05,United Kingdom,One-Time Customer,410,0,1 order (One-Time),Lapsed (180d+),2010-10-01,,390.05
14198,2010-01-05 10:07:00,2011-11-21 16:35:00,9,1569.73,174.41,United Kingdom,Repeat Customer,18,685,4-9 orders (Regular),Active (0-90d),2010-01-01,43.0,135.25
14199,2010-06-27 12:13:00,2011-05-05 13:44:00,4,1091.7,272.92,United Kingdom,Repeat Customer,218,312,4-9 orders (Regular),Lapsed (180d+),2010-06-01,10.0,220.65
14200,2010-04-01 13:01:00,2010-04-01 13:01:00,1,379.2,379.2,United Kingdom,One-Time Customer,617,0,1 order (One-Time),Lapsed (180d+),2010-04-01,,379.2
14201,2010-04-30 13:00:00,2011-10-10 13:27:00,10,1193.54,119.35,United Kingdom,Repeat Customer,60,528,10+ orders (Champions),Active (0-90d),2010-04-01,17.0,181.95
14202,2010-03-25 10:36:00,2010-11-23 17:13:00,3,847.76,282.59,United Kingdom,Repeat Customer,381,243,2-3 orders (Occasional),Lapsed (180d+),2010-03-01,68.0,241.2
14203,2010-11-07 13:35:00,2010-11-07 13:35:00,1,339.34,339.34,United Kingdom,One-Time Customer,397,0,1 order (One-Time),Lapsed (180d+),2010-11-01,,339.34
14204,2009-12-02 13:26:00,2011-12-07 13:38:00,4,1024.83,256.21,United Kingdom,Repeat Customer,2,735,4-9 orders (Regular),Active (0-90d),2009-12-01,201.0,371.27
14205,2010-03-07 12:20:00,2011-11-23 10:55:00,9,2414.2,268.24,United Kingdom,Repeat Customer,16,625,4-9 orders (Regular),Active (0-90d),2010-03-01,59.0,232.65
14206,2010-11-02 11:37:00,2011-04-14 16:38:00,3,1185.01,395.0,United Kingdom,Repeat Customer,239,163,2-3 orders (Occasional),Lapsed (180d+),2010-11-01,14.0,542.45
14207,2010-01-21 09:33:00,2010-01-21 09:33:00,1,157.8,157.8,United Kingdom,One-Time Customer,687,0,1 order (One-Time),Lapsed (180d+),2010-01-01,,157.8
14208,2010-06-06 13:11:00,2011-09-06 12:48:00,2,567.05,283.52,United Kingdom,Repeat Customer,94,456,2-3 orders (Occasional),At Risk (91-180d),2010-06-01,456.0,415.31
14209,2010-01-22 10:28:00,2011-11-29 10:18:00,15,4993.27,332.88,United Kingdom,Repeat Customer,10,675,10+ orders (Champions),Active (0-90d),2010-01-01,48.0,256.95
14210,2010-01-06 10:17:00,2011-08-26 12:36:00,16,5556.57,347.29,United Kingdom,Repeat Customer,105,597,10+ orders (Champions),At Risk (91-180d),2010-01-01,69.0,627.91
14211,2009-12-09 12:48:00,2011-10-17 13:23:00,18,4402.29,244.57,United Kingdom,Repeat Customer,53,677,10+ orders (Champions),Active (0-90d),2009-12-01,47.0,187.8
14212,2010-09-20 11:48:00,2011-09-11 12:45:00,2,2190.14,1095.07,United Kingdom,Repeat Customer,89,356,2-3 orders (Occasional),Active (0-90d),2010-09-01,356.0,1119.66
14213,2010-10-31 10:37:00,2010-10-31 10:37:00,1,1192.2,1192.2,United Kingdom,One-Time Customer,404,0,1 order (One-Time),Lapsed (180d+),2010-10-01,,1192.2
14214,2011-03-07 12:26:00,2011-11-09 10:31:00,5,1004.38,200.88,United Kingdom,Repeat Customer,30,246,4-9 orders (Regular),Active (0-90d),2011-03-01,107.0,638.65
14215,2009-12-08 09:35:00,2011-11-28 12:19:00,9,3250.33,361.15,United Kingdom,Repeat Customer,11,720,4-9 orders (Regular),Active (0-90d),2009-12-01,43.0,425.59
14216,2010-10-21 15:07:00,2011-12-06 14:56:00,5,2150.04,430.01,United Kingdom,Repeat Customer,3,410,4-9 orders (Regular),Active (0-90d),2010-10-01,376.0,310.74
14217,2010-06-30 12:54:00,2011-12-08 11:53:00,23,3298.59,143.42,United Kingdom,Repeat Customer,1,525,10+ orders (Champions),Active (0-90d),2010-06-01,36.0,416.6
14218,2011-10-28 10:00:00,2011-10-28 10:00:00,1,169.48,169.48,United Kingdom,One-Time Customer,42,0,1 order (One-Time),Active (0-90d),2011-10-01,,169.48
14219,2010-08-03 14:42:00,2011-12-05 16:23:00,3,633.83,211.28,United Kingdom,Repeat Customer,4,489,2-3 orders (Occasional),Active (0-90d),2010-08-01,83.0,395.64
14220,2010-05-19 13:26:00,2011-04-06 13:23:00,4,1515.0,378.75,United Kingdom,Repeat Customer,247,321,4-9 orders (Regular),Lapsed (180d+),2010-05-01,2.0,307.9
14221,2010-04-06 14:10:00,2011-10-28 13:42:00,17,6517.49,383.38,United Kingdom,Repeat Customer,42,569,10+ orders (Champions),Active (0-90d),2010-04-01,32.0,445.4
14222,2011-06-15 16:42:00,2011-06-15 16:42:00,1,683.17,683.17,United Kingdom,One-Time Customer,177,0,1 order (One-Time),At Risk (91-180d),2011-06-01,,683.17
14223,2011-03-20 16:02:00,2011-09-08 13:38:00,3,991.13,330.38,United Kingdom,Repeat Customer,92,171,2-3 orders (Occasional),At Risk (91-180d),2011-03-01,106.0,304.9
14224,2010-06-13 13:46:00,2011-08-21 13:24:00,9,1841.71,204.63,United Kingdom,Repeat Customer,110,433,4-9 orders (Regular),At Risk (91-180d),2010-06-01,15.0,360.73
14225,2010-01-12 15:02:00,2010-10-01 10:32:00,4,2031.07,507.77,United Kingdom,Repeat Customer,434,261,4-9 orders (Regular),Lapsed (180d+),2010-01-01,126.0,643.5
14226,2010-09-24 14:32:00,2011-11-11 11:34:00,6,2985.13,497.52,United Kingdom,Repeat Customer,28,412,4-9 orders (Regular),Active (0-90d),2010-09-01,172.0,770.34
14227,2010-02-08 09:38:00,2011-11-13 15:48:00,15,6366.16,424.41,United Kingdom,Repeat Customer,26,643,10+ orders (Champions),Active (0-90d),2010-02-01,113.0,438.03
14228,2010-06-11 12:29:00,2010-09-28 09:45:00,3,745.5,248.5,United Kingdom,Repeat Customer,437,108,2-3 orders (Occasional),Lapsed (180d+),2010-06-01,24.0,81.05
14229,2010-08-25 11:47:00,2011-10-19 10:03:00,7,2594.04,370.58,United Kingdom,Repeat Customer,51,419,4-9 orders (Regular),Active (0-90d),2010-08-01,33.0,389.64
14230,2010-06-09 13:56:00,2010-09-30 09:07:00,3,979.8,326.6,United Kingdom,Repeat Customer,435,112,2-3 orders (Occasional),Lapsed (180d+),2010-06-01,112.0,475.5
14231,2010-09-15 09:52:00,2011-06-09 11:05:00,4,1235.62,308.9,United Kingdom,Repeat Customer,183,267,4-9 orders (Regular),Lapsed (180d+),2010-09-01,162.0,309.91
14232,2011-03-20 12:44:00,2011-10-28 11:09:00,5,2048.07,409.61,United Kingdom,Repeat Customer,42,221,4-9 orders (Regular),Active (0-90d),2011-03-01,77.0,693.18
14233,2010-03-05 16:35:00,2011-10-21 15:54:00,7,2904.27,414.9,United Kingdom,Repeat Customer,49,594,4-9 orders (Regular),Active (0-90d),2010-03-01,53.0,425.3
14234,2011-10-13 13:58:00,2011-11-17 17:53:00,4,754.12,188.53,United Kingdom,Repeat Customer,22,35,4-9 orders (Regular),Active (0-90d),2011-10-01,12.0,348.44
14235,2010-03-30 13:36:00,2011-09-25 14:37:00,9,4717.99,524.22,United Kingdom,Repeat Customer,75,544,4-9 orders (Regular),Active (0-90d),2010-03-01,49.0,374.18
14236,2010-07-22 14:27:00,2011-09-20 09:13:00,5,1555.34,311.07,United Kingdom,Repeat Customer,80,424,4-9 orders (Regular),Active (0-90d),2010-07-01,34.0,301.73
14237,2010-04-28 10:04:00,2010-12-01 13:20:00,2,471.14,235.57,United Kingdom,Repeat Customer,373,217,2-3 orders (Occasional),Lapsed (180d+),2010-04-01,217.0,310.14
14238,2009-12-05 10:58:00,2011-01-17 14:40:00,3,434.23,144.74,United Kingdom,Repeat Customer,326,408,2-3 orders (Occasional),Lapsed (180d+),2009-12-01,72.0,159.1
14239,2009-12-05 12:36:00,2011-10-27 14:40:00,21,4263.17,203.01,United Kingdom,Repeat Customer,43,691,10+ orders (Champions),Active (0-90d),2009-12-01,3.0,136.75
14240,2010-10-12 12:48:00,2011-11-09 13:45:00,3,1247.49,415.83,United Kingdom,Repeat Customer,30,393,2-3 orders (Occasional),Active (0-90d),2010-10-01,197.0,357.15
14241,2010-01-12 15:11:00,2011-06-09 11:46:00,2,333.7,166.85,United Kingdom,Repeat Customer,183,512,2-3 orders (Occasional),Lapsed (180d+),2010-01-01,512.0,120.0
14242,2011-01-18 08:53:00,2011-04-19 11:46:00,2,280.55,140.27,United Kingdom,Repeat Customer,234,91,2-3 orders (Occasional),Lapsed (180d+),2011-01-01,91.0,138.35
14243,2010-08-20 13:41:00,2011-12-01 11:12:00,17,7217.75,424.57,United Kingdom,Repeat Customer,8,467,10+ orders (Champions),Active (0-90d),2010-08-01,23.0,2560.4
14244,2010-02-17 11:40:00,2010-02-17 11:40:00,1,366.42,366.42,United Kingdom,One-Time Customer,660,0,1 order (One-Time),Lapsed (180d+),2010-02-01,,366.42
14245,2011-03-21 10:41:00,2011-05-04 08:40:00,2,1693.45,846.72,United Kingdom,Repeat Customer,219,43,2-3 orders (Occasional),Lapsed (180d+),2011-03-01,43.0,1005.1
14246,2011-04-08 08:25:00,2011-08-21 11:50:00,3,1474.06,491.35,United Kingdom,Repeat Customer,110,135,2-3 orders (Occasional),At Risk (91-180d),2011-04-01,108.0,449.64
14247,2010-06-06 15:07:00,2011-03-06 15:21:00,5,753.56,150.71,United Kingdom,Repeat Customer,278,273,4-9 orders (Regular),Lapsed (180d+),2010-06-01,27.0,184.35
14248,2010-07-12 14:27:00,2011-01-25 14:45:00,3,1032.95,344.32,United Kingdom,Repeat Customer,318,197,2-3 orders (Occasional),Lapsed (180d+),2010-07-01,55.0,311.98
14249,2010-01-29 14:21:00,2010-10-25 12:34:00,12,5400.46,450.04,United Kingdom,Repeat Customer,410,268,10+ orders (Champions),Lapsed (180d+),2010-01-01,47.0,327.95
14250,2011-09-11 13:44:00,2011-12-02 14:30:00,3,1904.05,634.68,United Kingdom,Repeat Customer,7,82,2-3 orders (Occasional),Active (0-90d),2011-09-01,82.0,1228.83
14251,2011-10-13 12:46:00,2011-12-08 08:32:00,5,2879.7,575.94,United Kingdom,Repeat Customer,1,55,4-9 orders (Regular),Active (0-90d),2011-10-01,40.0,1259.46
14252,2010-11-23 13:36:00,2010-11-23 13:36:00,1,350.99,350.99,United Kingdom,One-Time Customer,381,0,1 order (One-Time),Lapsed (180d+),2010-11-01,,350.99
14253,2010-03-26 15:08:00,2010-08-03 14:55:00,2,363.4,181.7,United Kingdom,Repeat Customer,493,129,2-3 orders (Occasional),Lapsed (180d+),2010-03-01,129.0,205.35
14254,2010-10-03 11:52:00,2010-10-03 11:52:00,1,601.03,601.03,United Kingdom,One-Time Customer,432,0,1 order (One-Time),Lapsed (180d+),2010-10-01,,601.03
14256,2010-01-14 10:35:00,2011-03-24 13:17:00,5,2460.79,492.16,United Kingdom,Repeat Customer,260,434,4-9 orders (Regular),Lapsed (180d+),2010-01-01,202.0,940.3
14257,2010-03-01 15:36:00,2011-10-06 16:54:00,9,5954.45,661.61,United Kingdom,Repeat Customer,64,584,4-9 orders (Regular),Active (0-90d),2010-03-01,146.0,1189.34
14258,2009-12-04 08:36:00,2011-11-30 15:27:00,25,32051.34,1282.05,United Kingdom,Repeat Customer,9,726,10+ orders (Champions),Active (0-90d),2009-12-01,33.0,1261.0
14259,2011-07-21 10:44:00,2011-07-21 10:44:00,1,120.0,120.0,United Kingdom,One-Time Customer,141,0,1 order (One-Time),At Risk (91-180d),2011-07-01,,120.0
14260,2010-06-09 11:23:00,2010-08-25 14:55:00,3,824.28,274.76,United Kingdom,Repeat Customer,471,77,2-3 orders (Occasional),Lapsed (180d+),2010-06-01,77.0,538.8
14261,2011-09-22 10:47:00,2011-10-20 10:04:00,2,1163.45,581.72,United Kingdom,Repeat Customer,50,27,2-3 orders (Occasional),Active (0-90d),2011-09-01,27.0,943.75
14262,2011-04-13 12:23:00,2011-12-01 14:17:00,8,2618.23,327.28,United Kingdom,Repeat Customer,8,232,4-9 orders (Regular),Active (0-90d),2011-04-01,83.0,240.0
14263,2010-10-12 14:09:00,2010-10-12 14:09:00,1,322.93,322.93,United Kingdom,One-Time Customer,423,0,1 order (One-Time),Lapsed (180d+),2010-10-01,,322.93
14264,2010-04-07 13:21:00,2011-07-08 10:20:00,6,1517.36,252.89,United Kingdom,Repeat Customer,154,456,4-9 orders (Regular),At Risk (91-180d),2010-04-01,39.0,482.58
14265,2010-04-06 14:39:00,2011-08-22 13:32:00,4,1373.35,343.34,Unspecified,Repeat Customer,109,502,4-9 orders (Regular),At Risk (91-180d),2010-04-01,147.0,252.52
14266,2010-10-07 13:32:00,2010-10-07 13:32:00,1,40.56,40.56,United Kingdom,One-Time Customer,428,0,1 order (One-Time),Lapsed (180d+),2010-10-01,,40.56
14267,2011-03-24 11:38:00,2011-06-30 10:09:00,3,1516.24,505.41,United Kingdom,Repeat Customer,162,97,2-3 orders (Occasional),At Risk (91-180d),2011-03-01,0.0,418.18
14268,2010-08-26 10:45:00,2010-08-26 10:45:00,1,354.85,354.85,United Kingdom,One-Time Customer,470,0,1 order (One-Time),Lapsed (180d+),2010-08-01,,354.85
14269,2010-09-26 12:53:00,2010-09-26 12:53:00,1,295.73,295.73,United Kingdom,One-Time Customer,439,0,1 order (One-Time),Lapsed (180d+),2010-09-01,,295.73
14270,2011-01-12 09:33:00,2011-01-12 09:33:00,1,492.65,492.65,United Kingdom,One-Time Customer,331,0,1 order (One-Time),Lapsed (180d+),2011-01-01,,492.65
14271,2010-10-26 17:01:00,2011-04-28 12:47:00,2,214.18,107.09,United Kingdom,Repeat Customer,225,183,2-3 orders (Occasional),Lapsed (180d+),2010-10-01,183.0,101.86
14272,2010-05-06 14:01:00,2011-09-27 10:08:00,4,920.81,230.2,United Kingdom,Repeat Customer,73,508,4-9 orders (Regular),Active (0-90d),2010-05-01,19.0,174.59
14273,2011-04-11 13:24:00,2011-10-19 13:20:00,4,559.97,139.99,United Kingdom,Repeat Customer,51,190,4-9 orders (Regular),Active (0-90d),2011-04-01,24.0,112.8
14274,2010-01-22 12:51:00,2010-01-22 12:51:00,1,256.6,256.6,United Kingdom,One-Time Customer,686,0,1 order (One-Time),Lapsed (180d+),2010-01-01,,256.6
14275,2010-04-11 12:32:00,2010-11-09 09:06:00,6,1189.38,198.23,United Kingdom,Repeat Customer,395,211,4-9 orders (Regular),Lapsed (180d+),2010-04-01,17.0,177.6
14276,2010-02-17 13:10:00,2011-09-02 09:45:00,7,2102.68,300.38,United Kingdom,Repeat Customer,98,561,4-9 orders (Regular),At Risk (91-180d),2010-02-01,175.0,307.89
14277,2009-12-13 15:43:00,2011-11-24 15:01:00,8,16789.16,2098.64,France,Repeat Customer,15,710,4-9 orders (Regular),Active (0-90d),2009-12-01,147.0,215.42
14278,2010-10-26 12:07:00,2010-10-26 12:07:00,1,205.83,205.83,United Kingdom,One-Time Customer,409,0,1 order (One-Time),Lapsed (180d+),2010-10-01,,205.83
14279,2010-01-27 16:34:00,2010-07-07 08:42:00,2,191.86,95.93,United Kingdom,Repeat Customer,520,160,2-3 orders (Occasional),Lapsed (180d+),2010-01-01,160.0,110.5
14280,2011-05-27 10:37:00,2011-05-27 10:37:00,1,134.04,134.04,United Kingdom,One-Time Customer,196,0,1 order (One-Time),Lapsed (180d+),2011-05-01,,134.04
14281,2010-10-27 14:45:00,2010-10-27 14:45:00,1,245.15,245.15,United Kingdom,One-Time Customer,408,0,1 order (One-Time),Lapsed (180d+),2010-10-01,,245.15
14282,2010-02-15 11:22:00,2011-12-06 17:04:00,25,7250.76,290.03,United Kingdom,Repeat Customer,3,659,10+ orders (Champions),Active (0-90d),2010-02-01,73.0,897.0
14283,2010-05-19 12:22:00,2010-09-02 14:46:00,4,628.44,157.11,United Kingdom,Repeat Customer,463,106,4-9 orders (Regular),Lapsed (180d+),2010-05-01,68.0,233.05
14284,2010-02-24 12:06:00,2011-11-09 08:11:00,3,1299.65,433.22,United Kingdom,Repeat Customer,30,622,2-3 orders (Occasional),Active (0-90d),2010-02-01,567.0,704.4
14285,2009-12-08 14:13:00,2011-11-18 14:50:00,8,3284.42,410.55,United Kingdom,Repeat Customer,21,710,4-9 orders (Regular),Active (0-90d),2009-12-01,72.0,151.2
14286,2009-12-04 08:40:00,2011-11-16 10:34:00,7,8479.76,1211.39,United Kingdom,Repeat Customer,23,712,4-9 orders (Regular),Active (0-90d),2009-12-01,96.0,1610.52
14287,2011-05-25 11:41:00,2011-12-01 13:25:00,3,176.63,58.88,United Kingdom,Repeat Customer,8,190,2-3 orders (Occasional),Active (0-90d),2011-05-01,0.0,66.0
14288,2011-05-10 13:22:00,2011-05-10 13:22:00,1,426.6,426.6,United Kingdom,One-Time Customer,213,0,1 order (One-Time),Lapsed (180d+),2011-05-01,,426.6
14289,2011-02-23 12:33:00,2011-12-01 11:44:00,6,911.26,151.88,United Kingdom,Repeat Customer,8,280,4-9 orders (Regular),Active (0-90d),2011-02-01,48.0,322.24
14290,2009-12-08 11:44:00,2011-11-28 14:02:00,8,4516.56,564.57,United Kingdom,Repeat Customer,11,720,4-9 orders (Regular),Active (0-90d),2009-12-01,89.0,870.63
14291,2009-12-09 10:46:00,2011-12-08 10:26:00,23,7904.1,343.66,United Kingdom,Repeat Customer,1,728,10+ orders (Champions),Active (0-90d),2009-12-01,109.0,408.51
14292,2010-03-19 11:10:00,2011-12-02 11:50:00,16,9226.25,576.64,United Kingdom,Repeat Customer,7,623,10+ orders (Champions),Active (0-90d),2010-03-01,41.0,704.58
14293,2009-12-10 10:57:00,2011-12-06 15:17:00,9,2903.01,322.56,United Kingdom,Repeat Customer,3,726,4-9 orders (Regular),Active (0-90d),2009-12-01,11.0,737.7
14294,2010-10-28 16:25:00,2010-10-28 16:25:00,1,375.34,375.34,United Kingdom,One-Time Customer,407,0,1 order (One-Time),Lapsed (180d+),2010-10-01,,375.34
14295,2009-12-09 13:06:00,2011-10-30 15:50:00,4,2352.91,588.23,United Kingdom,Repeat Customer,40,690,4-9 orders (Regular),Active (0-90d),2009-12-01,200.0,588.85
14296,2010-05-14 14:34:00,2010-10-14 14:14:00,2,456.4,228.2,United Kingdom,Repeat Customer,421,152,2-3 orders (Occasional),Lapsed (180d+),2010-05-01,152.0,168.25
14297,2011-03-10 08:31:00,2011-11-22 09:06:00,4,1305.33,326.33,United Kingdom,Repeat Customer,17,257,4-9 orders (Regular),Active (0-90d),2011-03-01,214.0,232.6
14298,2009-12-11 13:49:00,2011-12-01 13:12:00,82,91194.49,1112.13,United Kingdom,Repeat Customer,8,719,10+ orders (Champions),Active (0-90d),2009-12-01,0.0,849.94
14299,2009-12-02 10:58:00,2011-12-01 16:05:00,27,14070.25,521.12,United Kingdom,Repeat Customer,8,729,10+ orders (Champions),Active (0-90d),2009-12-01,18.0,2052.12
14300,2011-11-21 08:57:00,2011-11-21 08:57:00,1,43.2,43.2,United Kingdom,One-Time Customer,18,0,1 order (One-Time),Active (0-90d),2011-11-01,,43.2
14301,2010-02-11 13:07:00,2011-08-14 15:33:00,4,1992.18,498.04,United Kingdom,Repeat Customer,117,549,4-9 orders (Regular),At Risk (91-180d),2010-02-01,94.0,307.25
14302,2009-12-02 08:16:00,2010-10-05 08:10:00,3,742.9,247.63,United Kingdom,Repeat Customer,430,306,2-3 orders (Occasional),Lapsed (180d+),2009-12-01,75.0,114.6
14303,2010-10-01 10:31:00,2010-10-28 15:37:00,2,277.94,138.97,United Kingdom,Repeat Customer,407,27,2-3 orders (Occasional),Lapsed (180d+),2010-10-01,27.0,162.6
14304,2010-05-18 10:50:00,2011-05-01 11:50:00,3,1725.01,575.0,United Kingdom,Repeat Customer,222,348,2-3 orders (Occasional),Lapsed (180d+),2010-05-01,190.0,671.97
14305,2011-07-27 14:14:00,2011-09-29 15:29:00,3,1858.96,619.65,United Kingdom,Repeat Customer,71,64,2-3 orders (Occasional),Active (0-90d),2011-07-01,21.0,1044.2
14306,2010-01-31 13:42:00,2011-10-19 13:23:00,6,3151.4,525.23,United Kingdom,Repeat Customer,51,625,4-9 orders (Regular),Active (0-90d),2010-01-01,178.0,302.08
14307,2009-12-07 13:06:00,2011-09-12 09:38:00,10,4287.92,428.79,United Kingdom,Repeat Customer,88,643,10+ orders (Champions),Active (0-90d),2009-12-01,59.0,242.1
14309,2010-06-07 10:24:00,2011-12-01 13:33:00,11,3780.81,343.71,United Kingdom,Repeat Customer,8,542,10+ orders (Champions),Active (0-90d),2010-06-01,137.0,664.24
14310,2010-10-03 12:34:00,2010-10-03 12:34:00,1,492.1,492.1,United Kingdom,One-Time Customer,432,0,1 order (One-Time),Lapsed (180d+),2010-10-01,,492.1
14311,2010-05-21 10:28:00,2011-04-11 10:14:00,2,516.45,258.23,United Kingdom,Repeat Customer,242,324,2-3 orders (Occasional),Lapsed (180d+),2010-05-01,324.0,206.19
14312,2010-07-23 15:05:00,2011-10-24 09:46:00,11,3090.29,280.94,United Kingdom,Repeat Customer,46,457,10+ orders (Champions),Active (0-90d),2010-07-01,87.0,785.33
14314,2010-10-05 08:00:00,2011-08-25 10:39:00,2,229.8,114.9,United Kingdom,Repeat Customer,106,324,2-3 orders (Occasional),At Risk (91-180d),2010-10-01,324.0,109.8
14315,2010-03-15 12:49:00,2011-10-26 12:06:00,8,3197.82,399.73,United Kingdom,Repeat Customer,44,589,4-9 orders (Regular),Active (0-90d),2010-03-01,70.0,365.43
14316,2010-03-19 15:18:00,2010-10-13 16:31:00,5,1370.34,274.07,United Kingdom,Repeat Customer,422,208,4-9 orders (Regular),Lapsed (180d+),2010-03-01,48.0,385.38
14317,2011-10-06 10:44:00,2011-10-06 10:44:00,1,508.58,508.58,United Kingdom,One-Time Customer,64,0,1 order (One-Time),Active (0-90d),2011-10-01,,508.58
14318,2010-09-05 15:32:00,2010-09-05 15:32:00,1,158.02,158.02,United Kingdom,One-Time Customer,460,0,1 order (One-Time),Lapsed (180d+),2010-09-01,,158.02
14319,2010-10-11 13:38:00,2010-10-11 13:38:00,1,494.85,494.85,United Kingdom,One-Time Customer,424,0,1 order (One-Time),Lapsed (180d+),2010-10-01,,494.85
14320,2010-01-21 11:44:00,2011-05-17 09:24:00,5,1346.75,269.35,United Kingdom,Repeat Customer,206,480,4-9 orders (Regular),Lapsed (180d+),2010-01-01,26.0,216.22
14321,2010-08-23 12:56:00,2011-11-29 09:47:00,7,2218.06,316.87,United Kingdom,Repeat Customer,10,462,4-9 orders (Regular),Active (0-90d),2010-08-01,41.0,377.12
14322,2010-02-18 08:49:00,2010-10-06 15:17:00,4,474.1,118.52,United Kingdom,Repeat Customer,429,230,4-9 orders (Regular),Lapsed (180d+),2010-02-01,22.0,118.2
14323,2011-04-15 11:44:00,2011-08-17 11:37:00,2,605.06,302.53,United Kingdom,Repeat Customer,114,123,2-3 orders (Occasional),At Risk (91-180d),2011-04-01,123.0,299.82
14324,2010-01-15 13:31:00,2010-10-26 11:44:00,2,701.61,350.8,United Kingdom,Repeat Customer,409,283,2-3 orders (Occasional),Lapsed (180d+),2010-01-01,283.0,361.81
14325,2010-05-19 09:20:00,2010-05-19 09:20:00,1,245.48,245.48,United Kingdom,One-Time Customer,569,0,1 order (One-Time),Lapsed (180d+),2010-05-01,,245.48
14326,2010-06-25 12:10:00,2011-04-11 15:04:00,3,940.98,313.66,United Kingdom,Repeat Customer,242,290,2-3 orders (Occasional),Lapsed (180d+),2010-06-01,69.0,307.45
14327,2010-01-08 14:04:00,2011-06-29 13:58:00,6,1894.93,315.82,United Kingdom,Repeat Customer,163,536,4-9 orders (Regular),At Risk (91-180d),2010-01-01,26.0,328.62
14329,2009-12-16 15:31:00,2011-11-22 15:50:00,15,9887.62,659.17,United Kingdom,Repeat Customer,17,706,10+ orders (Champions),Active (0-90d),2009-12-01,39.0,320.65
14330,2010-03-26 09:10:00,2010-03-26 09:10:00,1,200.63,200.63,United Kingdom,One-Time Customer,623,0,1 order (One-Time),Lapsed (180d+),2010-03-01,,200.63
14331,2011-07-27 15:14:00,2011-08-07 13:17:00,2,462.66,231.33,United Kingdom,Repeat Customer,124,10,2-3 orders (Occasional),At Risk (91-180d),2011-07-01,10.0,383.66
14332,2010-10-19 13:01:00,2011-11-17 11:54:00,5,1917.41,383.48,United Kingdom,Repeat Customer,22,393,4-9 orders (Regular),Active (0-90d),2010-10-01,35.0,561.5
14333,2011-10-03 10:38:00,2011-10-03 10:38:00,1,415.2,415.2,United Kingdom,One-Time Customer,67,0,1 order (One-Time),Active (0-90d),2011-10-01,,415.2
14334,2010-05-20 10:04:00,2011-11-23 10:01:00,12,4318.48,359.87,United Kingdom,Repeat Customer,16,551,10+ orders (Champions),Active (0-90d),2010-05-01,68.0,476.89
14335,2011-09-04 13:07:00,2011-11-23 13:41:00,2,454.86,227.43,Germany,Repeat Customer,16,80,2-3 orders (Occasional),Active (0-90d),2011-09-01,80.0,347.5
14336,2011-03-08 16:48:00,2011-11-23 11:40:00,4,1614.91,403.73,United Kingdom,Repeat Customer,16,259,4-9 orders (Regular),Active (0-90d),2011-03-01,56.0,534.42
14338,2010-06-21 10:32:00,2011-07-01 14:08:00,3,928.1,309.37,United Kingdom,Repeat Customer,161,375,2-3 orders (Occasional),At Risk (91-180d),2010-06-01,340.0,339.88
14339,2010-10-07 08:50:00,2011-04-11 11:06:00,2,620.27,310.14,United Kingdom,Repeat Customer,242,186,2-3 orders (Occasional),Lapsed (180d+),2010-10-01,186.0,310.75
14340,2011-05-05 09:44:00,2011-05-05 09:44:00,1,134.7,134.7,United Kingdom,One-Time Customer,218,0,1 order (One-Time),Lapsed (180d+),2011-05-01,,134.7
14341,2009-12-01 12:20:00,2011-10-25 15:48:00,18,4452.02,247.33,United Kingdom,Repeat Customer,45,693,10+ orders (Champions),Active (0-90d),2009-12-01,13.0,281.82
14342,2010-08-24 13:03:00,2011-11-18 13:21:00,6,918.44,153.07,United Kingdom,Repeat Customer,21,451,4-9 orders (Regular),Active (0-90d),2010-08-01,39.0,161.28
14343,2010-01-18 16:47:00,2010-10-14 13:05:00,4,1079.66,269.92,United Kingdom,Repeat Customer,421,268,4-9 orders (Regular),Lapsed (180d+),2010-01-01,55.0,250.15
14344,2010-03-23 15:47:00,2011-08-04 13:51:00,20,2993.05,149.65,United Kingdom,Repeat Customer,127,498,10+ orders (Champions),At Risk (91-180d),2010-03-01,21.0,355.62
14345,2011-11-01 09:51:00,2011-11-01 09:51:00,1,108.98,108.98,United Kingdom,One-Time Customer,38,0,1 order (One-Time),Active (0-90d),2011-11-01,,108.98
14346,2010-07-30 10:44:00,2011-08-11 09:47:00,5,2315.75,463.15,United Kingdom,Repeat Customer,120,376,4-9 orders (Regular),At Risk (91-180d),2010-07-01,72.0,672.93
14347,2009-12-03 10:49:00,2009-12-03 10:49:00,1,82.6,82.6,United Kingdom,One-Time Customer,736,0,1 order (One-Time),Lapsed (180d+),2009-12-01,,82.6
14348,2011-03-24 16:23:00,2011-03-24 16:23:00,1,409.57,409.57,United Kingdom,One-Time Customer,260,0,1 order (One-Time),Lapsed (180d+),2011-03-01,,409.57
14349,2011-11-29 15:39:00,2011-11-29 15:39:00,1,133.5,133.5,United Kingdom,One-Time Customer,10,0,1 order (One-Time),Active (0-90d),2011-11-01,,133.5
14350,2010-10-05 15:52:00,2011-03-10 14:14:00,3,972.03,324.01,United Kingdom,Repeat Customer,274,155,2-3 orders (Occasional),Lapsed (180d+),2010-10-01,49.0,383.65
14351,2011-06-28 11:56:00,2011-06-28 11:56:00,1,51.0,51.0,United Kingdom,One-Time Customer,164,0,1 order (One-Time),At Risk (91-180d),2011-06-01,,51.0
14352,2011-03-11 14:58:00,2011-07-05 15:41:00,4,1078.96,269.74,United Kingdom,Repeat Customer,157,116,4-9 orders (Regular),At Risk (91-180d),2011-03-01,38.0,231.3
14353,2010-10-04 12:38:00,2011-05-08 16:06:00,3,376.5,125.5,United Kingdom,Repeat Customer,215,216,2-3 orders (Occasional),Lapsed (180d+),2010-10-01,21.0,185.04
14354,2011-11-09 15:36:00,2011-12-04 11:32:00,2,163.62,81.81,United Kingdom,Repeat Customer,5,24,2-3 orders (Occasional),Active (0-90d),2011-11-01,24.0,87.78
14355,2010-03-22 15:08:00,2010-12-09 12:16:00,3,840.05,280.02,United Kingdom,Repeat Customer,365,261,2-3 orders (Occasional),Lapsed (180d+),2010-03-01,178.0,301.14
14356,2011-09-19 14:43:00,2011-09-21 09:18:00,2,701.23,350.62,United Kingdom,Repeat Customer,79,1,2-3 orders (Occasional),Active (0-90d),2011-09-01,1.0,345.03
14357,2011-10-27 16:23:00,2011-10-27 16:23:00,1,225.12,225.12,United Kingdom,One-Time Customer,43,0,1 order (One-Time),Active (0-90d),2011-10-01,,225.12
14358,2010-10-07 17:26:00,2010-11-15 15:51:00,2,400.06,200.03,United Kingdom,Repeat Customer,389,38,2-3 orders (Occasional),Lapsed (180d+),2010-10-01,38.0,249.46
14359,2011-09-13 09:03:00,2011-11-20 13:17:00,3,912.18,304.06,United Kingdom,Repeat Customer,19,68,2-3 orders (Occasional),Active (0-90d),2011-09-01,44.0,483.39
14360,2011-09-06 11:58:00,2011-11-08 09:12:00,4,2118.03,529.51,United Kingdom,Repeat Customer,31,62,4-9 orders (Regular),Active (0-90d),2011-09-01,27.0,1124.49
14361,2010-05-10 12:29:00,2010-05-10 12:29:00,1,214.71,214.71,United Kingdom,One-Time Customer,578,0,1 order (One-Time),Lapsed (180d+),2010-05-01,,214.71
14362,2011-11-17 15:08:00,2011-11-17 15:08:00,1,151.5,151.5,United Kingdom,One-Time Customer,22,0,1 order (One-Time),Active (0-90d),2011-11-01,,151.5
14363,2010-09-14 14:39:00,2010-11-02 17:01:00,2,227.47,113.74,United Kingdom,Repeat Customer,402,49,2-3 orders (Occasional),Lapsed (180d+),2010-09-01,49.0,78.15
14364,2011-05-12 12:56:00,2011-08-23 11:01:00,8,3717.35,464.67,United Kingdom,Repeat Customer,108,102,4-9 orders (Regular),At Risk (91-180d),2011-05-01,10.0,719.15
14365,2010-01-27 09:44:00,2010-11-10 09:52:00,2,634.68,317.34,United Kingdom,Repeat Customer,394,287,2-3 orders (Occasional),Lapsed (180d+),2010-01-01,287.0,324.5
14366,2010-07-02 17:23:00,2010-07-02 17:23:00,1,136.0,136.0,United Kingdom,One-Time Customer,525,0,1 order (One-Time),Lapsed (180d+),2010-07-01,,136.0
14367,2011-03-08 14:12:00,2011-12-01 13:19:00,16,9227.82,576.74,United Kingdom,Repeat Customer,8,267,10+ orders (Champions),Active (0-90d),2011-03-01,21.0,983.16
14368,2011-01-24 09:52:00,2011-01-24 09:52:00,1,155.0,155.0,United Kingdom,One-Time Customer,319,0,1 order (One-Time),Lapsed (180d+),2011-01-01,,155.0
14369,2010-02-16 10:28:00,2010-03-07 15:47:00,2,469.13,234.56,United Kingdom,Repeat Customer,642,19,2-3 orders (Occasional),Lapsed (180d+),2010-02-01,19.0,169.69
14370,2010-02-01 08:35:00,2010-09-15 10:53:00,6,1175.78,195.96,United Kingdom,Repeat Customer,450,226,4-9 orders (Regular),Lapsed (180d+),2010-02-01,51.0,257.05
14371,2011-02-17 16:35:00,2011-02-17 16:35:00,1,100.5,100.5,United Kingdom,One-Time Customer,295,0,1 order (One-Time),Lapsed (180d+),2011-02-01,,100.5
14372,2010-04-19 15:57:00,2010-09-22 16:17:00,2,860.08,430.04,United Kingdom,Repeat Customer,443,156,2-3 orders (Occasional),Lapsed (180d+),2010-04-01,156.0,590.35
14373,2010-12-16 15:40:00,2010-12-16 15:40:00,1,76.55,76.55,United Kingdom,One-Time Customer,358,0,1 order (One-Time),Lapsed (180d+),2010-12-01,,76.55
14374,2010-06-16 14:25:00,2010-06-16 14:25:00,1,108.0,108.0,United Kingdom,One-Time Customer,541,0,1 order (One-Time),Lapsed (180d+),2010-06-01,,108.0
14375,2010-06-16 14:34:00,2011-06-07 13:44:00,3,1106.82,368.94,United Kingdom,Repeat Customer,185,355,2-3 orders (Occasional),Lapsed (180d+),2010-06-01,91.0,340.95
14376,2010-01-25 15:36:00,2010-01-25 15:36:00,1,215.46,215.46,United Kingdom,One-Time Customer,683,0,1 order (One-Time),Lapsed (180d+),2010-01-01,,215.46
14377,2011-03-22 13:38:00,2011-06-01 13:32:00,2,617.05,308.52,United Kingdom,Repeat Customer,191,70,2-3 orders (Occasional),Lapsed (180d+),2011-03-01,70.0,314.6
14378,2010-03-28 12:22:00,2010-03-28 12:22:00,1,131.25,131.25,United Kingdom,One-Time Customer,621,0,1 order (One-Time),Lapsed (180d+),2010-03-01,,131.25
14379,2010-08-16 15:31:00,2011-10-26 16:43:00,4,1265.16,316.29,United Kingdom,Repeat Customer,44,436,4-9 orders (Regular),Active (0-90d),2010-08-01,87.0,317.01
14381,2010-09-14 16:15:00,2011-10-18 17:10:00,2,625.94,312.97,United Kingdom,Repeat Customer,52,399,2-3 orders (Occasional),Active (0-90d),2010-09-01,399.0,423.26
14382,2010-11-14 16:32:00,2011-11-13 16:18:00,2,1193.63,596.82,United Kingdom,Repeat Customer,26,363,2-3 orders (Occasional),Active (0-90d),2010-11-01,363.0,578.14
14383,2011-06-29 10:18:00,2011-11-01 15:53:00,3,1247.69,415.9,United Kingdom,Repeat Customer,38,125,2-3 orders (Occasional),Active (0-90d),2011-06-01,99.0,242.09
14384,2010-07-27 09:53:00,2010-07-27 09:53:00,1,58.5,58.5,United Kingdom,One-Time Customer,500,0,1 order (One-Time),Lapsed (180d+),2010-07-01,,58.5
14385,2011-11-16 11:55:00,2011-11-30 15:36:00,3,202.11,67.37,United Kingdom,Repeat Customer,9,14,2-3 orders (Occasional),Active (0-90d),2011-11-01,7.0,55.16
14386,2011-02-16 09:45:00,2011-02-16 09:45:00,1,142.4,142.4,United Kingdom,One-Time Customer,296,0,1 order (One-Time),Lapsed (180d+),2011-02-01,,142.4
14387,2011-08-22 14:13:00,2011-11-07 12:29:00,3,1727.6,575.87,United Kingdom,Repeat Customer,32,76,2-3 orders (Occasional),Active (0-90d),2011-08-01,34.0,440.76
14388,2010-01-20 11:54:00,2011-11-29 13:32:00,16,6388.2,399.26,United Kingdom,Repeat Customer,10,678,10+ orders (Champions),Active (0-90d),2010-01-01,43.0,322.29
14389,2010-04-28 14:57:00,2011-10-05 15:17:00,5,1898.01,379.6,United Kingdom,Repeat Customer,65,525,4-9 orders (Regular),Active (0-90d),2010-04-01,61.0,228.4
14390,2010-10-10 14:30:00,2011-11-29 13:49:00,13,6150.03,473.08,United Kingdom,Repeat Customer,10,414,10+ orders (Champions),Active (0-90d),2010-10-01,30.0,680.43
14391,2010-05-12 09:42:00,2010-05-12 09:42:00,1,135.6,135.6,United Kingdom,One-Time Customer,576,0,1 order (One-Time),Lapsed (180d+),2010-05-01,,135.6
14392,2010-10-03 12:56:00,2010-10-03 12:56:00,1,266.4,266.4,United Kingdom,One-Time Customer,432,0,1 order (One-Time),Lapsed (180d+),2010-10-01,,266.4
14393,2011-05-05 18:16:00,2011-05-05 18:16:00,1,67.95,67.95,United Kingdom,One-Time Customer,218,0,1 order (One-Time),Lapsed (180d+),2011-05-01,,67.95
14394,2010-05-24 10:43:00,2010-05-24 10:43:00,1,93.8,93.8,United Kingdom,One-Time Customer,564,0,1 order (One-Time),Lapsed (180d+),2010-05-01,,93.8
14395,2010-04-18 13:12:00,2011-12-07 14:34:00,20,7801.93,390.1,United Kingdom,Repeat Customer,2,598,10+ orders (Champions),Active (0-90d),2010-04-01,3.0,566.8
14396,2009-12-02 14:21:00,2011-10-05 16:09:00,7,1969.38,281.34,United Kingdom,Repeat Customer,65,672,4-9 orders (Regular),Active (0-90d),2009-12-01,52.0,507.47
14397,2011-05-10 12:25:00,2011-12-07 09:22:00,19,2612.96,137.52,United Kingdom,Repeat Customer,2,210,10+ orders (Champions),Active (0-90d),2011-05-01,15.0,165.44
14398,2010-06-30 11:57:00,2010-11-03 13:46:00,2,707.79,353.9,United Kingdom,Repeat Customer,401,126,2-3 orders (Occasional),Lapsed (180d+),2010-06-01,126.0,446.49
14399,2010-02-03 13:09:00,2010-11-10 13:23:00,8,2108.21,263.53,United Kingdom,Repeat Customer,394,280,4-9 orders (Regular),Lapsed (180d+),2010-02-01,41.0,453.45
14400,2010-03-18 12:11:00,2011-07-13 15:50:00,3,1732.47,577.49,United Kingdom,Repeat Customer,149,482,2-3 orders (Occasional),At Risk (91-180d),2010-03-01,223.0,656.25
14401,2009-12-14 13:22:00,2011-12-05 13:30:00,22,6795.9,308.9,United Kingdom,Repeat Customer,4,721,10+ orders (Champions),Active (0-90d),2009-12-01,4.0,619.67
14402,2010-02-25 13:20:00,2010-02-25 13:20:00,1,285.6,285.6,United Kingdom,One-Time Customer,652,0,1 order (One-Time),Lapsed (180d+),2010-02-01,,285.6
14403,2010-03-10 14:00:00,2011-08-01 12:57:00,6,1880.51,313.42,United Kingdom,Repeat Customer,130,508,4-9 orders (Regular),At Risk (91-180d),2010-03-01,49.0,176.4
14404,2009-12-20 14:40:00,2011-11-06 12:30:00,13,2724.13,209.55,United Kingdom,Repeat Customer,33,685,10+ orders (Champions),Active (0-90d),2009-12-01,0.0,192.09
14405,2010-11-18 11:40:00,2010-11-18 11:40:00,1,195.0,195.0,United Kingdom,One-Time Customer,386,0,1 order (One-Time),Lapsed (180d+),2010-11-01,,195.0
14406,2011-08-12 16:54:00,2011-08-12 16:54:00,1,156.75,156.75,United Kingdom,One-Time Customer,119,0,1 order (One-Time),At Risk (91-180d),2011-08-01,,156.75
14407,2011-03-08 11:59:00,2011-08-24 14:02:00,5,2142.73,428.55,United Kingdom,Repeat Customer,107,169,4-9 orders (Regular),At Risk (91-180d),2011-03-01,71.0,357.18
14408,2009-12-07 12:18:00,2011-11-29 11:41:00,11,4102.27,372.93,United Kingdom,Repeat Customer,10,721,10+ orders (Champions),Active (0-90d),2009-12-01,102.0,321.0
14409,2010-05-21 16:45:00,2011-09-29 18:18:00,9,3427.29,380.81,United Kingdom,Repeat Customer,71,496,4-9 orders (Regular),Active (0-90d),2010-05-01,81.0,600.05
14410,2010-09-28 15:46:00,2011-09-08 15:08:00,11,2630.9,239.17,United Kingdom,Repeat Customer,92,344,10+ orders (Champions),At Risk (91-180d),2010-09-01,60.0,453.23
14411,2011-02-02 10:56:00,2011-02-02 10:56:00,1,1063.0,1063.0,United Kingdom,One-Time Customer,310,0,1 order (One-Time),Lapsed (180d+),2011-02-01,,1063.0
14412,2010-10-11 12:33:00,2011-10-28 10:45:00,3,1426.19,475.4,United Kingdom,Repeat Customer,42,381,2-3 orders (Occasional),Active (0-90d),2010-10-01,351.0,656.16
14413,2010-01-19 14:27:00,2010-12-12 13:37:00,3,421.72,140.57,United Kingdom,Repeat Customer,362,326,2-3 orders (Occasional),Lapsed (180d+),2010-01-01,279.0,122.7
14414,2010-11-30 10:12:00,2011-09-09 12:09:00,8,2399.33,299.92,United Kingdom,Repeat Customer,91,283,4-9 orders (Regular),At Risk (91-180d),2010-11-01,16.0,902.35
14415,2009-12-16 14:08:00,2011-12-08 14:38:00,23,11980.09,520.87,United Kingdom,Repeat Customer,1,722,10+ orders (Champions),Active (0-90d),2009-12-01,58.0,507.98
14416,2011-10-28 15:10:00,2011-11-17 15:22:00,2,490.22,245.11,United Kingdom,Repeat Customer,22,20,2-3 orders (Occasional),Active (0-90d),2011-10-01,20.0,361.0
14417,2010-11-17 10:55:00,2010-11-17 10:55:00,1,524.65,524.65,United Kingdom,One-Time Customer,387,0,1 order (One-Time),Lapsed (180d+),2010-11-01,,524.65
14418,2011-08-23 17:18:00,2011-12-06 11:39:00,3,1937.25,645.75,United Kingdom,Repeat Customer,3,104,2-3 orders (Occasional),Active (0-90d),2011-08-01,82.0,150.44
14419,2010-11-22 11:09:00,2011-11-29 11:22:00,7,1254.64,179.23,United Kingdom,Repeat Customer,10,372,4-9 orders (Regular),Active (0-90d),2010-11-01,17.0,202.85
14420,2010-01-17 12:41:00,2011-09-01 18:07:00,4,1639.17,409.79,United Kingdom,Repeat Customer,99,592,4-9 orders (Regular),At Risk (91-180d),2010-01-01,179.0,400.8
14421,2010-01-17 11:30:00,2011-10-13 13:24:00,6,2469.37,411.56,United Kingdom,Repeat Customer,57,634,4-9 orders (Regular),Active (0-90d),2010-01-01,8.0,975.0
14422,2009-12-17 12:12:00,2011-12-09 11:26:00,19,10271.52,540.61,United Kingdom,Repeat Customer,0,721,10+ orders (Champions),Active (0-90d),2009-12-01,19.0,420.41
14423,2010-01-14 11:49:00,2011-05-05 15:12:00,3,916.61,305.54,United Kingdom,Repeat Customer,218,476,2-3 orders (Occasional),Lapsed (180d+),2010-01-01,256.0,244.8
14424,2011-11-22 11:48:00,2011-11-22 11:48:00,1,322.08,322.08,United Kingdom,One-Time Customer,17,0,1 order (One-Time),Active (0-90d),2011-11-01,,322.08
14425,2009-12-02 11:31:00,2010-10-01 10:24:00,3,661.39,220.46,United Kingdom,Repeat Customer,434,302,2-3 orders (Occasional),Lapsed (180d+),2009-12-01,15.0,223.1
14426,2010-03-04 14:36:00,2011-11-16 12:25:00,17,11727.94,689.88,United Kingdom,Repeat Customer,23,621,10+ orders (Champions),Active (0-90d),2010-03-01,67.0,437.24
14427,2010-03-18 09:49:00,2011-10-20 14:23:00,4,1263.52,315.88,United Kingdom,Repeat Customer,50,581,4-9 orders (Regular),Active (0-90d),2010-03-01,137.0,595.1
14428,2011-01-18 16:39:00,2011-12-02 13:17:00,5,1224.06,244.81,United Kingdom,Repeat Customer,7,317,4-9 orders (Regular),Active (0-90d),2011-01-01,85.0,203.55
14429,2010-11-01 10:08:00,2010-11-01 10:08:00,1,516.28,516.28,United Kingdom,One-Time Customer,403,0,1 order (One-Time),Lapsed (180d+),2010-11-01,,516.28
14430,2010-04-11 15:59:00,2010-07-16 11:35:00,3,1220.9,406.97,United Kingdom,Repeat Customer,511,95,2-3 orders (Occasional),Lapsed (180d+),2010-04-01,95.0,635.5
14431,2010-01-21 10:49:00,2011-02-10 10:40:00,4,2614.2,653.55,United Kingdom,Repeat Customer,302,384,4-9 orders (Regular),Lapsed (180d+),2010-01-01,232.0,537.25
14432,2011-09-11 14:09:00,2011-11-30 08:04:00,6,2248.5,374.75,United Kingdom,Repeat Customer,9,79,4-9 orders (Regular),Active (0-90d),2011-09-01,21.0,249.17
14433,2010-08-31 12:35:00,2010-08-31 12:35:00,1,280.7,280.7,United Kingdom,One-Time Customer,465,0,1 order (One-Time),Lapsed (180d+),2010-08-01,,280.7
14434,2011-09-28 15:31:00,2011-11-18 08:56:00,6,1372.8,228.8,United Kingdom,Repeat Customer,21,50,4-9 orders (Regular),Active (0-90d),2011-09-01,6.0,310.8
14435,2010-07-26 12:33:00,2010-07-26 12:33:00,1,90.42,90.42,United Kingdom,One-Time Customer,501,0,1 order (One-Time),Lapsed (180d+),2010-07-01,,90.42
14436,2010-06-04 11:32:00,2011-09-02 10:13:00,2,271.7,135.85,United Kingdom,Repeat Customer,98,454,2-3 orders (Occasional),At Risk (91-180d),2010-06-01,454.0,182.64
14437,2010-05-05 12:20:00,2010-12-09 09:27:00,5,873.34,174.67,United Kingdom,Repeat Customer,365,217,4-9 orders (Regular),Lapsed (180d+),2010-05-01,53.0,365.48
14438,2011-02-06 14:56:00,2011-02-06 14:56:00,1,131.9,131.9,United Kingdom,One-Time Customer,306,0,1 order (One-Time),Lapsed (180d+),2011-02-01,,131.9
14439,2010-01-21 14:01:00,2011-01-24 11:39:00,5,9443.04,1888.61,Greece,Repeat Customer,319,367,4-9 orders (Regular),Lapsed (180d+),2010-01-01,3.0,2507.06
14440,2009-12-02 12:13:00,2011-12-01 15:42:00,13,5982.03,460.16,United Kingdom,Repeat Customer,8,729,10+ orders (Champions),Active (0-90d),2009-12-01,50.0,935.01
14441,2010-01-18 10:40:00,2011-12-09 09:07:00,11,4611.69,419.24,United Kingdom,Repeat Customer,0,689,10+ orders (Champions),Active (0-90d),2010-01-01,73.0,369.44
14442,2010-01-18 12:59:00,2011-05-19 11:36:00,7,5367.02,766.72,Channel Islands,Repeat Customer,204,485,4-9 orders (Regular),Lapsed (180d+),2010-01-01,121.0,838.75
14443,2010-11-25 14:18:00,2011-10-17 10:10:00,5,2082.97,416.59,United Kingdom,Repeat Customer,53,325,4-9 orders (Regular),Active (0-90d),2010-11-01,10.0,662.77
14444,2010-09-09 18:56:00,2010-09-09 18:56:00,1,120.44,120.44,United Kingdom,One-Time Customer,456,0,1 order (One-Time),Lapsed (180d+),2010-09-01,,120.44
14445,2010-09-10 11:09:00,2010-09-10 11:09:00,1,221.65,221.65,United Kingdom,One-Time Customer,455,0,1 order (One-Time),Lapsed (180d+),2010-09-01,,221.65
14446,2010-11-18 12:08:00,2011-12-09 11:34:00,5,1195.48,239.1,United Kingdom,Repeat Customer,0,385,4-9 orders (Regular),Active (0-90d),2010-11-01,140.0,189.93
14447,2010-11-04 13:32:00,2011-11-21 08:28:00,6,1711.73,285.29,United Kingdom,Repeat Customer,18,381,4-9 orders (Regular),Active (0-90d),2010-11-01,119.0,548.5
14448,2010-12-10 17:26:00,2011-11-30 13:50:00,2,375.35,187.68,United Kingdom,Repeat Customer,9,354,2-3 orders (Occasional),Active (0-90d),2010-12-01,354.0,102.35
14449,2010-09-29 13:15:00,2011-11-21 12:06:00,8,2230.96,278.87,United Kingdom,Repeat Customer,18,417,4-9 orders (Regular),Active (0-90d),2010-09-01,20.0,252.86
14450,2010-04-08 12:09:00,2011-06-12 10:46:00,7,1128.44,161.21,United Kingdom,Repeat Customer,180,429,4-9 orders (Regular),At Risk (91-180d),2010-04-01,209.0,196.08
14451,2010-01-17 10:35:00,2011-10-10 13:38:00,12,3258.68,271.56,United Kingdom,Repeat Customer,60,631,10+ orders (Champions),Active (0-90d),2010-01-01,25.0,110.43
14452,2010-07-06 13:13:00,2011-11-29 12:06:00,4,658.95,164.74,United Kingdom,Repeat Customer,10,510,4-9 orders (Regular),Active (0-90d),2010-07-01,126.0,126.05
14453,2011-06-02 14:15:00,2011-06-02 14:15:00,1,119.93,119.93,United Kingdom,One-Time Customer,190,0,1 order (One-Time),Lapsed (180d+),2011-06-01,,119.93
14454,2009-12-06 12:56:00,2010-11-28 13:26:00,5,977.3,195.46,United Kingdom,Repeat Customer,376,357,4-9 orders (Regular),Lapsed (180d+),2009-12-01,62.0,125.94
14455,2010-08-01 13:26:00,2010-10-03 15:48:00,4,617.72,154.43,United Kingdom,Repeat Customer,432,63,4-9 orders (Regular),Lapsed (180d+),2010-08-01,7.0,226.36
14456,2011-07-20 13:06:00,2011-12-04 13:59:00,9,3014.32,334.92,United Kingdom,Repeat Customer,5,137,4-9 orders (Regular),Active (0-90d),2011-07-01,0.0,116.13
14457,2011-02-02 09:39:00,2011-02-02 09:39:00,1,113.64,113.64,United Kingdom,One-Time Customer,310,0,1 order (One-Time),Lapsed (180d+),2011-02-01,,113.64
14458,2010-11-24 12:43:00,2010-11-24 12:43:00,1,219.27,219.27,United Kingdom,One-Time Customer,380,0,1 order (One-Time),Lapsed (180d+),2010-11-01,,219.27
14459,2010-02-26 13:26:00,2011-07-07 13:35:00,2,5375.74,2687.87,United Kingdom,Repeat Customer,155,496,2-3 orders (Occasional),At Risk (91-180d),2010-02-01,496.0,3537.82
14460,2009-12-15 19:06:00,2011-08-21 14:19:00,9,1093.5,121.5,United Kingdom,Repeat Customer,110,613,4-9 orders (Regular),At Risk (91-180d),2009-12-01,55.0,155.34
14461,2010-01-18 12:48:00,2011-07-14 17:11:00,13,6676.52,513.58,United Kingdom,Repeat Customer,148,542,10+ orders (Champions),At Risk (91-180d),2010-01-01,70.0,305.44
14462,2010-10-03 14:13:00,2011-10-04 15:55:00,12,2237.81,186.48,United Kingdom,Repeat Customer,66,366,10+ orders (Champions),Active (0-90d),2010-10-01,92.0,262.24
14463,2010-07-28 11:35:00,2011-09-02 15:20:00,4,786.57,196.64,United Kingdom,Repeat Customer,98,401,4-9 orders (Regular),At Risk (91-180d),2010-07-01,294.0,256.95
14464,2010-03-22 15:20:00,2010-05-20 18:00:00,2,111.0,55.5,United Kingdom,Repeat Customer,568,59,2-3 orders (Occasional),Lapsed (180d+),2010-03-01,59.0,60.0
14465,2010-01-07 15:03:00,2011-04-07 12:38:00,11,3925.85,356.9,United Kingdom,Repeat Customer,246,454,10+ orders (Champions),Lapsed (180d+),2010-01-01,20.0,284.52
14466,2009-12-13 15:44:00,2011-11-10 14:07:00,13,4267.15,328.24,United Kingdom,Repeat Customer,29,696,10+ orders (Champions),Active (0-90d),2009-12-01,31.0,217.8
14467,2009-12-02 12:44:00,2011-11-22 12:48:00,12,2203.24,183.6,United Kingdom,Repeat Customer,17,720,10+ orders (Champions),Active (0-90d),2009-12-01,103.0,109.84
14468,2009-12-06 12:21:00,2009-12-06 12:21:00,1,204.24,204.24,United Kingdom,One-Time Customer,733,0,1 order (One-Time),Lapsed (180d+),2009-12-01,,204.24
14469,2010-01-29 11:12:00,2010-10-19 14:30:00,4,2093.46,523.36,United Kingdom,Repeat Customer,416,263,4-9 orders (Regular),Lapsed (180d+),2010-01-01,59.0,421.45
14470,2010-10-05 12:39:00,2011-11-28 10:31:00,3,712.04,237.35,United Kingdom,Repeat Customer,11,418,2-3 orders (Occasional),Active (0-90d),2010-10-01,142.0,250.85
14471,2009-12-07 12:26:00,2010-04-27 17:12:00,2,400.95,200.48,United Kingdom,Repeat Customer,591,141,2-3 orders (Occasional),Lapsed (180d+),2009-12-01,141.0,208.83
14472,2010-01-19 13:09:00,2011-08-28 11:01:00,9,2118.72,235.41,United Kingdom,Repeat Customer,103,585,4-9 orders (Regular),At Risk (91-180d),2010-01-01,334.0,266.05
14473,2011-03-02 13:56:00,2011-09-26 15:10:00,2,234.34,117.17,United Kingdom,Repeat Customer,74,208,2-3 orders (Occasional),Active (0-90d),2011-03-01,208.0,85.0
14474,2010-05-09 12:12:00,2011-10-24 13:26:00,2,1258.89,629.44,United Kingdom,Repeat Customer,46,533,2-3 orders (Occasional),Active (0-90d),2010-05-01,533.0,711.23
14475,2010-10-27 09:20:00,2011-09-29 10:46:00,4,1151.15,287.79,United Kingdom,Repeat Customer,71,337,4-9 orders (Regular),Active (0-90d),2010-10-01,104.0,225.3
14476,2011-03-27 15:39:00,2011-03-27 15:39:00,1,193.0,193.0,United Kingdom,One-Time Customer,257,0,1 order (One-Time),Lapsed (180d+),2011-03-01,,193.0
14477,2010-01-04 15:41:00,2011-11-20 11:11:00,7,1969.6,281.37,United Kingdom,Repeat Customer,19,684,4-9 orders (Regular),Active (0-90d),2010-01-01,175.0,165.0
14478,2009-12-01 13:20:00,2010-11-22 15:29:00,4,1276.66,319.16,United Kingdom,Repeat Customer,382,356,4-9 orders (Regular),Lapsed (180d+),2009-12-01,55.0,282.28
14479,2009-12-06 13:48:00,2011-03-31 09:07:00,4,1124.71,281.18,United Kingdom,Repeat Customer,253,479,4-9 orders (Regular),Lapsed (180d+),2009-12-01,314.0,355.13
14480,2009-12-21 16:32:00,2011-11-28 16:35:00,4,1299.52,324.88,United Kingdom,Repeat Customer,11,707,4-9 orders (Regular),Active (0-90d),2009-12-01,280.0,303.85
14481,2010-01-31 12:43:00,2011-06-28 10:38:00,5,2284.69,456.94,United Kingdom,Repeat Customer,164,512,4-9 orders (Regular),At Risk (91-180d),2010-01-01,64.0,401.32
14482,2010-08-26 14:13:00,2011-11-21 13:14:00,12,4306.72,358.89,United Kingdom,Repeat Customer,18,451,10+ orders (Champions),Active (0-90d),2010-08-01,0.0,529.2
14483,2009-12-03 10:16:00,2011-03-03 10:26:00,2,257.1,128.55,United Kingdom,Repeat Customer,281,455,2-3 orders (Occasional),Lapsed (180d+),2009-12-01,455.0,120.0
14484,2009-12-17 10:57:00,2011-10-20 14:11:00,4,1070.98,267.74,United Kingdom,Repeat Customer,50,672,4-9 orders (Regular),Active (0-90d),2009-12-01,84.0,435.45
14485,2011-11-01 12:25:00,2011-11-01 12:25:00,1,162.8,162.8,United Kingdom,One-Time Customer,38,0,1 order (One-Time),Active (0-90d),2011-11-01,,162.8
14486,2010-06-04 10:30:00,2010-07-16 09:42:00,2,175.5,87.75,United Kingdom,Repeat Customer,511,41,2-3 orders (Occasional),Lapsed (180d+),2010-06-01,41.0,97.5
14487,2010-11-25 13:36:00,2011-11-13 12:17:00,7,1266.27,180.9,United Kingdom,Repeat Customer,26,352,4-9 orders (Regular),Active (0-90d),2010-11-01,10.0,100.79
14488,2011-10-03 09:30:00,2011-10-03 09:30:00,1,1064.28,1064.28,United Kingdom,One-Time Customer,67,0,1 order (One-Time),Active (0-90d),2011-10-01,,1064.28
14489,2010-04-06 09:52:00,2011-05-16 14:51:00,4,1574.93,393.73,United Kingdom,Repeat Customer,207,405,4-9 orders (Regular),Lapsed (180d+),2010-04-01,120.0,450.85
14490,2010-10-07 11:36:00,2010-10-29 15:04:00,2,1273.47,636.74,United Kingdom,Repeat Customer,406,22,2-3 orders (Occasional),Lapsed (180d+),2010-10-01,22.0,477.08
14491,2010-12-02 12:10:00,2011-06-17 15:22:00,2,340.93,170.46,United Kingdom,Repeat Customer,175,197,2-3 orders (Occasional),At Risk (91-180d),2010-12-01,197.0,127.2
14492,2010-03-30 14:23:00,2010-10-05 13:21:00,7,1921.91,274.56,United Kingdom,Repeat Customer,430,188,4-9 orders (Regular),Lapsed (180d+),2010-03-01,65.0,214.11
14493,2010-03-08 08:33:00,2011-12-02 16:14:00,10,5087.86,508.79,United Kingdom,Repeat Customer,7,634,10+ orders (Champions),Active (0-90d),2010-03-01,49.0,553.7
14494,2009-12-08 13:25:00,2011-11-14 09:21:00,3,401.46,133.82,United Kingdom,Repeat Customer,25,705,2-3 orders (Occasional),Active (0-90d),2009-12-01,329.0,114.3
14495,2010-02-18 08:49:00,2011-10-20 12:28:00,3,174.8,58.27,United Kingdom,Repeat Customer,50,609,2-3 orders (Occasional),Active (0-90d),2010-02-01,538.0,51.0
14496,2010-03-16 13:15:00,2011-02-01 09:01:00,7,2363.89,337.7,United Kingdom,Repeat Customer,311,321,4-9 orders (Regular),Lapsed (180d+),2010-03-01,54.0,754.26
14497,2010-02-04 09:59:00,2011-02-03 17:01:00,2,697.06,348.53,United Kingdom,Repeat Customer,309,364,2-3 orders (Occasional),Lapsed (180d+),2010-02-01,364.0,221.69
14498,2010-06-07 16:05:00,2011-10-28 12:09:00,10,3900.83,390.08,United Kingdom,Repeat Customer,42,507,10+ orders (Champions),Active (0-90d),2010-06-01,29.0,301.18
14499,2010-08-27 11:57:00,2011-11-13 13:01:00,7,2101.79,300.26,United Kingdom,Repeat Customer,26,443,4-9 orders (Regular),Active (0-90d),2010-08-01,47.0,357.11
14500,2011-06-03 10:08:00,2011-09-12 16:45:00,3,356.85,118.95,United Kingdom,Repeat Customer,88,101,2-3 orders (Occasional),Active (0-90d),2011-06-01,77.0,284.85
14501,2011-01-24 10:43:00,2011-06-09 12:02:00,2,251.21,125.6,United Kingdom,Repeat Customer,183,136,2-3 orders (Occasional),Lapsed (180d+),2011-01-01,136.0,66.93
14502,2011-01-30 15:52:00,2011-11-20 11:50:00,11,2426.79,220.62,United Kingdom,Repeat Customer,19,293,10+ orders (Champions),Active (0-90d),2011-01-01,20.0,152.07
14503,2011-06-14 10:00:00,2011-12-06 13:30:00,6,3543.26,590.54,United Kingdom,Repeat Customer,3,175,4-9 orders (Regular),Active (0-90d),2011-06-01,108.0,597.07
14504,2011-03-06 14:38:00,2011-10-23 16:00:00,4,673.26,168.32,United Kingdom,Repeat Customer,47,231,4-9 orders (Regular),Active (0-90d),2011-03-01,18.0,147.23
14505,2009-12-09 14:48:00,2011-11-22 15:45:00,19,11873.08,624.9,United Kingdom,Repeat Customer,17,713,10+ orders (Champions),Active (0-90d),2009-12-01,12.0,890.38
14506,2010-04-19 08:27:00,2011-11-22 13:02:00,7,2960.25,422.89,United Kingdom,Repeat Customer,17,582,4-9 orders (Regular),Active (0-90d),2010-04-01,197.0,391.5
14507,2009-12-10 17:04:00,2011-11-16 12:21:00,11,3216.74,292.43,United Kingdom,Repeat Customer,23,705,10+ orders (Champions),Active (0-90d),2009-12-01,79.0,171.5
14508,2010-06-17 13:02:00,2011-11-17 19:48:00,5,822.92,164.58,United Kingdom,Repeat Customer,22,518,4-9 orders (Regular),Active (0-90d),2010-06-01,0.0,136.58
14509,2010-06-23 13:21:00,2010-06-23 13:21:00,1,110.95,110.95,United Kingdom,One-Time Customer,534,0,1 order (One-Time),Lapsed (180d+),2010-06-01,,110.95
14510,2010-09-29 13:35:00,2010-11-29 12:46:00,3,979.85,326.62,United Kingdom,Repeat Customer,375,60,2-3 orders (Occasional),Lapsed (180d+),2010-09-01,0.0,458.8
14511,2011-07-29 12:13:00,2011-11-28 17:05:00,5,1314.81,262.96,United Kingdom,Repeat Customer,11,122,4-9 orders (Regular),Active (0-90d),2011-07-01,41.0,138.16
14512,2009-12-07 13:49:00,2011-06-05 12:39:00,7,1215.97,173.71,United Kingdom,Repeat Customer,187,544,4-9 orders (Regular),Lapsed (180d+),2009-12-01,142.0,153.28
14513,2010-05-20 17:57:00,2011-08-31 11:25:00,6,788.01,131.34,United Kingdom,Repeat Customer,100,467,4-9 orders (Regular),At Risk (91-180d),2010-05-01,121.0,271.46
14514,2009-12-13 13:21:00,2011-10-09 16:05:00,9,4380.04,486.67,United Kingdom,Repeat Customer,61,665,4-9 orders (Regular),Active (0-90d),2009-12-01,43.0,828.34
14515,2010-06-07 12:37:00,2011-11-22 11:37:00,12,3724.06,310.34,United Kingdom,Repeat Customer,17,532,10+ orders (Champions),Active (0-90d),2010-06-01,140.0,196.1
14516,2010-07-11 14:07:00,2010-07-11 14:07:00,1,151.17,151.17,United Kingdom,One-Time Customer,516,0,1 order (One-Time),Lapsed (180d+),2010-07-01,,151.17
14517,2011-07-21 11:42:00,2011-11-06 14:20:00,2,330.45,165.22,United Kingdom,Repeat Customer,33,108,2-3 orders (Occasional),Active (0-90d),2011-07-01,108.0,252.45
14518,2011-10-06 14:43:00,2011-10-06 14:43:00,1,174.37,174.37,United Kingdom,One-Time Customer,64,0,1 order (One-Time),Active (0-90d),2011-10-01,,174.37
14519,2009-12-11 10:40:00,2010-01-25 11:18:00,2,203.14,101.57,United Kingdom,Repeat Customer,683,45,2-3 orders (Occasional),Lapsed (180d+),2009-12-01,45.0,122.95
14520,2011-02-22 09:15:00,2011-12-08 09:46:00,2,270.6,135.3,United Kingdom,Repeat Customer,1,289,2-3 orders (Occasional),Active (0-90d),2011-02-01,289.0,165.0
14521,2010-08-05 16:35:00,2010-08-05 16:35:00,1,199.45,199.45,United Kingdom,One-Time Customer,491,0,1 order (One-Time),Lapsed (180d+),2010-08-01,,199.45
14522,2010-01-24 13:55:00,2011-11-15 13:24:00,8,1748.42,218.55,United Kingdom,Repeat Customer,24,659,4-9 orders (Regular),Active (0-90d),2010-01-01,33.0,200.2
14523,2011-08-23 13:13:00,2011-08-23 13:13:00,1,241.09,241.09,United Kingdom,One-Time Customer,108,0,1 order (One-Time),At Risk (91-180d),2011-08-01,,241.09
14524,2010-10-19 11:44:00,2011-11-08 12:29:00,13,2909.86,223.84,United Kingdom,Repeat Customer,31,385,10+ orders (Champions),Active (0-90d),2010-10-01,0.0,130.64
14525,2009-12-13 14:01:00,2011-11-20 11:37:00,17,8018.59,471.68,United Kingdom,Repeat Customer,19,706,10+ orders (Champions),Active (0-90d),2009-12-01,36.0,399.8
14526,2010-11-15 13:32:00,2010-11-15 13:32:00,1,258.65,258.65,United Kingdom,One-Time Customer,389,0,1 order (One-Time),Lapsed (180d+),2010-11-01,,258.65
14527,2009-12-02 12:06:00,2011-12-07 12:19:00,121,27191.1,224.72,United Kingdom,Repeat Customer,2,735,10+ orders (Champions),Active (0-90d),2009-12-01,2.0,923.79
14528,2011-11-02 17:09:00,2011-11-02 17:09:00,1,364.22,364.22,United Kingdom,One-Time Customer,37,0,1 order (One-Time),Active (0-90d),2011-11-01,,364.22
14529,2011-08-21 14:10:00,2011-10-10 15:27:00,3,578.61,192.87,United Kingdom,Repeat Customer,60,50,2-3 orders (Occasional),Active (0-90d),2011-08-01,32.0,135.24
14530,2010-01-21 11:25:00,2011-11-14 10:38:00,16,6088.87,380.55,United Kingdom,Repeat Customer,25,661,10+ orders (Champions),Active (0-90d),2010-01-01,41.0,192.13
14531,2010-08-17 10:16:00,2010-08-17 10:16:00,1,376.34,376.34,United Kingdom,One-Time Customer,479,0,1 order (One-Time),Lapsed (180d+),2010-08-01,,376.34
14532,2010-01-10 11:47:00,2011-04-17 13:05:00,11,3845.78,349.62,United Kingdom,Repeat Customer,236,462,10+ orders (Champions),Lapsed (180d+),2010-01-01,20.0,275.95
14533,2010-04-08 12:13:00,2011-11-15 12:05:00,11,3466.37,315.12,United Kingdom,Repeat Customer,24,585,10+ orders (Champions),Active (0-90d),2010-04-01,32.0,475.46
14534,2010-03-15 14:16:00,2011-12-07 12:19:00,26,6183.06,237.81,United Kingdom,Repeat Customer,2,631,10+ orders (Champions),Active (0-90d),2010-03-01,83.0,371.7
14535,2010-02-24 15:03:00,2011-10-10 15:39:00,9,5961.89,662.43,United Kingdom,Repeat Customer,60,593,4-9 orders (Regular),Active (0-90d),2010-02-01,28.0,504.35
14536,2011-03-25 12:21:00,2011-03-25 12:21:00,1,170.95,170.95,United Kingdom,One-Time Customer,259,0,1 order (One-Time),Lapsed (180d+),2011-03-01,,170.95
14537,2010-03-26 13:44:00,2011-10-13 10:54:00,2,641.4,320.7,United Kingdom,Repeat Customer,57,565,2-3 orders (Occasional),Active (0-90d),2010-03-01,565.0,285.84
14538,2010-01-25 15:42:00,2011-10-06 10:31:00,5,1370.84,274.17,United Kingdom,Repeat Customer,64,618,4-9 orders (Regular),Active (0-90d),2010-01-01,138.0,452.6
14539,2011-10-26 12:03:00,2011-11-24 09:50:00,2,537.48,268.74,United Kingdom,Repeat Customer,15,28,2-3 orders (Occasional),Active (0-90d),2011-10-01,28.0,72.13
14540,2009-12-07 13:00:00,2011-11-30 10:15:00,11,3709.64,337.24,United Kingdom,Repeat Customer,9,722,10+ orders (Champions),Active (0-90d),2009-12-01,9.0,156.5
14541,2010-01-07 11:59:00,2011-10-12 10:08:00,14,2491.38,177.96,United Kingdom,Repeat Customer,58,642,10+ orders (Champions),Active (0-90d),2010-01-01,48.0,202.73
14542,2011-06-07 08:19:00,2011-06-07 08:19:00,1,103.25,103.25,United Kingdom,One-Time Customer,185,0,1 order (One-Time),Lapsed (180d+),2011-06-01,,103.25
14543,2009-12-01 13:47:00,2011-11-11 12:45:00,39,14548.22,373.03,United Kingdom,Repeat Customer,28,709,10+ orders (Champions),Active (0-90d),2009-12-01,5.0,293.95
14544,2010-08-26 16:00:00,2011-11-15 15:06:00,3,2938.53,979.51,United Kingdom,Repeat Customer,24,445,2-3 orders (Occasional),Active (0-90d),2010-08-01,108.0,934.23
14545,2010-02-03 15:23:00,2010-02-03 15:23:00,1,349.25,349.25,United Kingdom,One-Time Customer,674,0,1 order (One-Time),Lapsed (180d+),2010-02-01,,349.25
14546,2009-12-06 13:10:00,2011-12-04 13:00:00,11,5184.84,471.35,United Kingdom,Repeat Customer,5,727,10+ orders (Champions),Active (0-90d),2009-12-01,62.0,546.48
14547,2011-10-16 14:35:00,2011-12-06 11:06:00,8,3974.75,496.84,United Kingdom,Repeat Customer,3,50,4-9 orders (Regular),Active (0-90d),2011-10-01,21.0,471.05
14548,2009-12-06 14:00:00,2011-07-12 12:19:00,9,2541.29,282.37,United Kingdom,Repeat Customer,150,582,4-9 orders (Regular),At Risk (91-180d),2009-12-01,0.0,498.02
14549,2009-12-02 14:06:00,2011-02-01 13:47:00,4,913.6,228.4,United Kingdom,Repeat Customer,311,425,4-9 orders (Regular),Lapsed (180d+),2009-12-01,143.0,313.27
14550,2010-08-13 12:05:00,2011-11-29 12:12:00,4,1345.06,336.26,United Kingdom,Repeat Customer,10,473,4-9 orders (Regular),Active (0-90d),2010-08-01,95.0,289.51
14551,2010-01-27 12:06:00,2011-11-21 13:36:00,7,878.09,125.44,United Kingdom,Repeat Customer,18,663,4-9 orders (Regular),Active (0-90d),2010-01-01,179.0,148.85
14552,2010-04-26 13:44:00,2011-07-11 12:49:00,3,507.93,169.31,United Kingdom,Repeat Customer,151,440,2-3 orders (Occasional),At Risk (91-180d),2010-04-01,211.0,173.72
14553,2010-07-18 12:07:00,2011-11-20 13:20:00,9,1818.6,202.07,United Kingdom,Repeat Customer,19,490,4-9 orders (Regular),Active (0-90d),2010-07-01,0.0,337.21
14554,2011-10-18 13:04:00,2011-11-29 16:44:00,4,2279.49,569.87,United Kingdom,Repeat Customer,10,42,4-9 orders (Regular),Active (0-90d),2011-10-01,29.0,334.93
14555,2009-12-18 11:39:00,2011-10-13 16:24:00,6,2304.03,384.01,United Kingdom,Repeat Customer,57,664,4-9 orders (Regular),Active (0-90d),2009-12-01,151.0,290.65
14556,2010-01-20 11:49:00,2010-04-22 14:57:00,3,815.69,271.9,United Kingdom,Repeat Customer,596,92,2-3 orders (Occasional),Lapsed (180d+),2010-01-01,35.0,331.41
14557,2011-09-15 15:48:00,2011-09-15 15:48:00,1,788.38,788.38,United Kingdom,One-Time Customer,85,0,1 order (One-Time),Active (0-90d),2011-09-01,,788.38
14558,2009-12-08 10:41:00,2010-02-23 12:51:00,3,655.5,218.5,United Kingdom,Repeat Customer,654,77,2-3 orders (Occasional),Lapsed (180d+),2009-12-01,51.0,306.45
14559,2010-11-14 16:05:00,2010-11-14 16:05:00,1,75.6,75.6,United Kingdom,One-Time Customer,390,0,1 order (One-Time),Lapsed (180d+),2010-11-01,,75.6
14560,2009-12-02 10:15:00,2011-12-02 15:22:00,44,6114.03,138.96,United Kingdom,Repeat Customer,7,730,10+ orders (Champions),Active (0-90d),2009-12-01,18.0,266.6
14561,2011-06-08 13:26:00,2011-09-25 12:39:00,3,1080.76,360.25,United Kingdom,Repeat Customer,75,108,2-3 orders (Occasional),Active (0-90d),2011-06-01,22.0,222.07
14562,2010-02-07 14:10:00,2011-12-06 11:05:00,26,6638.15,255.31,United Kingdom,Repeat Customer,3,666,10+ orders (Champions),Active (0-90d),2010-02-01,28.0,123.1
14563,2010-04-26 12:51:00,2010-07-18 12:01:00,2,625.42,312.71,United Kingdom,Repeat Customer,509,82,2-3 orders (Occasional),Lapsed (180d+),2010-04-01,82.0,478.27
14564,2009-12-04 09:27:00,2010-10-01 09:02:00,2,2605.62,1302.81,Channel Islands,Repeat Customer,434,300,2-3 orders (Occasional),Lapsed (180d+),2009-12-01,300.0,989.18
14565,2010-08-23 09:48:00,2011-09-05 09:07:00,5,3859.22,771.84,United Kingdom,Repeat Customer,95,377,4-9 orders (Regular),At Risk (91-180d),2010-08-01,112.0,760.1
14566,2010-06-24 10:34:00,2011-08-21 11:05:00,4,4092.0,1023.0,Channel Islands,Repeat Customer,110,423,4-9 orders (Regular),At Risk (91-180d),2010-06-01,57.0,845.0
14567,2011-08-01 13:48:00,2011-10-14 10:21:00,2,1530.36,765.18,United Kingdom,Repeat Customer,56,73,2-3 orders (Occasional),Active (0-90d),2011-08-01,73.0,800.76
14568,2010-09-30 17:15:00,2010-09-30 17:15:00,1,919.7,919.7,Channel Islands,One-Time Customer,435,0,1 order (One-Time),Lapsed (180d+),2010-09-01,,919.7
14569,2010-04-15 11:49:00,2011-12-08 14:58:00,4,597.33,149.33,United Kingdom,Repeat Customer,1,602,4-9 orders (Regular),Active (0-90d),2010-04-01,110.0,181.8
14570,2010-09-22 13:07:00,2011-03-04 10:58:00,3,512.4,170.8,United Kingdom,Repeat Customer,280,162,2-3 orders (Occasional),Lapsed (180d+),2010-09-01,162.0,295.19
14571,2010-10-10 15:06:00,2010-10-10 15:06:00,1,160.0,160.0,United Kingdom,One-Time Customer,425,0,1 order (One-Time),Lapsed (180d+),2010-10-01,,160.0
14572,2010-03-28 13:47:00,2011-12-06 14:40:00,11,5520.98,501.91,United Kingdom,Repeat Customer,3,618,10+ orders (Champions),Active (0-90d),2010-03-01,63.0,373.14
14573,2010-01-08 16:34:00,2011-06-13 11:15:00,13,2163.12,166.39,United Kingdom,Repeat Customer,179,520,10+ orders (Champions),At Risk (91-180d),2010-01-01,148.0,236.8
14574,2009-12-07 12:42:00,2009-12-07 12:42:00,1,143.7,143.7,United Kingdom,One-Time Customer,732,0,1 order (One-Time),Lapsed (180d+),2009-12-01,,143.7
14575,2010-08-08 14:51:00,2010-08-08 14:51:00,1,420.22,420.22,United Kingdom,One-Time Customer,488,0,1 order (One-Time),Lapsed (180d+),2010-08-01,,420.22
14576,2010-12-02 17:51:00,2010-12-02 17:51:00,1,35.4,35.4,United Kingdom,One-Time Customer,372,0,1 order (One-Time),Lapsed (180d+),2010-12-01,,35.4
14577,2009-12-11 12:09:00,2011-11-27 12:47:00,7,1364.15,194.88,United Kingdom,Repeat Customer,12,716,4-9 orders (Regular),Active (0-90d),2009-12-01,47.0,217.34
14578,2011-12-06 17:18:00,2011-12-06 17:18:00,1,168.63,168.63,United Kingdom,One-Time Customer,3,0,1 order (One-Time),Active (0-90d),2011-12-01,,168.63
14579,2010-10-03 14:36:00,2010-10-03 14:36:00,1,105.56,105.56,United Kingdom,One-Time Customer,432,0,1 order (One-Time),Lapsed (180d+),2010-10-01,,105.56
14580,2010-07-09 15:20:00,2010-07-09 15:20:00,1,14.85,14.85,United Kingdom,One-Time Customer,518,0,1 order (One-Time),Lapsed (180d+),2010-07-01,,14.85
14581,2010-06-13 15:48:00,2011-11-23 12:39:00,2,409.65,204.82,United Kingdom,Repeat Customer,16,527,2-3 orders (Occasional),Active (0-90d),2010-06-01,527.0,271.05
14582,2011-10-30 11:56:00,2011-10-30 11:56:00,1,114.11,114.11,United Kingdom,One-Time Customer,40,0,1 order (One-Time),Active (0-90d),2011-10-01,,114.11
14583,2010-03-28 15:16:00,2011-12-04 12:32:00,8,1660.29,207.54,United Kingdom,Repeat Customer,5,615,4-9 orders (Regular),Active (0-90d),2010-03-01,87.0,238.93
14584,2010-02-17 14:01:00,2011-06-23 18:33:00,8,1738.16,217.27,United Kingdom,Repeat Customer,169,491,4-9 orders (Regular),At Risk (91-180d),2010-02-01,30.0,194.63
14585,2010-10-19 12:17:00,2011-10-20 14:33:00,5,1143.27,228.65,United Kingdom,Repeat Customer,50,366,4-9 orders (Regular),Active (0-90d),2010-10-01,21.0,221.65
14586,2011-03-08 10:04:00,2011-03-08 10:04:00,1,237.36,237.36,United Kingdom,One-Time Customer,276,0,1 order (One-Time),Lapsed (180d+),2011-03-01,,237.36
14587,2011-01-12 13:16:00,2011-11-21 11:34:00,9,1580.29,175.59,United Kingdom,Repeat Customer,18,312,4-9 orders (Regular),Active (0-90d),2011-01-01,19.0,208.05
14588,2010-05-10 15:08:00,2010-05-10 15:08:00,1,135.39,135.39,United Kingdom,One-Time Customer,578,0,1 order (One-Time),Lapsed (180d+),2010-05-01,,135.39
14589,2010-12-03 11:42:00,2010-12-03 11:42:00,1,39.75,39.75,United Kingdom,One-Time Customer,371,0,1 order (One-Time),Lapsed (180d+),2010-12-01,,39.75
14590,2009-12-07 14:10:00,2010-10-11 12:06:00,20,2993.37,149.67,United Kingdom,Repeat Customer,424,307,10+ orders (Champions),Lapsed (180d+),2009-12-01,3.0,108.4
14591,2011-05-10 14:09:00,2011-11-24 13:57:00,4,1320.21,330.05,United Kingdom,Repeat Customer,15,197,4-9 orders (Regular),Active (0-90d),2011-05-01,197.0,204.02
14592,2011-10-06 18:08:00,2011-11-04 16:35:00,3,557.94,185.98,United Kingdom,Repeat Customer,35,28,2-3 orders (Occasional),Active (0-90d),2011-10-01,7.0,262.71
14593,2009-12-09 12:57:00,2011-11-18 12:48:00,12,3658.03,304.84,United Kingdom,Repeat Customer,21,708,10+ orders (Champions),Active (0-90d),2009-12-01,62.0,418.05
14594,2010-12-01 13:54:00,2011-12-02 13:28:00,2,363.33,181.66,United Kingdom,Repeat Customer,7,365,2-3 orders (Occasional),Active (0-90d),2010-12-01,365.0,255.0
14595,2010-01-20 13:59:00,2011-11-20 12:12:00,8,2164.45,270.56,United Kingdom,Repeat Customer,19,668,4-9 orders (Regular),Active (0-90d),2010-01-01,234.0,202.35
14596,2010-03-23 12:13:00,2010-03-23 12:13:00,1,222.22,222.22,United Kingdom,One-Time Customer,626,0,1 order (One-Time),Lapsed (180d+),2010-03-01,,222.22
14597,2010-09-28 13:17:00,2011-11-28 13:13:00,6,2184.63,364.1,United Kingdom,Repeat Customer,11,425,4-9 orders (Regular),Active (0-90d),2010-09-01,45.0,100.5
14598,2010-05-19 13:07:00,2011-10-26 13:19:00,2,384.04,192.02,United Kingdom,Repeat Customer,44,525,2-3 orders (Occasional),Active (0-90d),2010-05-01,525.0,162.07
14599,2010-07-18 15:54:00,2010-11-14 14:49:00,2,457.89,228.94,United Kingdom,Repeat Customer,390,118,2-3 orders (Occasional),Lapsed (180d+),2010-07-01,118.0,178.89
14600,2010-11-11 15:56:00,2011-02-07 09:48:00,2,865.17,432.58,United Kingdom,Repeat Customer,305,87,2-3 orders (Occasional),Lapsed (180d+),2010-11-01,87.0,471.84
14601,2011-11-29 09:48:00,2011-11-29 09:48:00,1,213.96,213.96,United Kingdom,One-Time Customer,10,0,1 order (One-Time),Active (0-90d),2011-11-01,,213.96
14602,2010-02-21 15:47:00,2010-02-21 15:47:00,1,205.36,205.36,United Kingdom,One-Time Customer,656,0,1 order (One-Time),Lapsed (180d+),2010-02-01,,205.36
14603,2011-03-10 10:27:00,2011-03-10 10:27:00,1,660.0,660.0,United Kingdom,One-Time Customer,274,0,1 order (One-Time),Lapsed (180d+),2011-03-01,,660.0
14604,2010-03-16 13:00:00,2010-03-16 13:00:00,1,136.36,136.36,United Kingdom,One-Time Customer,633,0,1 order (One-Time),Lapsed (180d+),2010-03-01,,136.36
14605,2009-12-08 13:59:00,2010-11-30 14:07:00,4,920.71,230.18,United Kingdom,Repeat Customer,374,357,4-9 orders (Regular),Lapsed (180d+),2009-12-01,0.0,207.65
14606,2009-12-03 12:40:00,2011-12-08 19:28:00,184,29648.75,161.13,United Kingdom,Repeat Customer,1,735,10+ orders (Champions),Active (0-90d),2009-12-01,3.0,215.0
14607,2009-12-15 11:25:00,2011-11-24 10:35:00,20,22575.13,1128.76,United Kingdom,Repeat Customer,15,708,10+ orders (Champions),Active (0-90d),2009-12-01,50.0,2320.2
14608,2009-12-06 12:34:00,2011-12-05 16:52:00,10,3342.94,334.29,United Kingdom,Repeat Customer,4,729,10+ orders (Champions),Active (0-90d),2009-12-01,4.0,211.62
14609,2010-02-09 09:48:00,2011-09-28 12:54:00,10,1486.2,148.62,United Kingdom,Repeat Customer,72,596,10+ orders (Champions),Active (0-90d),2010-02-01,84.0,53.28
14610,2010-07-13 16:06:00,2010-11-09 10:58:00,2,24.35,12.18,United Kingdom,Repeat Customer,395,118,2-3 orders (Occasional),Lapsed (180d+),2010-07-01,118.0,13.45
14611,2010-04-20 10:19:00,2010-09-22 09:19:00,2,604.33,302.16,United Kingdom,Repeat Customer,443,154,2-3 orders (Occasional),Lapsed (180d+),2010-04-01,154.0,291.4
14612,2010-10-20 16:01:00,2010-10-20 16:01:00,1,877.7,877.7,United Kingdom,One-Time Customer,415,0,1 order (One-Time),Lapsed (180d+),2010-10-01,,877.7
14613,2010-01-28 13:02:00,2010-01-28 13:02:00,1,76.32,76.32,United Kingdom,One-Time Customer,680,0,1 order (One-Time),Lapsed (180d+),2010-01-01,,76.32
14614,2010-11-18 13:04:00,2010-11-18 13:04:00,1,295.13,295.13,United Kingdom,One-Time Customer,386,0,1 order (One-Time),Lapsed (180d+),2010-11-01,,295.13
14615,2010-06-09 13:59:00,2010-11-10 13:36:00,5,951.76,190.35,United Kingdom,Repeat Customer,394,153,4-9 orders (Regular),Lapsed (180d+),2010-06-01,37.0,303.65
14616,2010-06-09 09:42:00,2011-04-11 09:54:00,5,527.78,105.56,United Kingdom,Repeat Customer,242,306,4-9 orders (Regular),Lapsed (180d+),2010-06-01,163.0,42.5
14617,2010-10-20 10:40:00,2010-11-02 11:41:00,2,190.47,95.24,United Kingdom,Repeat Customer,402,13,2-3 orders (Occasional),Lapsed (180d+),2010-10-01,13.0,81.47
14618,2010-06-11 10:11:00,2011-11-30 13:45:00,7,1342.32,191.76,United Kingdom,Repeat Customer,9,537,4-9 orders (Regular),Active (0-90d),2010-06-01,130.0,245.73
14619,2010-06-16 14:41:00,2011-04-08 07:37:00,2,1291.24,645.62,United Kingdom,Repeat Customer,245,295,2-3 orders (Occasional),Lapsed (180d+),2010-06-01,295.0,896.8
14620,2011-03-01 08:30:00,2011-05-18 11:58:00,2,412.78,206.39,United Kingdom,Repeat Customer,205,78,2-3 orders (Occasional),Lapsed (180d+),2011-03-01,78.0,235.35
14621,2010-01-25 09:08:00,2011-12-08 16:22:00,9,3000.57,333.4,United Kingdom,Repeat Customer,1,682,4-9 orders (Regular),Active (0-90d),2010-01-01,149.0,518.35
14622,2011-06-08 12:42:00,2011-06-08 12:42:00,1,320.58,320.58,United Kingdom,One-Time Customer,184,0,1 order (One-Time),Lapsed (180d+),2011-06-01,,320.58
14623,2010-04-16 17:12:00,2011-11-07 13:56:00,10,2012.3,201.23,United Kingdom,Repeat Customer,32,569,10+ orders (Champions),Active (0-90d),2010-04-01,6.0,258.83
14624,2010-04-14 10:44:00,2011-10-13 13:44:00,6,814.07,135.68,United Kingdom,Repeat Customer,57,547,4-9 orders (Regular),Active (0-90d),2010-04-01,49.0,250.53
14625,2009-12-16 13:23:00,2011-05-27 15:32:00,11,4497.88,408.9,United Kingdom,Repeat Customer,196,527,10+ orders (Champions),Lapsed (180d+),2009-12-01,42.0,584.1
14626,2009-12-10 14:57:00,2011-11-16 10:37:00,11,5410.92,491.9,United Kingdom,Repeat Customer,23,705,10+ orders (Champions),Active (0-90d),2009-12-01,27.0,436.4
14627,2010-11-25 16:32:00,2010-11-25 16:32:00,1,462.75,462.75,United Kingdom,One-Time Customer,379,0,1 order (One-Time),Lapsed (180d+),2010-11-01,,462.75
14628,2010-01-25 14:40:00,2011-09-09 14:58:00,5,1998.0,399.6,United Kingdom,Repeat Customer,91,592,4-9 orders (Regular),At Risk (91-180d),2010-01-01,41.0,379.13
14629,2011-10-23 16:13:00,2011-12-05 16:55:00,2,955.26,477.63,United Kingdom,Repeat Customer,4,43,2-3 orders (Occasional),Active (0-90d),2011-10-01,43.0,603.18
14630,2010-08-12 16:38:00,2010-08-12 16:38:00,1,338.65,338.65,United Kingdom,One-Time Customer,484,0,1 order (One-Time),Lapsed (180d+),2010-08-01,,338.65
14631,2010-08-09 14:45:00,2011-10-20 11:17:00,6,2025.69,337.62,United Kingdom,Repeat Customer,50,436,4-9 orders (Regular),Active (0-90d),2010-08-01,71.0,317.95
14632,2011-03-22 08:49:00,2011-03-22 08:49:00,1,114.56,114.56,United Kingdom,One-Time Customer,262,0,1 order (One-Time),Lapsed (180d+),2011-03-01,,114.56
14633,2011-03-18 17:07:00,2011-03-18 17:07:00,1,344.9,344.9,United Kingdom,One-Time Customer,266,0,1 order (One-Time),Lapsed (180d+),2011-03-01,,344.9
14634,2010-06-16 09:48:00,2010-09-28 10:40:00,4,2124.46,531.12,United Kingdom,Repeat Customer,437,104,4-9 orders (Regular),Lapsed (180d+),2010-06-01,7.0,1680.34
14635,2010-09-12 10:47:00,2010-09-12 10:47:00,1,215.22,215.22,United Kingdom,One-Time Customer,453,0,1 order (One-Time),Lapsed (180d+),2010-09-01,,215.22
14636,2011-03-16 09:52:00,2011-11-03 16:12:00,2,609.85,304.92,United Kingdom,Repeat Customer,36,232,2-3 orders (Occasional),Active (0-90d),2011-03-01,232.0,300.19
14637,2010-01-31 15:52:00,2010-01-31 15:52:00,1,106.68,106.68,United Kingdom,One-Time Customer,677,0,1 order (One-Time),Lapsed (180d+),2010-01-01,,106.68
14638,2011-10-20 10:10:00,2011-10-20 10:10:00,1,443.6,443.6,United Kingdom,One-Time Customer,50,0,1 order (One-Time),Active (0-90d),2011-10-01,,443.6
14639,2010-02-16 12:35:00,2011-10-18 15:06:00,9,4978.96,553.22,United Kingdom,Repeat Customer,52,609,4-9 orders (Regular),Active (0-90d),2010-02-01,141.0,745.47
14640,2010-01-22 15:44:00,2011-11-15 13:07:00,10,3649.36,364.94,United Kingdom,Repeat Customer,24,661,10+ orders (Champions),Active (0-90d),2010-01-01,61.0,286.18
14641,2011-11-18 10:42:00,2011-11-18 10:42:00,1,110.46,110.46,United Kingdom,One-Time Customer,21,0,1 order (One-Time),Active (0-90d),2011-11-01,,110.46
14642,2011-10-12 11:08:00,2011-10-12 11:08:00,1,96.12,96.12,United Kingdom,One-Time Customer,58,0,1 order (One-Time),Active (0-90d),2011-10-01,,96.12
14643,2009-12-11 11:52:00,2011-06-22 14:41:00,5,1679.89,335.98,United Kingdom,Repeat Customer,170,558,4-9 orders (Regular),At Risk (91-180d),2009-12-01,101.0,350.68
14644,2009-12-03 16:24:00,2011-10-03 08:30:00,7,2247.72,321.1,United Kingdom,Repeat Customer,67,668,4-9 orders (Regular),Active (0-90d),2009-12-01,241.0,338.5
14645,2010-03-15 11:33:00,2011-07-06 09:15:00,3,876.89,292.3,United Kingdom,Repeat Customer,156,477,2-3 orders (Occasional),At Risk (91-180d),2010-03-01,358.0,279.8
14646,2009-12-02 16:52:00,2011-12-08 12:12:00,145,526751.52,3632.77,Netherlands,Repeat Customer,1,735,10+ orders (Champions),Active (0-90d),2009-12-01,0.0,4734.24
14647,2010-07-04 13:27:00,2011-05-22 13:40:00,2,506.04,253.02,United Kingdom,Repeat Customer,201,322,2-3 orders (Occasional),Lapsed (180d+),2010-07-01,322.0,270.0
14648,2009-12-10 13:59:00,2010-10-19 13:12:00,15,4463.39,297.56,United Kingdom,Repeat Customer,416,312,10+ orders (Champions),Lapsed (180d+),2009-12-01,55.0,195.23
14649,2010-01-20 13:10:00,2011-12-05 12:30:00,9,3651.19,405.69,United Kingdom,Repeat Customer,4,683,4-9 orders (Regular),Active (0-90d),2010-01-01,44.0,516.89
14650,2010-04-29 20:27:00,2010-04-29 20:27:00,1,62.5,62.5,United Kingdom,One-Time Customer,589,0,1 order (One-Time),Lapsed (180d+),2010-04-01,,62.5
14651,2010-03-18 11:39:00,2011-10-03 15:52:00,9,2025.52,225.06,United Kingdom,Repeat Customer,67,564,4-9 orders (Regular),Active (0-90d),2010-03-01,0.0,319.03
14652,2011-09-23 14:21:00,2011-09-23 14:21:00,1,114.18,114.18,United Kingdom,One-Time Customer,77,0,1 order (One-Time),Active (0-90d),2011-09-01,,114.18
14653,2009-12-02 11:51:00,2011-12-08 13:45:00,11,3404.8,309.53,United Kingdom,Repeat Customer,1,736,10+ orders (Champions),Active (0-90d),2009-12-01,34.0,333.09
14654,2009-12-01 12:57:00,2009-12-01 12:57:00,1,246.86,246.86,United Kingdom,One-Time Customer,738,0,1 order (One-Time),Lapsed (180d+),2009-12-01,,246.86
14655,2010-04-22 14:29:00,2011-12-01 16:28:00,7,3878.51,554.07,United Kingdom,Repeat Customer,8,588,4-9 orders (Regular),Active (0-90d),2010-04-01,73.0,972.54
14656,2010-04-15 12:10:00,2011-06-23 13:51:00,5,790.0,158.0,United Kingdom,Repeat Customer,169,434,4-9 orders (Regular),At Risk (91-180d),2010-04-01,90.0,143.6
14657,2010-09-30 19:57:00,2011-11-22 12:47:00,6,1450.19,241.7,United Kingdom,Repeat Customer,17,417,4-9 orders (Regular),Active (0-90d),2010-09-01,5.0,222.25
14658,2011-08-14 15:42:00,2011-12-04 15:35:00,2,247.15,123.58,United Kingdom,Repeat Customer,5,111,2-3 orders (Occasional),Active (0-90d),2011-08-01,111.0,123.14
14659,2011-01-28 12:43:00,2011-12-01 12:17:00,9,2529.93,281.1,United Kingdom,Repeat Customer,8,306,4-9 orders (Regular),Active (0-90d),2011-01-01,17.0,593.17
14660,2011-08-31 10:40:00,2011-09-14 11:34:00,2,285.74,142.87,United Kingdom,Repeat Customer,86,14,2-3 orders (Occasional),Active (0-90d),2011-08-01,14.0,128.95
14661,2011-11-13 11:51:00,2011-11-13 11:51:00,1,107.95,107.95,United Kingdom,One-Time Customer,26,0,1 order (One-Time),Active (0-90d),2011-11-01,,107.95
14662,2009-12-03 16:47:00,2011-11-11 12:13:00,7,1376.43,196.63,United Kingdom,Repeat Customer,28,707,4-9 orders (Regular),Active (0-90d),2009-12-01,103.0,110.7
14663,2010-10-05 13:12:00,2010-10-05 13:21:00,2,490.6,245.3,United Kingdom,Repeat Customer,430,0,2-3 orders (Occasional),Lapsed (180d+),2010-10-01,0.0,254.13
14664,2011-11-06 14:56:00,2011-11-20 10:59:00,2,636.24,318.12,United Kingdom,Repeat Customer,19,13,2-3 orders (Occasional),Active (0-90d),2011-11-01,13.0,387.39
14665,2010-04-26 11:17:00,2011-10-10 09:14:00,7,2749.65,392.81,United Kingdom,Repeat Customer,60,531,4-9 orders (Regular),Active (0-90d),2010-04-01,165.0,279.6
14666,2011-11-15 12:57:00,2011-11-15 12:57:00,1,179.95,179.95,United Kingdom,One-Time Customer,24,0,1 order (One-Time),Active (0-90d),2011-11-01,,179.95
14667,2009-12-02 12:38:00,2011-11-29 11:30:00,54,20359.59,377.03,United Kingdom,Repeat Customer,10,726,10+ orders (Champions),Active (0-90d),2009-12-01,13.0,251.17
14668,2010-09-20 15:03:00,2010-09-20 15:03:00,1,111.63,111.63,United Kingdom,One-Time Customer,445,0,1 order (One-Time),Lapsed (180d+),2010-09-01,,111.63
14669,2009-12-02 13:06:00,2011-04-12 11:43:00,7,3216.78,459.54,United Kingdom,Repeat Customer,241,495,4-9 orders (Regular),Lapsed (180d+),2009-12-01,75.0,811.53
14670,2009-12-07 13:59:00,2011-03-04 14:13:00,3,583.33,194.44,United Kingdom,Repeat Customer,280,452,2-3 orders (Occasional),Lapsed (180d+),2009-12-01,451.0,190.47
14671,2010-05-20 18:21:00,2010-06-08 13:39:00,2,1127.45,563.72,United Kingdom,Repeat Customer,549,18,2-3 orders (Occasional),Lapsed (180d+),2010-05-01,18.0,943.95
14672,2010-01-28 11:33:00,2011-04-19 10:19:00,4,1113.14,278.28,United Kingdom,Repeat Customer,234,445,4-9 orders (Regular),Lapsed (180d+),2010-01-01,164.0,155.86
14673,2010-10-26 10:14:00,2011-12-06 14:31:00,7,3037.32,433.9,United Kingdom,Repeat Customer,3,406,4-9 orders (Regular),Active (0-90d),2010-10-01,29.0,553.66
14674,2010-07-18 14:25:00,2010-07-18 14:25:00,1,173.66,173.66,United Kingdom,One-Time Customer,509,0,1 order (One-Time),Lapsed (180d+),2010-07-01,,173.66
14675,2010-11-16 12:22:00,2011-11-23 12:58:00,2,1015.58,507.79,United Kingdom,Repeat Customer,16,372,2-3 orders (Occasional),Active (0-90d),2010-11-01,372.0,419.22
14676,2010-03-10 09:30:00,2011-11-08 13:29:00,12,8356.79,696.4,United Kingdom,Repeat Customer,31,608,10+ orders (Champions),Active (0-90d),2010-03-01,21.0,655.92
14677,2010-04-26 09:48:00,2010-04-26 09:48:00,1,184.91,184.91,United Kingdom,One-Time Customer,592,0,1 order (One-Time),Lapsed (180d+),2010-04-01,,184.91
14678,2010-05-09 14:32:00,2010-05-09 14:32:00,1,403.39,403.39,United Kingdom,One-Time Customer,579,0,1 order (One-Time),Lapsed (180d+),2010-05-01,,403.39
14679,2009-12-08 17:13:00,2010-11-23 11:51:00,3,1289.44,429.81,United Kingdom,Repeat Customer,381,349,2-3 orders (Occasional),Lapsed (180d+),2009-12-01,209.0,438.74
14680,2009-12-04 12:36:00,2011-11-14 16:59:00,58,55688.5,960.15,United Kingdom,Repeat Customer,25,710,10+ orders (Champions),Active (0-90d),2009-12-01,6.0,519.89
14681,2010-02-24 08:54:00,2011-09-29 15:52:00,6,875.15,145.86,United Kingdom,Repeat Customer,71,582,4-9 orders (Regular),Active (0-90d),2010-02-01,9.0,78.45
14682,2010-02-05 14:47:00,2011-06-05 12:12:00,6,1514.81,252.47,United Kingdom,Repeat Customer,187,484,4-9 orders (Regular),Lapsed (180d+),2010-02-01,48.0,387.02
14683,2010-04-30 17:18:00,2010-04-30 17:18:00,1,146.56,146.56,United Kingdom,One-Time Customer,588,0,1 order (One-Time),Lapsed (180d+),2010-04-01,,146.56
14684,2010-11-14 14:07:00,2011-11-14 11:33:00,6,1430.03,238.34,United Kingdom,Repeat Customer,25,364,4-9 orders (Regular),Active (0-90d),2010-11-01,27.0,228.52
14685,2009-12-13 11:32:00,2010-05-12 13:08:00,8,4536.64,567.08,United Kingdom,Repeat Customer,576,150,4-9 orders (Regular),Lapsed (180d+),2009-12-01,0.0,1177.11
14686,2010-02-18 18:29:00,2010-10-21 18:31:00,5,852.53,170.51,United Kingdom,Repeat Customer,414,245,4-9 orders (Regular),Lapsed (180d+),2010-02-01,0.0,257.19
14687,2010-06-06 10:36:00,2011-08-25 11:59:00,3,1402.06,467.35,United Kingdom,Repeat Customer,106,445,2-3 orders (Occasional),At Risk (91-180d),2010-06-01,151.0,311.66
14688,2010-09-09 12:35:00,2011-12-02 12:26:00,28,7190.42,256.8,United Kingdom,Repeat Customer,7,448,10+ orders (Champions),Active (0-90d),2010-09-01,12.0,359.28
14689,2011-05-15 11:22:00,2011-05-15 11:22:00,1,112.8,112.8,United Kingdom,One-Time Customer,208,0,1 order (One-Time),Lapsed (180d+),2011-05-01,,112.8
14690,2010-10-25 12:20:00,2011-10-26 15:39:00,4,777.68,194.42,United Kingdom,Repeat Customer,44,366,4-9 orders (Regular),Active (0-90d),2010-10-01,18.0,242.12
14691,2011-05-11 09:55:00,2011-11-09 12:30:00,5,2114.33,422.87,United Kingdom,Repeat Customer,30,182,4-9 orders (Regular),Active (0-90d),2011-05-01,116.0,439.6
14692,2010-04-01 14:04:00,2011-07-25 15:08:00,12,1715.14,142.93,United Kingdom,Repeat Customer,137,480,10+ orders (Champions),At Risk (91-180d),2010-04-01,55.0,168.87
14693,2010-07-02 08:28:00,2011-03-20 12:50:00,7,1165.36,166.48,United Kingdom,Repeat Customer,264,261,4-9 orders (Regular),Lapsed (180d+),2010-07-01,40.0,101.8
14694,2010-04-01 19:46:00,2010-04-01 19:46:00,1,244.31,244.31,United Kingdom,One-Time Customer,617,0,1 order (One-Time),Lapsed (180d+),2010-04-01,,244.31
14695,2009-12-07 11:05:00,2010-07-08 14:18:00,3,1534.22,511.41,United Kingdom,Repeat Customer,519,213,2-3 orders (Occasional),Lapsed (180d+),2009-12-01,0.0,274.54
14696,2010-10-14 11:43:00,2011-12-05 13:43:00,8,2473.28,309.16,United Kingdom,Repeat Customer,4,417,4-9 orders (Regular),Active (0-90d),2010-10-01,48.0,394.33
14697,2011-05-05 15:29:00,2011-05-05 15:39:00,2,188.61,94.3,United Kingdom,Repeat Customer,218,0,2-3 orders (Occasional),Lapsed (180d+),2011-05-01,0.0,89.4
14698,2011-10-19 12:54:00,2011-12-08 12:26:00,5,1217.27,243.45,United Kingdom,Repeat Customer,1,49,4-9 orders (Regular),Active (0-90d),2011-10-01,3.0,498.04
14699,2010-07-02 12:04:00,2011-05-09 14:54:00,4,702.6,175.65,United Kingdom,Repeat Customer,214,311,4-9 orders (Regular),Lapsed (180d+),2010-07-01,32.0,242.46
14700,2010-08-11 12:19:00,2011-11-07 14:40:00,5,3076.06,615.21,United Kingdom,Repeat Customer,32,453,4-9 orders (Regular),Active (0-90d),2010-08-01,70.0,341.37
14701,2010-01-24 12:15:00,2011-11-29 12:38:00,15,4487.11,299.14,United Kingdom,Repeat Customer,10,674,10+ orders (Champions),Active (0-90d),2010-01-01,162.0,472.18
14702,2009-12-10 20:22:00,2011-12-08 19:29:00,29,6356.98,219.21,United Kingdom,Repeat Customer,1,727,10+ orders (Champions),Active (0-90d),2009-12-01,6.0,583.7
14703,2011-11-25 09:23:00,2011-11-25 09:23:00,1,318.17,318.17,United Kingdom,One-Time Customer,14,0,1 order (One-Time),Active (0-90d),2011-11-01,,318.17
14704,2010-03-25 17:21:00,2011-11-20 12:20:00,9,1720.58,191.18,United Kingdom,Repeat Customer,19,604,4-9 orders (Regular),Active (0-90d),2010-03-01,199.0,112.14
14705,2011-05-25 12:39:00,2011-05-25 12:39:00,1,179.0,179.0,United Kingdom,One-Time Customer,198,0,1 order (One-Time),Lapsed (180d+),2011-05-01,,179.0
14706,2010-03-31 11:09:00,2010-03-31 11:09:00,1,367.54,367.54,United Kingdom,One-Time Customer,618,0,1 order (One-Time),Lapsed (180d+),2010-03-01,,367.54
14707,2010-05-12 11:07:00,2010-09-30 11:37:00,2,139.2,69.6,United Kingdom,Repeat Customer,435,141,2-3 orders (Occasional),Lapsed (180d+),2010-05-01,141.0,69.6
14708,2010-09-10 10:26:00,2011-12-07 08:21:00,5,1793.22,358.64,United Kingdom,Repeat Customer,2,452,4-9 orders (Regular),Active (0-90d),2010-09-01,32.0,305.41
14709,2009-12-05 15:26:00,2011-11-24 15:41:00,25,8886.33,355.45,United Kingdom,Repeat Customer,15,719,10+ orders (Champions),Active (0-90d),2009-12-01,29.0,256.2
14710,2009-12-03 17:12:00,2011-11-25 14:53:00,13,1899.79,146.14,United Kingdom,Repeat Customer,14,721,10+ orders (Champions),Active (0-90d),2009-12-01,6.0,39.2
14711,2011-03-22 13:32:00,2011-11-29 14:58:00,11,2839.62,258.15,United Kingdom,Repeat Customer,10,252,10+ orders (Champions),Active (0-90d),2011-03-01,12.0,200.52
14712,2010-10-17 14:49:00,2011-11-10 12:59:00,4,1328.07,332.02,United Kingdom,Repeat Customer,29,388,4-9 orders (Regular),Active (0-90d),2010-10-01,305.0,411.0
14713,2009-12-03 19:22:00,2011-11-30 16:26:00,21,5115.36,243.59,United Kingdom,Repeat Customer,9,726,10+ orders (Champions),Active (0-90d),2009-12-01,48.0,160.69
14714,2010-01-21 11:51:00,2011-11-15 13:07:00,4,906.24,226.56,United Kingdom,Repeat Customer,24,663,4-9 orders (Regular),Active (0-90d),2010-01-01,112.0,149.0
14715,2010-01-19 12:18:00,2011-11-15 12:10:00,8,1809.55,226.19,United Kingdom,Repeat Customer,24,664,4-9 orders (Regular),Active (0-90d),2010-01-01,127.0,286.43
14716,2010-09-21 12:07:00,2011-10-27 17:29:00,3,543.28,181.09,United Kingdom,Repeat Customer,43,401,2-3 orders (Occasional),Active (0-90d),2010-09-01,296.0,235.77
14717,2009-12-06 13:05:00,2009-12-06 13:05:00,1,81.3,81.3,United Kingdom,One-Time Customer,733,0,1 order (One-Time),Lapsed (180d+),2009-12-01,,81.3
14718,2010-10-25 13:07:00,2010-10-25 13:07:00,1,226.42,226.42,United Kingdom,One-Time Customer,410,0,1 order (One-Time),Lapsed (180d+),2010-10-01,,226.42
14719,2011-04-04 14:17:00,2011-12-08 12:43:00,5,1581.84,316.37,United Kingdom,Repeat Customer,1,247,4-9 orders (Regular),Active (0-90d),2011-04-01,69.0,223.46
14720,2011-08-05 12:06:00,2011-12-04 12:02:00,3,663.81,221.27,United Kingdom,Repeat Customer,5,120,2-3 orders (Occasional),Active (0-90d),2011-08-01,37.0,155.8
14721,2010-11-25 13:08:00,2010-11-25 13:08:00,1,109.07,109.07,United Kingdom,One-Time Customer,379,0,1 order (One-Time),Lapsed (180d+),2010-11-01,,109.07
14722,2010-08-10 13:28:00,2011-07-15 14:58:00,3,489.52,163.17,United Kingdom,Repeat Customer,147,339,2-3 orders (Occasional),At Risk (91-180d),2010-08-01,9.0,189.05
14723,2009-12-04 11:22:00,2011-11-29 15:23:00,11,1801.36,163.76,United Kingdom,Repeat Customer,10,725,10+ orders (Champions),Active (0-90d),2009-12-01,130.0,141.63
14724,2010-04-28 13:26:00,2010-04-28 13:26:00,1,341.9,341.9,United Kingdom,One-Time Customer,590,0,1 order (One-Time),Lapsed (180d+),2010-04-01,,341.9
14725,2010-06-23 11:34:00,2011-11-15 12:42:00,4,1246.86,311.72,United Kingdom,Repeat Customer,24,510,4-9 orders (Regular),Active (0-90d),2010-06-01,0.0,210.73
14726,2010-02-23 12:35:00,2010-02-23 12:35:00,1,116.5,116.5,United Kingdom,One-Time Customer,654,0,1 order (One-Time),Lapsed (180d+),2010-02-01,,116.5
14727,2010-06-11 13:23:00,2011-03-10 14:45:00,3,461.03,153.68,United Kingdom,Repeat Customer,274,272,2-3 orders (Occasional),Lapsed (180d+),2010-06-01,0.0,169.9
14728,2010-10-22 15:57:00,2010-10-22 15:57:00,1,190.58,190.58,United Kingdom,One-Time Customer,413,0,1 order (One-Time),Lapsed (180d+),2010-10-01,,190.58
14729,2010-03-24 13:30:00,2010-12-01 12:43:00,3,586.24,195.41,United Kingdom,Repeat Customer,373,251,2-3 orders (Occasional),Lapsed (180d+),2010-03-01,0.0,267.7
14730,2011-03-08 12:49:00,2011-12-08 14:39:00,8,1897.57,237.2,United Kingdom,Repeat Customer,1,275,4-9 orders (Regular),Active (0-90d),2011-03-01,20.0,250.87
14731,2011-05-11 13:06:00,2011-10-23 15:54:00,3,380.02,126.67,United Kingdom,Repeat Customer,47,165,2-3 orders (Occasional),Active (0-90d),2011-05-01,6.0,127.66
14732,2009-12-09 10:48:00,2011-12-01 14:34:00,19,5517.07,290.37,United Kingdom,Repeat Customer,8,722,10+ orders (Champions),Active (0-90d),2009-12-01,7.0,219.55
14733,2010-11-02 15:42:00,2011-11-23 15:39:00,15,14335.15,955.68,United Kingdom,Repeat Customer,16,385,10+ orders (Champions),Active (0-90d),2010-11-01,22.0,2594.14
14734,2010-06-06 15:15:00,2010-10-10 12:04:00,4,1056.42,264.1,United Kingdom,Repeat Customer,425,125,4-9 orders (Regular),Lapsed (180d+),2010-06-01,57.0,198.36
14735,2009-12-04 11:32:00,2011-12-06 12:09:00,55,12225.16,222.28,United Kingdom,Repeat Customer,3,732,10+ orders (Champions),Active (0-90d),2009-12-01,4.0,371.85
14736,2010-08-11 15:13:00,2010-08-11 15:21:00,2,374.05,187.02,United Kingdom,Repeat Customer,485,0,2-3 orders (Occasional),Lapsed (180d+),2010-08-01,0.0,195.26
14737,2010-11-04 11:29:00,2011-12-06 10:16:00,4,3554.17,888.54,United Kingdom,Repeat Customer,3,396,4-9 orders (Regular),Active (0-90d),2010-11-01,47.0,2389.62
14738,2009-12-07 10:21:00,2011-10-28 08:56:00,9,1821.9,202.43,United Kingdom,Repeat Customer,42,689,4-9 orders (Regular),Active (0-90d),2009-12-01,171.0,311.2
14739,2009-12-02 13:23:00,2011-12-05 16:54:00,25,11573.62,462.94,United Kingdom,Repeat Customer,4,733,10+ orders (Champions),Active (0-90d),2009-12-01,8.0,618.43
14740,2010-02-25 11:40:00,2011-05-26 18:17:00,11,4161.06,378.28,United Kingdom,Repeat Customer,197,455,10+ orders (Champions),Lapsed (180d+),2010-02-01,7.0,115.25
14741,2010-10-18 09:33:00,2011-11-28 08:48:00,7,1713.09,244.73,United Kingdom,Repeat Customer,11,405,4-9 orders (Regular),Active (0-90d),2010-10-01,44.0,312.75
14742,2010-09-30 14:07:00,2010-09-30 14:07:00,1,579.85,579.85,United Kingdom,One-Time Customer,435,0,1 order (One-Time),Lapsed (180d+),2010-09-01,,579.85
14743,2010-04-26 10:26:00,2010-04-26 10:26:00,1,50.48,50.48,United Kingdom,One-Time Customer,592,0,1 order (One-Time),Lapsed (180d+),2010-04-01,,50.48
14744,2010-05-18 14:06:00,2011-11-23 12:51:00,14,3660.08,261.43,United Kingdom,Repeat Customer,16,553,10+ orders (Champions),Active (0-90d),2010-05-01,2.0,112.94
14745,2010-03-12 10:33:00,2011-08-19 10:05:00,12,2551.41,212.62,United Kingdom,Repeat Customer,112,524,10+ orders (Champions),At Risk (91-180d),2010-03-01,55.0,415.3
14746,2010-10-12 11:06:00,2010-10-29 14:44:00,4,593.5,148.38,United Kingdom,Repeat Customer,406,17,4-9 orders (Regular),Lapsed (180d+),2010-10-01,8.0,276.1
14747,2011-04-04 14:09:00,2011-04-04 14:09:00,1,328.2,328.2,United Kingdom,One-Time Customer,249,0,1 order (One-Time),Lapsed (180d+),2011-04-01,,328.2
14748,2010-03-04 17:08:00,2011-11-10 18:33:00,10,2681.9,268.19,United Kingdom,Repeat Customer,29,616,10+ orders (Champions),Active (0-90d),2010-03-01,27.0,363.56
14749,2010-08-17 12:36:00,2010-08-17 12:36:00,1,310.15,310.15,United Kingdom,One-Time Customer,479,0,1 order (One-Time),Lapsed (180d+),2010-08-01,,310.15
14750,2009-12-03 17:57:00,2009-12-03 17:57:00,1,112.03,112.03,United Kingdom,One-Time Customer,736,0,1 order (One-Time),Lapsed (180d+),2009-12-01,,112.03
14751,2009-12-13 14:08:00,2010-01-24 13:37:00,2,126.45,63.22,United Kingdom,Repeat Customer,684,41,2-3 orders (Occasional),Lapsed (180d+),2009-12-01,41.0,65.1
14752,2011-10-27 11:55:00,2011-10-27 11:55:00,1,389.64,389.64,United Kingdom,One-Time Customer,43,0,1 order (One-Time),Active (0-90d),2011-10-01,,389.64
14753,2010-09-05 11:04:00,2011-09-13 14:50:00,2,869.51,434.76,United Kingdom,Repeat Customer,87,373,2-3 orders (Occasional),Active (0-90d),2010-09-01,373.0,306.36
14754,2010-01-18 11:04:00,2011-10-26 12:01:00,6,1547.93,257.99,United Kingdom,Repeat Customer,44,646,4-9 orders (Regular),Active (0-90d),2010-01-01,128.0,356.61
14755,2009-12-03 16:51:00,2011-11-30 11:24:00,25,9972.55,398.9,United Kingdom,Repeat Customer,9,726,10+ orders (Champions),Active (0-90d),2009-12-01,0.0,415.0
14756,2010-10-11 11:50:00,2011-11-24 18:13:00,3,2653.76,884.59,United Kingdom,Repeat Customer,15,409,2-3 orders (Occasional),Active (0-90d),2010-10-01,41.0,1385.7
14757,2011-09-25 14:36:00,2011-09-25 14:36:00,1,420.5,420.5,United Kingdom,One-Time Customer,75,0,1 order (One-Time),Active (0-90d),2011-09-01,,420.5
14758,2010-04-08 08:27:00,2011-07-18 08:21:00,7,2864.97,409.28,United Kingdom,Repeat Customer,144,465,4-9 orders (Regular),At Risk (91-180d),2010-04-01,102.0,442.5
14759,2011-04-21 10:55:00,2011-12-05 12:03:00,3,1625.97,541.99,United Kingdom,Repeat Customer,4,228,2-3 orders (Occasional),Active (0-90d),2011-04-01,119.0,572.25
14760,2011-02-15 16:27:00,2011-02-15 16:27:00,1,89.2,89.2,United Kingdom,One-Time Customer,297,0,1 order (One-Time),Lapsed (180d+),2011-02-01,,89.2
14761,2010-09-21 14:22:00,2011-10-12 12:10:00,3,447.92,149.31,United Kingdom,Repeat Customer,58,385,2-3 orders (Occasional),Active (0-90d),2010-09-01,109.0,192.02
14762,2010-03-23 15:36:00,2011-03-21 08:20:00,2,417.57,208.78,United Kingdom,Repeat Customer,263,362,2-3 orders (Occasional),Lapsed (180d+),2010-03-01,362.0,117.05
14764,2011-10-24 11:54:00,2011-10-24 11:54:00,1,278.3,278.3,United Kingdom,One-Time Customer,46,0,1 order (One-Time),Active (0-90d),2011-10-01,,278.3
14765,2011-06-16 19:49:00,2011-11-10 19:53:00,3,254.11,84.7,United Kingdom,Repeat Customer,29,147,2-3 orders (Occasional),Active (0-90d),2011-06-01,63.0,80.5
14766,2010-06-06 11:11:00,2011-12-01 16:05:00,11,6375.73,579.61,United Kingdom,Repeat Customer,8,543,10+ orders (Champions),Active (0-90d),2010-06-01,40.0,1319.53
14767,2010-08-22 14:54:00,2010-08-22 14:54:00,1,382.81,382.81,United Kingdom,One-Time Customer,474,0,1 order (One-Time),Lapsed (180d+),2010-08-01,,382.81
14768,2011-08-04 13:25:00,2011-11-22 12:54:00,2,192.6,96.3,United Kingdom,Repeat Customer,17,109,2-3 orders (Occasional),Active (0-90d),2011-08-01,109.0,133.2
14769,2009-12-16 09:17:00,2011-12-07 10:24:00,17,15512.46,912.5,United Kingdom,Repeat Customer,2,721,10+ orders (Champions),Active (0-90d),2009-12-01,22.0,969.66
14770,2010-02-25 18:58:00,2011-04-21 14:21:00,8,3637.64,454.71,United Kingdom,Repeat Customer,232,419,4-9 orders (Regular),Lapsed (180d+),2010-02-01,40.0,936.28
14771,2009-12-03 09:44:00,2010-03-28 12:52:00,2,594.62,297.31,United Kingdom,Repeat Customer,621,115,2-3 orders (Occasional),Lapsed (180d+),2009-12-01,115.0,287.37
14772,2011-08-19 15:04:00,2011-08-19 15:04:00,1,139.26,139.26,United Kingdom,One-Time Customer,112,0,1 order (One-Time),At Risk (91-180d),2011-08-01,,139.26
14773,2010-04-26 10:29:00,2010-04-26 10:29:00,1,140.55,140.55,United Kingdom,One-Time Customer,592,0,1 order (One-Time),Lapsed (180d+),2010-04-01,,140.55
14774,2010-06-29 12:26:00,2010-06-29 12:26:00,1,241.45,241.45,United Kingdom,One-Time Customer,528,0,1 order (One-Time),Lapsed (180d+),2010-06-01,,241.45
14775,2010-12-02 16:38:00,2011-10-12 15:27:00,3,1011.9,337.3,United Kingdom,Repeat Customer,58,313,2-3 orders (Occasional),Active (0-90d),2010-12-01,234.0,406.56
14776,2010-09-19 14:12:00,2011-10-19 15:34:00,15,3708.3,247.22,United Kingdom,Repeat Customer,51,395,10+ orders (Champions),Active (0-90d),2010-09-01,16.0,287.7
14777,2010-11-01 12:50:00,2010-11-01 12:50:00,1,307.56,307.56,United Kingdom,One-Time Customer,403,0,1 order (One-Time),Lapsed (180d+),2010-11-01,,307.56
14778,2011-02-04 11:43:00,2011-08-04 15:23:00,2,730.86,365.43,United Kingdom,Repeat Customer,127,181,2-3 orders (Occasional),At Risk (91-180d),2011-02-01,181.0,334.05
14779,2011-01-20 12:04:00,2011-03-04 12:42:00,3,386.15,128.72,United Kingdom,Repeat Customer,280,43,2-3 orders (Occasional),Lapsed (180d+),2011-01-01,1.0,262.55
14780,2011-09-21 15:15:00,2011-10-16 12:46:00,2,447.68,223.84,United Kingdom,Repeat Customer,54,24,2-3 orders (Occasional),Active (0-90d),2011-09-01,24.0,332.8
14782,2011-01-24 11:12:00,2011-01-24 11:12:00,1,200.1,200.1,United Kingdom,One-Time Customer,319,0,1 order (One-Time),Lapsed (180d+),2011-01-01,,200.1
14783,2010-02-18 16:16:00,2010-02-18 16:16:00,1,307.3,307.3,United Kingdom,One-Time Customer,659,0,1 order (One-Time),Lapsed (180d+),2010-02-01,,307.3
14784,2010-11-15 09:49:00,2011-11-13 13:30:00,3,449.93,149.98,United Kingdom,Repeat Customer,26,363,2-3 orders (Occasional),Active (0-90d),2010-11-01,65.0,159.94
14785,2011-11-24 13:40:00,2011-11-29 13:21:00,2,77.4,38.7,United Kingdom,Repeat Customer,10,4,2-3 orders (Occasional),Active (0-90d),2011-11-01,4.0,39.48
14786,2010-06-07 13:42:00,2010-06-07 13:42:00,1,90.96,90.96,United Kingdom,One-Time Customer,550,0,1 order (One-Time),Lapsed (180d+),2010-06-01,,90.96
14787,2010-08-25 14:38:00,2010-08-25 14:38:00,1,110.65,110.65,United Kingdom,One-Time Customer,471,0,1 order (One-Time),Lapsed (180d+),2010-08-01,,110.65
14788,2010-04-22 18:16:00,2011-12-02 17:06:00,3,1156.32,385.44,United Kingdom,Repeat Customer,7,588,2-3 orders (Occasional),Active (0-90d),2010-04-01,569.0,476.88
14789,2011-11-11 08:59:00,2011-11-11 08:59:00,1,197.64,197.64,United Kingdom,One-Time Customer,28,0,1 order (One-Time),Active (0-90d),2011-11-01,,197.64
14790,2009-12-11 14:37:00,2011-11-23 09:28:00,10,2526.62,252.66,United Kingdom,Repeat Customer,16,711,10+ orders (Champions),Active (0-90d),2009-12-01,8.0,308.81
14791,2010-04-12 10:24:00,2010-04-12 10:24:00,1,303.63,303.63,United Kingdom,One-Time Customer,606,0,1 order (One-Time),Lapsed (180d+),2010-04-01,,303.63
14792,2011-10-07 09:19:00,2011-10-07 09:19:00,1,6.2,6.2,United Kingdom,One-Time Customer,63,0,1 order (One-Time),Active (0-90d),2011-10-01,,6.2
14793,2010-06-22 16:54:00,2011-11-18 14:50:00,2,625.9,312.95,United Kingdom,Repeat Customer,21,513,2-3 orders (Occasional),Active (0-90d),2010-06-01,513.0,396.91
14794,2010-08-09 15:44:00,2011-12-07 10:11:00,10,1953.9,195.39,United Kingdom,Repeat Customer,2,484,10+ orders (Champions),Active (0-90d),2010-08-01,41.0,121.59
14795,2011-06-26 13:04:00,2011-06-26 13:04:00,1,131.45,131.45,United Kingdom,One-Time Customer,166,0,1 order (One-Time),At Risk (91-180d),2011-06-01,,131.45
14796,2009-12-14 15:06:00,2011-12-08 15:31:00,27,10167.77,376.58,United Kingdom,Repeat Customer,1,724,10+ orders (Champions),Active (0-90d),2009-12-01,45.0,266.02
14797,2010-07-20 14:07:00,2010-07-20 14:07:00,1,300.31,300.31,United Kingdom,One-Time Customer,507,0,1 order (One-Time),Lapsed (180d+),2010-07-01,,300.31
14798,2010-03-01 08:38:00,2011-10-18 10:58:00,8,724.31,90.54,United Kingdom,Repeat Customer,52,596,4-9 orders (Regular),Active (0-90d),2010-03-01,37.0,187.37
14799,2009-12-02 11:18:00,2011-10-19 16:16:00,2,338.15,169.08,United Kingdom,Repeat Customer,51,686,2-3 orders (Occasional),Active (0-90d),2009-12-01,686.0,180.45
14800,2010-09-30 14:38:00,2011-10-23 12:46:00,17,7180.08,422.36,United Kingdom,Repeat Customer,47,387,10+ orders (Champions),Active (0-90d),2010-09-01,16.0,455.3
14801,2011-10-09 15:24:00,2011-10-09 15:24:00,1,189.34,189.34,United Kingdom,One-Time Customer,61,0,1 order (One-Time),Active (0-90d),2011-10-01,,189.34
14803,2011-02-20 13:21:00,2011-06-30 13:58:00,3,845.55,281.85,United Kingdom,Repeat Customer,162,130,2-3 orders (Occasional),At Risk (91-180d),2011-02-01,16.0,542.15
14804,2011-12-01 11:20:00,2011-12-01 11:20:00,1,353.27,353.27,United Kingdom,One-Time Customer,8,0,1 order (One-Time),Active (0-90d),2011-12-01,,353.27
14805,2010-03-28 12:34:00,2011-11-24 16:20:00,7,1082.55,154.65,United Kingdom,Repeat Customer,15,606,4-9 orders (Regular),Active (0-90d),2010-03-01,105.0,197.78
14806,2010-09-26 15:50:00,2011-09-25 15:32:00,2,303.43,151.72,United Kingdom,Repeat Customer,75,363,2-3 orders (Occasional),Active (0-90d),2010-09-01,363.0,110.04
14807,2010-02-28 11:33:00,2010-11-14 12:47:00,2,504.14,252.07,United Kingdom,Repeat Customer,390,259,2-3 orders (Occasional),Lapsed (180d+),2010-02-01,259.0,349.64
14808,2011-06-20 12:53:00,2011-10-31 12:21:00,8,2718.6,339.83,United Kingdom,Repeat Customer,39,132,4-9 orders (Regular),Active (0-90d),2011-06-01,5.0,667.72
14809,2010-03-28 15:42:00,2010-03-28 15:44:00,2,686.76,343.38,United Kingdom,Repeat Customer,621,0,2-3 orders (Occasional),Lapsed (180d+),2010-03-01,0.0,415.71
14810,2010-10-06 13:12:00,2011-10-30 11:19:00,13,2354.03,181.08,United Kingdom,Repeat Customer,40,388,10+ orders (Champions),Active (0-90d),2010-10-01,10.0,129.95
14811,2010-11-17 13:09:00,2010-11-17 13:09:00,1,170.5,170.5,United Kingdom,One-Time Customer,387,0,1 order (One-Time),Lapsed (180d+),2010-11-01,,170.5
14812,2010-04-20 12:13:00,2010-04-20 12:13:00,1,178.85,178.85,United Kingdom,One-Time Customer,598,0,1 order (One-Time),Lapsed (180d+),2010-04-01,,178.85
14813,2010-04-08 11:49:00,2010-12-05 11:57:00,4,888.91,222.23,United Kingdom,Repeat Customer,369,241,4-9 orders (Regular),Lapsed (180d+),2010-04-01,224.0,435.66
14814,2010-05-07 14:10:00,2010-05-07 14:10:00,1,152.96,152.96,United Kingdom,One-Time Customer,581,0,1 order (One-Time),Lapsed (180d+),2010-05-01,,152.96
14815,2011-10-03 11:36:00,2011-11-03 11:36:00,2,778.5,389.25,United Kingdom,Repeat Customer,36,31,2-3 orders (Occasional),Active (0-90d),2011-10-01,31.0,551.58
14816,2011-05-26 13:16:00,2011-05-26 13:16:00,1,271.85,271.85,United Kingdom,One-Time Customer,197,0,1 order (One-Time),Lapsed (180d+),2011-05-01,,271.85
14817,2010-03-22 12:10:00,2011-05-23 13:35:00,7,3959.86,565.69,United Kingdom,Repeat Customer,200,427,4-9 orders (Regular),Lapsed (180d+),2010-03-01,27.0,546.03
14818,2010-03-02 12:48:00,2011-09-27 11:01:00,6,1153.56,192.26,United Kingdom,Repeat Customer,73,573,4-9 orders (Regular),Active (0-90d),2010-03-01,125.0,105.55
14819,2009-12-21 15:54:00,2011-10-06 13:41:00,4,456.41,114.1,United Kingdom,Repeat Customer,64,653,4-9 orders (Regular),Active (0-90d),2009-12-01,224.0,29.79
14820,2010-01-31 12:49:00,2011-11-18 15:41:00,9,1274.76,141.64,United Kingdom,Repeat Customer,21,656,4-9 orders (Regular),Active (0-90d),2010-01-01,84.0,115.2
14821,2010-02-01 13:33:00,2010-12-08 08:43:00,7,1230.15,175.74,United Kingdom,Repeat Customer,366,309,4-9 orders (Regular),Lapsed (180d+),2010-02-01,0.0,45.2
14822,2010-08-11 12:52:00,2010-08-11 12:52:00,1,157.7,157.7,United Kingdom,One-Time Customer,485,0,1 order (One-Time),Lapsed (180d+),2010-08-01,,157.7
14823,2011-05-29 12:48:00,2011-06-12 13:12:00,3,321.43,107.14,United Kingdom,Repeat Customer,180,14,2-3 orders (Occasional),At Risk (91-180d),2011-05-01,0.0,68.65
14824,2010-03-12 13:07:00,2011-11-29 14:20:00,10,4022.91,402.29,United Kingdom,Repeat Customer,10,627,10+ orders (Champions),Active (0-90d),2010-03-01,47.0,795.5
14825,2010-04-06 14:14:00,2011-12-06 11:38:00,24,4735.08,197.3,United Kingdom,Repeat Customer,3,608,10+ orders (Champions),Active (0-90d),2010-04-01,15.0,261.1
14826,2010-01-13 13:08:00,2010-05-07 09:00:00,2,385.2,192.6,United Kingdom,Repeat Customer,581,113,2-3 orders (Occasional),Lapsed (180d+),2010-01-01,113.0,177.9
14828,2009-12-07 11:19:00,2011-05-27 10:16:00,13,9839.46,756.88,United Kingdom,Repeat Customer,196,535,10+ orders (Champions),Lapsed (180d+),2009-12-01,30.0,682.4
14829,2010-09-29 13:14:00,2011-11-10 16:16:00,7,1455.87,207.98,United Kingdom,Repeat Customer,29,407,4-9 orders (Regular),Active (0-90d),2010-09-01,48.0,345.9
14830,2011-10-17 14:29:00,2011-10-17 14:29:00,1,188.03,188.03,United Kingdom,One-Time Customer,53,0,1 order (One-Time),Active (0-90d),2011-10-01,,188.03
14831,2009-12-02 09:21:00,2010-01-28 14:31:00,3,1676.57,558.86,United Kingdom,Repeat Customer,680,57,2-3 orders (Occasional),Lapsed (180d+),2009-12-01,0.0,772.65
14833,2010-07-29 10:06:00,2010-07-29 10:06:00,1,94.8,94.8,United Kingdom,One-Time Customer,498,0,1 order (One-Time),Lapsed (180d+),2010-07-01,,94.8
14834,2010-10-28 17:37:00,2011-11-22 10:30:00,7,2206.16,315.17,United Kingdom,Repeat Customer,17,389,4-9 orders (Regular),Active (0-90d),2010-10-01,166.0,485.86
14835,2010-04-01 19:34:00,2010-06-29 10:08:00,2,297.0,148.5,United Kingdom,Repeat Customer,528,88,2-3 orders (Occasional),Lapsed (180d+),2010-04-01,88.0,178.2
14836,2011-11-09 13:26:00,2011-11-29 16:45:00,3,102.45,34.15,United Kingdom,Repeat Customer,10,20,2-3 orders (Occasional),Active (0-90d),2011-11-01,2.0,76.05
14837,2010-01-24 10:20:00,2011-09-11 10:58:00,9,3460.32,384.48,United Kingdom,Repeat Customer,89,595,4-9 orders (Regular),Active (0-90d),2010-01-01,93.0,277.68
14838,2009-12-03 09:52:00,2010-10-12 15:46:00,2,769.92,384.96,United Kingdom,Repeat Customer,423,313,2-3 orders (Occasional),Lapsed (180d+),2009-12-01,313.0,119.1
14839,2010-01-04 16:29:00,2010-10-17 13:01:00,3,915.28,305.09,United Kingdom,Repeat Customer,418,285,2-3 orders (Occasional),Lapsed (180d+),2010-01-01,124.0,425.06
14840,2010-06-18 15:42:00,2011-03-17 12:00:00,2,362.71,181.36,United Kingdom,Repeat Customer,267,271,2-3 orders (Occasional),Lapsed (180d+),2010-06-01,271.0,299.86
14841,2009-12-02 16:49:00,2011-10-17 15:03:00,14,7163.0,511.64,United Kingdom,Repeat Customer,53,683,10+ orders (Champions),Active (0-90d),2009-12-01,5.0,597.4
14842,2011-02-04 15:32:00,2011-10-27 12:37:00,4,2824.69,706.17,United Kingdom,Repeat Customer,43,264,4-9 orders (Regular),Active (0-90d),2011-02-01,116.0,310.0
14843,2010-09-29 12:39:00,2010-09-29 12:39:00,1,211.8,211.8,United Kingdom,One-Time Customer,436,0,1 order (One-Time),Lapsed (180d+),2010-09-01,,211.8
14844,2010-04-12 12:50:00,2011-10-07 10:41:00,10,6702.43,670.24,United Kingdom,Repeat Customer,63,542,10+ orders (Champions),Active (0-90d),2010-04-01,93.0,1160.66
14845,2010-04-19 10:19:00,2010-04-19 10:19:00,1,150.0,150.0,United Kingdom,One-Time Customer,599,0,1 order (One-Time),Lapsed (180d+),2010-04-01,,150.0
14846,2010-10-08 17:07:00,2010-10-08 17:07:00,1,437.4,437.4,United Kingdom,One-Time Customer,427,0,1 order (One-Time),Lapsed (180d+),2010-10-01,,437.4
14847,2010-05-24 12:29:00,2011-07-14 10:52:00,3,1348.95,449.65,United Kingdom,Repeat Customer,148,415,2-3 orders (Occasional),At Risk (91-180d),2010-05-01,156.0,304.8
14848,2010-10-31 12:22:00,2010-10-31 12:22:00,1,310.56,310.56,United Kingdom,One-Time Customer,404,0,1 order (One-Time),Lapsed (180d+),2010-10-01,,310.56
14849,2010-01-10 11:40:00,2011-11-18 10:58:00,43,15407.61,358.32,United Kingdom,Repeat Customer,21,676,10+ orders (Champions),Active (0-90d),2010-01-01,42.0,497.2
14850,2010-05-20 13:28:00,2011-02-01 11:21:00,7,1770.96,252.99,United Kingdom,Repeat Customer,311,256,4-9 orders (Regular),Lapsed (180d+),2010-05-01,0.0,88.36
14851,2010-03-19 11:52:00,2011-11-16 14:20:00,3,829.41,276.47,United Kingdom,Repeat Customer,23,607,2-3 orders (Occasional),Active (0-90d),2010-03-01,374.0,318.06
14852,2010-03-05 14:51:00,2011-10-12 13:20:00,18,6132.43,340.69,United Kingdom,Repeat Customer,58,585,10+ orders (Champions),Active (0-90d),2010-03-01,0.0,269.3
14853,2010-04-13 09:26:00,2011-11-15 16:56:00,5,1376.87,275.37,United Kingdom,Repeat Customer,24,581,4-9 orders (Regular),Active (0-90d),2010-04-01,62.0,420.47
14854,2010-01-22 09:48:00,2011-09-22 17:00:00,11,4303.06,391.19,United Kingdom,Repeat Customer,78,608,10+ orders (Champions),Active (0-90d),2010-01-01,110.0,302.06
14855,2010-04-08 10:30:00,2011-08-12 14:02:00,7,6520.3,931.47,United Kingdom,Repeat Customer,119,491,4-9 orders (Regular),At Risk (91-180d),2010-04-01,103.0,1623.8
14856,2011-10-14 09:35:00,2011-11-03 14:53:00,3,1290.53,430.18,United Kingdom,Repeat Customer,36,20,2-3 orders (Occasional),Active (0-90d),2011-10-01,20.0,982.42
14857,2010-03-15 11:00:00,2011-10-11 09:23:00,7,3651.85,521.69,United Kingdom,Repeat Customer,59,574,4-9 orders (Regular),Active (0-90d),2010-03-01,0.0,830.87
14858,2010-07-22 10:51:00,2010-07-22 10:51:00,1,180.75,180.75,United Kingdom,One-Time Customer,505,0,1 order (One-Time),Lapsed (180d+),2010-07-01,,180.75
14859,2010-06-03 10:26:00,2011-11-27 11:18:00,5,1705.64,341.13,United Kingdom,Repeat Customer,12,542,4-9 orders (Regular),Active (0-90d),2010-06-01,350.0,351.9
14860,2011-11-20 14:17:00,2011-11-20 14:17:00,1,170.32,170.32,United Kingdom,One-Time Customer,19,0,1 order (One-Time),Active (0-90d),2011-11-01,,170.32
14861,2009-12-08 12:12:00,2011-10-18 12:54:00,10,1380.73,138.07,United Kingdom,Repeat Customer,52,679,10+ orders (Champions),Active (0-90d),2009-12-01,35.0,215.0
14862,2011-07-14 11:20:00,2011-11-14 10:01:00,2,841.2,420.6,United Kingdom,Repeat Customer,25,122,2-3 orders (Occasional),Active (0-90d),2011-07-01,122.0,304.1
14863,2011-11-10 15:04:00,2011-11-10 15:04:00,1,266.76,266.76,United Kingdom,One-Time Customer,29,0,1 order (One-Time),Active (0-90d),2011-11-01,,266.76
14865,2009-12-01 16:05:00,2011-12-02 16:25:00,4,92.52,23.13,United Kingdom,Repeat Customer,7,731,4-9 orders (Regular),Active (0-90d),2009-12-01,363.0,31.2
14866,2010-09-21 15:14:00,2011-11-29 11:45:00,17,20700.04,1217.65,United Kingdom,Repeat Customer,10,433,10+ orders (Champions),Active (0-90d),2010-09-01,16.0,2487.2
14867,2009-12-05 15:47:00,2011-06-07 11:39:00,16,2952.06,184.5,United Kingdom,Repeat Customer,185,548,10+ orders (Champions),Lapsed (180d+),2009-12-01,37.0,203.32
14868,2010-10-15 14:52:00,2011-12-06 14:49:00,12,4184.01,348.67,United Kingdom,Repeat Customer,3,416,10+ orders (Champions),Active (0-90d),2010-10-01,0.0,520.0
14869,2009-12-16 11:43:00,2011-12-01 12:36:00,6,2778.14,463.02,United Kingdom,Repeat Customer,8,715,4-9 orders (Regular),Active (0-90d),2009-12-01,60.0,371.48
14870,2010-01-25 09:05:00,2011-03-23 10:51:00,6,1838.95,306.49,United Kingdom,Repeat Customer,261,422,4-9 orders (Regular),Lapsed (180d+),2010-01-01,35.0,332.55
14871,2009-12-01 11:57:00,2011-12-06 13:42:00,9,1228.17,136.46,United Kingdom,Repeat Customer,3,735,4-9 orders (Regular),Active (0-90d),2009-12-01,13.0,145.0
14872,2010-03-16 14:41:00,2010-08-13 12:34:00,3,816.6,272.2,United Kingdom,Repeat Customer,483,149,2-3 orders (Occasional),Lapsed (180d+),2010-03-01,48.0,303.98
14873,2010-03-16 10:51:00,2011-05-13 13:52:00,2,854.13,427.06,United Kingdom,Repeat Customer,210,423,2-3 orders (Occasional),Lapsed (180d+),2010-03-01,423.0,334.45
14874,2010-06-22 14:58:00,2010-06-22 14:58:00,1,116.18,116.18,United Kingdom,One-Time Customer,535,0,1 order (One-Time),Lapsed (180d+),2010-06-01,,116.18
14875,2010-09-24 10:28:00,2011-08-24 12:20:00,3,2862.4,954.13,United Kingdom,Repeat Customer,107,334,2-3 orders (Occasional),At Risk (91-180d),2010-09-01,179.0,1397.08
14876,2010-05-27 13:49:00,2010-07-06 14:57:00,2,256.7,128.35,United Kingdom,Repeat Customer,521,40,2-3 orders (Occasional),Lapsed (180d+),2010-05-01,40.0,203.6
14877,2010-03-07 12:25:00,2010-10-17 13:09:00,2,425.85,212.92,United Kingdom,Repeat Customer,418,224,2-3 orders (Occasional),Lapsed (180d+),2010-03-01,224.0,206.7
14878,2010-02-21 11:14:00,2011-11-27 11:15:00,25,4076.5,163.06,United Kingdom,Repeat Customer,12,644,10+ orders (Champions),Active (0-90d),2010-02-01,0.0,263.24
14879,2010-01-24 11:35:00,2010-01-24 11:35:00,1,185.06,185.06,United Kingdom,One-Time Customer,684,0,1 order (One-Time),Lapsed (180d+),2010-01-01,,185.06
14880,2011-02-24 12:27:00,2011-09-23 13:42:00,3,690.59,230.2,United Kingdom,Repeat Customer,77,211,2-3 orders (Occasional),Active (0-90d),2011-02-01,103.0,129.2
14881,2011-11-20 11:06:00,2011-11-20 11:06:00,1,255.4,255.4,United Kingdom,One-Time Customer,19,0,1 order (One-Time),Active (0-90d),2011-11-01,,255.4
14882,2010-03-30 15:02:00,2011-11-13 12:47:00,14,3546.65,253.33,United Kingdom,Repeat Customer,26,592,10+ orders (Champions),Active (0-90d),2010-03-01,28.0,171.9
14883,2011-05-12 09:49:00,2011-11-21 10:23:00,6,761.59,126.93,United Kingdom,Repeat Customer,18,193,4-9 orders (Regular),Active (0-90d),2011-05-01,47.0,310.56
14884,2010-02-08 12:56:00,2010-02-08 12:56:00,1,120.6,120.6,United Kingdom,One-Time Customer,669,0,1 order (One-Time),Lapsed (180d+),2010-02-01,,120.6
14885,2010-08-31 10:11:00,2011-07-31 12:05:00,3,1598.12,532.71,United Kingdom,Repeat Customer,131,334,2-3 orders (Occasional),At Risk (91-180d),2010-08-01,38.0,241.2
14886,2011-04-01 08:56:00,2011-04-01 08:56:00,1,364.8,364.8,United Kingdom,One-Time Customer,252,0,1 order (One-Time),Lapsed (180d+),2011-04-01,,364.8
14887,2011-09-21 15:32:00,2011-09-21 15:32:00,1,1862.0,1862.0,United Kingdom,One-Time Customer,79,0,1 order (One-Time),Active (0-90d),2011-09-01,,1862.0
14888,2011-05-16 14:58:00,2011-05-16 14:58:00,1,369.2,369.2,United Kingdom,One-Time Customer,207,0,1 order (One-Time),Lapsed (180d+),2011-05-01,,369.2
14889,2011-01-07 15:19:00,2011-01-07 15:19:00,1,135.9,135.9,United Kingdom,One-Time Customer,336,0,1 order (One-Time),Lapsed (180d+),2011-01-01,,135.9
14890,2010-02-18 09:00:00,2011-03-31 11:57:00,3,817.25,272.42,United Kingdom,Repeat Customer,253,406,2-3 orders (Occasional),Lapsed (180d+),2010-02-01,41.0,301.79
14891,2010-09-29 12:41:00,2011-07-14 18:08:00,4,1106.73,276.68,United Kingdom,Repeat Customer,148,288,4-9 orders (Regular),At Risk (91-180d),2010-09-01,19.0,201.0
14892,2010-01-18 08:58:00,2010-01-18 08:58:00,1,202.35,202.35,United Kingdom,One-Time Customer,690,0,1 order (One-Time),Lapsed (180d+),2010-01-01,,202.35
14893,2010-04-01 09:03:00,2011-11-30 12:31:00,3,1809.61,603.2,United Kingdom,Repeat Customer,9,608,2-3 orders (Occasional),Active (0-90d),2010-04-01,606.0,571.76
14894,2009-12-02 10:42:00,2011-09-15 13:51:00,3,1492.81,497.6,United Kingdom,Repeat Customer,85,652,2-3 orders (Occasional),Active (0-90d),2009-12-01,294.0,299.7
14895,2009-12-10 14:22:00,2011-12-02 09:23:00,38,25119.54,661.04,United Kingdom,Repeat Customer,7,721,10+ orders (Champions),Active (0-90d),2009-12-01,0.0,1766.28
14896,2009-12-06 12:42:00,2011-05-19 10:20:00,8,1826.0,228.25,United Kingdom,Repeat Customer,204,528,4-9 orders (Regular),Lapsed (180d+),2009-12-01,55.0,298.25
14897,2009-12-15 17:05:00,2011-12-02 10:32:00,8,3140.54,392.57,United Kingdom,Repeat Customer,7,716,4-9 orders (Regular),Active (0-90d),2009-12-01,131.0,301.16
14898,2009-12-03 16:40:00,2011-11-16 14:54:00,14,3365.95,240.42,United Kingdom,Repeat Customer,23,712,10+ orders (Champions),Active (0-90d),2009-12-01,9.0,314.37
14899,2010-11-09 15:20:00,2010-11-09 15:20:00,1,1331.38,1331.38,United Kingdom,One-Time Customer,395,0,1 order (One-Time),Lapsed (180d+),2010-11-01,,1331.38
14900,2010-07-05 15:09:00,2010-07-05 15:09:00,1,13.92,13.92,United Kingdom,One-Time Customer,522,0,1 order (One-Time),Lapsed (180d+),2010-07-01,,13.92
14901,2010-07-29 11:11:00,2011-11-28 17:09:00,12,1919.0,159.92,United Kingdom,Repeat Customer,11,487,10+ orders (Champions),Active (0-90d),2010-07-01,34.0,173.36
14902,2010-06-04 12:35:00,2011-11-14 10:34:00,3,1035.62,345.21,United Kingdom,Repeat Customer,25,527,2-3 orders (Occasional),Active (0-90d),2010-06-01,157.0,398.4
14903,2011-03-06 11:50:00,2011-11-18 16:07:00,5,2795.33,559.07,United Kingdom,Repeat Customer,21,257,4-9 orders (Regular),Active (0-90d),2011-03-01,32.0,529.88
14904,2010-10-08 12:48:00,2011-12-07 12:55:00,4,1630.49,407.62,United Kingdom,Repeat Customer,2,425,4-9 orders (Regular),Active (0-90d),2010-10-01,19.0,367.0
14905,2009-12-03 14:36:00,2011-07-05 12:41:00,8,1971.39,246.42,United Kingdom,Repeat Customer,157,578,4-9 orders (Regular),At Risk (91-180d),2009-12-01,90.0,258.1
14907,2010-04-16 13:40:00,2011-12-06 14:14:00,16,5547.72,346.73,United Kingdom,Repeat Customer,3,599,10+ orders (Champions),Active (0-90d),2010-04-01,178.0,294.72
14908,2010-09-02 16:39:00,2011-09-26 12:56:00,2,381.9,190.95,United Kingdom,Repeat Customer,74,388,2-3 orders (Occasional),Active (0-90d),2010-09-01,388.0,104.1
14909,2010-02-14 15:47:00,2010-09-28 16:56:00,3,1404.68,468.23,United Kingdom,Repeat Customer,437,226,2-3 orders (Occasional),Lapsed (180d+),2010-02-01,98.0,352.5
14910,2011-10-16 11:06:00,2011-12-07 10:06:00,4,434.35,108.59,United Kingdom,Repeat Customer,2,51,4-9 orders (Regular),Active (0-90d),2011-10-01,23.0,214.41
14911,2009-12-01 11:41:00,2011-12-08 15:54:00,375,279477.79,745.27,EIRE,Repeat Customer,1,737,10+ orders (Champions),Active (0-90d),2009-12-01,5.0,733.63
14912,2010-04-28 09:41:00,2011-11-23 09:20:00,5,1849.58,369.92,Italy,Repeat Customer,16,573,4-9 orders (Regular),Active (0-90d),2010-04-01,188.0,457.33
14913,2010-08-11 08:40:00,2011-11-04 08:29:00,8,4073.13,509.14,United Kingdom,Repeat Customer,35,449,4-9 orders (Regular),Active (0-90d),2010-08-01,33.0,651.46
14915,2009-12-03 10:17:00,2011-09-09 13:34:00,11,1811.25,164.66,United Kingdom,Repeat Customer,91,645,10+ orders (Champions),At Risk (91-180d),2009-12-01,90.0,202.06
14916,2010-04-01 10:57:00,2011-09-30 09:20:00,8,3042.95,380.37,United Kingdom,Repeat Customer,70,546,4-9 orders (Regular),Active (0-90d),2010-04-01,6.0,700.47
14917,2010-04-22 09:44:00,2010-04-22 11:28:00,2,1123.75,561.88,United Kingdom,Repeat Customer,596,0,2-3 orders (Occasional),Lapsed (180d+),2010-04-01,0.0,547.12
14918,2010-04-08 11:18:00,2011-08-16 11:50:00,9,5955.81,661.76,United Kingdom,Repeat Customer,115,495,4-9 orders (Regular),At Risk (91-180d),2010-04-01,63.0,855.35
14919,2010-06-18 13:06:00,2010-06-18 13:06:00,1,359.35,359.35,United Kingdom,One-Time Customer,539,0,1 order (One-Time),Lapsed (180d+),2010-06-01,,359.35
14920,2010-05-23 15:25:00,2011-05-11 10:32:00,3,1607.17,535.72,United Kingdom,Repeat Customer,212,352,2-3 orders (Occasional),Lapsed (180d+),2010-05-01,352.0,629.4
14921,2011-05-22 12:51:00,2011-11-09 13:17:00,2,1316.07,658.04,United Kingdom,Repeat Customer,30,171,2-3 orders (Occasional),Active (0-90d),2011-05-01,171.0,903.01
14922,2010-07-20 09:45:00,2010-11-11 11:14:00,2,843.74,421.87,United Kingdom,Repeat Customer,393,114,2-3 orders (Occasional),Lapsed (180d+),2010-07-01,114.0,540.29
14923,2011-10-20 11:51:00,2011-10-20 11:51:00,1,749.1,749.1,United Kingdom,One-Time Customer,50,0,1 order (One-Time),Active (0-90d),2011-10-01,,749.1
14924,2010-03-10 12:51:00,2011-04-08 09:25:00,3,931.01,310.34,United Kingdom,Repeat Customer,245,393,2-3 orders (Occasional),Lapsed (180d+),2010-03-01,29.0,310.14
14926,2010-04-20 09:59:00,2010-11-23 07:13:00,2,359.4,179.7,United Kingdom,Repeat Customer,381,216,2-3 orders (Occasional),Lapsed (180d+),2010-04-01,216.0,220.2
14927,2010-11-08 12:30:00,2010-11-08 12:30:00,1,308.2,308.2,United Kingdom,One-Time Customer,396,0,1 order (One-Time),Lapsed (180d+),2010-11-01,,308.2
14928,2010-03-22 09:14:00,2010-03-22 09:14:00,1,223.91,223.91,United Kingdom,One-Time Customer,627,0,1 order (One-Time),Lapsed (180d+),2010-03-01,,223.91
14929,2010-10-14 12:22:00,2011-11-07 17:21:00,2,836.69,418.34,United Kingdom,Repeat Customer,32,389,2-3 orders (Occasional),Active (0-90d),2010-10-01,389.0,612.81
14930,2010-04-12 11:22:00,2011-08-23 10:31:00,6,5236.73,872.79,Channel Islands,Repeat Customer,108,497,4-9 orders (Regular),At Risk (91-180d),2010-04-01,43.0,926.82
14931,2011-04-13 09:32:00,2011-12-05 10:19:00,4,964.68,241.17,Channel Islands,Repeat Customer,4,236,4-9 orders (Regular),Active (0-90d),2011-04-01,166.0,293.0
14932,2010-11-19 09:16:00,2010-12-09 11:48:00,2,666.13,333.06,Channel Islands,Repeat Customer,365,20,2-3 orders (Occasional),Lapsed (180d+),2010-11-01,20.0,302.6
14933,2010-09-21 17:29:00,2010-09-22 10:47:00,4,1770.0,442.5,Channel Islands,Repeat Customer,443,0,4-9 orders (Regular),Lapsed (180d+),2010-09-01,0.0,885.0
14934,2010-09-24 12:08:00,2011-09-19 10:10:00,5,3503.5,700.7,Channel Islands,Repeat Customer,81,359,4-9 orders (Regular),Active (0-90d),2010-09-01,0.0,540.5
14935,2010-03-30 11:48:00,2011-02-15 14:44:00,2,2849.83,1424.92,Channel Islands,Repeat Customer,297,322,2-3 orders (Occasional),Lapsed (180d+),2010-03-01,322.0,1065.12
14936,2010-05-05 12:26:00,2011-11-06 10:30:00,12,12410.81,1034.23,Channel Islands,Repeat Customer,33,549,10+ orders (Champions),Active (0-90d),2010-05-01,0.0,691.03
14937,2011-08-01 14:16:00,2011-10-14 12:29:00,3,1621.88,540.63,Channel Islands,Repeat Customer,56,73,2-3 orders (Occasional),Active (0-90d),2011-08-01,73.0,759.56
14938,2010-05-26 13:35:00,2010-05-26 13:38:00,2,2322.43,1161.21,Channel Islands,Repeat Customer,562,0,2-3 orders (Occasional),Lapsed (180d+),2010-05-01,0.0,1445.29
14940,2009-12-06 15:46:00,2010-10-18 10:47:00,2,531.49,265.74,United Kingdom,Repeat Customer,417,315,2-3 orders (Occasional),Lapsed (180d+),2009-12-01,315.0,182.01
14941,2010-05-10 11:30:00,2010-05-10 11:30:00,1,182.1,182.1,United Kingdom,One-Time Customer,578,0,1 order (One-Time),Lapsed (180d+),2010-05-01,,182.1
14942,2009-12-10 10:32:00,2010-11-03 10:51:00,4,746.56,186.64,United Kingdom,Repeat Customer,401,328,4-9 orders (Regular),Lapsed (180d+),2009-12-01,91.0,109.35
14943,2010-02-14 16:04:00,2010-02-14 16:04:00,1,107.62,107.62,United Kingdom,One-Time Customer,663,0,1 order (One-Time),Lapsed (180d+),2010-02-01,,107.62
14944,2010-02-17 08:47:00,2011-11-10 09:10:00,19,9784.67,514.98,United Kingdom,Repeat Customer,29,631,10+ orders (Champions),Active (0-90d),2010-02-01,0.0,470.9
14945,2010-10-22 11:26:00,2010-10-22 11:26:00,1,179.4,179.4,United Kingdom,One-Time Customer,413,0,1 order (One-Time),Lapsed (180d+),2010-10-01,,179.4
14946,2011-11-25 13:33:00,2011-11-25 13:33:00,1,100.9,100.9,United Kingdom,One-Time Customer,14,0,1 order (One-Time),Active (0-90d),2011-11-01,,100.9
14947,2010-03-25 11:29:00,2011-09-28 15:48:00,6,1049.79,174.96,United Kingdom,Repeat Customer,72,552,4-9 orders (Regular),Active (0-90d),2010-03-01,21.0,322.6
14948,2011-05-04 14:52:00,2011-11-16 17:16:00,6,1101.97,183.66,United Kingdom,Repeat Customer,23,196,4-9 orders (Regular),Active (0-90d),2011-05-01,81.0,278.4
14949,2009-12-18 15:28:00,2010-08-27 15:38:00,4,515.0,128.75,United Kingdom,Repeat Customer,469,252,4-9 orders (Regular),Lapsed (180d+),2009-12-01,30.0,86.46
14950,2011-11-20 13:48:00,2011-11-20 13:48:00,1,371.2,371.2,United Kingdom,One-Time Customer,19,0,1 order (One-Time),Active (0-90d),2011-11-01,,371.2
14951,2011-09-21 15:15:00,2011-09-21 15:15:00,1,311.69,311.69,United Kingdom,One-Time Customer,79,0,1 order (One-Time),Active (0-90d),2011-09-01,,311.69
14952,2009-12-03 15:34:00,2011-10-11 10:33:00,32,17629.35,550.92,United Kingdom,Repeat Customer,59,676,10+ orders (Champions),Active (0-90d),2009-12-01,12.0,337.9
14953,2010-09-30 12:16:00,2011-11-14 14:59:00,4,968.82,242.2,United Kingdom,Repeat Customer,25,410,4-9 orders (Regular),Active (0-90d),2010-09-01,17.0,269.63
14954,2010-01-05 16:38:00,2011-11-27 14:30:00,2,462.12,231.06,United Kingdom,Repeat Customer,12,690,2-3 orders (Occasional),Active (0-90d),2010-01-01,690.0,167.27
14955,2009-12-07 11:35:00,2009-12-07 11:35:00,1,163.77,163.77,United Kingdom,One-Time Customer,732,0,1 order (One-Time),Lapsed (180d+),2009-12-01,,163.77
14956,2010-10-14 16:40:00,2010-10-14 16:40:00,1,1325.0,1325.0,United Kingdom,One-Time Customer,421,0,1 order (One-Time),Lapsed (180d+),2010-10-01,,1325.0
14957,2010-03-05 10:50:00,2011-03-31 17:59:00,2,261.69,130.84,United Kingdom,Repeat Customer,253,391,2-3 orders (Occasional),Lapsed (180d+),2010-03-01,391.0,203.2
14958,2009-12-03 16:02:00,2011-07-15 14:20:00,6,941.99,157.0,United Kingdom,Repeat Customer,147,588,4-9 orders (Regular),At Risk (91-180d),2009-12-01,109.0,186.36
14959,2011-02-16 13:00:00,2011-10-06 18:23:00,4,695.42,173.86,United Kingdom,Repeat Customer,64,232,4-9 orders (Regular),Active (0-90d),2011-02-01,80.0,178.66
14960,2011-06-21 13:38:00,2011-12-01 12:54:00,2,221.27,110.64,United Kingdom,Repeat Customer,8,162,2-3 orders (Occasional),Active (0-90d),2011-06-01,162.0,88.3
14961,2009-12-04 11:32:00,2011-11-29 09:42:00,22,16410.15,745.92,United Kingdom,Repeat Customer,10,724,10+ orders (Champions),Active (0-90d),2009-12-01,10.0,1058.4
14962,2010-05-04 14:57:00,2011-03-14 09:42:00,4,366.91,91.73,United Kingdom,Repeat Customer,270,313,4-9 orders (Regular),Lapsed (180d+),2010-05-01,12.0,121.71
14963,2010-07-02 12:43:00,2011-11-30 12:16:00,12,3123.57,260.3,United Kingdom,Repeat Customer,9,515,10+ orders (Champions),Active (0-90d),2010-07-01,76.0,189.66
14964,2011-04-06 14:13:00,2011-04-06 14:13:00,1,206.21,206.21,United Kingdom,One-Time Customer,247,0,1 order (One-Time),Lapsed (180d+),2011-04-01,,206.21
14965,2011-09-04 13:15:00,2011-09-04 13:20:00,2,596.09,298.04,United Kingdom,Repeat Customer,96,0,2-3 orders (Occasional),At Risk (91-180d),2011-09-01,0.0,471.59
14966,2009-12-15 13:48:00,2011-11-25 12:20:00,6,1064.26,177.38,United Kingdom,Repeat Customer,14,709,4-9 orders (Regular),Active (0-90d),2009-12-01,0.0,137.03
14967,2009-12-03 14:07:00,2011-10-21 11:06:00,6,1982.61,330.44,United Kingdom,Repeat Customer,49,686,4-9 orders (Regular),Active (0-90d),2009-12-01,76.0,236.25
14968,2010-09-07 13:28:00,2011-11-09 13:58:00,2,497.49,248.74,United Kingdom,Repeat Customer,30,428,2-3 orders (Occasional),Active (0-90d),2010-09-01,428.0,349.9
14969,2010-01-05 12:43:00,2010-01-05 12:43:00,1,906.23,906.23,United Kingdom,One-Time Customer,703,0,1 order (One-Time),Lapsed (180d+),2010-01-01,,906.23
14970,2010-02-14 13:37:00,2011-10-02 13:44:00,12,4919.35,409.95,United Kingdom,Repeat Customer,68,595,10+ orders (Champions),Active (0-90d),2010-02-01,0.0,394.25
14971,2011-10-27 13:33:00,2011-11-04 17:07:00,3,1097.98,365.99,United Kingdom,Repeat Customer,35,8,2-3 orders (Occasional),Active (0-90d),2011-10-01,8.0,606.61
14972,2010-11-23 16:17:00,2011-08-03 14:54:00,2,145.07,72.54,United Kingdom,Repeat Customer,128,252,2-3 orders (Occasional),At Risk (91-180d),2010-11-01,252.0,30.3
14973,2011-04-28 12:22:00,2011-08-24 15:51:00,3,1314.45,438.15,United Kingdom,Repeat Customer,107,118,2-3 orders (Occasional),At Risk (91-180d),2011-04-01,91.0,654.6
14974,2011-11-02 13:01:00,2011-11-02 13:01:00,1,89.94,89.94,United Kingdom,One-Time Customer,37,0,1 order (One-Time),Active (0-90d),2011-11-01,,89.94
14975,2010-10-14 14:11:00,2011-10-13 14:08:00,2,472.39,236.2,United Kingdom,Repeat Customer,57,363,2-3 orders (Occasional),Active (0-90d),2010-10-01,363.0,192.45
14976,2011-01-17 11:09:00,2011-10-13 16:33:00,6,774.86,129.14,United Kingdom,Repeat Customer,57,269,4-9 orders (Regular),Active (0-90d),2011-01-01,52.0,155.95
14977,2009-12-14 10:37:00,2009-12-14 10:37:00,1,31.93,31.93,United Kingdom,One-Time Customer,725,0,1 order (One-Time),Lapsed (180d+),2009-12-01,,31.93
14978,2010-04-28 10:50:00,2011-09-28 13:07:00,10,3112.19,311.22,United Kingdom,Repeat Customer,72,518,10+ orders (Champions),Active (0-90d),2010-04-01,49.0,250.04
14979,2009-12-04 12:54:00,2009-12-04 12:54:00,1,429.66,429.66,United Kingdom,One-Time Customer,735,0,1 order (One-Time),Lapsed (180d+),2009-12-01,,429.66
14980,2009-12-02 14:09:00,2009-12-02 14:09:00,1,150.68,150.68,United Kingdom,One-Time Customer,737,0,1 order (One-Time),Lapsed (180d+),2009-12-01,,150.68
14981,2010-10-12 11:04:00,2011-04-07 13:45:00,2,372.92,186.46,United Kingdom,Repeat Customer,246,177,2-3 orders (Occasional),Lapsed (180d+),2010-10-01,177.0,270.8
14982,2010-05-16 15:52:00,2010-05-16 15:52:00,1,234.88,234.88,United Kingdom,One-Time Customer,572,0,1 order (One-Time),Lapsed (180d+),2010-05-01,,234.88
14983,2010-01-19 17:32:00,2010-01-19 17:32:00,1,183.2,183.2,United Kingdom,One-Time Customer,689,0,1 order (One-Time),Lapsed (180d+),2010-01-01,,183.2
14984,2010-01-11 13:22:00,2011-11-20 14:28:00,6,1260.51,210.08,United Kingdom,Repeat Customer,19,678,4-9 orders (Regular),Active (0-90d),2010-01-01,145.0,117.0
14985,2010-12-16 19:51:00,2011-05-25 14:29:00,2,292.01,146.0,United Kingdom,Repeat Customer,198,159,2-3 orders (Occasional),Lapsed (180d+),2010-12-01,159.0,119.77
14986,2010-01-24 15:54:00,2010-11-28 15:25:00,2,563.1,281.55,United Kingdom,Repeat Customer,376,307,2-3 orders (Occasional),Lapsed (180d+),2010-01-01,307.0,323.38
14987,2009-12-02 14:56:00,2011-11-24 09:59:00,8,1550.65,193.83,United Kingdom,Repeat Customer,15,721,4-9 orders (Regular),Active (0-90d),2009-12-01,10.0,206.85
14988,2010-04-16 13:34:00,2011-05-12 12:05:00,7,2038.65,291.24,United Kingdom,Repeat Customer,211,390,4-9 orders (Regular),Lapsed (180d+),2010-04-01,17.0,370.59
14989,2010-02-16 10:40:00,2010-02-16 10:40:00,1,342.4,342.4,United Kingdom,One-Time Customer,661,0,1 order (One-Time),Lapsed (180d+),2010-02-01,,342.4
14990,2009-12-09 13:31:00,2010-04-06 13:54:00,2,304.17,152.08,United Kingdom,Repeat Customer,612,118,2-3 orders (Occasional),Lapsed (180d+),2009-12-01,118.0,200.24
14991,2010-10-05 13:01:00,2010-10-05 13:01:00,1,314.67,314.67,United Kingdom,One-Time Customer,430,0,1 order (One-Time),Lapsed (180d+),2010-10-01,,314.67
14992,2010-09-23 17:48:00,2010-09-23 17:48:00,1,210.5,210.5,United Kingdom,One-Time Customer,442,0,1 order (One-Time),Lapsed (180d+),2010-09-01,,210.5
14993,2010-05-25 12:47:00,2010-05-25 12:47:00,1,36.13,36.13,United Kingdom,One-Time Customer,563,0,1 order (One-Time),Lapsed (180d+),2010-05-01,,36.13
14994,2010-03-26 14:16:00,2010-11-22 12:59:00,5,942.77,188.55,United Kingdom,Repeat Customer,382,240,4-9 orders (Regular),Lapsed (180d+),2010-03-01,34.0,181.7
14995,2011-03-04 13:14:00,2011-11-01 11:39:00,2,231.98,115.99,United Kingdom,Repeat Customer,38,241,2-3 orders (Occasional),Active (0-90d),2011-03-01,241.0,119.31
14996,2010-08-15 13:41:00,2010-08-15 13:44:00,2,442.29,221.14,United Kingdom,Repeat Customer,481,0,2-3 orders (Occasional),Lapsed (180d+),2010-08-01,0.0,424.44
14997,2010-02-22 12:11:00,2011-10-24 13:28:00,4,776.6,194.15,United Kingdom,Repeat Customer,46,609,4-9 orders (Regular),Active (0-90d),2010-02-01,477.0,230.4
14998,2010-04-13 16:07:00,2011-06-22 17:30:00,4,753.18,188.3,United Kingdom,Repeat Customer,170,435,4-9 orders (Regular),At Risk (91-180d),2010-04-01,177.0,113.49
14999,2010-04-26 10:47:00,2010-04-26 10:47:00,1,129.48,129.48,United Kingdom,One-Time Customer,592,0,1 order (One-Time),Lapsed (180d+),2010-04-01,,129.48
15000,2011-10-23 11:42:00,2011-10-23 11:42:00,1,490.52,490.52,United Kingdom,One-Time Customer,47,0,1 order (One-Time),Active (0-90d),2011-10-01,,490.52
15001,2010-11-10 13:31:00,2010-11-10 13:51:00,2,197.11,98.56,United Kingdom,Repeat Customer,394,0,2-3 orders (Occasional),Lapsed (180d+),2010-11-01,0.0,172.26
15002,2010-01-12 11:40:00,2011-08-16 10:44:00,9,4138.08,459.79,United Kingdom,Repeat Customer,115,580,4-9 orders (Regular),At Risk (91-180d),2010-01-01,14.0,677.77
15003,2010-01-26 13:04:00,2010-08-23 15:44:00,6,1027.03,171.17,United Kingdom,Repeat Customer,473,209,4-9 orders (Regular),Lapsed (180d+),2010-01-01,7.0,361.71
15004,2011-07-15 14:05:00,2011-07-15 14:05:00,1,1220.38,1220.38,United Kingdom,One-Time Customer,147,0,1 order (One-Time),At Risk (91-180d),2011-07-01,,1220.38
15005,2009-12-01 14:19:00,2011-11-24 12:25:00,56,13752.58,245.58,United Kingdom,Repeat Customer,15,722,10+ orders (Champions),Active (0-90d),2009-12-01,8.0,319.38
15006,2010-09-12 13:03:00,2011-10-19 15:08:00,2,752.83,376.42,United Kingdom,Repeat Customer,51,402,2-3 orders (Occasional),Active (0-90d),2010-09-01,402.0,277.4
15007,2011-07-03 16:00:00,2011-07-03 16:00:00,1,156.91,156.91,United Kingdom,One-Time Customer,159,0,1 order (One-Time),At Risk (91-180d),2011-07-01,,156.91
15008,2010-03-12 11:13:00,2010-08-16 13:09:00,2,360.0,180.0,United Kingdom,Repeat Customer,480,157,2-3 orders (Occasional),Lapsed (180d+),2010-03-01,157.0,120.0
15009,2011-11-14 17:40:00,2011-11-27 13:35:00,3,1259.43,419.81,United Kingdom,Repeat Customer,12,12,2-3 orders (Occasional),Active (0-90d),2011-11-01,5.0,591.91
15010,2011-11-04 12:42:00,2011-11-04 12:42:00,1,308.94,308.94,United Kingdom,One-Time Customer,35,0,1 order (One-Time),Active (0-90d),2011-11-01,,308.94
15011,2010-10-19 12:05:00,2010-11-09 11:10:00,2,416.6,208.3,United Kingdom,Repeat Customer,395,20,2-3 orders (Occasional),Lapsed (180d+),2010-10-01,20.0,223.0
15012,2010-05-12 11:49:00,2011-10-17 12:22:00,3,646.26,215.42,United Kingdom,Repeat Customer,53,523,2-3 orders (Occasional),Active (0-90d),2010-05-01,203.0,241.22
15013,2010-01-31 12:15:00,2010-08-09 12:05:00,10,1610.82,161.08,United Kingdom,Repeat Customer,487,189,10+ orders (Champions),Lapsed (180d+),2010-01-01,20.0,214.07
15014,2011-06-16 19:40:00,2011-10-27 20:07:00,2,257.67,128.83,United Kingdom,Repeat Customer,43,133,2-3 orders (Occasional),Active (0-90d),2011-06-01,133.0,117.73
15015,2009-12-14 14:46:00,2010-07-26 13:50:00,13,2344.47,180.34,United Kingdom,Repeat Customer,501,223,10+ orders (Champions),Lapsed (180d+),2009-12-01,29.0,129.6
15016,2010-06-14 13:06:00,2011-06-20 12:06:00,5,620.89,124.18,United Kingdom,Repeat Customer,172,370,4-9 orders (Regular),At Risk (91-180d),2010-06-01,121.0,140.31
15017,2011-11-06 10:33:00,2011-11-06 10:33:00,1,125.58,125.58,United Kingdom,One-Time Customer,33,0,1 order (One-Time),Active (0-90d),2011-11-01,,125.58
15018,2010-12-07 10:47:00,2011-11-01 12:47:00,3,496.21,165.4,United Kingdom,Repeat Customer,38,329,2-3 orders (Occasional),Active (0-90d),2010-12-01,114.0,111.25
15019,2011-03-18 12:35:00,2011-03-18 12:35:00,1,252.81,252.81,United Kingdom,One-Time Customer,266,0,1 order (One-Time),Lapsed (180d+),2011-03-01,,252.81
15020,2010-11-25 13:29:00,2010-11-25 13:29:00,1,198.47,198.47,United Kingdom,One-Time Customer,379,0,1 order (One-Time),Lapsed (180d+),2010-11-01,,198.47
15021,2010-07-29 16:35:00,2011-12-01 11:53:00,12,2500.59,208.38,United Kingdom,Repeat Customer,8,489,10+ orders (Champions),Active (0-90d),2010-07-01,105.0,235.07
15022,2010-01-31 16:02:00,2011-11-28 12:35:00,5,1133.44,226.69,United Kingdom,Repeat Customer,11,665,4-9 orders (Regular),Active (0-90d),2010-01-01,629.0,281.05
15023,2010-02-03 15:45:00,2011-12-06 17:23:00,20,11555.5,577.78,United Kingdom,Repeat Customer,3,671,10+ orders (Champions),Active (0-90d),2010-02-01,56.0,684.58
15024,2010-10-11 16:14:00,2011-11-30 12:06:00,16,3559.39,222.46,United Kingdom,Repeat Customer,9,414,10+ orders (Champions),Active (0-90d),2010-10-01,0.0,745.0
15025,2010-05-20 13:28:00,2011-11-06 15:20:00,2,971.84,485.92,United Kingdom,Repeat Customer,33,535,2-3 orders (Occasional),Active (0-90d),2010-05-01,535.0,609.88
15026,2010-09-17 13:52:00,2011-09-20 13:52:00,5,1044.09,208.82,United Kingdom,Repeat Customer,80,368,4-9 orders (Regular),Active (0-90d),2010-09-01,72.0,370.94
15027,2010-03-25 14:39:00,2011-11-09 10:16:00,10,3195.6,319.56,United Kingdom,Repeat Customer,30,593,10+ orders (Champions),Active (0-90d),2010-03-01,41.0,525.34
15028,2010-11-10 14:32:00,2011-12-01 14:06:00,6,962.94,160.49,United Kingdom,Repeat Customer,8,385,4-9 orders (Regular),Active (0-90d),2010-11-01,15.0,152.41
15029,2010-03-30 12:16:00,2010-03-30 12:16:00,1,365.1,365.1,United Kingdom,One-Time Customer,619,0,1 order (One-Time),Lapsed (180d+),2010-03-01,,365.1
15030,2010-03-04 17:10:00,2011-09-29 10:50:00,8,1979.91,247.49,United Kingdom,Repeat Customer,71,573,4-9 orders (Regular),Active (0-90d),2010-03-01,14.0,392.67
15031,2009-12-08 13:38:00,2011-12-05 14:19:00,14,3102.94,221.64,United Kingdom,Repeat Customer,4,727,10+ orders (Champions),Active (0-90d),2009-12-01,37.0,249.17
15032,2009-12-10 15:27:00,2011-03-28 15:03:00,8,11010.05,1376.26,United Kingdom,Repeat Customer,256,472,4-9 orders (Regular),Lapsed (180d+),2009-12-01,125.0,1505.4
15033,2011-01-14 13:28:00,2011-12-05 12:40:00,10,2553.88,255.39,United Kingdom,Repeat Customer,4,324,10+ orders (Champions),Active (0-90d),2011-01-01,72.0,556.55
15034,2010-05-11 13:30:00,2011-11-24 12:11:00,14,8231.2,587.94,United Kingdom,Repeat Customer,15,561,10+ orders (Champions),Active (0-90d),2010-05-01,51.0,698.87
15035,2011-09-11 11:08:00,2011-09-11 11:08:00,1,252.73,252.73,United Kingdom,One-Time Customer,89,0,1 order (One-Time),Active (0-90d),2011-09-01,,252.73
15036,2011-06-13 12:19:00,2011-09-28 15:42:00,3,429.56,143.19,United Kingdom,Repeat Customer,72,107,2-3 orders (Occasional),Active (0-90d),2011-06-01,2.0,53.15
15037,2010-11-28 12:14:00,2010-11-28 13:05:00,2,397.76,198.88,United Kingdom,Repeat Customer,376,0,2-3 orders (Occasional),Lapsed (180d+),2010-11-01,0.0,236.51
15038,2010-10-10 14:35:00,2011-10-12 11:33:00,9,1146.53,127.39,United Kingdom,Repeat Customer,58,366,4-9 orders (Regular),Active (0-90d),2010-10-01,20.0,17.7
15039,2009-12-10 11:39:00,2011-11-30 11:31:00,93,39141.48,420.88,United Kingdom,Repeat Customer,9,719,10+ orders (Champions),Active (0-90d),2009-12-01,4.0,203.85
15040,2010-06-16 11:40:00,2010-06-16 11:40:00,1,7.49,7.49,United Kingdom,One-Time Customer,541,0,1 order (One-Time),Lapsed (180d+),2010-06-01,,7.49
15041,2010-09-21 13:16:00,2011-06-22 16:16:00,2,288.98,144.49,United Kingdom,Repeat Customer,170,274,2-3 orders (Occasional),At Risk (91-180d),2010-09-01,274.0,109.05
15042,2010-04-23 14:01:00,2011-05-24 16:25:00,2,315.45,157.72,United Kingdom,Repeat Customer,199,396,2-3 orders (Occasional),Lapsed (180d+),2010-04-01,396.0,179.52
15043,2010-06-24 15:50:00,2011-11-08 14:26:00,6,2855.32,475.89,United Kingdom,Repeat Customer,31,501,4-9 orders (Regular),Active (0-90d),2010-06-01,27.0,399.18
15044,2009-12-16 15:13:00,2011-11-20 13:20:00,32,15769.01,492.78,United Kingdom,Repeat Customer,19,703,10+ orders (Champions),Active (0-90d),2009-12-01,6.0,1071.55
15045,2011-03-27 11:44:00,2011-07-11 11:33:00,2,735.66,367.83,United Kingdom,Repeat Customer,151,105,2-3 orders (Occasional),At Risk (91-180d),2011-03-01,105.0,388.9
15046,2010-01-14 14:29:00,2011-11-30 15:50:00,25,7604.84,304.19,United Kingdom,Repeat Customer,9,685,10+ orders (Champions),Active (0-90d),2010-01-01,11.0,442.93
15047,2011-03-15 10:49:00,2011-03-15 10:49:00,1,343.62,343.62,United Kingdom,One-Time Customer,269,0,1 order (One-Time),Lapsed (180d+),2011-03-01,,343.62
15048,2010-12-06 12:15:00,2011-10-05 14:55:00,4,381.0,95.25,United Kingdom,Repeat Customer,65,303,4-9 orders (Regular),Active (0-90d),2010-12-01,147.0,98.7
15049,2011-03-11 12:13:00,2011-03-11 12:13:00,1,121.17,121.17,United Kingdom,One-Time Customer,273,0,1 order (One-Time),Lapsed (180d+),2011-03-01,,121.17
15050,2010-08-16 12:00:00,2011-11-14 16:17:00,5,4087.19,817.44,United Kingdom,Repeat Customer,25,455,4-9 orders (Regular),Active (0-90d),2010-08-01,59.0,1287.09
15051,2009-12-01 13:29:00,2011-11-16 15:38:00,9,3926.91,436.32,United Kingdom,Repeat Customer,23,715,4-9 orders (Regular),Active (0-90d),2009-12-01,76.0,580.02
15052,2011-01-24 15:52:00,2011-01-24 15:52:00,1,207.73,207.73,United Kingdom,One-Time Customer,319,0,1 order (One-Time),Lapsed (180d+),2011-01-01,,207.73
15053,2011-03-03 12:06:00,2011-12-05 12:08:00,3,693.95,231.32,United Kingdom,Repeat Customer,4,277,2-3 orders (Occasional),Active (0-90d),2011-03-01,125.0,222.65
15054,2011-10-30 14:33:00,2011-11-27 15:02:00,2,302.1,151.05,United Kingdom,Repeat Customer,12,28,2-3 orders (Occasional),Active (0-90d),2011-10-01,28.0,168.42
15055,2009-12-16 15:48:00,2010-08-22 11:06:00,3,549.12,183.04,United Kingdom,Repeat Customer,474,248,2-3 orders (Occasional),Lapsed (180d+),2009-12-01,129.0,244.42
15056,2010-07-07 15:58:00,2010-07-07 15:58:00,1,113.65,113.65,United Kingdom,One-Time Customer,520,0,1 order (One-Time),Lapsed (180d+),2010-07-01,,113.65
15057,2009-12-05 15:27:00,2011-03-09 15:17:00,5,3255.96,651.19,United Kingdom,Repeat Customer,275,458,4-9 orders (Regular),Lapsed (180d+),2009-12-01,108.0,304.1
15058,2010-02-24 14:07:00,2011-11-14 14:57:00,16,3387.58,211.72,United Kingdom,Repeat Customer,25,628,10+ orders (Champions),Active (0-90d),2010-02-01,60.0,303.65
15059,2009-12-06 12:17:00,2011-10-30 11:35:00,19,3490.4,183.71,United Kingdom,Repeat Customer,40,692,10+ orders (Champions),Active (0-90d),2009-12-01,40.0,280.94
15060,2011-11-30 14:03:00,2011-12-01 13:47:00,4,293.0,73.25,United Kingdom,Repeat Customer,8,0,4-9 orders (Regular),Active (0-90d),2011-11-01,0.0,139.92
15061,2009-12-01 12:18:00,2011-12-06 12:06:00,127,126387.57,995.18,United Kingdom,Repeat Customer,3,734,10+ orders (Champions),Active (0-90d),2009-12-01,0.0,2887.14
15062,2010-04-08 15:41:00,2011-09-29 16:51:00,8,2585.62,323.2,United Kingdom,Repeat Customer,71,539,4-9 orders (Regular),Active (0-90d),2010-04-01,83.0,585.73
15063,2011-05-10 13:25:00,2011-05-10 13:25:00,1,370.8,370.8,United Kingdom,One-Time Customer,213,0,1 order (One-Time),Lapsed (180d+),2011-05-01,,370.8
15064,2009-12-22 16:17:00,2010-10-25 14:32:00,4,1254.41,313.6,United Kingdom,Repeat Customer,410,306,4-9 orders (Regular),Lapsed (180d+),2009-12-01,141.0,324.99
15065,2010-10-25 09:13:00,2011-11-02 09:45:00,5,3326.86,665.37,United Kingdom,Repeat Customer,37,373,4-9 orders (Regular),Active (0-90d),2010-10-01,119.0,168.73
15066,2011-10-17 13:25:00,2011-10-17 13:25:00,1,893.59,893.59,United Kingdom,One-Time Customer,53,0,1 order (One-Time),Active (0-90d),2011-10-01,,893.59
15067,2010-04-11 15:54:00,2011-09-22 13:20:00,5,3862.88,772.58,United Kingdom,Repeat Customer,78,528,4-9 orders (Regular),Active (0-90d),2010-04-01,193.0,764.64
15068,2010-03-28 13:18:00,2011-10-24 14:47:00,4,1174.9,293.73,United Kingdom,Repeat Customer,46,575,4-9 orders (Regular),Active (0-90d),2010-03-01,203.0,334.87
15069,2011-06-13 14:16:00,2011-06-13 14:16:00,1,1109.53,1109.53,United Kingdom,One-Time Customer,179,0,1 order (One-Time),At Risk (91-180d),2011-06-01,,1109.53
15070,2009-12-15 13:49:00,2010-12-02 11:23:00,3,737.05,245.68,United Kingdom,Repeat Customer,372,351,2-3 orders (Occasional),Lapsed (180d+),2009-12-01,133.0,324.8
15071,2010-05-18 12:45:00,2011-09-07 11:43:00,4,1455.56,363.89,United Kingdom,Repeat Customer,93,476,4-9 orders (Regular),At Risk (91-180d),2010-05-01,184.0,166.24
15072,2010-08-17 15:46:00,2010-08-17 15:46:00,1,187.52,187.52,United Kingdom,One-Time Customer,479,0,1 order (One-Time),Lapsed (180d+),2010-08-01,,187.52
15073,2010-01-27 08:48:00,2011-11-30 10:44:00,8,2788.02,348.5,United Kingdom,Repeat Customer,9,672,4-9 orders (Regular),Active (0-90d),2010-01-01,85.0,478.9
15074,2010-08-29 11:47:00,2011-08-26 14:45:00,3,1553.13,517.71,United Kingdom,Repeat Customer,105,362,2-3 orders (Occasional),At Risk (91-180d),2010-08-01,38.0,359.66
15075,2011-09-23 12:27:00,2011-09-23 12:27:00,1,773.03,773.03,United Kingdom,One-Time Customer,77,0,1 order (One-Time),Active (0-90d),2011-09-01,,773.03
15076,2010-07-05 14:11:00,2011-06-20 08:23:00,3,1447.74,482.58,United Kingdom,Repeat Customer,172,349,2-3 orders (Occasional),At Risk (91-180d),2010-07-01,29.0,555.94
15077,2009-12-09 17:10:00,2010-08-02 11:13:00,2,2428.08,1214.04,United Kingdom,Repeat Customer,494,235,2-3 orders (Occasional),Lapsed (180d+),2009-12-01,235.0,873.48
15078,2009-12-04 12:03:00,2011-12-02 15:41:00,52,17276.73,332.24,United Kingdom,Repeat Customer,7,728,10+ orders (Champions),Active (0-90d),2009-12-01,11.0,410.0
15079,2009-12-08 11:22:00,2011-05-11 12:45:00,11,3625.4,329.58,United Kingdom,Repeat Customer,212,519,10+ orders (Champions),Lapsed (180d+),2009-12-01,0.0,707.93
15080,2010-07-26 10:03:00,2010-10-08 11:52:00,2,546.25,273.12,United Kingdom,Repeat Customer,427,74,2-3 orders (Occasional),Lapsed (180d+),2010-07-01,74.0,361.35
15081,2010-06-22 10:25:00,2011-11-17 17:08:00,12,1854.57,154.55,United Kingdom,Repeat Customer,22,513,10+ orders (Champions),Active (0-90d),2010-06-01,9.0,275.7
15082,2010-02-09 10:23:00,2010-02-09 10:23:00,1,93.35,93.35,United Kingdom,One-Time Customer,668,0,1 order (One-Time),Lapsed (180d+),2010-02-01,,93.35
15083,2011-03-28 12:18:00,2011-03-28 12:18:00,1,88.2,88.2,United Kingdom,One-Time Customer,256,0,1 order (One-Time),Lapsed (180d+),2011-03-01,,88.2
15084,2010-03-04 10:45:00,2010-11-25 11:58:00,2,965.2,482.6,United Kingdom,Repeat Customer,379,266,2-3 orders (Occasional),Lapsed (180d+),2010-03-01,266.0,349.4
15085,2009-12-10 11:47:00,2009-12-10 11:47:00,1,347.54,347.54,United Kingdom,One-Time Customer,729,0,1 order (One-Time),Lapsed (180d+),2009-12-01,,347.54
15086,2010-03-24 13:56:00,2010-05-24 12:27:00,2,218.53,109.26,United Kingdom,Repeat Customer,564,60,2-3 orders (Occasional),Lapsed (180d+),2010-03-01,60.0,110.03
15087,2011-03-03 10:34:00,2011-03-03 10:34:00,1,306.94,306.94,United Kingdom,One-Time Customer,281,0,1 order (One-Time),Lapsed (180d+),2011-03-01,,306.94
15088,2011-10-03 14:05:00,2011-11-18 13:14:00,2,1160.07,580.04,United Kingdom,Repeat Customer,21,45,2-3 orders (Occasional),Active (0-90d),2011-10-01,45.0,864.19
15089,2011-08-03 14:14:00,2011-11-29 16:31:00,6,2420.84,403.47,United Kingdom,Repeat Customer,10,118,4-9 orders (Regular),Active (0-90d),2011-08-01,19.0,1221.56
15090,2011-02-04 14:03:00,2011-02-04 14:03:00,1,381.32,381.32,United Kingdom,One-Time Customer,308,0,1 order (One-Time),Lapsed (180d+),2011-02-01,,381.32
15091,2010-02-03 11:46:00,2011-10-03 12:47:00,3,1046.61,348.87,United Kingdom,Repeat Customer,67,607,2-3 orders (Occasional),Active (0-90d),2010-02-01,0.0,328.0
15092,2010-09-03 12:33:00,2011-05-08 14:10:00,3,776.46,258.82,United Kingdom,Repeat Customer,215,247,2-3 orders (Occasional),Lapsed (180d+),2010-09-01,178.0,318.65
15093,2009-12-08 12:46:00,2011-11-21 13:09:00,23,13702.38,595.76,United Kingdom,Repeat Customer,18,713,10+ orders (Champions),Active (0-90d),2009-12-01,35.0,249.64
15094,2010-03-05 12:56:00,2010-09-02 16:55:00,2,83.0,41.5,United Kingdom,Repeat Customer,463,181,2-3 orders (Occasional),Lapsed (180d+),2010-03-01,181.0,50.0
15095,2010-01-21 09:37:00,2011-08-28 12:01:00,10,3141.64,314.16,United Kingdom,Repeat Customer,103,584,10+ orders (Champions),At Risk (91-180d),2010-01-01,90.0,274.89
15096,2011-10-28 10:27:00,2011-10-28 10:27:00,1,219.39,219.39,United Kingdom,One-Time Customer,42,0,1 order (One-Time),Active (0-90d),2011-10-01,,219.39
15097,2010-05-05 14:22:00,2011-12-05 14:03:00,3,908.35,302.78,United Kingdom,Repeat Customer,4,578,2-3 orders (Occasional),Active (0-90d),2010-05-01,0.0,642.57
15098,2011-06-10 15:22:00,2011-06-10 15:33:00,3,39916.5,13305.5,United Kingdom,Repeat Customer,182,0,2-3 orders (Occasional),Lapsed (180d+),2011-06-01,0.0,297.0
15099,2011-09-16 13:13:00,2011-09-16 13:13:00,1,410.48,410.48,United Kingdom,One-Time Customer,84,0,1 order (One-Time),Active (0-90d),2011-09-01,,410.48
15100,2010-01-07 14:33:00,2011-01-10 10:35:00,7,2193.9,313.41,United Kingdom,Repeat Customer,333,367,4-9 orders (Regular),Lapsed (180d+),2010-01-01,307.0,217.2
15101,2010-04-28 15:00:00,2011-12-01 10:18:00,6,1477.94,246.32,United Kingdom,Repeat Customer,8,581,4-9 orders (Regular),Active (0-90d),2010-04-01,36.0,122.95
15102,2010-06-11 10:16:00,2010-06-27 12:16:00,2,554.67,277.33,United Kingdom,Repeat Customer,530,16,2-3 orders (Occasional),Lapsed (180d+),2010-06-01,16.0,355.89
15103,2011-09-14 13:54:00,2011-11-08 14:53:00,2,703.36,351.68,United Kingdom,Repeat Customer,31,55,2-3 orders (Occasional),Active (0-90d),2011-09-01,55.0,291.68
15104,2011-03-02 14:16:00,2011-05-27 12:29:00,2,993.54,496.77,United Kingdom,Repeat Customer,196,85,2-3 orders (Occasional),Lapsed (180d+),2011-03-01,85.0,374.64
15105,2010-03-23 12:18:00,2011-11-21 16:54:00,9,3094.91,343.88,United Kingdom,Repeat Customer,18,608,4-9 orders (Regular),Active (0-90d),2010-03-01,196.0,330.38
15106,2011-03-15 12:52:00,2011-11-22 09:16:00,5,1422.52,284.5,United Kingdom,Repeat Customer,17,251,4-9 orders (Regular),Active (0-90d),2011-03-01,57.0,410.7
15107,2010-09-14 10:47:00,2011-02-01 14:46:00,9,824.35,91.59,United Kingdom,Repeat Customer,311,140,4-9 orders (Regular),Lapsed (180d+),2010-09-01,8.0,72.85
15108,2011-04-26 10:54:00,2011-07-21 10:24:00,3,1159.25,386.42,European Community,Repeat Customer,141,85,2-3 orders (Occasional),At Risk (91-180d),2011-04-01,40.0,155.4
15109,2009-12-04 12:33:00,2011-04-08 09:58:00,3,983.1,327.7,United Kingdom,Repeat Customer,245,489,2-3 orders (Occasional),Lapsed (180d+),2009-12-01,156.0,231.2
15110,2010-08-11 15:49:00,2011-11-16 11:16:00,6,1505.85,250.98,United Kingdom,Repeat Customer,23,461,4-9 orders (Regular),Active (0-90d),2010-08-01,81.0,301.65
15111,2010-04-26 13:12:00,2011-11-10 16:58:00,5,2442.37,488.47,United Kingdom,Repeat Customer,29,563,4-9 orders (Regular),Active (0-90d),2010-04-01,168.0,286.81
15112,2010-04-07 14:17:00,2010-04-07 14:17:00,1,209.4,209.4,United Kingdom,One-Time Customer,611,0,1 order (One-Time),Lapsed (180d+),2010-04-01,,209.4
15113,2011-10-16 15:27:00,2011-11-30 08:23:00,3,3509.04,1169.68,United Kingdom,Repeat Customer,9,44,2-3 orders (Occasional),Active (0-90d),2011-10-01,28.0,2142.4
15114,2010-10-14 16:44:00,2011-11-09 15:05:00,12,3400.12,283.34,United Kingdom,Repeat Customer,30,390,10+ orders (Champions),Active (0-90d),2010-10-01,37.0,416.68
15115,2009-12-07 11:20:00,2011-11-21 14:59:00,2,531.85,265.92,United Kingdom,Repeat Customer,18,714,2-3 orders (Occasional),Active (0-90d),2009-12-01,714.0,191.74
15116,2011-05-19 08:50:00,2011-11-22 12:25:00,4,1352.75,338.19,United Kingdom,Repeat Customer,17,187,4-9 orders (Regular),Active (0-90d),2011-05-01,70.0,479.65
15117,2010-03-15 13:39:00,2011-11-25 08:12:00,8,2485.97,310.75,United Kingdom,Repeat Customer,14,619,4-9 orders (Regular),Active (0-90d),2010-03-01,0.0,274.09
15118,2011-07-28 14:54:00,2011-07-28 14:54:00,1,244.8,244.8,United Kingdom,One-Time Customer,134,0,1 order (One-Time),At Risk (91-180d),2011-07-01,,244.8
15119,2011-04-08 09:08:00,2011-04-08 09:08:00,1,266.4,266.4,United Kingdom,One-Time Customer,245,0,1 order (One-Time),Lapsed (180d+),2011-04-01,,266.4
15120,2011-07-29 09:48:00,2011-07-29 09:48:00,1,358.82,358.82,United Kingdom,One-Time Customer,133,0,1 order (One-Time),At Risk (91-180d),2011-07-01,,358.82
15121,2011-02-24 12:41:00,2011-10-20 14:51:00,2,457.72,228.86,United Kingdom,Repeat Customer,50,238,2-3 orders (Occasional),Active (0-90d),2011-02-01,238.0,295.15
15122,2010-03-30 14:05:00,2011-08-17 16:48:00,11,4487.27,407.93,United Kingdom,Repeat Customer,114,505,10+ orders (Champions),At Risk (91-180d),2010-03-01,35.0,684.12
15123,2010-03-16 09:49:00,2011-12-02 13:12:00,5,4656.17,931.23,United Kingdom,Repeat Customer,7,626,4-9 orders (Regular),Active (0-90d),2010-03-01,195.0,456.66
15124,2010-02-26 10:49:00,2011-11-17 10:09:00,4,450.82,112.7,United Kingdom,Repeat Customer,22,628,4-9 orders (Regular),Active (0-90d),2010-02-01,175.0,134.03
15125,2010-03-31 13:29:00,2011-11-14 13:57:00,24,17024.87,709.37,United Kingdom,Repeat Customer,25,593,10+ orders (Champions),Active (0-90d),2010-03-01,0.0,1576.18
15126,2010-01-21 17:09:00,2010-06-21 12:31:00,2,449.49,224.74,United Kingdom,Repeat Customer,536,150,2-3 orders (Occasional),Lapsed (180d+),2010-01-01,150.0,192.45
15127,2010-07-08 10:07:00,2011-10-05 10:30:00,2,711.5,355.75,United Kingdom,Repeat Customer,65,454,2-3 orders (Occasional),Active (0-90d),2010-07-01,454.0,304.97
15128,2010-10-05 16:46:00,2011-10-10 13:54:00,5,1783.68,356.74,United Kingdom,Repeat Customer,60,369,4-9 orders (Regular),Active (0-90d),2010-10-01,210.0,312.68
15129,2010-04-08 17:15:00,2011-10-20 14:40:00,23,6860.18,298.27,United Kingdom,Repeat Customer,50,559,10+ orders (Champions),Active (0-90d),2010-04-01,12.0,300.7
15130,2011-06-23 10:15:00,2011-06-23 10:15:00,1,330.11,330.11,United Kingdom,One-Time Customer,169,0,1 order (One-Time),At Risk (91-180d),2011-06-01,,330.11
15131,2010-11-10 12:07:00,2010-11-10 12:07:00,1,80.28,80.28,United Kingdom,One-Time Customer,394,0,1 order (One-Time),Lapsed (180d+),2010-11-01,,80.28
15132,2011-03-22 12:02:00,2011-11-21 17:10:00,5,977.93,195.59,United Kingdom,Repeat Customer,18,244,4-9 orders (Regular),Active (0-90d),2011-03-01,62.0,313.77
15133,2010-07-07 12:31:00,2011-08-04 10:44:00,5,1806.9,361.38,United Kingdom,Repeat Customer,127,392,4-9 orders (Regular),At Risk (91-180d),2010-07-01,138.0,518.78
15134,2010-10-13 12:44:00,2011-11-25 08:55:00,10,1596.29,159.63,United Kingdom,Repeat Customer,14,407,10+ orders (Champions),Active (0-90d),2010-10-01,41.0,83.7
15135,2010-06-01 13:33:00,2011-04-14 19:16:00,2,305.68,152.84,United Kingdom,Repeat Customer,239,317,2-3 orders (Occasional),Lapsed (180d+),2010-06-01,317.0,166.63
15136,2011-09-04 16:05:00,2011-12-07 12:26:00,4,1286.7,321.68,United Kingdom,Repeat Customer,2,93,4-9 orders (Regular),Active (0-90d),2011-09-01,74.0,582.9
15137,2010-01-28 15:45:00,2010-07-07 09:41:00,2,823.4,411.7,United Kingdom,Repeat Customer,520,159,2-3 orders (Occasional),Lapsed (180d+),2010-01-01,159.0,392.82
15138,2010-11-11 09:16:00,2010-11-11 09:16:00,1,502.52,502.52,United Kingdom,One-Time Customer,393,0,1 order (One-Time),Lapsed (180d+),2010-11-01,,502.52
15139,2011-01-07 12:44:00,2011-04-14 11:39:00,2,178.96,89.48,United Kingdom,Repeat Customer,239,96,2-3 orders (Occasional),Lapsed (180d+),2011-01-01,96.0,122.1
15140,2010-09-23 13:07:00,2011-10-18 14:07:00,8,3243.69,405.46,United Kingdom,Repeat Customer,52,390,4-9 orders (Regular),Active (0-90d),2010-09-01,178.0,889.44
15141,2010-03-28 15:58:00,2010-09-08 11:33:00,7,1388.47,198.35,United Kingdom,Repeat Customer,457,163,4-9 orders (Regular),Lapsed (180d+),2010-03-01,42.0,284.64
15142,2010-07-27 09:05:00,2011-10-24 12:51:00,6,2619.92,436.65,United Kingdom,Repeat Customer,46,454,4-9 orders (Regular),Active (0-90d),2010-07-01,16.0,436.02
15143,2010-10-03 13:58:00,2011-04-28 12:03:00,2,563.63,281.82,United Kingdom,Repeat Customer,225,206,2-3 orders (Occasional),Lapsed (180d+),2010-10-01,206.0,304.18
15144,2009-12-13 11:35:00,2011-12-01 15:12:00,29,12160.31,419.32,United Kingdom,Repeat Customer,8,718,10+ orders (Champions),Active (0-90d),2009-12-01,73.0,370.2
15145,2011-04-05 15:20:00,2011-12-05 17:21:00,4,1194.73,298.68,United Kingdom,Repeat Customer,4,244,4-9 orders (Regular),Active (0-90d),2011-04-01,21.0,422.23
15146,2011-02-21 13:07:00,2011-06-28 12:09:00,2,1327.16,663.58,United Kingdom,Repeat Customer,164,126,2-3 orders (Occasional),At Risk (91-180d),2011-02-01,126.0,834.22
15147,2011-04-13 15:57:00,2011-04-13 15:57:00,1,623.5,623.5,United Kingdom,One-Time Customer,240,0,1 order (One-Time),Lapsed (180d+),2011-04-01,,623.5
15148,2011-11-29 08:21:00,2011-11-29 08:21:00,1,301.29,301.29,United Kingdom,One-Time Customer,10,0,1 order (One-Time),Active (0-90d),2011-11-01,,301.29
15149,2010-02-28 11:13:00,2011-07-29 10:58:00,4,1524.61,381.15,United Kingdom,Repeat Customer,133,515,4-9 orders (Regular),At Risk (91-180d),2010-02-01,0.0,159.78
15150,2010-06-14 12:01:00,2011-11-22 12:52:00,13,8977.94,690.61,United Kingdom,Repeat Customer,17,526,10+ orders (Champions),Active (0-90d),2010-06-01,87.0,2024.06
15151,2010-07-18 12:19:00,2010-10-12 16:37:00,2,2085.61,1042.8,United Kingdom,Repeat Customer,423,86,2-3 orders (Occasional),Lapsed (180d+),2010-07-01,86.0,969.35
15152,2010-01-07 15:15:00,2011-11-30 12:32:00,14,5263.83,375.99,United Kingdom,Repeat Customer,9,691,10+ orders (Champions),Active (0-90d),2010-01-01,514.0,518.14
15153,2011-11-08 17:09:00,2011-11-08 17:09:00,1,329.25,329.25,United Kingdom,One-Time Customer,31,0,1 order (One-Time),Active (0-90d),2011-11-01,,329.25
15154,2010-08-18 17:41:00,2011-09-25 16:05:00,3,1343.72,447.91,United Kingdom,Repeat Customer,75,402,2-3 orders (Occasional),Active (0-90d),2010-08-01,0.0,430.41
15155,2010-11-21 12:59:00,2010-11-21 12:59:00,1,383.97,383.97,United Kingdom,One-Time Customer,383,0,1 order (One-Time),Lapsed (180d+),2010-11-01,,383.97
15156,2011-11-06 12:41:00,2011-12-08 18:22:00,3,961.49,320.5,United Kingdom,Repeat Customer,1,32,2-3 orders (Occasional),Active (0-90d),2011-11-01,28.0,317.8
15157,2009-12-10 14:44:00,2011-12-06 11:28:00,5,2654.11,530.82,United Kingdom,Repeat Customer,3,725,4-9 orders (Regular),Active (0-90d),2009-12-01,159.0,448.2
15158,2010-11-03 13:46:00,2011-10-25 13:53:00,2,606.02,303.01,United Kingdom,Repeat Customer,45,356,2-3 orders (Occasional),Active (0-90d),2010-11-01,356.0,204.62
15159,2010-10-04 09:31:00,2011-12-08 12:05:00,34,22116.73,650.49,United Kingdom,Repeat Customer,1,430,10+ orders (Champions),Active (0-90d),2010-10-01,17.0,1408.52
15160,2010-10-14 15:26:00,2010-12-17 14:15:00,4,589.27,147.32,United Kingdom,Repeat Customer,357,63,4-9 orders (Regular),Lapsed (180d+),2010-10-01,20.0,101.31
15161,2010-11-16 16:08:00,2010-11-16 16:08:00,1,119.92,119.92,United Kingdom,One-Time Customer,388,0,1 order (One-Time),Lapsed (180d+),2010-11-01,,119.92
15162,2009-12-08 13:14:00,2009-12-08 13:14:00,1,312.9,312.9,United Kingdom,One-Time Customer,731,0,1 order (One-Time),Lapsed (180d+),2009-12-01,,312.9
15163,2011-05-31 15:22:00,2011-11-21 13:10:00,2,304.47,152.24,United Kingdom,Repeat Customer,18,173,2-3 orders (Occasional),Active (0-90d),2011-05-01,173.0,155.0
15164,2010-01-18 13:34:00,2011-10-02 12:05:00,9,2028.11,225.35,United Kingdom,Repeat Customer,68,621,4-9 orders (Regular),Active (0-90d),2010-01-01,77.0,203.48
15165,2010-12-01 14:03:00,2010-12-01 14:03:00,1,487.75,487.75,United Kingdom,One-Time Customer,373,0,1 order (One-Time),Lapsed (180d+),2010-12-01,,487.75
15166,2010-08-29 12:31:00,2010-08-29 12:31:00,1,167.16,167.16,United Kingdom,One-Time Customer,467,0,1 order (One-Time),Lapsed (180d+),2010-08-01,,167.16
15167,2010-02-04 14:13:00,2011-01-23 12:41:00,5,1627.62,325.52,United Kingdom,Repeat Customer,320,352,4-9 orders (Regular),Lapsed (180d+),2010-02-01,228.0,659.43
15168,2011-11-14 11:26:00,2011-11-14 11:26:00,1,106.56,106.56,United Kingdom,One-Time Customer,25,0,1 order (One-Time),Active (0-90d),2011-11-01,,106.56
15169,2009-12-13 11:16:00,2010-11-22 13:04:00,2,569.22,284.61,United Kingdom,Repeat Customer,382,344,2-3 orders (Occasional),Lapsed (180d+),2009-12-01,344.0,356.17
15170,2010-10-29 10:34:00,2010-10-29 10:34:00,1,81.15,81.15,United Kingdom,One-Time Customer,406,0,1 order (One-Time),Lapsed (180d+),2010-10-01,,81.15
15171,2011-01-12 15:36:00,2011-01-12 15:36:00,1,1289.5,1289.5,United Kingdom,One-Time Customer,331,0,1 order (One-Time),Lapsed (180d+),2011-01-01,,1289.5
15172,2011-04-17 11:56:00,2011-12-01 11:51:00,5,1624.05,324.81,United Kingdom,Repeat Customer,8,227,4-9 orders (Regular),Active (0-90d),2011-04-01,39.0,346.4
15173,2010-04-01 12:26:00,2010-11-24 10:21:00,7,1494.6,213.51,United Kingdom,Repeat Customer,380,236,4-9 orders (Regular),Lapsed (180d+),2010-04-01,30.0,396.06
15174,2010-10-25 09:40:00,2011-01-21 09:06:00,2,481.46,240.73,United Kingdom,Repeat Customer,322,87,2-3 orders (Occasional),Lapsed (180d+),2010-10-01,87.0,345.71
15175,2011-09-29 11:31:00,2011-09-29 11:31:00,1,224.14,224.14,United Kingdom,One-Time Customer,71,0,1 order (One-Time),Active (0-90d),2011-09-01,,224.14
15176,2010-02-10 10:36:00,2010-02-10 10:36:00,1,988.04,988.04,United Kingdom,One-Time Customer,667,0,1 order (One-Time),Lapsed (180d+),2010-02-01,,988.04
15177,2010-10-10 12:48:00,2010-10-10 12:48:00,1,948.93,948.93,United Kingdom,One-Time Customer,425,0,1 order (One-Time),Lapsed (180d+),2010-10-01,,948.93
15178,2011-03-24 15:12:00,2011-03-24 15:12:00,1,40.5,40.5,United Kingdom,One-Time Customer,260,0,1 order (One-Time),Lapsed (180d+),2011-03-01,,40.5
15179,2009-12-03 12:27:00,2011-11-21 12:53:00,13,7491.92,576.3,United Kingdom,Repeat Customer,18,718,10+ orders (Champions),Active (0-90d),2009-12-01,49.0,763.35
15180,2010-04-29 15:27:00,2010-12-07 14:57:00,3,816.93,272.31,United Kingdom,Repeat Customer,367,221,2-3 orders (Occasional),Lapsed (180d+),2010-04-01,171.0,452.84
15181,2009-12-08 19:02:00,2011-10-04 13:58:00,5,1200.2,240.04,United Kingdom,Repeat Customer,66,664,4-9 orders (Regular),Active (0-90d),2009-12-01,310.0,162.72
15182,2010-02-21 12:03:00,2011-07-08 13:37:00,11,2998.95,272.63,United Kingdom,Repeat Customer,154,502,10+ orders (Champions),At Risk (91-180d),2010-02-01,92.0,564.89
15183,2010-05-04 11:31:00,2010-06-10 10:43:00,3,639.93,213.31,United Kingdom,Repeat Customer,547,36,2-3 orders (Occasional),Lapsed (180d+),2010-05-01,20.0,292.03
15184,2009-12-16 12:06:00,2011-11-10 13:41:00,4,685.39,171.35,United Kingdom,Repeat Customer,29,694,4-9 orders (Regular),Active (0-90d),2009-12-01,336.0,123.19
15185,2011-09-30 14:06:00,2011-09-30 14:06:00,1,310.62,310.62,United Kingdom,One-Time Customer,70,0,1 order (One-Time),Active (0-90d),2011-09-01,,310.62
15186,2010-01-12 10:14:00,2011-11-25 14:58:00,5,1403.2,280.64,United Kingdom,Repeat Customer,14,682,4-9 orders (Regular),Active (0-90d),2010-01-01,120.0,163.4
15187,2011-05-11 13:49:00,2011-12-08 11:56:00,15,4762.18,317.48,United Kingdom,Repeat Customer,1,210,10+ orders (Champions),Active (0-90d),2011-05-01,43.0,431.6
15188,2009-12-14 13:30:00,2009-12-14 13:30:00,1,310.43,310.43,United Kingdom,One-Time Customer,725,0,1 order (One-Time),Lapsed (180d+),2009-12-01,,310.43
15189,2010-07-18 13:37:00,2011-12-08 13:22:00,46,17524.38,380.96,United Kingdom,Repeat Customer,1,507,10+ orders (Champions),Active (0-90d),2010-07-01,50.0,202.44
15190,2010-10-01 13:09:00,2010-10-01 13:09:00,1,834.44,834.44,United Kingdom,One-Time Customer,434,0,1 order (One-Time),Lapsed (180d+),2010-10-01,,834.44
15191,2010-01-20 12:35:00,2010-09-02 15:37:00,3,588.05,196.02,United Kingdom,Repeat Customer,463,225,2-3 orders (Occasional),Lapsed (180d+),2010-01-01,0.0,181.45
15192,2010-01-29 10:13:00,2011-08-12 11:41:00,5,1666.39,333.28,United Kingdom,Repeat Customer,119,560,4-9 orders (Regular),At Risk (91-180d),2010-01-01,104.0,311.24
15193,2011-10-10 08:23:00,2011-10-10 08:23:00,1,499.32,499.32,United Kingdom,One-Time Customer,60,0,1 order (One-Time),Active (0-90d),2011-10-01,,499.32
15194,2009-12-03 10:37:00,2011-12-06 15:10:00,28,12021.53,429.34,United Kingdom,Repeat Customer,3,733,10+ orders (Champions),Active (0-90d),2009-12-01,5.0,336.0
15195,2011-12-07 12:20:00,2011-12-07 12:20:00,1,3861.0,3861.0,United Kingdom,One-Time Customer,2,0,1 order (One-Time),Active (0-90d),2011-12-01,,3861.0
15196,2009-12-13 11:14:00,2010-10-03 10:50:00,2,313.7,156.85,United Kingdom,Repeat Customer,432,293,2-3 orders (Occasional),Lapsed (180d+),2009-12-01,293.0,149.7
15197,2009-12-11 12:56:00,2011-11-29 10:00:00,6,1877.51,312.92,United Kingdom,Repeat Customer,10,717,4-9 orders (Regular),Active (0-90d),2009-12-01,290.0,117.96
15198,2010-01-19 10:01:00,2011-09-08 14:42:00,5,571.35,114.27,United Kingdom,Repeat Customer,92,597,4-9 orders (Regular),At Risk (91-180d),2010-01-01,72.0,80.8
15199,2010-05-13 10:14:00,2011-10-11 15:12:00,10,3122.4,312.24,United Kingdom,Repeat Customer,59,516,10+ orders (Champions),Active (0-90d),2010-05-01,40.0,300.9
15200,2010-08-02 09:38:00,2010-08-02 09:38:00,1,549.05,549.05,United Kingdom,One-Time Customer,494,0,1 order (One-Time),Lapsed (180d+),2010-08-01,,549.05
15201,2010-04-07 14:50:00,2011-09-13 14:53:00,7,1842.95,263.28,United Kingdom,Repeat Customer,87,524,4-9 orders (Regular),Active (0-90d),2010-04-01,171.0,293.06
15203,2009-12-08 18:06:00,2011-11-14 08:16:00,15,4400.18,293.35,United Kingdom,Repeat Customer,25,705,10+ orders (Champions),Active (0-90d),2009-12-01,50.0,255.68
15204,2010-12-17 13:49:00,2010-12-17 13:49:00,1,316.58,316.58,United Kingdom,One-Time Customer,357,0,1 order (One-Time),Lapsed (180d+),2010-12-01,,316.58
15205,2011-08-04 16:07:00,2011-09-15 19:36:00,2,653.24,326.62,United Kingdom,Repeat Customer,85,42,2-3 orders (Occasional),Active (0-90d),2011-08-01,42.0,476.3
15206,2011-03-09 08:59:00,2011-11-29 13:41:00,4,420.3,105.08,United Kingdom,Repeat Customer,10,265,4-9 orders (Regular),Active (0-90d),2011-03-01,130.0,17.7
15207,2010-06-10 17:29:00,2010-10-19 13:29:00,3,683.92,227.97,United Kingdom,Repeat Customer,416,130,2-3 orders (Occasional),Lapsed (180d+),2010-06-01,126.0,408.0
15208,2010-10-12 12:17:00,2011-12-08 17:24:00,6,970.52,161.75,United Kingdom,Repeat Customer,1,422,4-9 orders (Regular),Active (0-90d),2010-10-01,70.0,100.4
15209,2009-12-09 17:26:00,2009-12-09 17:26:00,1,178.98,178.98,United Kingdom,One-Time Customer,730,0,1 order (One-Time),Lapsed (180d+),2009-12-01,,178.98
15210,2010-05-13 14:42:00,2011-04-28 16:11:00,3,1176.19,392.06,United Kingdom,Repeat Customer,225,350,2-3 orders (Occasional),Lapsed (180d+),2010-05-01,196.0,301.92
15211,2010-12-09 16:08:00,2011-10-10 13:31:00,2,894.41,447.2,United Kingdom,Repeat Customer,60,304,2-3 orders (Occasional),Active (0-90d),2010-12-01,304.0,383.07
15212,2010-11-28 10:45:00,2011-04-12 13:45:00,2,208.28,104.14,United Kingdom,Repeat Customer,241,135,2-3 orders (Occasional),Lapsed (180d+),2010-11-01,135.0,106.48
15213,2011-01-14 11:05:00,2011-01-25 12:21:00,2,328.35,164.18,United Kingdom,Repeat Customer,318,11,2-3 orders (Occasional),Lapsed (180d+),2011-01-01,11.0,313.2
15214,2011-04-11 09:46:00,2011-12-08 12:07:00,8,1661.44,207.68,United Kingdom,Repeat Customer,1,241,4-9 orders (Regular),Active (0-90d),2011-04-01,58.0,514.93
15215,2010-04-06 11:21:00,2011-10-24 11:41:00,7,2422.43,346.06,United Kingdom,Repeat Customer,46,566,4-9 orders (Regular),Active (0-90d),2010-04-01,28.0,396.47
15216,2010-03-31 09:52:00,2011-09-13 11:41:00,2,486.09,243.04,United Kingdom,Repeat Customer,87,531,2-3 orders (Occasional),Active (0-90d),2010-03-01,531.0,389.49
15217,2010-05-25 13:51:00,2010-05-25 13:51:00,1,426.24,426.24,United Kingdom,One-Time Customer,563,0,1 order (One-Time),Lapsed (180d+),2010-05-01,,426.24
15218,2010-01-26 11:33:00,2011-11-29 11:48:00,22,11453.83,520.63,United Kingdom,Repeat Customer,10,672,10+ orders (Champions),Active (0-90d),2010-01-01,43.0,374.35
15219,2010-03-01 11:33:00,2011-06-16 16:57:00,2,685.45,342.72,United Kingdom,Repeat Customer,176,472,2-3 orders (Occasional),At Risk (91-180d),2010-03-01,472.0,379.7
15220,2011-03-04 10:24:00,2011-10-19 12:39:00,6,1778.96,296.49,United Kingdom,Repeat Customer,51,229,4-9 orders (Regular),Active (0-90d),2011-03-01,41.0,316.11
15221,2010-03-12 10:40:00,2010-12-08 13:08:00,4,2062.2,515.55,United Kingdom,Repeat Customer,366,271,4-9 orders (Regular),Lapsed (180d+),2010-03-01,44.0,323.35
15222,2009-12-16 13:49:00,2011-01-25 08:03:00,11,3550.91,322.81,United Kingdom,Repeat Customer,318,404,10+ orders (Champions),Lapsed (180d+),2009-12-01,29.0,436.56
15223,2009-12-05 11:19:00,2011-04-28 11:31:00,5,1417.95,283.59,United Kingdom,Repeat Customer,225,509,4-9 orders (Regular),Lapsed (180d+),2009-12-01,43.0,230.2
15224,2010-01-15 16:14:00,2010-12-16 15:02:00,5,871.36,174.27,United Kingdom,Repeat Customer,358,334,4-9 orders (Regular),Lapsed (180d+),2010-01-01,46.0,83.4
15225,2011-04-19 14:51:00,2011-04-19 14:51:00,1,409.4,409.4,United Kingdom,One-Time Customer,234,0,1 order (One-Time),Lapsed (180d+),2011-04-01,,409.4
15226,2011-02-02 11:41:00,2011-02-02 11:41:00,1,154.41,154.41,United Kingdom,One-Time Customer,310,0,1 order (One-Time),Lapsed (180d+),2011-02-01,,154.41
15227,2010-03-16 08:23:00,2011-11-03 11:59:00,9,2488.49,276.5,United Kingdom,Repeat Customer,36,597,4-9 orders (Regular),Active (0-90d),2010-03-01,63.0,334.08
15228,2010-07-28 10:21:00,2011-10-04 13:56:00,6,5580.27,930.04,United Kingdom,Repeat Customer,66,433,4-9 orders (Regular),Active (0-90d),2010-07-01,71.0,960.41
15229,2010-05-02 13:50:00,2010-05-02 13:50:00,1,160.5,160.5,United Kingdom,One-Time Customer,586,0,1 order (One-Time),Lapsed (180d+),2010-05-01,,160.5
15230,2011-04-13 11:04:00,2011-04-14 14:39:00,2,429.6,214.8,United Kingdom,Repeat Customer,239,1,2-3 orders (Occasional),Lapsed (180d+),2011-04-01,1.0,370.2
15231,2010-03-28 15:12:00,2010-03-28 15:12:00,1,250.26,250.26,United Kingdom,One-Time Customer,621,0,1 order (One-Time),Lapsed (180d+),2010-03-01,,250.26
15232,2011-07-22 12:21:00,2011-08-18 16:27:00,2,612.06,306.03,United Kingdom,Repeat Customer,113,27,2-3 orders (Occasional),At Risk (91-180d),2011-07-01,27.0,310.36
15233,2010-11-03 13:36:00,2010-11-03 13:36:00,1,59.4,59.4,United Kingdom,One-Time Customer,401,0,1 order (One-Time),Lapsed (180d+),2010-11-01,,59.4
15234,2011-03-08 08:53:00,2011-03-08 08:53:00,1,197.0,197.0,United Kingdom,One-Time Customer,276,0,1 order (One-Time),Lapsed (180d+),2011-03-01,,197.0
15235,2010-11-16 12:48:00,2011-05-06 09:44:00,16,2772.76,173.3,United Kingdom,Repeat Customer,217,170,10+ orders (Champions),Lapsed (180d+),2010-11-01,0.0,128.3
15236,2011-02-14 10:52:00,2011-02-14 10:52:00,1,321.05,321.05,United Kingdom,One-Time Customer,298,0,1 order (One-Time),Lapsed (180d+),2011-02-01,,321.05
15237,2011-04-26 15:04:00,2011-12-08 09:46:00,4,1412.32,353.08,United Kingdom,Repeat Customer,1,225,4-9 orders (Regular),Active (0-90d),2011-04-01,23.0,938.92
15238,2011-06-08 16:00:00,2011-11-10 14:28:00,3,1071.99,357.33,United Kingdom,Repeat Customer,29,154,2-3 orders (Occasional),Active (0-90d),2011-06-01,88.0,300.14
15239,2011-09-22 09:53:00,2011-11-29 14:14:00,2,780.59,390.29,United Kingdom,Repeat Customer,10,68,2-3 orders (Occasional),Active (0-90d),2011-09-01,68.0,461.79
15240,2009-12-05 14:57:00,2011-10-26 09:50:00,12,4459.98,371.66,United Kingdom,Repeat Customer,44,689,10+ orders (Champions),Active (0-90d),2009-12-01,149.0,549.77
15241,2010-02-23 13:59:00,2011-10-04 09:05:00,11,3050.16,277.29,United Kingdom,Repeat Customer,66,587,10+ orders (Champions),Active (0-90d),2010-02-01,83.0,295.64
15242,2010-10-13 15:33:00,2010-10-13 15:33:00,1,302.04,302.04,United Kingdom,One-Time Customer,422,0,1 order (One-Time),Lapsed (180d+),2010-10-01,,302.04
15243,2010-09-30 17:28:00,2011-09-26 14:12:00,2,927.28,463.64,United Kingdom,Repeat Customer,74,360,2-3 orders (Occasional),Active (0-90d),2010-09-01,360.0,610.6
15244,2010-02-11 14:48:00,2011-10-05 13:19:00,3,912.08,304.03,United Kingdom,Repeat Customer,65,600,2-3 orders (Occasional),Active (0-90d),2010-02-01,418.0,280.51
15245,2010-04-23 14:23:00,2011-07-28 18:56:00,8,4610.84,576.36,United Kingdom,Repeat Customer,134,461,4-9 orders (Regular),At Risk (91-180d),2010-04-01,73.0,512.26
15246,2010-06-02 11:28:00,2011-04-15 14:45:00,3,780.4,260.13,United Kingdom,Repeat Customer,238,317,2-3 orders (Occasional),Lapsed (180d+),2010-06-01,196.0,266.25
15247,2010-06-20 14:08:00,2011-08-09 12:52:00,3,976.06,325.35,United Kingdom,Repeat Customer,122,414,2-3 orders (Occasional),At Risk (91-180d),2010-06-01,59.0,311.56
15248,2010-06-23 14:34:00,2010-10-24 13:09:00,3,1893.93,631.31,United Kingdom,Repeat Customer,411,122,2-3 orders (Occasional),Lapsed (180d+),2010-06-01,57.0,1222.91
15249,2010-03-26 14:51:00,2011-11-08 11:45:00,18,9266.0,514.78,United Kingdom,Repeat Customer,31,591,10+ orders (Champions),Active (0-90d),2010-03-01,20.0,780.92
15250,2010-03-09 07:35:00,2010-03-09 07:35:00,1,60.0,60.0,United Kingdom,One-Time Customer,640,0,1 order (One-Time),Lapsed (180d+),2010-03-01,,60.0
15251,2010-01-29 12:42:00,2011-11-30 15:02:00,21,20324.54,967.84,United Kingdom,Repeat Customer,9,670,10+ orders (Champions),Active (0-90d),2010-01-01,18.0,869.88
15252,2010-04-07 10:24:00,2011-11-03 13:30:00,5,2103.41,420.68,United Kingdom,Repeat Customer,36,575,4-9 orders (Regular),Active (0-90d),2010-04-01,35.0,598.04
15253,2010-05-02 11:17:00,2011-11-23 16:22:00,8,2055.09,256.89,United Kingdom,Repeat Customer,16,570,4-9 orders (Regular),Active (0-90d),2010-05-01,64.0,411.46
15254,2010-05-28 10:08:00,2011-08-04 15:04:00,3,1088.35,362.78,United Kingdom,Repeat Customer,127,433,2-3 orders (Occasional),At Risk (91-180d),2010-05-01,14.0,450.34
15255,2009-12-03 09:10:00,2011-10-04 12:43:00,9,3706.02,411.78,United Kingdom,Repeat Customer,66,670,4-9 orders (Regular),Active (0-90d),2009-12-01,192.0,260.44
15256,2010-05-27 11:41:00,2011-07-14 11:47:00,2,170.4,85.2,United Kingdom,Repeat Customer,148,413,2-3 orders (Occasional),At Risk (91-180d),2010-05-01,413.0,71.95
15257,2010-10-21 14:03:00,2011-03-01 12:58:00,2,685.9,342.95,United Kingdom,Repeat Customer,283,130,2-3 orders (Occasional),Lapsed (180d+),2010-10-01,130.0,368.75
15258,2011-05-06 14:16:00,2011-06-24 12:30:00,2,623.16,311.58,United Kingdom,Repeat Customer,168,48,2-3 orders (Occasional),At Risk (91-180d),2011-05-01,48.0,315.66
15259,2010-01-26 09:41:00,2010-07-15 08:47:00,4,1182.38,295.59,United Kingdom,Repeat Customer,512,169,4-9 orders (Regular),Lapsed (180d+),2010-01-01,80.0,302.55
15260,2009-12-06 11:45:00,2011-08-31 13:55:00,25,8767.73,350.71,United Kingdom,Repeat Customer,100,633,10+ orders (Champions),At Risk (91-180d),2009-12-01,0.0,253.55
15261,2010-10-01 11:59:00,2011-07-27 15:20:00,4,1508.0,377.0,United Kingdom,Repeat Customer,135,299,4-9 orders (Regular),At Risk (91-180d),2010-10-01,16.0,868.33
15262,2010-08-08 15:55:00,2011-01-20 12:16:00,3,418.82,139.61,United Kingdom,Repeat Customer,323,164,2-3 orders (Occasional),Lapsed (180d+),2010-08-01,107.0,127.07
15263,2011-08-25 10:26:00,2011-08-25 10:26:00,1,156.51,156.51,United Kingdom,One-Time Customer,106,0,1 order (One-Time),At Risk (91-180d),2011-08-01,,156.51
15264,2010-06-27 13:29:00,2011-10-06 13:49:00,2,848.4,424.2,United Kingdom,Repeat Customer,64,466,2-3 orders (Occasional),Active (0-90d),2010-06-01,466.0,454.66
15265,2009-12-01 17:08:00,2011-07-11 14:46:00,4,3345.64,836.41,United Kingdom,Repeat Customer,151,586,4-9 orders (Regular),At Risk (91-180d),2009-12-01,133.0,294.14
15266,2010-01-07 12:19:00,2011-01-05 13:40:00,5,852.21,170.44,United Kingdom,Repeat Customer,338,363,4-9 orders (Regular),Lapsed (180d+),2010-01-01,15.0,212.0
15267,2011-06-10 10:24:00,2011-11-17 15:59:00,5,1717.36,343.47,United Kingdom,Repeat Customer,22,160,4-9 orders (Regular),Active (0-90d),2011-06-01,27.0,1035.76
15268,2010-04-13 11:27:00,2010-08-18 10:33:00,3,961.9,320.63,United Kingdom,Repeat Customer,478,126,2-3 orders (Occasional),Lapsed (180d+),2010-04-01,126.0,547.6
15269,2010-11-14 12:58:00,2011-11-16 09:32:00,3,1225.36,408.45,United Kingdom,Repeat Customer,23,366,2-3 orders (Occasional),Active (0-90d),2010-11-01,10.0,481.3
15270,2009-12-17 15:02:00,2011-11-24 09:24:00,21,8524.86,405.95,United Kingdom,Repeat Customer,15,706,10+ orders (Champions),Active (0-90d),2009-12-01,0.0,251.3
15271,2010-08-05 14:57:00,2011-12-02 14:11:00,24,4528.54,188.69,United Kingdom,Repeat Customer,7,483,10+ orders (Champions),Active (0-90d),2010-08-01,21.0,586.01
15272,2010-02-14 13:39:00,2011-10-13 12:59:00,6,2030.95,338.49,United Kingdom,Repeat Customer,57,605,4-9 orders (Regular),Active (0-90d),2010-02-01,91.0,435.09
15273,2010-04-19 11:31:00,2010-04-19 11:31:00,1,228.96,228.96,United Kingdom,One-Time Customer,599,0,1 order (One-Time),Lapsed (180d+),2010-04-01,,228.96
15274,2011-11-21 14:17:00,2011-12-05 16:57:00,2,716.57,358.28,United Kingdom,Repeat Customer,4,14,2-3 orders (Occasional),Active (0-90d),2011-11-01,14.0,383.99
15275,2011-11-02 11:20:00,2011-11-02 11:20:00,1,615.14,615.14,United Kingdom,One-Time Customer,37,0,1 order (One-Time),Active (0-90d),2011-11-01,,615.14
15276,2010-10-01 12:24:00,2011-10-04 16:39:00,4,619.8,154.95,United Kingdom,Repeat Customer,66,368,4-9 orders (Regular),Active (0-90d),2010-10-01,40.0,378.45
15277,2010-10-10 16:02:00,2011-10-24 10:08:00,2,476.34,238.17,United Kingdom,Repeat Customer,46,378,2-3 orders (Occasional),Active (0-90d),2010-10-01,378.0,220.44
15278,2010-02-12 14:53:00,2010-05-27 10:03:00,4,496.16,124.04,United Kingdom,Repeat Customer,561,103,4-9 orders (Regular),Lapsed (180d+),2010-02-01,0.0,136.92
15279,2010-02-02 10:15:00,2010-12-20 10:48:00,5,1580.54,316.11,United Kingdom,Repeat Customer,354,321,4-9 orders (Regular),Lapsed (180d+),2010-02-01,45.0,352.13
15280,2010-05-17 14:17:00,2011-06-20 17:14:00,3,397.52,132.51,United Kingdom,Repeat Customer,172,399,2-3 orders (Occasional),At Risk (91-180d),2010-05-01,82.0,132.9
15281,2010-10-08 12:14:00,2011-10-12 09:10:00,16,8543.57,533.97,United Kingdom,Repeat Customer,58,368,10+ orders (Champions),Active (0-90d),2010-10-01,10.0,3767.62
15282,2010-05-18 16:27:00,2010-05-18 16:27:00,1,348.59,348.59,United Kingdom,One-Time Customer,570,0,1 order (One-Time),Lapsed (180d+),2010-05-01,,348.59
15283,2010-07-09 15:46:00,2010-11-14 14:54:00,3,148.33,49.44,United Kingdom,Repeat Customer,390,127,2-3 orders (Occasional),Lapsed (180d+),2010-07-01,31.0,99.58
15284,2010-07-27 13:25:00,2010-07-27 13:25:00,1,24.75,24.75,United Kingdom,One-Time Customer,500,0,1 order (One-Time),Lapsed (180d+),2010-07-01,,24.75
15285,2010-10-28 09:46:00,2010-10-28 09:46:00,1,94.92,94.92,United Kingdom,One-Time Customer,407,0,1 order (One-Time),Lapsed (180d+),2010-10-01,,94.92
15286,2011-10-21 11:08:00,2011-10-21 11:08:00,1,240.55,240.55,United Kingdom,One-Time Customer,49,0,1 order (One-Time),Active (0-90d),2011-10-01,,240.55
15287,2009-12-02 12:13:00,2011-11-17 15:34:00,5,856.03,171.21,United Kingdom,Repeat Customer,22,715,4-9 orders (Regular),Active (0-90d),2009-12-01,302.0,58.2
15288,2010-02-12 15:27:00,2011-10-27 16:58:00,10,3706.53,370.65,United Kingdom,Repeat Customer,43,622,10+ orders (Champions),Active (0-90d),2010-02-01,69.0,334.5
15289,2010-03-28 11:45:00,2011-11-10 13:49:00,5,1593.09,318.62,United Kingdom,Repeat Customer,29,592,4-9 orders (Regular),Active (0-90d),2010-03-01,163.0,439.62
15290,2010-02-24 10:15:00,2011-12-05 11:39:00,26,10496.28,403.7,United Kingdom,Repeat Customer,4,649,10+ orders (Champions),Active (0-90d),2010-02-01,71.0,277.12
15291,2009-12-03 11:09:00,2011-11-14 11:02:00,39,13472.76,345.46,United Kingdom,Repeat Customer,25,710,10+ orders (Champions),Active (0-90d),2009-12-01,5.0,430.9
15292,2011-05-22 15:00:00,2011-05-22 15:00:00,1,178.39,178.39,United Kingdom,One-Time Customer,201,0,1 order (One-Time),Lapsed (180d+),2011-05-01,,178.39
15293,2010-02-12 11:54:00,2010-02-12 11:54:00,1,247.5,247.5,United Kingdom,One-Time Customer,665,0,1 order (One-Time),Lapsed (180d+),2010-02-01,,247.5
15294,2010-10-25 11:45:00,2010-10-25 11:45:00,1,233.35,233.35,United Kingdom,One-Time Customer,410,0,1 order (One-Time),Lapsed (180d+),2010-10-01,,233.35
15295,2010-02-23 13:03:00,2010-02-23 13:03:00,1,207.04,207.04,United Kingdom,One-Time Customer,654,0,1 order (One-Time),Lapsed (180d+),2010-02-01,,207.04
15296,2010-01-21 13:48:00,2011-10-20 11:47:00,12,10323.03,860.25,United Kingdom,Repeat Customer,50,636,10+ orders (Champions),Active (0-90d),2010-01-01,116.0,1210.43
15297,2011-10-07 09:42:00,2011-11-29 16:32:00,3,641.94,213.98,United Kingdom,Repeat Customer,10,53,2-3 orders (Occasional),Active (0-90d),2011-10-01,34.0,230.46
15298,2009-12-08 17:04:00,2011-12-07 17:17:00,23,9061.77,393.99,United Kingdom,Repeat Customer,2,729,10+ orders (Champions),Active (0-90d),2009-12-01,40.0,303.45
15299,2010-01-12 11:34:00,2011-10-03 14:19:00,9,5556.53,617.39,United Kingdom,Repeat Customer,67,629,4-9 orders (Regular),Active (0-90d),2010-01-01,262.0,731.52
15300,2011-10-06 17:08:00,2011-10-06 17:08:00,1,496.44,496.44,United Kingdom,One-Time Customer,64,0,1 order (One-Time),Active (0-90d),2011-10-01,,496.44
15301,2010-09-15 15:41:00,2011-10-20 09:57:00,17,6909.67,406.45,United Kingdom,Repeat Customer,50,399,10+ orders (Champions),Active (0-90d),2010-09-01,13.0,522.86
15302,2009-12-09 13:11:00,2009-12-09 13:11:00,1,308.0,308.0,United Kingdom,One-Time Customer,730,0,1 order (One-Time),Lapsed (180d+),2009-12-01,,308.0
15303,2010-01-25 09:42:00,2011-02-22 13:59:00,3,1224.18,408.06,United Kingdom,Repeat Customer,290,393,2-3 orders (Occasional),Lapsed (180d+),2010-01-01,118.0,302.2
15304,2010-10-14 10:24:00,2011-10-10 10:23:00,9,796.4,88.49,United Kingdom,Repeat Customer,60,360,4-9 orders (Regular),Active (0-90d),2010-10-01,53.0,102.0
15305,2010-06-02 13:50:00,2010-06-02 13:50:00,1,93.6,93.6,United Kingdom,One-Time Customer,555,0,1 order (One-Time),Lapsed (180d+),2010-06-01,,93.6
15306,2010-02-18 17:12:00,2011-10-06 12:56:00,9,3484.73,387.19,United Kingdom,Repeat Customer,64,594,4-9 orders (Regular),Active (0-90d),2010-02-01,63.0,387.51
15307,2011-09-05 11:38:00,2011-09-05 11:38:00,1,205.3,205.3,United Kingdom,One-Time Customer,95,0,1 order (One-Time),At Risk (91-180d),2011-09-01,,205.3
15308,2011-03-10 13:08:00,2011-03-10 13:08:00,1,310.47,310.47,United Kingdom,One-Time Customer,274,0,1 order (One-Time),Lapsed (180d+),2011-03-01,,310.47
15309,2009-12-04 13:01:00,2010-04-08 11:11:00,4,797.96,199.49,United Kingdom,Repeat Customer,610,124,4-9 orders (Regular),Lapsed (180d+),2009-12-01,84.0,273.75
15310,2010-08-18 11:38:00,2010-08-18 11:38:00,1,1634.64,1634.64,United Kingdom,One-Time Customer,478,0,1 order (One-Time),Lapsed (180d+),2010-08-01,,1634.64
15311,2009-12-01 11:21:00,2011-12-09 12:00:00,207,114671.42,553.97,United Kingdom,Repeat Customer,0,738,10+ orders (Champions),Active (0-90d),2009-12-01,0.0,823.02
15312,2009-12-16 09:23:00,2011-09-25 13:10:00,12,2930.19,244.18,United Kingdom,Repeat Customer,75,648,10+ orders (Champions),Active (0-90d),2009-12-01,29.0,321.65
15313,2011-08-21 16:02:00,2011-08-21 16:02:00,1,52.0,52.0,United Kingdom,One-Time Customer,110,0,1 order (One-Time),At Risk (91-180d),2011-08-01,,52.0
15314,2010-10-07 15:41:00,2011-05-24 14:39:00,3,820.45,273.48,United Kingdom,Repeat Customer,199,228,2-3 orders (Occasional),Lapsed (180d+),2010-10-01,14.0,472.68
15315,2011-08-15 15:17:00,2011-10-06 12:51:00,2,570.5,285.25,United Kingdom,Repeat Customer,64,51,2-3 orders (Occasional),Active (0-90d),2011-08-01,51.0,233.54
15316,2011-01-17 11:34:00,2011-01-17 11:34:00,1,165.0,165.0,United Kingdom,One-Time Customer,326,0,1 order (One-Time),Lapsed (180d+),2011-01-01,,165.0
15317,2010-01-31 15:55:00,2010-01-31 15:55:00,1,129.75,129.75,United Kingdom,One-Time Customer,677,0,1 order (One-Time),Lapsed (180d+),2010-01-01,,129.75
15318,2011-12-06 11:30:00,2011-12-06 11:30:00,1,312.62,312.62,United Kingdom,One-Time Customer,3,0,1 order (One-Time),Active (0-90d),2011-12-01,,312.62
15319,2011-03-01 12:48:00,2011-03-01 12:48:00,1,204.5,204.5,United Kingdom,One-Time Customer,283,0,1 order (One-Time),Lapsed (180d+),2011-03-01,,204.5
15320,2011-10-26 13:27:00,2011-10-26 13:27:00,1,267.13,267.13,United Kingdom,One-Time Customer,44,0,1 order (One-Time),Active (0-90d),2011-10-01,,267.13
15321,2010-02-03 09:47:00,2011-09-30 09:40:00,12,6709.73,559.14,United Kingdom,Repeat Customer,70,603,10+ orders (Champions),Active (0-90d),2010-02-01,21.0,411.66
15322,2010-08-20 13:10:00,2011-09-15 09:34:00,2,1390.86,695.43,United Kingdom,Repeat Customer,85,390,2-3 orders (Occasional),Active (0-90d),2010-08-01,390.0,711.18
15323,2010-02-16 09:21:00,2010-05-26 10:01:00,3,434.6,144.87,United Kingdom,Repeat Customer,562,99,2-3 orders (Occasional),Lapsed (180d+),2010-02-01,50.0,108.2
15324,2010-01-07 14:37:00,2010-01-07 14:37:00,1,140.22,140.22,United Kingdom,One-Time Customer,701,0,1 order (One-Time),Lapsed (180d+),2010-01-01,,140.22
15325,2010-02-16 13:30:00,2011-08-28 11:55:00,8,1601.46,200.18,United Kingdom,Repeat Customer,103,557,4-9 orders (Regular),At Risk (91-180d),2010-02-01,30.0,215.5
15326,2009-12-01 13:19:00,2011-01-10 11:38:00,5,1700.52,340.1,United Kingdom,Repeat Customer,333,404,4-9 orders (Regular),Lapsed (180d+),2009-12-01,17.0,307.8
15327,2011-10-18 11:55:00,2011-10-18 11:55:00,1,208.75,208.75,United Kingdom,One-Time Customer,52,0,1 order (One-Time),Active (0-90d),2011-10-01,,208.75
15328,2010-10-28 09:05:00,2010-10-28 09:05:00,1,107.24,107.24,United Kingdom,One-Time Customer,407,0,1 order (One-Time),Lapsed (180d+),2010-10-01,,107.24
15329,2009-12-14 12:18:00,2011-10-31 15:36:00,11,2958.83,268.98,United Kingdom,Repeat Customer,39,686,10+ orders (Champions),Active (0-90d),2009-12-01,95.0,318.36
15330,2011-10-10 12:30:00,2011-11-07 17:50:00,2,714.96,357.48,United Kingdom,Repeat Customer,32,28,2-3 orders (Occasional),Active (0-90d),2011-10-01,28.0,320.4
15331,2010-04-09 14:26:00,2010-07-28 09:42:00,3,767.91,255.97,United Kingdom,Repeat Customer,499,109,2-3 orders (Occasional),Lapsed (180d+),2010-04-01,109.0,365.59
15332,2010-07-14 13:01:00,2010-12-08 14:43:00,6,4892.68,815.45,Lithuania,Repeat Customer,366,147,4-9 orders (Regular),Lapsed (180d+),2010-07-01,112.0,1706.23
15333,2011-05-15 13:27:00,2011-05-15 13:27:00,1,1028.56,1028.56,United Kingdom,One-Time Customer,208,0,1 order (One-Time),Lapsed (180d+),2011-05-01,,1028.56
15334,2011-06-19 13:51:00,2011-07-06 11:22:00,3,347.87,115.96,United Kingdom,Repeat Customer,156,16,2-3 orders (Occasional),At Risk (91-180d),2011-06-01,10.0,114.5
15335,2011-10-17 12:50:00,2011-10-17 12:50:00,1,170.22,170.22,United Kingdom,One-Time Customer,53,0,1 order (One-Time),Active (0-90d),2011-10-01,,170.22
15336,2010-11-03 12:39:00,2010-11-03 12:39:00,1,240.5,240.5,United Kingdom,One-Time Customer,401,0,1 order (One-Time),Lapsed (180d+),2010-11-01,,240.5
15337,2010-10-24 15:29:00,2010-10-24 15:29:00,1,373.02,373.02,United Kingdom,One-Time Customer,411,0,1 order (One-Time),Lapsed (180d+),2010-10-01,,373.02
15338,2010-01-31 14:25:00,2010-01-31 14:25:00,1,277.93,277.93,United Kingdom,One-Time Customer,677,0,1 order (One-Time),Lapsed (180d+),2010-01-01,,277.93
15339,2010-02-08 13:38:00,2011-10-04 12:51:00,7,1821.02,260.15,United Kingdom,Repeat Customer,66,602,4-9 orders (Regular),Active (0-90d),2010-02-01,46.0,135.4
15340,2010-05-27 10:27:00,2010-05-27 10:27:00,1,105.5,105.5,United Kingdom,One-Time Customer,561,0,1 order (One-Time),Lapsed (180d+),2010-05-01,,105.5
15341,2010-09-16 16:41:00,2011-09-20 09:40:00,2,2402.72,1201.36,United Kingdom,Repeat Customer,80,368,2-3 orders (Occasional),Active (0-90d),2010-09-01,368.0,382.2
15342,2011-08-02 10:19:00,2011-08-02 10:19:00,1,406.09,406.09,United Kingdom,One-Time Customer,129,0,1 order (One-Time),At Risk (91-180d),2011-08-01,,406.09
15343,2011-09-13 13:55:00,2011-09-13 13:55:00,1,364.5,364.5,United Kingdom,One-Time Customer,87,0,1 order (One-Time),Active (0-90d),2011-09-01,,364.5
15344,2011-09-26 14:48:00,2011-12-09 10:45:00,3,563.94,187.98,United Kingdom,Repeat Customer,0,73,2-3 orders (Occasional),Active (0-90d),2011-09-01,42.0,308.69
15345,2011-10-25 11:28:00,2011-10-25 11:28:00,1,393.54,393.54,United Kingdom,One-Time Customer,45,0,1 order (One-Time),Active (0-90d),2011-10-01,,393.54
15346,2010-10-04 15:11:00,2011-01-11 11:18:00,3,596.12,198.71,United Kingdom,Repeat Customer,332,98,2-3 orders (Occasional),Lapsed (180d+),2010-10-01,5.0,262.48
15347,2010-09-28 12:50:00,2010-12-08 15:25:00,4,1162.0,290.5,United Kingdom,Repeat Customer,366,71,4-9 orders (Regular),Lapsed (180d+),2010-09-01,37.0,555.85
15348,2011-09-28 13:17:00,2011-09-28 13:17:00,1,158.04,158.04,United Kingdom,One-Time Customer,72,0,1 order (One-Time),Active (0-90d),2011-09-01,,158.04
15349,2011-06-05 15:46:00,2011-07-04 16:06:00,2,463.91,231.96,United Kingdom,Repeat Customer,158,29,2-3 orders (Occasional),At Risk (91-180d),2011-06-01,29.0,356.21
15350,2010-11-21 15:14:00,2010-12-01 13:33:00,2,547.6,273.8,United Kingdom,Repeat Customer,373,9,2-3 orders (Occasional),Lapsed (180d+),2010-11-01,9.0,431.95
15351,2010-10-03 12:18:00,2011-11-27 12:52:00,10,3430.22,343.02,United Kingdom,Repeat Customer,12,420,10+ orders (Champions),Active (0-90d),2010-10-01,10.0,671.84
15352,2010-06-09 11:28:00,2010-06-09 11:28:00,1,111.15,111.15,United Kingdom,One-Time Customer,548,0,1 order (One-Time),Lapsed (180d+),2010-06-01,,111.15
15353,2009-12-02 11:33:00,2011-03-30 12:15:00,7,2794.47,399.21,United Kingdom,Repeat Customer,254,483,4-9 orders (Regular),Lapsed (180d+),2009-12-01,188.0,271.74
15355,2011-10-17 15:22:00,2011-11-10 13:44:00,2,277.05,138.52,United Kingdom,Repeat Customer,29,23,2-3 orders (Occasional),Active (0-90d),2011-10-01,23.0,126.25
15356,2010-10-13 13:12:00,2011-11-08 13:11:00,13,3239.57,249.2,United Kingdom,Repeat Customer,31,390,10+ orders (Champions),Active (0-90d),2010-10-01,31.0,198.26
15358,2009-12-07 12:19:00,2011-12-05 09:04:00,42,16425.86,391.09,United Kingdom,Repeat Customer,4,727,10+ orders (Champions),Active (0-90d),2009-12-01,13.0,446.4
15359,2010-01-15 11:30:00,2010-02-15 10:47:00,8,181.35,22.67,United Kingdom,Repeat Customer,662,30,4-9 orders (Regular),Lapsed (180d+),2010-01-01,13.0,7.1
15360,2011-10-31 09:35:00,2011-10-31 09:35:00,1,427.93,427.93,United Kingdom,One-Time Customer,39,0,1 order (One-Time),Active (0-90d),2011-10-01,,427.93
15361,2010-06-14 13:27:00,2010-12-13 09:52:00,4,689.07,172.27,United Kingdom,Repeat Customer,361,181,4-9 orders (Regular),Lapsed (180d+),2010-06-01,7.0,71.4
15362,2009-12-01 09:08:00,2010-09-17 10:37:00,2,613.08,306.54,United Kingdom,Repeat Customer,448,290,2-3 orders (Occasional),Lapsed (180d+),2009-12-01,290.0,310.75
15363,2010-08-04 08:41:00,2010-12-02 12:28:00,2,678.11,339.06,United Kingdom,Repeat Customer,372,120,2-3 orders (Occasional),Lapsed (180d+),2010-08-01,120.0,352.11
15364,2011-03-30 13:39:00,2011-09-05 09:46:00,2,913.19,456.6,United Kingdom,Repeat Customer,95,158,2-3 orders (Occasional),At Risk (91-180d),2011-03-01,158.0,331.8
15365,2010-02-04 16:43:00,2011-11-14 08:29:00,13,4557.13,350.55,United Kingdom,Repeat Customer,25,647,10+ orders (Champions),Active (0-90d),2010-02-01,188.0,325.12
15366,2010-02-26 10:10:00,2011-09-25 15:01:00,7,2389.08,341.3,United Kingdom,Repeat Customer,75,576,4-9 orders (Regular),Active (0-90d),2010-02-01,53.0,316.59
15367,2009-12-10 14:20:00,2011-10-13 14:13:00,11,5081.33,461.94,United Kingdom,Repeat Customer,57,671,10+ orders (Champions),Active (0-90d),2009-12-01,82.0,785.62
15368,2010-11-10 15:52:00,2011-11-18 14:42:00,2,722.74,361.37,United Kingdom,Repeat Customer,21,372,2-3 orders (Occasional),Active (0-90d),2010-11-01,372.0,275.8
15369,2009-12-08 07:43:00,2010-08-04 13:54:00,11,6251.26,568.3,United Kingdom,Repeat Customer,492,239,10+ orders (Champions),Lapsed (180d+),2009-12-01,31.0,312.96
15370,2010-10-25 12:08:00,2011-10-30 10:58:00,8,3739.01,467.38,United Kingdom,Repeat Customer,40,369,4-9 orders (Regular),Active (0-90d),2010-10-01,77.0,1352.96
15371,2010-02-15 13:14:00,2010-02-15 13:14:00,1,59.4,59.4,United Kingdom,One-Time Customer,662,0,1 order (One-Time),Lapsed (180d+),2010-02-01,,59.4
15372,2010-02-14 11:24:00,2011-07-25 16:39:00,8,6017.06,752.13,United Kingdom,Repeat Customer,137,526,4-9 orders (Regular),At Risk (91-180d),2010-02-01,2.0,432.24
15373,2010-05-02 11:57:00,2011-12-01 15:05:00,17,3084.54,181.44,United Kingdom,Repeat Customer,8,578,10+ orders (Champions),Active (0-90d),2010-05-01,14.0,119.0
15374,2010-03-25 12:03:00,2011-08-03 09:59:00,2,307.32,153.66,United Kingdom,Repeat Customer,128,495,2-3 orders (Occasional),At Risk (91-180d),2010-03-01,495.0,139.32
15375,2010-01-18 15:38:00,2010-01-18 15:38:00,1,60.96,60.96,United Kingdom,One-Time Customer,690,0,1 order (One-Time),Lapsed (180d+),2010-01-01,,60.96
15376,2011-05-01 13:45:00,2011-10-30 15:04:00,3,1221.56,407.19,United Kingdom,Repeat Customer,40,182,2-3 orders (Occasional),Active (0-90d),2011-05-01,105.0,642.37
15377,2010-10-20 11:42:00,2010-11-22 08:55:00,4,1211.75,302.94,United Kingdom,Repeat Customer,382,32,4-9 orders (Regular),Lapsed (180d+),2010-10-01,13.0,304.3
15378,2010-07-26 08:47:00,2010-09-03 11:30:00,2,246.5,123.25,United Kingdom,Repeat Customer,462,39,2-3 orders (Occasional),Lapsed (180d+),2010-07-01,39.0,110.0
15379,2010-11-04 11:59:00,2011-06-23 13:13:00,8,4877.84,609.73,United Kingdom,Repeat Customer,169,231,4-9 orders (Regular),At Risk (91-180d),2010-11-01,42.0,1174.55
15380,2009-12-01 13:50:00,2011-12-01 12:13:00,11,3248.96,295.36,United Kingdom,Repeat Customer,8,729,10+ orders (Champions),Active (0-90d),2009-12-01,9.0,263.42
15381,2010-05-05 14:35:00,2011-05-10 11:55:00,5,1890.57,378.11,United Kingdom,Repeat Customer,213,369,4-9 orders (Regular),Lapsed (180d+),2010-05-01,42.0,349.5
15382,2009-12-04 14:13:00,2011-11-25 10:58:00,12,13733.55,1144.46,United Kingdom,Repeat Customer,14,720,10+ orders (Champions),Active (0-90d),2009-12-01,79.0,1523.2
15384,2010-04-26 12:38:00,2011-06-23 10:57:00,4,2027.79,506.95,United Kingdom,Repeat Customer,169,422,4-9 orders (Regular),At Risk (91-180d),2010-04-01,210.0,276.5
15385,2010-01-31 13:02:00,2011-10-30 15:11:00,3,942.08,314.03,United Kingdom,Repeat Customer,40,637,2-3 orders (Occasional),Active (0-90d),2010-01-01,284.0,307.8
15386,2011-06-06 13:47:00,2011-06-06 13:47:00,1,394.14,394.14,United Kingdom,One-Time Customer,186,0,1 order (One-Time),Lapsed (180d+),2011-06-01,,394.14
15387,2010-08-04 16:05:00,2010-08-04 16:05:00,1,468.65,468.65,United Kingdom,One-Time Customer,492,0,1 order (One-Time),Lapsed (180d+),2010-08-01,,468.65
15388,2011-03-14 13:53:00,2011-03-14 13:53:00,1,140.54,140.54,Canada,One-Time Customer,270,0,1 order (One-Time),Lapsed (180d+),2011-03-01,,140.54
15389,2010-01-27 12:44:00,2011-06-20 16:18:00,5,2733.8,546.76,United Kingdom,Repeat Customer,172,509,4-9 orders (Regular),At Risk (91-180d),2010-01-01,119.0,854.8
15390,2010-10-26 17:23:00,2010-11-08 15:19:00,2,1216.66,608.33,Canada,Repeat Customer,396,12,2-3 orders (Occasional),Lapsed (180d+),2010-10-01,12.0,834.89
15391,2010-05-04 15:04:00,2010-05-04 15:04:00,1,289.87,289.87,United Kingdom,One-Time Customer,584,0,1 order (One-Time),Lapsed (180d+),2010-05-01,,289.87
15392,2010-10-04 12:50:00,2011-12-05 11:01:00,7,2911.62,415.95,United Kingdom,Repeat Customer,4,426,4-9 orders (Regular),Active (0-90d),2010-10-01,34.0,391.41
15393,2009-12-15 17:56:00,2011-11-23 16:48:00,5,891.34,178.27,United Kingdom,Repeat Customer,16,707,4-9 orders (Regular),Active (0-90d),2009-12-01,30.0,187.84
15394,2009-12-15 19:05:00,2011-11-30 11:49:00,11,5286.8,480.62,United Kingdom,Repeat Customer,9,714,10+ orders (Champions),Active (0-90d),2009-12-01,158.0,297.4
15395,2011-01-18 12:40:00,2011-01-18 12:40:00,1,107.45,107.45,United Kingdom,One-Time Customer,325,0,1 order (One-Time),Lapsed (180d+),2011-01-01,,107.45
15396,2010-05-05 09:04:00,2011-08-19 10:56:00,2,796.38,398.19,United Kingdom,Repeat Customer,112,471,2-3 orders (Occasional),At Risk (91-180d),2010-05-01,471.0,508.2
15397,2011-02-23 09:25:00,2011-02-23 09:25:00,1,94.0,94.0,United Kingdom,One-Time Customer,289,0,1 order (One-Time),Lapsed (180d+),2011-02-01,,94.0
15398,2011-09-22 14:56:00,2011-11-23 16:47:00,2,1345.53,672.76,United Kingdom,Repeat Customer,16,62,2-3 orders (Occasional),Active (0-90d),2011-09-01,62.0,634.85
15399,2011-09-21 15:57:00,2011-12-08 13:04:00,3,815.77,271.92,United Kingdom,Repeat Customer,1,77,2-3 orders (Occasional),Active (0-90d),2011-09-01,56.0,305.17
15400,2010-05-28 08:33:00,2011-09-08 13:57:00,8,1302.3,162.79,United Kingdom,Repeat Customer,92,468,4-9 orders (Regular),At Risk (91-180d),2010-05-01,69.0,194.0
15401,2010-05-20 10:56:00,2010-09-13 13:42:00,2,216.95,108.48,United Kingdom,Repeat Customer,452,116,2-3 orders (Occasional),Lapsed (180d+),2010-05-01,116.0,136.2
15402,2010-04-27 12:12:00,2011-07-14 12:17:00,6,1830.12,305.02,United Kingdom,Repeat Customer,148,443,4-9 orders (Regular),At Risk (91-180d),2010-04-01,51.0,584.06
15403,2009-12-09 12:45:00,2010-08-05 12:21:00,2,170.88,85.44,United Kingdom,Repeat Customer,491,238,2-3 orders (Occasional),Lapsed (180d+),2009-12-01,238.0,95.76
15404,2010-11-29 11:03:00,2010-11-29 11:03:00,1,257.06,257.06,United Kingdom,One-Time Customer,375,0,1 order (One-Time),Lapsed (180d+),2010-11-01,,257.06
15405,2010-05-12 15:56:00,2011-06-03 14:44:00,2,659.84,329.92,United Kingdom,Repeat Customer,189,386,2-3 orders (Occasional),Lapsed (180d+),2010-05-01,386.0,310.74
15406,2010-09-12 13:06:00,2011-11-08 13:22:00,4,975.87,243.97,United Kingdom,Repeat Customer,31,422,4-9 orders (Regular),Active (0-90d),2010-09-01,0.0,464.21
15407,2011-02-07 13:18:00,2011-11-06 11:55:00,4,1046.74,261.68,United Kingdom,Repeat Customer,33,271,4-9 orders (Regular),Active (0-90d),2011-02-01,83.0,165.0
15408,2011-03-20 15:02:00,2011-03-20 15:02:00,1,267.18,267.18,United Kingdom,One-Time Customer,264,0,1 order (One-Time),Lapsed (180d+),2011-03-01,,267.18
15409,2009-12-18 15:35:00,2009-12-18 15:35:00,1,131.25,131.25,United Kingdom,One-Time Customer,721,0,1 order (One-Time),Lapsed (180d+),2009-12-01,,131.25
15410,2010-04-19 08:57:00,2011-09-16 14:47:00,10,4685.72,468.57,United Kingdom,Repeat Customer,84,515,10+ orders (Champions),Active (0-90d),2010-04-01,31.0,881.48
15411,2011-06-10 12:30:00,2011-11-13 15:19:00,4,1348.93,337.23,United Kingdom,Repeat Customer,26,156,4-9 orders (Regular),Active (0-90d),2011-06-01,58.0,156.4
15412,2011-06-21 15:24:00,2011-06-21 15:24:00,1,190.53,190.53,United Kingdom,One-Time Customer,171,0,1 order (One-Time),At Risk (91-180d),2011-06-01,,190.53
15413,2009-12-01 10:18:00,2010-01-17 11:33:00,5,6798.72,1359.74,United Kingdom,Repeat Customer,691,47,4-9 orders (Regular),Lapsed (180d+),2009-12-01,7.0,570.24
15414,2011-04-11 13:45:00,2011-11-30 09:50:00,3,774.9,258.3,United Kingdom,Repeat Customer,9,232,2-3 orders (Occasional),Active (0-90d),2011-04-01,205.0,36.2
15415,2011-01-30 14:13:00,2011-01-30 14:13:00,1,559.61,559.61,United Kingdom,One-Time Customer,313,0,1 order (One-Time),Lapsed (180d+),2011-01-01,,559.61
15416,2010-02-01 11:55:00,2011-10-06 09:38:00,7,4572.82,653.26,United Kingdom,Repeat Customer,64,611,4-9 orders (Regular),Active (0-90d),2010-02-01,197.0,389.03
15417,2011-09-15 15:26:00,2011-09-15 15:26:00,1,508.8,508.8,United Kingdom,One-Time Customer,85,0,1 order (One-Time),Active (0-90d),2011-09-01,,508.8
15418,2010-05-02 11:31:00,2010-10-10 13:38:00,2,449.42,224.71,United Kingdom,Repeat Customer,425,161,2-3 orders (Occasional),Lapsed (180d+),2010-05-01,161.0,206.49
15419,2011-11-15 09:23:00,2011-11-15 09:23:00,1,135.86,135.86,United Kingdom,One-Time Customer,24,0,1 order (One-Time),Active (0-90d),2011-11-01,,135.86
15420,2009-12-05 13:29:00,2010-10-01 15:46:00,6,743.0,123.83,United Kingdom,Repeat Customer,434,300,4-9 orders (Regular),Lapsed (180d+),2009-12-01,9.0,97.11
15421,2009-12-07 15:10:00,2011-10-12 09:20:00,10,3805.34,380.53,United Kingdom,Repeat Customer,58,673,10+ orders (Champions),Active (0-90d),2009-12-01,52.0,241.05
15422,2010-02-07 11:52:00,2011-01-20 16:17:00,7,1619.97,231.42,United Kingdom,Repeat Customer,323,347,4-9 orders (Regular),Lapsed (180d+),2010-02-01,100.0,298.99
15423,2010-03-28 13:42:00,2011-11-01 14:01:00,3,266.89,88.96,United Kingdom,Repeat Customer,38,583,2-3 orders (Occasional),Active (0-90d),2010-03-01,39.0,153.55
15424,2010-09-02 17:17:00,2011-03-30 13:02:00,3,597.78,199.26,United Kingdom,Repeat Customer,254,208,2-3 orders (Occasional),Lapsed (180d+),2010-09-01,208.0,214.44
15425,2010-02-14 12:36:00,2010-11-04 18:13:00,4,1941.12,485.28,United Kingdom,Repeat Customer,400,263,4-9 orders (Regular),Lapsed (180d+),2010-02-01,34.0,762.69
15426,2010-05-02 15:10:00,2011-11-20 15:36:00,9,2156.35,239.59,United Kingdom,Repeat Customer,19,567,4-9 orders (Regular),Active (0-90d),2010-05-01,83.0,403.27
15427,2011-10-23 14:47:00,2011-11-06 14:29:00,3,1430.54,476.85,United Kingdom,Repeat Customer,33,13,2-3 orders (Occasional),Active (0-90d),2011-10-01,13.0,359.49
15428,2009-12-17 17:46:00,2011-11-24 16:54:00,4,762.75,190.69,United Kingdom,Repeat Customer,15,706,4-9 orders (Regular),Active (0-90d),2009-12-01,84.0,184.44
15429,2011-09-25 13:42:00,2011-11-13 12:28:00,2,397.35,198.68,United Kingdom,Repeat Customer,26,48,2-3 orders (Occasional),Active (0-90d),2011-09-01,48.0,243.06
15430,2010-06-29 15:04:00,2010-08-29 10:42:00,2,954.75,477.38,United Kingdom,Repeat Customer,467,60,2-3 orders (Occasional),Lapsed (180d+),2010-06-01,60.0,836.75
15431,2010-07-25 12:44:00,2010-07-25 12:44:00,1,153.24,153.24,United Kingdom,One-Time Customer,502,0,1 order (One-Time),Lapsed (180d+),2010-07-01,,153.24
15432,2010-06-16 14:34:00,2011-11-16 16:30:00,2,320.76,160.38,United Kingdom,Repeat Customer,23,518,2-3 orders (Occasional),Active (0-90d),2010-06-01,518.0,149.57
15433,2011-03-17 14:12:00,2011-05-10 10:45:00,2,533.3,266.65,United Kingdom,Repeat Customer,213,53,2-3 orders (Occasional),Lapsed (180d+),2011-03-01,53.0,372.64
15434,2010-01-24 15:35:00,2011-12-01 13:33:00,11,2567.06,233.37,United Kingdom,Repeat Customer,8,675,10+ orders (Champions),Active (0-90d),2010-01-01,248.0,285.35
15435,2011-11-17 16:39:00,2011-11-17 16:39:00,1,149.29,149.29,United Kingdom,One-Time Customer,22,0,1 order (One-Time),Active (0-90d),2011-11-01,,149.29
15436,2011-04-19 16:52:00,2011-11-27 16:05:00,3,1067.75,355.92,United Kingdom,Repeat Customer,12,221,2-3 orders (Occasional),Active (0-90d),2011-04-01,186.0,484.1
15437,2010-03-09 10:45:00,2011-03-22 13:11:00,2,393.45,196.72,United Kingdom,Repeat Customer,262,378,2-3 orders (Occasional),Lapsed (180d+),2010-03-01,378.0,193.29
15438,2011-07-31 14:19:00,2011-07-31 14:19:00,1,156.58,156.58,United Kingdom,One-Time Customer,131,0,1 order (One-Time),At Risk (91-180d),2011-07-01,,156.58
15439,2010-02-24 12:05:00,2010-10-31 10:38:00,4,1269.05,317.26,United Kingdom,Repeat Customer,404,248,4-9 orders (Regular),Lapsed (180d+),2010-02-01,0.0,706.35
15440,2011-05-15 11:30:00,2011-10-16 12:16:00,3,383.68,127.89,United Kingdom,Repeat Customer,54,154,2-3 orders (Occasional),Active (0-90d),2011-05-01,72.0,125.8
15441,2009-12-09 14:55:00,2010-11-08 15:50:00,3,1254.21,418.07,United Kingdom,Repeat Customer,396,334,2-3 orders (Occasional),Lapsed (180d+),2009-12-01,305.0,301.57
15442,2011-04-05 12:24:00,2011-04-05 12:24:00,1,594.0,594.0,United Kingdom,One-Time Customer,248,0,1 order (One-Time),Lapsed (180d+),2011-04-01,,594.0
15443,2010-03-07 12:10:00,2011-12-08 10:40:00,14,5114.23,365.3,United Kingdom,Repeat Customer,1,640,10+ orders (Champions),Active (0-90d),2010-03-01,17.0,398.78
15444,2011-10-30 16:12:00,2011-11-30 17:37:00,2,1411.21,705.6,United Kingdom,Repeat Customer,9,31,2-3 orders (Occasional),Active (0-90d),2011-10-01,31.0,335.85
15445,2010-04-28 15:00:00,2011-03-20 15:06:00,2,284.5,142.25,United Kingdom,Repeat Customer,264,326,2-3 orders (Occasional),Lapsed (180d+),2010-04-01,326.0,171.0
15446,2009-12-13 13:53:00,2010-11-28 11:59:00,3,396.75,132.25,United Kingdom,Repeat Customer,376,349,2-3 orders (Occasional),Lapsed (180d+),2009-12-01,97.0,123.43
15447,2010-03-24 14:40:00,2011-01-13 11:26:00,5,492.88,98.58,United Kingdom,Repeat Customer,330,294,4-9 orders (Regular),Lapsed (180d+),2010-03-01,26.0,101.3
15448,2010-02-03 13:29:00,2011-01-31 10:42:00,2,788.81,394.4,United Kingdom,Repeat Customer,312,361,2-3 orders (Occasional),Lapsed (180d+),2010-02-01,361.0,294.17
15449,2011-03-23 10:43:00,2011-11-13 15:02:00,3,974.52,324.84,United Kingdom,Repeat Customer,26,235,2-3 orders (Occasional),Active (0-90d),2011-03-01,76.0,345.92
15450,2011-11-09 17:11:00,2011-11-09 17:11:00,1,429.84,429.84,United Kingdom,One-Time Customer,30,0,1 order (One-Time),Active (0-90d),2011-11-01,,429.84
15451,2010-04-19 14:08:00,2010-10-01 13:40:00,2,226.86,113.43,United Kingdom,Repeat Customer,434,164,2-3 orders (Occasional),Lapsed (180d+),2010-04-01,164.0,104.76
15452,2010-07-16 14:23:00,2011-11-10 12:13:00,6,1785.11,297.52,United Kingdom,Repeat Customer,29,481,4-9 orders (Regular),Active (0-90d),2010-07-01,38.0,871.7
15453,2011-06-05 12:37:00,2011-12-08 10:59:00,7,1371.77,195.97,United Kingdom,Repeat Customer,1,185,4-9 orders (Regular),Active (0-90d),2011-06-01,18.0,194.34
15454,2010-03-31 13:15:00,2010-12-12 14:21:00,2,303.89,151.94,United Kingdom,Repeat Customer,362,256,2-3 orders (Occasional),Lapsed (180d+),2010-03-01,256.0,124.79
15455,2010-04-21 12:43:00,2010-04-21 12:43:00,1,38.25,38.25,United Kingdom,One-Time Customer,597,0,1 order (One-Time),Lapsed (180d+),2010-04-01,,38.25
15456,2009-12-08 12:54:00,2011-03-01 13:51:00,10,2091.52,209.15,United Kingdom,Repeat Customer,283,448,10+ orders (Champions),Lapsed (180d+),2009-12-01,11.0,211.41
15457,2011-03-22 15:31:00,2011-03-22 15:31:00,1,237.07,237.07,United Kingdom,One-Time Customer,262,0,1 order (One-Time),Lapsed (180d+),2011-03-01,,237.07
15458,2010-11-02 19:50:00,2011-11-14 13:08:00,2,370.44,185.22,United Kingdom,Repeat Customer,25,376,2-3 orders (Occasional),Active (0-90d),2010-11-01,376.0,208.8
15459,2010-07-30 14:31:00,2010-10-18 15:25:00,2,202.83,101.42,United Kingdom,Repeat Customer,417,80,2-3 orders (Occasional),Lapsed (180d+),2010-07-01,80.0,97.83
15460,2010-12-20 16:08:00,2010-12-20 16:08:00,1,214.26,214.26,United Kingdom,One-Time Customer,354,0,1 order (One-Time),Lapsed (180d+),2010-12-01,,214.26
15461,2010-03-18 12:40:00,2010-09-05 12:31:00,2,429.7,214.85,United Kingdom,Repeat Customer,460,170,2-3 orders (Occasional),Lapsed (180d+),2010-03-01,170.0,210.0
15462,2010-09-20 10:23:00,2011-09-06 13:11:00,4,737.05,184.26,United Kingdom,Repeat Customer,94,351,4-9 orders (Regular),At Risk (91-180d),2010-09-01,258.0,502.45
15463,2011-11-10 12:57:00,2011-11-10 12:57:00,1,126.14,126.14,United Kingdom,One-Time Customer,29,0,1 order (One-Time),Active (0-90d),2011-11-01,,126.14
15464,2011-01-05 15:56:00,2011-01-05 15:56:00,1,1044.65,1044.65,United Kingdom,One-Time Customer,338,0,1 order (One-Time),Lapsed (180d+),2011-01-01,,1044.65
15465,2009-12-10 09:42:00,2011-11-20 10:11:00,32,12100.4,378.14,United Kingdom,Repeat Customer,19,710,10+ orders (Champions),Active (0-90d),2009-12-01,29.0,436.8
15466,2009-12-03 12:28:00,2011-09-15 14:08:00,4,1560.46,390.12,United Kingdom,Repeat Customer,85,651,4-9 orders (Regular),Active (0-90d),2009-12-01,130.0,740.46
15467,2011-07-10 14:42:00,2011-11-30 14:17:00,3,524.88,174.96,United Kingdom,Repeat Customer,9,142,2-3 orders (Occasional),Active (0-90d),2011-07-01,7.0,288.42
15468,2010-11-12 09:39:00,2011-10-19 13:49:00,3,1430.48,476.83,United Kingdom,Repeat Customer,51,341,2-3 orders (Occasional),Active (0-90d),2010-11-01,341.0,962.97
15469,2010-09-27 10:09:00,2011-10-20 16:21:00,3,874.25,291.42,United Kingdom,Repeat Customer,50,388,2-3 orders (Occasional),Active (0-90d),2010-09-01,318.0,335.7
15470,2010-05-13 09:35:00,2010-05-13 09:35:00,1,63.42,63.42,United Kingdom,One-Time Customer,575,0,1 order (One-Time),Lapsed (180d+),2010-05-01,,63.42
15471,2010-06-07 12:17:00,2011-12-07 14:12:00,3,1292.01,430.67,United Kingdom,Repeat Customer,2,548,2-3 orders (Occasional),Active (0-90d),2010-06-01,170.0,269.25
15472,2011-08-18 15:17:00,2011-08-18 15:17:00,1,371.56,371.56,United Kingdom,One-Time Customer,113,0,1 order (One-Time),At Risk (91-180d),2011-08-01,,371.56
15473,2010-09-21 09:14:00,2011-11-25 15:15:00,8,2046.0,255.75,United Kingdom,Repeat Customer,14,430,4-9 orders (Regular),Active (0-90d),2010-09-01,384.0,274.8
15474,2010-04-23 11:14:00,2010-04-23 11:14:00,1,150.35,150.35,United Kingdom,One-Time Customer,595,0,1 order (One-Time),Lapsed (180d+),2010-04-01,,150.35
15475,2011-09-23 15:20:00,2011-09-23 15:20:00,1,454.11,454.11,United Kingdom,One-Time Customer,77,0,1 order (One-Time),Active (0-90d),2011-09-01,,454.11
15476,2010-09-23 14:00:00,2010-11-24 15:17:00,4,2209.98,552.49,United Kingdom,Repeat Customer,380,62,4-9 orders (Regular),Lapsed (180d+),2010-09-01,49.0,837.43
15477,2010-02-28 10:37:00,2010-02-28 10:37:00,1,368.4,368.4,United Kingdom,One-Time Customer,649,0,1 order (One-Time),Lapsed (180d+),2010-02-01,,368.4
15478,2010-05-13 18:49:00,2011-10-30 14:19:00,3,1940.98,646.99,United Kingdom,Repeat Customer,40,534,2-3 orders (Occasional),Active (0-90d),2010-05-01,518.0,541.06
15479,2009-12-06 15:08:00,2009-12-06 15:08:00,1,147.4,147.4,United Kingdom,One-Time Customer,733,0,1 order (One-Time),Lapsed (180d+),2009-12-01,,147.4
15480,2010-02-01 14:52:00,2011-08-15 14:32:00,3,3592.25,1197.42,Malta,Repeat Customer,116,559,2-3 orders (Occasional),At Risk (91-180d),2010-02-01,207.0,818.19
15481,2010-11-03 14:52:00,2010-11-03 14:52:00,1,1993.34,1993.34,Norway,One-Time Customer,401,0,1 order (One-Time),Lapsed (180d+),2010-11-01,,1993.34
15482,2009-12-02 16:59:00,2011-11-24 10:46:00,18,14377.36,798.74,United Kingdom,Repeat Customer,15,721,10+ orders (Champions),Active (0-90d),2009-12-01,0.0,181.08
15483,2010-01-24 15:42:00,2011-07-01 13:07:00,10,810.68,81.07,United Kingdom,Repeat Customer,161,522,10+ orders (Champions),At Risk (91-180d),2010-01-01,144.0,160.11
15484,2009-12-05 15:18:00,2011-12-08 15:03:00,6,4652.1,775.35,United Kingdom,Repeat Customer,1,732,4-9 orders (Regular),Active (0-90d),2009-12-01,194.0,689.5
15485,2009-12-01 17:31:00,2011-11-09 14:31:00,7,4810.92,687.27,United Kingdom,Repeat Customer,30,707,4-9 orders (Regular),Active (0-90d),2009-12-01,0.0,828.09
15486,2010-06-30 13:15:00,2010-06-30 13:15:00,1,102.0,102.0,United Kingdom,One-Time Customer,527,0,1 order (One-Time),Lapsed (180d+),2010-06-01,,102.0
15487,2010-01-29 12:07:00,2010-01-29 12:07:00,1,231.32,231.32,United Kingdom,One-Time Customer,679,0,1 order (One-Time),Lapsed (180d+),2010-01-01,,231.32
15488,2010-05-05 13:03:00,2011-09-08 10:11:00,5,431.92,86.38,United Kingdom,Repeat Customer,92,490,4-9 orders (Regular),At Risk (91-180d),2010-05-01,93.0,37.98
15489,2010-01-15 16:58:00,2011-11-17 08:53:00,8,2419.61,302.45,United Kingdom,Repeat Customer,22,670,4-9 orders (Regular),Active (0-90d),2010-01-01,85.0,214.0
15490,2010-10-05 13:11:00,2010-10-05 13:11:00,1,210.85,210.85,United Kingdom,One-Time Customer,430,0,1 order (One-Time),Lapsed (180d+),2010-10-01,,210.85
15491,2011-04-18 10:04:00,2011-09-05 15:56:00,6,3100.09,516.68,United Kingdom,Repeat Customer,95,140,4-9 orders (Regular),At Risk (91-180d),2011-04-01,0.0,837.97
15492,2011-09-26 14:02:00,2011-11-11 14:53:00,2,659.46,329.73,United Kingdom,Repeat Customer,28,46,2-3 orders (Occasional),Active (0-90d),2011-09-01,46.0,487.74
15493,2010-02-23 11:14:00,2011-11-07 12:04:00,9,4113.19,457.02,United Kingdom,Repeat Customer,32,622,4-9 orders (Regular),Active (0-90d),2010-02-01,42.0,421.53
15494,2009-12-10 20:16:00,2011-11-18 14:51:00,5,3702.6,740.52,United Kingdom,Repeat Customer,21,707,4-9 orders (Regular),Active (0-90d),2009-12-01,208.0,893.61
15495,2010-11-25 13:46:00,2010-11-25 13:46:00,1,246.5,246.5,United Kingdom,One-Time Customer,379,0,1 order (One-Time),Lapsed (180d+),2010-11-01,,246.5
15496,2010-03-18 13:16:00,2010-03-18 13:16:00,1,146.14,146.14,United Kingdom,One-Time Customer,631,0,1 order (One-Time),Lapsed (180d+),2010-03-01,,146.14
15497,2009-12-18 15:08:00,2011-11-22 11:51:00,9,8657.39,961.93,United Kingdom,Repeat Customer,17,703,4-9 orders (Regular),Active (0-90d),2009-12-01,25.0,272.0
15498,2009-12-16 17:27:00,2011-12-07 12:48:00,44,24972.86,567.57,United Kingdom,Repeat Customer,2,720,10+ orders (Champions),Active (0-90d),2009-12-01,66.0,3326.72
15499,2009-12-16 12:17:00,2009-12-16 12:17:00,1,158.65,158.65,United Kingdom,One-Time Customer,723,0,1 order (One-Time),Lapsed (180d+),2009-12-01,,158.65
15500,2011-09-19 13:47:00,2011-12-01 13:47:00,4,1131.56,282.89,United Kingdom,Repeat Customer,8,73,4-9 orders (Regular),Active (0-90d),2011-09-01,54.0,406.02
15501,2010-10-20 12:47:00,2010-10-31 11:15:00,2,399.95,199.98,United Kingdom,Repeat Customer,404,10,2-3 orders (Occasional),Lapsed (180d+),2010-10-01,10.0,233.85
15502,2010-06-03 11:12:00,2011-11-24 12:48:00,12,9542.92,795.24,United Kingdom,Repeat Customer,15,539,10+ orders (Champions),Active (0-90d),2010-06-01,116.0,1626.21
15503,2009-12-13 11:34:00,2010-12-12 10:57:00,2,257.3,128.65,United Kingdom,Repeat Customer,362,363,2-3 orders (Occasional),Lapsed (180d+),2009-12-01,363.0,116.26
15504,2010-02-12 12:34:00,2011-09-19 13:45:00,4,391.45,97.86,United Kingdom,Repeat Customer,81,584,4-9 orders (Regular),Active (0-90d),2010-02-01,59.0,147.71
15505,2011-07-07 13:33:00,2011-10-18 07:56:00,5,3610.96,722.19,United Kingdom,Repeat Customer,52,102,4-9 orders (Regular),Active (0-90d),2011-07-01,29.0,944.16
15506,2010-08-19 12:38:00,2011-11-17 12:11:00,6,2030.33,338.39,United Kingdom,Repeat Customer,22,454,4-9 orders (Regular),Active (0-90d),2010-08-01,59.0,195.51
15507,2011-06-21 11:19:00,2011-06-21 11:19:00,1,475.86,475.86,United Kingdom,One-Time Customer,171,0,1 order (One-Time),At Risk (91-180d),2011-06-01,,475.86
15508,2011-04-18 15:31:00,2011-06-03 15:43:00,6,1000.27,166.71,United Kingdom,Repeat Customer,189,46,4-9 orders (Regular),Lapsed (180d+),2011-04-01,9.0,311.42
15509,2010-11-24 14:48:00,2010-11-24 14:48:00,1,152.41,152.41,United Kingdom,One-Time Customer,380,0,1 order (One-Time),Lapsed (180d+),2010-11-01,,152.41
15510,2011-01-13 12:10:00,2011-01-13 12:10:00,1,250.0,250.0,United Kingdom,One-Time Customer,330,0,1 order (One-Time),Lapsed (180d+),2011-01-01,,250.0
15511,2011-09-15 15:05:00,2011-11-28 09:43:00,5,900.53,180.11,United Kingdom,Repeat Customer,11,73,4-9 orders (Regular),Active (0-90d),2011-09-01,27.0,202.9
15512,2010-02-01 13:23:00,2011-07-07 10:20:00,4,331.58,82.9,United Kingdom,Repeat Customer,155,520,4-9 orders (Regular),At Risk (91-180d),2010-02-01,285.0,39.0
15513,2010-01-13 14:59:00,2011-11-06 14:36:00,35,26437.05,755.34,United Kingdom,Repeat Customer,33,661,10+ orders (Champions),Active (0-90d),2010-01-01,70.0,1273.5
15514,2009-12-04 16:37:00,2011-11-27 14:40:00,18,6388.28,354.9,United Kingdom,Repeat Customer,12,722,10+ orders (Champions),Active (0-90d),2009-12-01,10.0,494.63
15515,2010-11-17 13:39:00,2010-11-17 13:39:00,1,171.81,171.81,United Kingdom,One-Time Customer,387,0,1 order (One-Time),Lapsed (180d+),2010-11-01,,171.81
15516,2011-10-24 11:33:00,2011-10-26 10:51:00,3,62.43,20.81,United Kingdom,Repeat Customer,44,1,2-3 orders (Occasional),Active (0-90d),2011-10-01,0.0,47.4
15517,2011-04-20 14:02:00,2011-04-20 14:02:00,1,267.03,267.03,United Kingdom,One-Time Customer,233,0,1 order (One-Time),Lapsed (180d+),2011-04-01,,267.03
15518,2009-12-20 12:21:00,2011-10-06 13:05:00,15,4189.99,279.33,United Kingdom,Repeat Customer,64,655,10+ orders (Champions),Active (0-90d),2009-12-01,37.0,241.1
15519,2010-09-19 13:57:00,2010-11-21 14:35:00,2,344.61,172.3,United Kingdom,Repeat Customer,383,63,2-3 orders (Occasional),Lapsed (180d+),2010-09-01,63.0,147.11
15520,2011-12-08 10:58:00,2011-12-08 10:58:00,1,343.5,343.5,United Kingdom,One-Time Customer,1,0,1 order (One-Time),Active (0-90d),2011-12-01,,343.5
15521,2010-01-05 10:19:00,2011-10-30 13:42:00,16,7087.64,442.98,United Kingdom,Repeat Customer,40,663,10+ orders (Champions),Active (0-90d),2010-01-01,92.0,531.72
15522,2011-09-13 12:26:00,2011-11-07 11:26:00,2,397.99,199.0,United Kingdom,Repeat Customer,32,54,2-3 orders (Occasional),Active (0-90d),2011-09-01,54.0,259.05
15523,2009-12-02 15:16:00,2011-09-16 16:29:00,16,17259.19,1078.7,United Kingdom,Repeat Customer,84,653,10+ orders (Champions),Active (0-90d),2009-12-01,0.0,162.1
15524,2010-04-12 09:19:00,2011-11-15 12:09:00,2,591.4,295.7,United Kingdom,Repeat Customer,24,582,2-3 orders (Occasional),Active (0-90d),2010-04-01,582.0,151.4
15525,2010-11-22 12:10:00,2011-12-07 14:43:00,4,887.72,221.93,United Kingdom,Repeat Customer,2,380,4-9 orders (Regular),Active (0-90d),2010-11-01,9.0,155.85
15526,2011-11-06 15:01:00,2011-11-06 15:04:00,2,148.44,74.22,United Kingdom,Repeat Customer,33,0,2-3 orders (Occasional),Active (0-90d),2011-11-01,0.0,128.54
15527,2009-12-15 17:31:00,2011-11-21 12:17:00,23,5554.04,241.48,United Kingdom,Repeat Customer,18,705,10+ orders (Champions),Active (0-90d),2009-12-01,25.0,297.86
15528,2011-03-30 16:14:00,2011-03-30 16:14:00,1,229.33,229.33,United Kingdom,One-Time Customer,254,0,1 order (One-Time),Lapsed (180d+),2011-03-01,,229.33
15529,2010-11-10 14:26:00,2011-11-17 11:29:00,12,4781.11,398.43,United Kingdom,Repeat Customer,22,371,10+ orders (Champions),Active (0-90d),2010-11-01,27.0,821.06
15530,2010-07-15 11:10:00,2011-11-18 12:25:00,5,1808.68,361.74,United Kingdom,Repeat Customer,21,491,4-9 orders (Regular),Active (0-90d),2010-07-01,266.0,311.37
15531,2011-11-09 17:47:00,2011-12-01 18:43:00,2,1972.39,986.2,United Kingdom,Repeat Customer,8,22,2-3 orders (Occasional),Active (0-90d),2011-11-01,22.0,1495.06
15532,2010-06-08 14:52:00,2011-11-14 14:51:00,10,3717.2,371.72,United Kingdom,Repeat Customer,25,523,10+ orders (Champions),Active (0-90d),2010-06-01,21.0,398.54
15533,2011-09-11 15:41:00,2011-11-20 15:35:00,3,807.57,269.19,United Kingdom,Repeat Customer,19,69,2-3 orders (Occasional),Active (0-90d),2011-09-01,6.0,449.66
15534,2009-12-14 12:48:00,2009-12-14 12:48:00,1,162.25,162.25,United Kingdom,One-Time Customer,725,0,1 order (One-Time),Lapsed (180d+),2009-12-01,,162.25
15535,2010-09-16 20:04:00,2011-06-19 16:02:00,6,1044.37,174.06,United Kingdom,Repeat Customer,173,275,4-9 orders (Regular),At Risk (91-180d),2010-09-01,44.0,215.03
15536,2010-10-26 16:31:00,2010-10-26 16:31:00,1,259.09,259.09,United Kingdom,One-Time Customer,409,0,1 order (One-Time),Lapsed (180d+),2010-10-01,,259.09
15537,2011-06-29 13:10:00,2011-06-29 13:10:00,1,110.92,110.92,United Kingdom,One-Time Customer,163,0,1 order (One-Time),At Risk (91-180d),2011-06-01,,110.92
15538,2010-02-14 12:38:00,2010-06-20 10:49:00,6,3358.4,559.73,United Kingdom,Repeat Customer,537,125,4-9 orders (Regular),Lapsed (180d+),2010-02-01,17.0,545.9
15539,2011-12-02 13:36:00,2011-12-02 13:36:00,1,538.46,538.46,United Kingdom,One-Time Customer,7,0,1 order (One-Time),Active (0-90d),2011-12-01,,538.46
15540,2010-11-29 11:10:00,2011-11-28 13:51:00,2,460.68,230.34,United Kingdom,Repeat Customer,11,364,2-3 orders (Occasional),Active (0-90d),2010-11-01,364.0,247.38
15541,2011-08-17 14:58:00,2011-08-17 14:58:00,1,85.13,85.13,United Kingdom,One-Time Customer,114,0,1 order (One-Time),At Risk (91-180d),2011-08-01,,85.13
15542,2009-12-02 11:53:00,2010-07-15 13:32:00,3,855.71,285.24,United Kingdom,Repeat Customer,512,225,2-3 orders (Occasional),Lapsed (180d+),2009-12-01,0.0,293.19
15543,2010-09-06 11:28:00,2011-02-24 15:26:00,2,242.26,121.13,United Kingdom,Repeat Customer,288,171,2-3 orders (Occasional),Lapsed (180d+),2010-09-01,171.0,114.4
15544,2010-01-28 14:39:00,2011-11-30 16:43:00,20,7807.89,390.39,United Kingdom,Repeat Customer,9,671,10+ orders (Champions),Active (0-90d),2010-01-01,20.0,463.22
15545,2010-12-03 17:28:00,2011-10-16 13:24:00,2,288.97,144.49,United Kingdom,Repeat Customer,54,316,2-3 orders (Occasional),Active (0-90d),2010-12-01,316.0,135.33
15546,2010-04-12 11:45:00,2010-04-12 11:51:00,2,1079.1,539.55,United Kingdom,Repeat Customer,606,0,2-3 orders (Occasional),Lapsed (180d+),2010-04-01,0.0,539.55
15547,2009-12-06 13:40:00,2011-12-02 12:52:00,26,10002.65,384.72,United Kingdom,Repeat Customer,7,725,10+ orders (Champions),Active (0-90d),2009-12-01,45.0,666.61
15548,2010-04-23 12:20:00,2010-04-23 12:20:00,1,158.09,158.09,United Kingdom,One-Time Customer,595,0,1 order (One-Time),Lapsed (180d+),2010-04-01,,158.09
15549,2010-01-11 13:16:00,2011-09-23 16:22:00,8,2330.41,291.3,United Kingdom,Repeat Customer,77,620,4-9 orders (Regular),Active (0-90d),2010-01-01,16.0,271.2
15550,2009-12-03 15:15:00,2011-12-05 15:38:00,12,2211.05,184.25,United Kingdom,Repeat Customer,4,732,10+ orders (Champions),Active (0-90d),2009-12-01,10.0,160.35
15551,2010-06-07 15:05:00,2011-11-03 12:37:00,7,1679.81,239.97,United Kingdom,Repeat Customer,36,513,4-9 orders (Regular),Active (0-90d),2010-06-01,108.0,280.87
15552,2010-03-26 16:17:00,2011-05-06 14:47:00,2,252.52,126.26,United Kingdom,Repeat Customer,217,405,2-3 orders (Occasional),Lapsed (180d+),2010-03-01,405.0,162.4
15553,2011-10-10 14:02:00,2011-10-10 14:02:00,1,428.93,428.93,United Kingdom,One-Time Customer,60,0,1 order (One-Time),Active (0-90d),2011-10-01,,428.93
15554,2011-03-07 09:00:00,2011-03-07 09:00:00,1,217.2,217.2,United Kingdom,One-Time Customer,277,0,1 order (One-Time),Lapsed (180d+),2011-03-01,,217.2
15555,2009-12-06 11:58:00,2011-11-27 16:19:00,36,11233.78,312.05,United Kingdom,Repeat Customer,12,721,10+ orders (Champions),Active (0-90d),2009-12-01,57.0,947.39
15556,2011-11-15 16:08:00,2011-11-15 16:08:00,1,279.77,279.77,United Kingdom,One-Time Customer,24,0,1 order (One-Time),Active (0-90d),2011-11-01,,279.77
15557,2011-11-11 12:46:00,2011-11-11 12:46:00,1,468.91,468.91,United Kingdom,One-Time Customer,28,0,1 order (One-Time),Active (0-90d),2011-11-01,,468.91
15558,2010-03-10 15:25:00,2010-03-10 15:25:00,1,202.68,202.68,United Kingdom,One-Time Customer,639,0,1 order (One-Time),Lapsed (180d+),2010-03-01,,202.68
15559,2010-05-20 14:06:00,2010-05-20 14:06:00,1,1109.4,1109.4,United Kingdom,One-Time Customer,568,0,1 order (One-Time),Lapsed (180d+),2010-05-01,,1109.4
15560,2010-11-07 10:14:00,2010-11-07 10:15:00,2,153.52,76.76,United Kingdom,Repeat Customer,397,0,2-3 orders (Occasional),Lapsed (180d+),2010-11-01,0.0,113.32
15561,2010-02-14 12:22:00,2011-11-28 11:07:00,8,1934.39,241.8,United Kingdom,Repeat Customer,11,651,4-9 orders (Regular),Active (0-90d),2010-02-01,84.0,336.27
15562,2009-12-13 15:17:00,2010-12-23 09:55:00,3,671.43,223.81,United Kingdom,Repeat Customer,351,374,2-3 orders (Occasional),Lapsed (180d+),2009-12-01,301.0,358.56
15563,2010-01-28 11:36:00,2011-11-17 12:59:00,6,2820.46,470.08,United Kingdom,Repeat Customer,22,658,4-9 orders (Regular),Active (0-90d),2010-01-01,76.0,428.8
15564,2010-02-01 15:58:00,2010-09-02 15:52:00,2,70.74,35.37,United Kingdom,Repeat Customer,463,212,2-3 orders (Occasional),Lapsed (180d+),2010-02-01,212.0,35.04
15565,2011-09-30 10:44:00,2011-10-20 14:33:00,2,173.16,86.58,United Kingdom,Repeat Customer,50,20,2-3 orders (Occasional),Active (0-90d),2011-09-01,20.0,88.8
15566,2009-12-15 14:53:00,2010-11-12 12:11:00,2,227.87,113.94,United Kingdom,Repeat Customer,392,331,2-3 orders (Occasional),Lapsed (180d+),2009-12-01,331.0,138.22
15567,2011-11-21 10:48:00,2011-11-21 10:48:00,1,186.01,186.01,United Kingdom,One-Time Customer,18,0,1 order (One-Time),Active (0-90d),2011-11-01,,186.01
15568,2011-09-27 14:37:00,2011-12-07 11:27:00,3,758.29,252.76,United Kingdom,Repeat Customer,2,70,2-3 orders (Occasional),Active (0-90d),2011-09-01,28.0,228.31
15569,2010-02-28 10:55:00,2011-08-28 10:15:00,10,3583.45,358.34,United Kingdom,Repeat Customer,103,545,10+ orders (Champions),At Risk (91-180d),2010-02-01,49.0,259.2
15570,2010-03-28 14:04:00,2011-12-02 14:47:00,25,8736.49,349.46,United Kingdom,Repeat Customer,7,614,10+ orders (Champions),Active (0-90d),2010-03-01,24.0,742.41
15571,2009-12-06 12:10:00,2011-11-28 10:02:00,14,3892.35,278.02,United Kingdom,Repeat Customer,11,721,10+ orders (Champions),Active (0-90d),2009-12-01,107.0,118.26
15572,2010-04-14 14:38:00,2011-12-05 10:09:00,10,3965.2,396.52,United Kingdom,Repeat Customer,4,599,10+ orders (Champions),Active (0-90d),2010-04-01,188.0,300.93
15573,2009-12-10 14:19:00,2011-11-08 11:38:00,5,1180.47,236.09,United Kingdom,Repeat Customer,31,697,4-9 orders (Regular),Active (0-90d),2009-12-01,76.0,278.08
15574,2010-09-01 14:37:00,2011-06-15 12:01:00,6,1101.44,183.57,United Kingdom,Repeat Customer,177,286,4-9 orders (Regular),At Risk (91-180d),2010-09-01,43.0,144.67
15575,2010-03-30 12:50:00,2010-03-30 12:50:00,1,30.1,30.1,United Kingdom,One-Time Customer,619,0,1 order (One-Time),Lapsed (180d+),2010-03-01,,30.1
15576,2011-11-02 12:03:00,2011-11-02 12:03:00,1,921.37,921.37,United Kingdom,One-Time Customer,37,0,1 order (One-Time),Active (0-90d),2011-11-01,,921.37
15577,2009-12-13 16:17:00,2011-07-11 17:03:00,5,396.03,79.21,United Kingdom,Repeat Customer,151,575,4-9 orders (Regular),At Risk (91-180d),2009-12-01,2.0,122.95
15578,2011-06-30 13:03:00,2011-06-30 13:03:00,1,127.1,127.1,United Kingdom,One-Time Customer,162,0,1 order (One-Time),At Risk (91-180d),2011-06-01,,127.1
15579,2010-10-03 14:37:00,2011-10-02 12:45:00,5,1250.63,250.13,United Kingdom,Repeat Customer,68,363,4-9 orders (Regular),Active (0-90d),2010-10-01,5.0,642.98
15580,2010-02-07 11:21:00,2010-11-28 11:00:00,8,1375.39,171.92,United Kingdom,Repeat Customer,376,293,4-9 orders (Regular),Lapsed (180d+),2010-02-01,73.0,99.69
15581,2009-12-02 12:19:00,2011-07-06 14:04:00,34,4505.16,132.5,United Kingdom,Repeat Customer,156,581,10+ orders (Champions),At Risk (91-180d),2009-12-01,0.0,196.88
15582,2011-05-03 13:36:00,2011-11-15 09:55:00,3,682.91,227.64,United Kingdom,Repeat Customer,24,195,2-3 orders (Occasional),Active (0-90d),2011-05-01,120.0,303.61
15583,2010-11-28 15:04:00,2010-11-28 15:04:00,1,95.96,95.96,United Kingdom,One-Time Customer,376,0,1 order (One-Time),Lapsed (180d+),2010-11-01,,95.96
15584,2010-02-07 12:16:00,2011-11-16 10:55:00,6,1268.2,211.37,United Kingdom,Repeat Customer,23,646,4-9 orders (Regular),Active (0-90d),2010-02-01,270.0,351.99
15585,2011-06-16 08:38:00,2011-06-16 08:38:00,1,455.3,455.3,United Kingdom,One-Time Customer,176,0,1 order (One-Time),At Risk (91-180d),2011-06-01,,455.3
15586,2010-01-08 10:02:00,2010-04-26 11:00:00,3,1139.1,379.7,United Kingdom,Repeat Customer,592,108,2-3 orders (Occasional),Lapsed (180d+),2010-01-01,41.0,680.22
15587,2010-08-05 08:44:00,2011-10-20 13:37:00,7,1522.08,217.44,United Kingdom,Repeat Customer,50,441,4-9 orders (Regular),Active (0-90d),2010-08-01,82.0,182.16
15588,2010-01-31 12:19:00,2010-01-31 12:19:00,1,579.6,579.6,United Kingdom,One-Time Customer,677,0,1 order (One-Time),Lapsed (180d+),2010-01-01,,579.6
15589,2011-02-02 10:46:00,2011-03-29 09:54:00,3,478.53,159.51,United Kingdom,Repeat Customer,255,54,2-3 orders (Occasional),Lapsed (180d+),2011-02-01,54.0,184.95
15590,2010-04-12 10:09:00,2010-11-22 14:49:00,5,1496.6,299.32,United Kingdom,Repeat Customer,382,224,4-9 orders (Regular),Lapsed (180d+),2010-04-01,22.0,381.0
15591,2010-02-04 09:20:00,2010-05-06 09:23:00,3,217.9,72.63,United Kingdom,Repeat Customer,582,91,2-3 orders (Occasional),Lapsed (180d+),2010-02-01,33.0,41.3
15592,2011-10-24 08:59:00,2011-10-24 08:59:00,1,388.58,388.58,United Kingdom,One-Time Customer,46,0,1 order (One-Time),Active (0-90d),2011-10-01,,388.58
15593,2011-09-30 11:46:00,2011-09-30 11:46:00,1,199.8,199.8,United Kingdom,One-Time Customer,70,0,1 order (One-Time),Active (0-90d),2011-09-01,,199.8
15594,2011-04-19 10:08:00,2011-11-24 08:53:00,5,1771.78,354.36,United Kingdom,Repeat Customer,15,218,4-9 orders (Regular),Active (0-90d),2011-04-01,141.0,267.91
15595,2010-08-09 12:27:00,2010-08-09 12:27:00,1,357.6,357.6,United Kingdom,One-Time Customer,487,0,1 order (One-Time),Lapsed (180d+),2010-08-01,,357.6
15596,2010-07-28 11:46:00,2011-08-31 10:55:00,9,2727.72,303.08,United Kingdom,Repeat Customer,100,398,4-9 orders (Regular),At Risk (91-180d),2010-07-01,68.0,588.55
15597,2010-05-13 13:10:00,2011-11-04 13:26:00,2,563.37,281.68,United Kingdom,Repeat Customer,35,540,2-3 orders (Occasional),Active (0-90d),2010-05-01,540.0,238.8
15598,2010-10-08 09:20:00,2011-10-17 16:04:00,2,548.02,274.01,United Kingdom,Repeat Customer,53,374,2-3 orders (Occasional),Active (0-90d),2010-10-01,374.0,307.34
15599,2010-09-20 10:15:00,2011-11-13 11:44:00,3,1250.06,416.69,United Kingdom,Repeat Customer,26,419,2-3 orders (Occasional),Active (0-90d),2010-09-01,241.0,488.32
15600,2010-04-25 11:50:00,2010-10-07 14:30:00,4,1199.31,299.83,United Kingdom,Repeat Customer,428,165,4-9 orders (Regular),Lapsed (180d+),2010-04-01,51.0,328.48
15601,2009-12-01 14:53:00,2011-11-28 15:15:00,30,14191.74,473.06,United Kingdom,Repeat Customer,11,727,10+ orders (Champions),Active (0-90d),2009-12-01,2.0,2.95
15602,2009-12-02 09:35:00,2011-12-01 14:14:00,16,3137.96,196.12,United Kingdom,Repeat Customer,8,729,10+ orders (Champions),Active (0-90d),2009-12-01,57.0,261.3
15603,2010-03-01 16:02:00,2011-09-22 10:04:00,2,88.48,44.24,United Kingdom,Repeat Customer,78,569,2-3 orders (Occasional),Active (0-90d),2010-03-01,569.0,40.0
15604,2011-10-18 14:47:00,2011-10-18 14:47:00,1,216.39,216.39,United Kingdom,One-Time Customer,52,0,1 order (One-Time),Active (0-90d),2011-10-01,,216.39
15605,2010-01-14 14:03:00,2011-11-03 14:17:00,9,1741.95,193.55,United Kingdom,Repeat Customer,36,658,4-9 orders (Regular),Active (0-90d),2010-01-01,48.0,127.7
15606,2010-03-02 14:48:00,2011-10-09 15:47:00,17,5230.99,307.71,United Kingdom,Repeat Customer,61,586,10+ orders (Champions),Active (0-90d),2010-03-01,29.0,301.9
15607,2010-01-08 12:16:00,2011-01-07 12:44:00,9,1708.97,189.89,United Kingdom,Repeat Customer,336,364,4-9 orders (Regular),Lapsed (180d+),2010-01-01,7.0,363.74
15608,2010-10-20 10:10:00,2011-11-11 13:20:00,5,1785.98,357.2,United Kingdom,Repeat Customer,28,387,4-9 orders (Regular),Active (0-90d),2010-10-01,294.0,692.3
15609,2011-06-08 13:00:00,2011-06-08 13:00:00,1,298.48,298.48,United Kingdom,One-Time Customer,184,0,1 order (One-Time),Lapsed (180d+),2011-06-01,,298.48
15610,2011-10-19 10:36:00,2011-10-19 10:36:00,1,112.46,112.46,United Kingdom,One-Time Customer,51,0,1 order (One-Time),Active (0-90d),2011-10-01,,112.46
15611,2010-01-25 14:50:00,2011-11-30 12:36:00,24,2976.28,124.01,United Kingdom,Repeat Customer,9,673,10+ orders (Champions),Active (0-90d),2010-01-01,3.0,180.45
15612,2011-10-09 12:49:00,2011-11-03 14:52:00,2,195.15,97.58,United Kingdom,Repeat Customer,36,25,2-3 orders (Occasional),Active (0-90d),2011-10-01,25.0,69.65
15613,2010-04-08 12:51:00,2010-04-08 12:51:00,1,433.72,433.72,United Kingdom,One-Time Customer,610,0,1 order (One-Time),Lapsed (180d+),2010-04-01,,433.72
15614,2010-03-23 11:13:00,2010-09-28 10:46:00,4,3147.36,786.84,United Kingdom,Repeat Customer,437,188,4-9 orders (Regular),Lapsed (180d+),2010-03-01,126.0,1327.98
15615,2009-12-02 15:28:00,2011-11-29 14:42:00,47,21373.97,454.77,United Kingdom,Repeat Customer,10,726,10+ orders (Champions),Active (0-90d),2009-12-01,0.0,632.9
15616,2010-09-27 13:10:00,2010-09-27 13:10:00,1,317.11,317.11,United Kingdom,One-Time Customer,438,0,1 order (One-Time),Lapsed (180d+),2010-09-01,,317.11
15617,2010-07-20 13:16:00,2010-11-08 16:07:00,3,828.55,276.18,United Kingdom,Repeat Customer,396,111,2-3 orders (Occasional),Lapsed (180d+),2010-07-01,91.0,205.15
15618,2011-07-26 10:13:00,2011-11-07 08:34:00,4,776.85,194.21,United Kingdom,Repeat Customer,32,103,4-9 orders (Regular),Active (0-90d),2011-07-01,44.0,222.83
15619,2011-11-29 08:14:00,2011-11-29 08:14:00,1,336.4,336.4,United Kingdom,One-Time Customer,10,0,1 order (One-Time),Active (0-90d),2011-11-01,,336.4
15620,2010-10-26 11:32:00,2011-10-14 12:41:00,4,1942.36,485.59,United Kingdom,Repeat Customer,56,353,4-9 orders (Regular),Active (0-90d),2010-10-01,51.0,389.18
15621,2011-11-18 11:49:00,2011-12-05 14:01:00,4,1293.03,323.26,United Kingdom,Repeat Customer,4,17,4-9 orders (Regular),Active (0-90d),2011-11-01,10.0,563.28
15622,2010-03-04 10:29:00,2011-10-27 16:44:00,17,7852.61,461.92,United Kingdom,Repeat Customer,43,602,10+ orders (Champions),Active (0-90d),2010-03-01,49.0,1449.74
15623,2009-12-10 14:46:00,2011-07-21 17:26:00,8,2437.05,304.63,United Kingdom,Repeat Customer,141,588,4-9 orders (Regular),At Risk (91-180d),2009-12-01,39.0,307.2
15624,2011-03-28 13:32:00,2011-08-15 11:38:00,4,588.13,147.03,United Kingdom,Repeat Customer,116,139,4-9 orders (Regular),At Risk (91-180d),2011-03-01,49.0,183.9
15625,2010-06-15 15:23:00,2011-08-28 10:21:00,9,3236.4,359.6,United Kingdom,Repeat Customer,103,438,4-9 orders (Regular),At Risk (91-180d),2010-06-01,1.0,508.13
15626,2010-10-14 17:16:00,2011-09-26 10:03:00,3,1067.52,355.84,United Kingdom,Repeat Customer,74,346,2-3 orders (Occasional),Active (0-90d),2010-10-01,91.0,391.72
15627,2010-07-05 11:56:00,2010-09-08 14:14:00,2,566.9,283.45,United Kingdom,Repeat Customer,457,65,2-3 orders (Occasional),Lapsed (180d+),2010-07-01,65.0,280.16
15628,2009-12-13 13:39:00,2011-12-05 10:24:00,17,5333.08,313.71,United Kingdom,Repeat Customer,4,721,10+ orders (Champions),Active (0-90d),2009-12-01,59.0,286.28
15629,2010-06-25 11:39:00,2010-09-15 13:46:00,4,2240.9,560.22,United Kingdom,Repeat Customer,450,82,4-9 orders (Regular),Lapsed (180d+),2010-06-01,35.0,1176.2
15630,2010-03-05 14:30:00,2011-10-25 15:36:00,3,1481.4,493.8,United Kingdom,Repeat Customer,45,599,2-3 orders (Occasional),Active (0-90d),2010-03-01,439.0,295.05
15631,2010-03-07 14:52:00,2010-03-07 14:52:00,1,596.67,596.67,United Kingdom,One-Time Customer,642,0,1 order (One-Time),Lapsed (180d+),2010-03-01,,596.67
15632,2011-03-10 08:29:00,2011-11-24 09:51:00,8,3285.31,410.66,United Kingdom,Repeat Customer,15,259,4-9 orders (Regular),Active (0-90d),2011-03-01,21.0,394.63
15633,2009-12-08 17:51:00,2010-07-18 13:54:00,13,4335.96,333.54,United Kingdom,Repeat Customer,509,221,10+ orders (Champions),Lapsed (180d+),2009-12-01,37.0,191.89
15634,2010-11-21 15:30:00,2011-11-22 16:28:00,2,554.65,277.33,United Kingdom,Repeat Customer,17,366,2-3 orders (Occasional),Active (0-90d),2010-11-01,366.0,311.1
15635,2010-11-09 08:58:00,2010-11-09 08:58:00,1,100.35,100.35,United Kingdom,One-Time Customer,395,0,1 order (One-Time),Lapsed (180d+),2010-11-01,,100.35
15636,2010-05-19 11:37:00,2011-09-11 11:17:00,4,1444.58,361.14,United Kingdom,Repeat Customer,89,479,4-9 orders (Regular),Active (0-90d),2010-05-01,132.0,388.94
15637,2009-12-15 17:54:00,2011-10-18 08:28:00,5,797.59,159.52,United Kingdom,Repeat Customer,52,671,4-9 orders (Regular),Active (0-90d),2009-12-01,83.0,288.88
15638,2010-04-08 14:37:00,2010-11-26 11:52:00,6,2265.2,377.53,United Kingdom,Repeat Customer,378,231,4-9 orders (Regular),Lapsed (180d+),2010-04-01,17.0,227.4
15639,2010-04-13 13:11:00,2011-07-28 14:30:00,3,1065.08,355.03,United Kingdom,Repeat Customer,134,471,2-3 orders (Occasional),At Risk (91-180d),2010-04-01,153.0,394.24
15640,2009-12-14 16:36:00,2011-12-05 14:35:00,29,23459.51,808.95,United Kingdom,Repeat Customer,4,720,10+ orders (Champions),Active (0-90d),2009-12-01,25.0,1456.2
15641,2009-12-06 15:31:00,2011-08-26 14:04:00,12,5345.55,445.46,United Kingdom,Repeat Customer,105,627,10+ orders (Champions),At Risk (91-180d),2009-12-01,9.0,150.4
15642,2009-12-10 11:51:00,2009-12-10 11:51:00,1,105.78,105.78,United Kingdom,One-Time Customer,729,0,1 order (One-Time),Lapsed (180d+),2009-12-01,,105.78
15643,2011-03-02 14:34:00,2011-06-01 07:38:00,3,664.0,221.33,United Kingdom,Repeat Customer,191,90,2-3 orders (Occasional),Lapsed (180d+),2011-03-01,90.0,337.1
15644,2011-03-23 15:37:00,2011-06-26 14:54:00,4,803.54,200.88,United Kingdom,Repeat Customer,166,94,4-9 orders (Regular),At Risk (91-180d),2011-03-01,0.0,202.22
15645,2010-10-10 12:51:00,2011-11-21 11:55:00,3,1054.75,351.58,United Kingdom,Repeat Customer,18,406,2-3 orders (Occasional),Active (0-90d),2010-10-01,11.0,425.46
15646,2010-10-25 13:06:00,2011-07-05 09:53:00,5,784.81,156.96,United Kingdom,Repeat Customer,157,252,4-9 orders (Regular),At Risk (91-180d),2010-10-01,16.0,91.41
15647,2010-10-20 15:09:00,2010-10-20 15:09:00,1,169.0,169.0,United Kingdom,One-Time Customer,415,0,1 order (One-Time),Lapsed (180d+),2010-10-01,,169.0
15648,2011-03-17 18:59:00,2011-05-19 15:53:00,2,639.5,319.75,United Kingdom,Repeat Customer,204,62,2-3 orders (Occasional),Lapsed (180d+),2011-03-01,62.0,299.0
15649,2010-11-17 16:22:00,2011-01-07 13:34:00,4,1660.35,415.09,United Kingdom,Repeat Customer,336,50,4-9 orders (Regular),Lapsed (180d+),2010-11-01,12.0,538.35
15650,2010-03-21 11:46:00,2010-07-06 10:41:00,2,553.88,276.94,United Kingdom,Repeat Customer,521,106,2-3 orders (Occasional),Lapsed (180d+),2010-03-01,106.0,359.08
15651,2010-04-22 13:26:00,2011-11-03 08:41:00,5,1259.06,251.81,United Kingdom,Repeat Customer,36,559,4-9 orders (Regular),Active (0-90d),2010-04-01,176.0,291.26
15652,2010-08-11 16:58:00,2011-09-09 14:22:00,5,1405.94,281.19,United Kingdom,Repeat Customer,91,393,4-9 orders (Regular),At Risk (91-180d),2010-08-01,54.0,101.69
15653,2011-08-16 09:50:00,2011-09-08 10:49:00,2,877.44,438.72,United Kingdom,Repeat Customer,92,23,2-3 orders (Occasional),At Risk (91-180d),2011-08-01,23.0,48.0
15654,2011-11-13 15:15:00,2011-11-30 13:08:00,2,922.53,461.26,United Kingdom,Repeat Customer,9,16,2-3 orders (Occasional),Active (0-90d),2011-11-01,16.0,595.02
15655,2011-04-10 15:25:00,2011-04-10 15:25:00,1,560.67,560.67,United Kingdom,One-Time Customer,243,0,1 order (One-Time),Lapsed (180d+),2011-04-01,,560.67
15656,2011-02-28 15:32:00,2011-10-25 14:56:00,4,748.5,187.12,United Kingdom,Repeat Customer,45,238,4-9 orders (Regular),Active (0-90d),2011-02-01,63.0,242.95
15657,2011-11-17 12:19:00,2011-11-17 12:19:00,1,30.0,30.0,United Kingdom,One-Time Customer,22,0,1 order (One-Time),Active (0-90d),2011-11-01,,30.0
15658,2009-12-03 11:19:00,2011-06-02 15:22:00,8,2117.27,264.66,United Kingdom,Repeat Customer,190,546,4-9 orders (Regular),Lapsed (180d+),2009-12-01,237.0,321.65
15659,2010-02-24 13:32:00,2011-10-27 09:23:00,3,532.49,177.5,United Kingdom,Repeat Customer,43,609,2-3 orders (Occasional),Active (0-90d),2010-02-01,266.0,108.44
15660,2010-02-05 16:01:00,2011-11-14 16:58:00,15,2603.69,173.58,United Kingdom,Repeat Customer,25,647,10+ orders (Champions),Active (0-90d),2010-02-01,53.0,109.0
15661,2010-05-10 07:59:00,2011-01-26 13:56:00,8,1215.95,151.99,United Kingdom,Repeat Customer,317,261,4-9 orders (Regular),Lapsed (180d+),2010-05-01,70.0,320.95
15662,2009-12-01 13:49:00,2010-02-16 16:47:00,2,283.73,141.86,United Kingdom,Repeat Customer,661,77,2-3 orders (Occasional),Lapsed (180d+),2009-12-01,77.0,105.85
15663,2011-08-25 15:50:00,2011-08-25 15:50:00,1,138.14,138.14,United Kingdom,One-Time Customer,106,0,1 order (One-Time),At Risk (91-180d),2011-08-01,,138.14
15664,2010-02-28 12:50:00,2011-10-20 10:57:00,4,1231.53,307.88,United Kingdom,Repeat Customer,50,598,4-9 orders (Regular),Active (0-90d),2010-02-01,67.0,387.98
15665,2010-03-14 15:07:00,2011-06-24 14:57:00,5,3987.07,797.41,United Kingdom,Repeat Customer,168,466,4-9 orders (Regular),At Risk (91-180d),2010-03-01,160.0,591.43
15666,2010-08-01 15:41:00,2010-08-24 16:14:00,2,632.94,316.47,United Kingdom,Repeat Customer,472,23,2-3 orders (Occasional),Lapsed (180d+),2010-08-01,23.0,406.26
15667,2011-10-31 10:56:00,2011-10-31 10:56:00,1,301.32,301.32,United Kingdom,One-Time Customer,39,0,1 order (One-Time),Active (0-90d),2011-10-01,,301.32
15668,2011-05-06 10:39:00,2011-05-06 10:39:00,1,76.32,76.32,United Kingdom,One-Time Customer,217,0,1 order (One-Time),Lapsed (180d+),2011-05-01,,76.32
15669,2011-03-21 09:13:00,2011-10-30 16:03:00,4,684.34,171.08,United Kingdom,Repeat Customer,40,223,4-9 orders (Regular),Active (0-90d),2011-03-01,87.0,198.8
15670,2010-06-01 15:34:00,2011-02-16 10:50:00,2,325.2,162.6,United Kingdom,Repeat Customer,296,259,2-3 orders (Occasional),Lapsed (180d+),2010-06-01,259.0,152.15
15671,2011-03-14 09:37:00,2011-11-21 12:43:00,7,2657.13,379.59,United Kingdom,Repeat Customer,18,252,4-9 orders (Regular),Active (0-90d),2011-03-01,2.0,356.19
15672,2009-12-14 16:52:00,2009-12-14 16:52:00,1,45.3,45.3,United Kingdom,One-Time Customer,725,0,1 order (One-Time),Lapsed (180d+),2009-12-01,,45.3
15673,2010-02-22 14:28:00,2011-09-12 16:12:00,9,6204.32,689.37,United Kingdom,Repeat Customer,88,567,4-9 orders (Regular),Active (0-90d),2010-02-01,44.0,737.56
15674,2009-12-08 17:08:00,2011-09-27 15:17:00,12,6613.52,551.13,United Kingdom,Repeat Customer,73,657,10+ orders (Champions),Active (0-90d),2009-12-01,78.0,462.46
15675,2010-10-31 14:14:00,2011-09-19 13:48:00,4,542.04,135.51,United Kingdom,Repeat Customer,81,322,4-9 orders (Regular),Active (0-90d),2010-10-01,124.0,218.35
15676,2011-03-01 10:19:00,2011-11-21 12:40:00,3,3435.76,1145.25,United Kingdom,Repeat Customer,18,265,2-3 orders (Occasional),Active (0-90d),2011-03-01,248.0,897.8
15677,2010-09-02 12:08:00,2011-10-21 15:36:00,3,1305.63,435.21,United Kingdom,Repeat Customer,49,414,2-3 orders (Occasional),Active (0-90d),2010-09-01,42.0,340.65
15678,2010-07-05 12:49:00,2011-10-18 09:25:00,3,1825.94,608.65,United Kingdom,Repeat Customer,52,469,2-3 orders (Occasional),Active (0-90d),2010-07-01,127.0,716.48
15679,2011-06-10 08:24:00,2011-11-15 16:19:00,4,781.28,195.32,United Kingdom,Repeat Customer,24,158,4-9 orders (Regular),Active (0-90d),2011-06-01,28.0,178.22
15680,2009-12-02 12:15:00,2011-11-30 13:46:00,10,4028.69,402.87,United Kingdom,Repeat Customer,9,728,10+ orders (Champions),Active (0-90d),2009-12-01,53.0,311.5
15681,2010-05-24 14:18:00,2011-11-14 16:30:00,14,2989.7,213.55,United Kingdom,Repeat Customer,25,539,10+ orders (Champions),Active (0-90d),2010-05-01,14.0,416.5
15682,2010-01-21 14:37:00,2010-04-19 15:30:00,2,318.24,159.12,United Kingdom,Repeat Customer,599,88,2-3 orders (Occasional),Lapsed (180d+),2010-01-01,88.0,127.48
15683,2010-08-23 12:01:00,2011-08-14 12:56:00,2,524.54,262.27,United Kingdom,Repeat Customer,117,356,2-3 orders (Occasional),At Risk (91-180d),2010-08-01,356.0,330.79
15684,2009-12-04 16:13:00,2010-06-10 18:51:00,3,173.95,57.98,United Kingdom,Repeat Customer,547,188,2-3 orders (Occasional),Lapsed (180d+),2009-12-01,33.0,109.4
15685,2010-09-15 13:43:00,2010-09-15 13:43:00,1,55.98,55.98,United Kingdom,One-Time Customer,450,0,1 order (One-Time),Lapsed (180d+),2010-09-01,,55.98
15686,2010-10-15 13:50:00,2010-10-15 13:50:00,1,90.0,90.0,United Kingdom,One-Time Customer,420,0,1 order (One-Time),Lapsed (180d+),2010-10-01,,90.0
15687,2011-01-13 15:13:00,2011-12-01 08:33:00,9,2993.1,332.57,United Kingdom,Repeat Customer,8,321,4-9 orders (Regular),Active (0-90d),2011-01-01,18.0,353.5
15688,2010-10-17 12:06:00,2010-10-17 12:06:00,1,190.57,190.57,United Kingdom,One-Time Customer,418,0,1 order (One-Time),Lapsed (180d+),2010-10-01,,190.57
15689,2010-04-01 09:53:00,2011-08-12 09:37:00,3,521.03,173.68,United Kingdom,Repeat Customer,119,497,2-3 orders (Occasional),At Risk (91-180d),2010-04-01,256.0,266.93
15690,2011-08-31 11:40:00,2011-12-05 15:59:00,2,239.76,119.88,United Kingdom,Repeat Customer,4,96,2-3 orders (Occasional),Active (0-90d),2011-08-01,96.0,111.0
15691,2009-12-06 16:01:00,2011-04-01 15:13:00,4,571.3,142.82,United Kingdom,Repeat Customer,252,480,4-9 orders (Regular),Lapsed (180d+),2009-12-01,143.0,161.8
15692,2011-11-11 14:12:00,2011-11-11 14:12:00,1,191.04,191.04,United Kingdom,One-Time Customer,28,0,1 order (One-Time),Active (0-90d),2011-11-01,,191.04
15693,2010-02-18 14:37:00,2010-02-18 14:37:00,1,37.5,37.5,United Kingdom,One-Time Customer,659,0,1 order (One-Time),Lapsed (180d+),2010-02-01,,37.5
15694,2009-12-07 15:43:00,2011-12-09 09:44:00,23,9963.48,433.19,United Kingdom,Repeat Customer,0,731,10+ orders (Champions),Active (0-90d),2009-12-01,136.0,357.87
15695,2010-01-27 10:56:00,2011-03-18 08:32:00,4,1131.04,282.76,United Kingdom,Repeat Customer,266,414,4-9 orders (Regular),Lapsed (180d+),2010-01-01,83.0,348.61
15696,2010-01-24 14:36:00,2011-11-06 14:02:00,13,3881.22,298.56,United Kingdom,Repeat Customer,33,650,10+ orders (Champions),Active (0-90d),2010-01-01,45.0,162.65
15697,2010-01-19 09:10:00,2010-01-19 09:10:00,1,246.75,246.75,United Kingdom,One-Time Customer,689,0,1 order (One-Time),Lapsed (180d+),2010-01-01,,246.75
15698,2010-03-25 17:38:00,2010-03-25 17:38:00,1,46.2,46.2,United Kingdom,One-Time Customer,624,0,1 order (One-Time),Lapsed (180d+),2010-03-01,,46.2
15699,2011-11-22 08:26:00,2011-11-22 08:26:00,1,309.65,309.65,United Kingdom,One-Time Customer,17,0,1 order (One-Time),Active (0-90d),2011-11-01,,309.65
15700,2011-06-19 15:36:00,2011-06-20 16:53:00,2,696.68,348.34,United Kingdom,Repeat Customer,172,1,2-3 orders (Occasional),At Risk (91-180d),2011-06-01,1.0,692.78
15701,2011-08-21 12:36:00,2011-12-07 14:39:00,4,1529.0,382.25,United Kingdom,Repeat Customer,2,108,4-9 orders (Regular),Active (0-90d),2011-08-01,36.0,853.9
15702,2010-08-20 14:50:00,2010-08-20 14:50:00,1,112.57,112.57,Nigeria,One-Time Customer,476,0,1 order (One-Time),Lapsed (180d+),2010-08-01,,112.57
15703,2011-03-20 10:51:00,2011-03-20 10:51:00,1,211.5,211.5,United Kingdom,One-Time Customer,264,0,1 order (One-Time),Lapsed (180d+),2011-03-01,,211.5
15704,2010-05-05 14:51:00,2011-07-22 13:35:00,6,3734.66,622.44,United Kingdom,Repeat Customer,140,442,4-9 orders (Regular),At Risk (91-180d),2010-05-01,81.0,841.17
15705,2011-05-22 15:37:00,2011-05-22 15:37:00,1,143.1,143.1,United Kingdom,One-Time Customer,201,0,1 order (One-Time),Lapsed (180d+),2011-05-01,,143.1
15706,2011-08-15 14:32:00,2011-10-07 10:09:00,4,1060.56,265.14,United Kingdom,Repeat Customer,63,52,4-9 orders (Regular),Active (0-90d),2011-08-01,40.0,450.05
15707,2011-09-14 14:19:00,2011-11-04 14:35:00,4,916.98,229.24,United Kingdom,Repeat Customer,35,51,4-9 orders (Regular),Active (0-90d),2011-09-01,22.0,158.88
15708,2010-10-10 11:33:00,2011-10-30 10:54:00,9,3887.15,431.91,United Kingdom,Repeat Customer,40,384,4-9 orders (Regular),Active (0-90d),2010-10-01,34.0,344.47
15709,2010-04-29 18:31:00,2011-03-01 10:38:00,2,327.85,163.92,United Kingdom,Repeat Customer,283,305,2-3 orders (Occasional),Lapsed (180d+),2010-04-01,305.0,194.6
15710,2010-10-18 17:05:00,2010-10-18 17:05:00,1,898.87,898.87,United Kingdom,One-Time Customer,417,0,1 order (One-Time),Lapsed (180d+),2010-10-01,,898.87
15711,2010-01-24 12:13:00,2010-06-01 12:14:00,2,420.25,210.12,United Kingdom,Repeat Customer,556,128,2-3 orders (Occasional),Lapsed (180d+),2010-01-01,128.0,106.65
15712,2009-12-01 11:17:00,2011-11-30 14:09:00,12,3472.41,289.37,United Kingdom,Repeat Customer,9,729,10+ orders (Champions),Active (0-90d),2009-12-01,36.0,255.5
15713,2009-12-16 09:41:00,2011-07-19 13:34:00,4,839.64,209.91,United Kingdom,Repeat Customer,143,580,4-9 orders (Regular),At Risk (91-180d),2009-12-01,104.0,243.86
15714,2010-06-02 12:08:00,2011-11-28 11:26:00,5,783.96,156.79,United Kingdom,Repeat Customer,11,543,4-9 orders (Regular),Active (0-90d),2010-06-01,5.0,269.0
15715,2010-03-30 12:17:00,2010-06-02 09:56:00,5,658.02,131.6,United Kingdom,Repeat Customer,555,63,4-9 orders (Regular),Lapsed (180d+),2010-03-01,23.0,359.95
15716,2009-12-07 12:42:00,2011-07-17 11:59:00,11,2482.74,225.7,United Kingdom,Repeat Customer,145,586,10+ orders (Champions),At Risk (91-180d),2009-12-01,105.0,214.17
15717,2010-04-26 10:41:00,2011-04-19 13:21:00,5,607.0,121.4,United Kingdom,Repeat Customer,234,358,4-9 orders (Regular),Lapsed (180d+),2010-04-01,59.0,73.5
15718,2010-06-17 16:20:00,2010-06-17 16:20:00,1,293.79,293.79,United Kingdom,One-Time Customer,540,0,1 order (One-Time),Lapsed (180d+),2010-06-01,,293.79
15719,2009-12-01 12:47:00,2011-11-07 12:29:00,31,10194.32,328.85,United Kingdom,Repeat Customer,32,705,10+ orders (Champions),Active (0-90d),2009-12-01,8.0,377.15
15720,2010-06-07 15:40:00,2011-11-15 14:48:00,2,739.22,369.61,United Kingdom,Repeat Customer,24,525,2-3 orders (Occasional),Active (0-90d),2010-06-01,525.0,140.49
15721,2011-11-28 12:14:00,2011-11-28 12:14:00,1,471.4,471.4,United Kingdom,One-Time Customer,11,0,1 order (One-Time),Active (0-90d),2011-11-01,,471.4
15722,2010-03-09 15:05:00,2011-11-04 11:43:00,11,5234.0,475.82,United Kingdom,Repeat Customer,35,604,10+ orders (Champions),Active (0-90d),2010-03-01,16.0,475.35
15723,2010-05-14 12:55:00,2010-12-10 11:12:00,4,930.7,232.68,United Kingdom,Repeat Customer,364,209,4-9 orders (Regular),Lapsed (180d+),2010-05-01,124.0,236.36
15724,2010-11-04 10:22:00,2011-05-22 14:40:00,3,310.85,103.62,United Kingdom,Repeat Customer,201,199,2-3 orders (Occasional),Lapsed (180d+),2010-11-01,116.0,92.6
15725,2011-11-24 14:51:00,2011-11-24 14:51:00,1,415.25,415.25,United Kingdom,One-Time Customer,15,0,1 order (One-Time),Active (0-90d),2011-11-01,,415.25
15726,2010-11-14 16:12:00,2010-11-14 16:12:00,1,321.91,321.91,United Kingdom,One-Time Customer,390,0,1 order (One-Time),Lapsed (180d+),2010-11-01,,321.91
15727,2010-01-24 12:12:00,2011-11-23 12:36:00,15,9371.71,624.78,United Kingdom,Repeat Customer,16,668,10+ orders (Champions),Active (0-90d),2010-01-01,114.0,932.82
15728,2010-09-21 14:46:00,2010-11-25 10:39:00,2,544.6,272.3,United Kingdom,Repeat Customer,379,64,2-3 orders (Occasional),Lapsed (180d+),2010-09-01,64.0,247.6
15729,2010-11-01 13:44:00,2011-05-11 12:36:00,3,192.55,64.18,United Kingdom,Repeat Customer,212,190,2-3 orders (Occasional),Lapsed (180d+),2010-11-01,3.0,74.85
15730,2010-10-04 14:15:00,2011-10-05 12:31:00,5,1726.58,345.32,United Kingdom,Repeat Customer,65,365,4-9 orders (Regular),Active (0-90d),2010-10-01,49.0,288.2
15731,2010-06-04 10:10:00,2010-06-04 10:10:00,1,125.3,125.3,United Kingdom,One-Time Customer,553,0,1 order (One-Time),Lapsed (180d+),2010-06-01,,125.3
15732,2010-02-04 10:10:00,2011-05-11 14:24:00,10,1543.97,154.4,United Kingdom,Repeat Customer,212,461,10+ orders (Champions),Lapsed (180d+),2010-02-01,19.0,231.4
15733,2011-03-02 09:05:00,2011-03-02 09:05:00,1,162.3,162.3,United Kingdom,One-Time Customer,282,0,1 order (One-Time),Lapsed (180d+),2011-03-01,,162.3
15734,2010-06-10 14:25:00,2011-08-17 10:50:00,4,2263.3,565.83,United Kingdom,Repeat Customer,114,432,4-9 orders (Regular),At Risk (91-180d),2010-06-01,110.0,310.65
15735,2010-10-14 13:38:00,2010-10-14 13:38:00,1,327.68,327.68,United Kingdom,One-Time Customer,421,0,1 order (One-Time),Lapsed (180d+),2010-10-01,,327.68
15736,2010-09-30 14:19:00,2010-09-30 14:20:00,2,1767.12,883.56,United Kingdom,Repeat Customer,435,0,2-3 orders (Occasional),Lapsed (180d+),2010-09-01,0.0,1505.57
15737,2011-04-11 10:01:00,2011-11-25 11:21:00,8,1188.12,148.51,United Kingdom,Repeat Customer,14,228,4-9 orders (Regular),Active (0-90d),2011-04-01,53.0,475.88
15738,2009-12-10 15:52:00,2011-11-21 08:26:00,41,13043.32,318.13,United Kingdom,Repeat Customer,18,710,10+ orders (Champions),Active (0-90d),2009-12-01,31.0,282.03
15739,2011-10-04 13:42:00,2011-10-04 13:42:00,1,449.12,449.12,United Kingdom,One-Time Customer,66,0,1 order (One-Time),Active (0-90d),2011-10-01,,449.12
15740,2011-10-21 14:29:00,2011-10-21 14:29:00,1,154.88,154.88,United Kingdom,One-Time Customer,49,0,1 order (One-Time),Active (0-90d),2011-10-01,,154.88
15741,2010-03-31 11:55:00,2010-09-07 16:21:00,2,208.62,104.31,United Kingdom,Repeat Customer,458,160,2-3 orders (Occasional),Lapsed (180d+),2010-03-01,160.0,63.15
15742,2010-03-30 15:25:00,2010-03-30 15:25:00,1,156.87,156.87,United Kingdom,One-Time Customer,619,0,1 order (One-Time),Lapsed (180d+),2010-03-01,,156.87
15743,2011-06-08 10:14:00,2011-11-23 17:19:00,4,775.96,193.99,United Kingdom,Repeat Customer,16,168,4-9 orders (Regular),Active (0-90d),2011-06-01,71.0,322.55
15744,2011-09-23 09:52:00,2011-09-23 09:52:00,1,34.8,34.8,United Kingdom,One-Time Customer,77,0,1 order (One-Time),Active (0-90d),2011-09-01,,34.8
15745,2011-04-17 13:04:00,2011-11-20 13:45:00,4,1094.59,273.65,United Kingdom,Repeat Customer,19,217,4-9 orders (Regular),Active (0-90d),2011-04-01,162.0,302.85
15746,2011-07-28 15:21:00,2011-07-28 15:21:00,1,196.88,196.88,United Kingdom,One-Time Customer,134,0,1 order (One-Time),At Risk (91-180d),2011-07-01,,196.88
15747,2010-01-18 11:21:00,2011-11-27 12:26:00,9,2499.81,277.76,United Kingdom,Repeat Customer,12,678,4-9 orders (Regular),Active (0-90d),2010-01-01,95.0,226.08
15748,2010-09-16 16:52:00,2011-10-30 12:51:00,3,609.81,203.27,United Kingdom,Repeat Customer,40,408,2-3 orders (Occasional),Active (0-90d),2010-09-01,0.0,32.8
15749,2011-01-11 12:55:00,2011-04-18 13:20:00,3,44534.3,14844.77,United Kingdom,Repeat Customer,235,97,2-3 orders (Occasional),Lapsed (180d+),2011-01-01,0.0,15160.9
15750,2009-12-01 17:19:00,2011-12-07 12:34:00,18,6452.99,358.5,United Kingdom,Repeat Customer,2,735,10+ orders (Champions),Active (0-90d),2009-12-01,14.0,222.12
15751,2009-12-06 13:08:00,2010-09-05 12:44:00,11,1380.44,125.49,United Kingdom,Repeat Customer,460,272,10+ orders (Champions),Lapsed (180d+),2009-12-01,0.0,266.19
15752,2010-09-08 11:56:00,2011-10-31 11:37:00,9,3924.91,436.1,United Kingdom,Repeat Customer,39,417,4-9 orders (Regular),Active (0-90d),2010-09-01,56.0,604.53
15753,2011-02-08 12:41:00,2011-02-08 12:41:00,1,79.2,79.2,United Kingdom,One-Time Customer,304,0,1 order (One-Time),Lapsed (180d+),2011-02-01,,79.2
15754,2010-02-22 13:31:00,2011-10-19 14:40:00,9,3037.61,337.51,United Kingdom,Repeat Customer,51,604,4-9 orders (Regular),Active (0-90d),2010-02-01,9.0,1420.35
15755,2009-12-04 08:24:00,2011-11-29 14:57:00,17,5993.12,352.54,United Kingdom,Repeat Customer,10,725,10+ orders (Champions),Active (0-90d),2009-12-01,40.0,308.75
15756,2011-04-04 14:00:00,2011-10-09 13:30:00,4,528.01,132.0,United Kingdom,Repeat Customer,61,187,4-9 orders (Regular),Active (0-90d),2011-04-01,36.0,123.59
15757,2010-06-10 13:47:00,2011-10-05 12:14:00,6,2940.36,490.06,United Kingdom,Repeat Customer,65,481,4-9 orders (Regular),Active (0-90d),2010-06-01,54.0,529.07
15758,2011-11-15 10:48:00,2011-11-15 10:48:00,1,205.25,205.25,United Kingdom,One-Time Customer,24,0,1 order (One-Time),Active (0-90d),2011-11-01,,205.25
15759,2009-12-02 10:08:00,2011-05-05 15:13:00,7,830.93,118.7,United Kingdom,Repeat Customer,218,519,4-9 orders (Regular),Lapsed (180d+),2009-12-01,163.0,125.73
15761,2010-09-23 09:33:00,2010-09-23 09:33:00,1,143.05,143.05,United Kingdom,One-Time Customer,442,0,1 order (One-Time),Lapsed (180d+),2010-09-01,,143.05
15762,2011-09-23 15:17:00,2011-10-05 16:15:00,2,583.75,291.88,United Kingdom,Repeat Customer,65,12,2-3 orders (Occasional),Active (0-90d),2011-09-01,12.0,315.31
15763,2011-09-23 12:10:00,2011-11-08 09:44:00,2,1086.92,543.46,United Kingdom,Repeat Customer,31,45,2-3 orders (Occasional),Active (0-90d),2011-09-01,45.0,522.49
15764,2010-08-18 13:58:00,2011-09-12 17:58:00,8,4503.08,562.88,United Kingdom,Repeat Customer,88,390,4-9 orders (Regular),Active (0-90d),2010-08-01,44.0,864.91
15765,2010-02-11 10:25:00,2010-02-11 10:25:00,1,370.63,370.63,United Kingdom,One-Time Customer,666,0,1 order (One-Time),Lapsed (180d+),2010-02-01,,370.63
15766,2010-01-26 15:55:00,2011-10-06 17:03:00,3,831.06,277.02,United Kingdom,Repeat Customer,64,618,2-3 orders (Occasional),Active (0-90d),2010-01-01,225.0,201.6
15768,2009-12-03 12:10:00,2011-08-16 10:48:00,34,15308.89,450.26,United Kingdom,Repeat Customer,115,620,10+ orders (Champions),At Risk (91-180d),2009-12-01,6.0,502.28
15769,2009-12-11 09:58:00,2011-12-02 13:52:00,46,88612.52,1926.36,United Kingdom,Repeat Customer,7,721,10+ orders (Champions),Active (0-90d),2009-12-01,30.0,1980.0
15770,2010-04-06 11:47:00,2010-04-06 11:47:00,1,321.45,321.45,United Kingdom,One-Time Customer,612,0,1 order (One-Time),Lapsed (180d+),2010-04-01,,321.45
15771,2010-01-15 12:14:00,2010-04-14 13:56:00,3,1006.54,335.51,United Kingdom,Repeat Customer,604,89,2-3 orders (Occasional),Lapsed (180d+),2010-01-01,81.0,316.25
15772,2010-10-17 13:33:00,2010-10-17 13:33:00,1,280.88,280.88,United Kingdom,One-Time Customer,418,0,1 order (One-Time),Lapsed (180d+),2010-10-01,,280.88
15773,2010-10-26 15:27:00,2011-12-04 12:48:00,2,774.52,387.26,United Kingdom,Repeat Customer,5,403,2-3 orders (Occasional),Active (0-90d),2010-10-01,403.0,138.84
15774,2010-02-21 12:57:00,2011-10-02 12:04:00,6,1287.09,214.52,United Kingdom,Repeat Customer,68,587,4-9 orders (Regular),Active (0-90d),2010-02-01,43.0,191.33
15775,2010-03-18 07:32:00,2011-04-08 12:56:00,2,150.5,75.25,United Kingdom,Repeat Customer,245,386,2-3 orders (Occasional),Lapsed (180d+),2010-03-01,386.0,45.6
15776,2011-07-29 13:46:00,2011-07-29 13:46:00,1,241.62,241.62,United Kingdom,One-Time Customer,133,0,1 order (One-Time),At Risk (91-180d),2011-07-01,,241.62
15777,2010-05-20 10:37:00,2011-04-12 16:43:00,7,1762.61,251.8,United Kingdom,Repeat Customer,241,327,4-9 orders (Regular),Lapsed (180d+),2010-05-01,151.0,9.3
15778,2010-10-04 15:10:00,2010-10-04 15:10:00,1,307.95,307.95,United Kingdom,One-Time Customer,431,0,1 order (One-Time),Lapsed (180d+),2010-10-01,,307.95
15779,2010-06-25 15:55:00,2010-09-02 16:40:00,2,124.08,62.04,United Kingdom,Repeat Customer,463,69,2-3 orders (Occasional),Lapsed (180d+),2010-06-01,69.0,67.38
15780,2010-12-17 11:43:00,2011-06-09 12:01:00,3,475.28,158.43,United Kingdom,Repeat Customer,183,174,2-3 orders (Occasional),Lapsed (180d+),2010-12-01,114.0,177.15
15781,2011-02-07 09:15:00,2011-11-14 14:57:00,3,345.46,115.15,United Kingdom,Repeat Customer,25,280,2-3 orders (Occasional),Active (0-90d),2011-02-01,168.0,83.35
15782,2010-10-05 15:43:00,2011-11-30 10:49:00,4,4014.1,1003.52,United Kingdom,Repeat Customer,9,420,4-9 orders (Regular),Active (0-90d),2010-10-01,340.0,1399.36
15783,2011-11-29 09:50:00,2011-11-29 09:50:00,1,246.3,246.3,United Kingdom,One-Time Customer,10,0,1 order (One-Time),Active (0-90d),2011-11-01,,246.3
15784,2010-02-05 14:42:00,2010-08-29 10:38:00,2,848.33,424.16,United Kingdom,Repeat Customer,467,204,2-3 orders (Occasional),Lapsed (180d+),2010-02-01,204.0,466.19
15785,2009-12-15 16:28:00,2011-11-07 11:33:00,16,5969.93,373.12,United Kingdom,Repeat Customer,32,691,10+ orders (Champions),Active (0-90d),2009-12-01,44.0,322.92
15786,2010-06-21 10:13:00,2011-10-24 14:13:00,5,8501.62,1700.32,United Kingdom,Repeat Customer,46,490,4-9 orders (Regular),Active (0-90d),2010-06-01,118.0,1786.71
15787,2011-10-09 13:11:00,2011-11-13 14:55:00,3,933.26,311.09,United Kingdom,Repeat Customer,26,35,2-3 orders (Occasional),Active (0-90d),2011-10-01,35.0,479.1
15788,2010-07-19 12:48:00,2010-07-19 12:48:00,1,221.83,221.83,United Kingdom,One-Time Customer,508,0,1 order (One-Time),Lapsed (180d+),2010-07-01,,221.83
15789,2010-03-26 11:21:00,2010-12-16 14:35:00,6,1962.01,327.0,United Kingdom,Repeat Customer,358,265,4-9 orders (Regular),Lapsed (180d+),2010-03-01,81.0,383.75
15790,2011-11-29 14:53:00,2011-11-29 14:53:00,1,218.75,218.75,United Kingdom,One-Time Customer,10,0,1 order (One-Time),Active (0-90d),2011-11-01,,218.75
15791,2010-03-08 09:41:00,2011-10-27 10:14:00,5,3608.34,721.67,United Kingdom,Repeat Customer,43,598,4-9 orders (Regular),Active (0-90d),2010-03-01,51.0,307.33
15792,2010-03-31 09:42:00,2010-11-05 08:21:00,2,933.84,466.92,United Kingdom,Repeat Customer,399,218,2-3 orders (Occasional),Lapsed (180d+),2010-03-01,218.0,476.84
15793,2009-12-01 12:54:00,2011-11-25 09:31:00,8,2399.57,299.95,United Kingdom,Repeat Customer,14,723,4-9 orders (Regular),Active (0-90d),2009-12-01,111.0,291.58
15794,2009-12-02 15:10:00,2009-12-03 13:04:00,2,777.0,388.5,United Kingdom,Repeat Customer,736,0,2-3 orders (Occasional),Lapsed (180d+),2009-12-01,0.0,675.0
15795,2010-01-18 11:31:00,2011-07-13 10:43:00,8,1979.87,247.48,United Kingdom,Repeat Customer,149,540,4-9 orders (Regular),At Risk (91-180d),2010-01-01,27.0,112.95
15796,2010-03-31 13:10:00,2011-12-08 19:55:00,17,5170.63,304.15,United Kingdom,Repeat Customer,1,617,10+ orders (Champions),Active (0-90d),2010-03-01,17.0,169.8
15797,2010-01-27 13:12:00,2011-08-18 17:04:00,5,2806.08,561.22,United Kingdom,Repeat Customer,113,568,4-9 orders (Regular),At Risk (91-180d),2010-01-01,100.0,300.68
15798,2010-01-27 11:55:00,2010-08-04 09:13:00,3,1535.37,511.79,United Kingdom,Repeat Customer,492,188,2-3 orders (Occasional),Lapsed (180d+),2010-01-01,35.0,366.28
15799,2010-10-17 14:26:00,2011-09-25 12:46:00,4,1421.34,355.34,United Kingdom,Repeat Customer,75,342,4-9 orders (Regular),Active (0-90d),2010-10-01,84.0,537.2
15800,2010-03-31 13:17:00,2011-08-24 14:23:00,7,1227.07,175.3,United Kingdom,Repeat Customer,107,511,4-9 orders (Regular),At Risk (91-180d),2010-03-01,0.0,226.09
15801,2011-08-22 09:53:00,2011-10-24 13:52:00,3,1063.95,354.65,United Kingdom,Repeat Customer,46,63,2-3 orders (Occasional),Active (0-90d),2011-08-01,49.0,137.22
15803,2010-02-01 16:29:00,2011-10-19 14:56:00,4,1929.66,482.42,United Kingdom,Repeat Customer,51,624,4-9 orders (Regular),Active (0-90d),2010-02-01,212.0,603.8
15804,2011-05-25 10:12:00,2011-12-09 12:31:00,13,4206.39,323.57,United Kingdom,Repeat Customer,0,198,10+ orders (Champions),Active (0-90d),2011-05-01,28.0,525.36
15805,2009-12-10 12:57:00,2011-11-16 16:32:00,30,10148.93,338.3,United Kingdom,Repeat Customer,23,706,10+ orders (Champions),Active (0-90d),2009-12-01,46.0,658.5
15806,2011-03-08 09:24:00,2011-10-24 14:35:00,3,784.58,261.53,United Kingdom,Repeat Customer,46,230,2-3 orders (Occasional),Active (0-90d),2011-03-01,119.0,300.36
15807,2010-02-11 15:32:00,2011-10-20 14:10:00,5,1817.52,363.5,United Kingdom,Repeat Customer,50,615,4-9 orders (Regular),Active (0-90d),2010-02-01,257.0,401.94
15808,2009-12-01 16:30:00,2011-02-06 14:33:00,21,17180.25,818.11,United Kingdom,Repeat Customer,306,431,10+ orders (Champions),Lapsed (180d+),2009-12-01,13.0,857.54
15809,2010-06-22 14:23:00,2011-11-03 16:40:00,7,1274.44,182.06,United Kingdom,Repeat Customer,36,499,4-9 orders (Regular),Active (0-90d),2010-06-01,75.0,169.55
15810,2010-02-04 18:18:00,2011-09-22 09:38:00,8,2999.04,374.88,United Kingdom,Repeat Customer,78,594,4-9 orders (Regular),Active (0-90d),2010-02-01,45.0,313.67
15811,2010-11-16 16:46:00,2011-11-17 15:31:00,7,3392.55,484.65,United Kingdom,Repeat Customer,22,365,4-9 orders (Regular),Active (0-90d),2010-11-01,22.0,1173.93
15812,2009-12-15 13:40:00,2011-08-24 14:19:00,12,5201.47,433.46,United Kingdom,Repeat Customer,107,617,10+ orders (Champions),At Risk (91-180d),2009-12-01,35.0,290.72
15813,2011-04-14 09:09:00,2011-05-16 08:13:00,2,1303.91,651.95,United Kingdom,Repeat Customer,207,31,2-3 orders (Occasional),Lapsed (180d+),2011-04-01,31.0,770.65
15814,2010-04-15 14:31:00,2011-11-23 08:17:00,6,2634.44,439.07,United Kingdom,Repeat Customer,16,586,4-9 orders (Regular),Active (0-90d),2010-04-01,210.0,294.08
15815,2011-03-25 08:43:00,2011-10-07 12:42:00,5,2100.6,420.12,United Kingdom,Repeat Customer,63,196,4-9 orders (Regular),Active (0-90d),2011-03-01,14.0,427.0
15816,2010-06-15 12:54:00,2010-06-15 13:36:00,2,144.15,72.08,United Kingdom,Repeat Customer,542,0,2-3 orders (Occasional),Lapsed (180d+),2010-06-01,0.0,114.45
15817,2010-06-14 13:31:00,2010-10-15 11:07:00,3,2766.4,922.13,United Kingdom,Repeat Customer,420,122,2-3 orders (Occasional),Lapsed (180d+),2010-06-01,50.0,906.25
15818,2010-04-30 12:58:00,2010-04-30 12:58:00,1,340.5,340.5,United Kingdom,One-Time Customer,588,0,1 order (One-Time),Lapsed (180d+),2010-04-01,,340.5
15819,2010-03-18 11:08:00,2011-10-21 14:50:00,10,3934.79,393.48,United Kingdom,Repeat Customer,49,582,10+ orders (Champions),Active (0-90d),2010-03-01,0.0,228.9
15820,2011-01-24 12:00:00,2011-01-24 12:00:00,1,206.98,206.98,United Kingdom,One-Time Customer,319,0,1 order (One-Time),Lapsed (180d+),2011-01-01,,206.98
15821,2011-10-09 13:28:00,2011-10-26 15:48:00,2,570.96,285.48,United Kingdom,Repeat Customer,44,17,2-3 orders (Occasional),Active (0-90d),2011-10-01,17.0,254.18
15822,2009-12-06 15:12:00,2011-12-06 14:50:00,6,1840.06,306.68,United Kingdom,Repeat Customer,3,729,4-9 orders (Regular),Active (0-90d),2009-12-01,149.0,474.32
15823,2009-12-08 15:12:00,2009-12-10 18:03:00,2,3867.17,1933.58,United Kingdom,Repeat Customer,729,2,2-3 orders (Occasional),Lapsed (180d+),2009-12-01,2.0,3796.37
15824,2010-06-25 15:10:00,2010-09-12 13:20:00,2,890.94,445.47,United Kingdom,Repeat Customer,453,78,2-3 orders (Occasional),Lapsed (180d+),2010-06-01,78.0,394.8
15825,2011-06-20 13:27:00,2011-06-20 13:27:00,1,532.94,532.94,United Kingdom,One-Time Customer,172,0,1 order (One-Time),At Risk (91-180d),2011-06-01,,532.94
15826,2010-05-20 17:00:00,2011-10-14 16:05:00,4,2598.28,649.57,United Kingdom,Repeat Customer,56,511,4-9 orders (Regular),Active (0-90d),2010-05-01,357.0,943.97
15827,2010-01-08 11:25:00,2011-09-27 15:35:00,28,3603.14,128.68,United Kingdom,Repeat Customer,73,627,10+ orders (Champions),Active (0-90d),2010-01-01,40.0,228.3
15828,2010-11-29 16:41:00,2010-11-29 16:41:00,1,1108.82,1108.82,United Kingdom,One-Time Customer,375,0,1 order (One-Time),Lapsed (180d+),2010-11-01,,1108.82
15829,2011-07-22 10:23:00,2011-09-01 16:45:00,2,636.14,318.07,United Kingdom,Repeat Customer,99,41,2-3 orders (Occasional),At Risk (91-180d),2011-07-01,41.0,325.44
15830,2011-11-02 10:40:00,2011-11-02 10:40:00,1,576.0,576.0,United Kingdom,One-Time Customer,37,0,1 order (One-Time),Active (0-90d),2011-11-01,,576.0
15831,2011-01-19 14:52:00,2011-10-12 13:14:00,3,794.64,264.88,United Kingdom,Repeat Customer,58,265,2-3 orders (Occasional),Active (0-90d),2011-01-01,199.0,309.94
15832,2011-03-30 15:29:00,2011-03-30 15:29:00,1,836.79,836.79,United Kingdom,One-Time Customer,254,0,1 order (One-Time),Lapsed (180d+),2011-03-01,,836.79
15833,2009-12-02 11:59:00,2009-12-02 11:59:00,1,80.4,80.4,United Kingdom,One-Time Customer,737,0,1 order (One-Time),Lapsed (180d+),2009-12-01,,80.4
15834,2010-10-11 14:05:00,2011-09-30 14:41:00,7,3761.89,537.41,United Kingdom,Repeat Customer,70,354,4-9 orders (Regular),Active (0-90d),2010-10-01,47.0,1136.7
15835,2011-01-13 10:35:00,2011-10-26 15:47:00,4,954.09,238.52,United Kingdom,Repeat Customer,44,286,4-9 orders (Regular),Active (0-90d),2011-01-01,70.0,301.11
15836,2011-10-20 17:13:00,2011-10-20 17:13:00,1,137.37,137.37,United Kingdom,One-Time Customer,50,0,1 order (One-Time),Active (0-90d),2011-10-01,,137.37
15837,2010-08-11 10:16:00,2011-10-06 09:01:00,2,777.01,388.5,United Kingdom,Repeat Customer,64,420,2-3 orders (Occasional),Active (0-90d),2010-08-01,420.0,385.03
15838,2009-12-15 09:51:00,2011-11-28 14:00:00,34,73205.5,2153.1,United Kingdom,Repeat Customer,11,713,10+ orders (Champions),Active (0-90d),2009-12-01,84.0,495.0
15839,2011-07-14 16:35:00,2011-11-06 13:54:00,3,1048.49,349.5,United Kingdom,Repeat Customer,33,114,2-3 orders (Occasional),Active (0-90d),2011-07-01,67.0,299.18
15840,2011-06-20 11:42:00,2011-10-12 09:08:00,2,355.56,177.78,United Kingdom,Repeat Customer,58,113,2-3 orders (Occasional),Active (0-90d),2011-06-01,113.0,241.74
15841,2009-12-10 08:29:00,2011-09-28 12:15:00,9,2742.41,304.71,United Kingdom,Repeat Customer,72,657,4-9 orders (Regular),Active (0-90d),2009-12-01,10.0,289.92
15842,2010-06-30 09:06:00,2010-11-11 14:08:00,2,548.8,274.4,United Kingdom,Repeat Customer,393,134,2-3 orders (Occasional),Lapsed (180d+),2010-06-01,134.0,172.55
15843,2011-02-09 10:19:00,2011-02-09 10:19:00,1,118.95,118.95,United Kingdom,One-Time Customer,303,0,1 order (One-Time),Lapsed (180d+),2011-02-01,,118.95
15844,2011-10-24 15:19:00,2011-10-24 15:19:00,1,130.74,130.74,United Kingdom,One-Time Customer,46,0,1 order (One-Time),Active (0-90d),2011-10-01,,130.74
15845,2010-01-26 14:44:00,2011-11-22 09:42:00,11,4426.28,402.39,United Kingdom,Repeat Customer,17,664,10+ orders (Champions),Active (0-90d),2010-01-01,90.0,216.04
15846,2010-11-19 14:40:00,2010-11-19 14:40:00,1,107.01,107.01,United Kingdom,One-Time Customer,385,0,1 order (One-Time),Lapsed (180d+),2010-11-01,,107.01
15847,2010-03-08 08:47:00,2011-11-01 14:41:00,5,822.57,164.51,United Kingdom,Repeat Customer,38,603,4-9 orders (Regular),Active (0-90d),2010-03-01,198.0,80.62
15848,2010-03-28 10:54:00,2010-03-28 10:54:00,1,137.99,137.99,United Kingdom,One-Time Customer,621,0,1 order (One-Time),Lapsed (180d+),2010-03-01,,137.99
15850,2009-12-13 13:27:00,2011-11-20 14:14:00,6,1006.75,167.79,United Kingdom,Repeat Customer,19,707,4-9 orders (Regular),Active (0-90d),2009-12-01,190.0,106.65
15851,2010-07-01 12:34:00,2010-07-01 12:34:00,1,109.73,109.73,United Kingdom,One-Time Customer,526,0,1 order (One-Time),Lapsed (180d+),2010-07-01,,109.73
15852,2010-07-01 10:16:00,2011-06-06 11:22:00,3,257.26,85.75,United Kingdom,Repeat Customer,186,340,2-3 orders (Occasional),Lapsed (180d+),2010-07-01,329.0,96.55
15853,2011-10-19 10:38:00,2011-10-19 10:38:00,1,110.8,110.8,United Kingdom,One-Time Customer,51,0,1 order (One-Time),Active (0-90d),2011-10-01,,110.8
15854,2009-12-10 12:08:00,2011-12-05 13:39:00,21,5578.28,265.63,United Kingdom,Repeat Customer,4,725,10+ orders (Champions),Active (0-90d),2009-12-01,118.0,592.2
15855,2010-08-20 17:15:00,2011-07-26 10:20:00,6,1052.72,175.45,United Kingdom,Repeat Customer,136,339,4-9 orders (Regular),At Risk (91-180d),2010-08-01,212.0,340.48
15856,2009-12-03 14:02:00,2011-12-05 17:09:00,52,32274.69,620.67,United Kingdom,Repeat Customer,4,732,10+ orders (Champions),Active (0-90d),2009-12-01,8.0,952.61
15857,2010-10-05 16:43:00,2011-11-21 12:18:00,2,570.48,285.24,United Kingdom,Repeat Customer,18,411,2-3 orders (Occasional),Active (0-90d),2010-10-01,411.0,273.48
15858,2009-12-10 11:42:00,2011-11-24 12:48:00,13,3552.41,273.26,United Kingdom,Repeat Customer,15,714,10+ orders (Champions),Active (0-90d),2009-12-01,7.0,248.49
15859,2010-10-03 12:52:00,2010-10-03 12:52:00,1,438.46,438.46,United Kingdom,One-Time Customer,432,0,1 order (One-Time),Lapsed (180d+),2010-10-01,,438.46
15860,2009-12-06 12:31:00,2011-10-30 11:25:00,17,2358.8,138.75,United Kingdom,Repeat Customer,40,692,10+ orders (Champions),Active (0-90d),2009-12-01,6.0,204.65
15861,2010-01-28 19:41:00,2011-11-27 15:59:00,12,4360.9,363.41,United Kingdom,Repeat Customer,12,667,10+ orders (Champions),Active (0-90d),2010-01-01,91.0,413.75
15862,2009-12-17 11:33:00,2011-12-01 13:28:00,13,2507.14,192.86,United Kingdom,Repeat Customer,8,714,10+ orders (Champions),Active (0-90d),2009-12-01,0.0,224.34
15863,2009-12-17 10:20:00,2011-11-14 12:49:00,5,355.1,71.02,United Kingdom,Repeat Customer,25,697,4-9 orders (Regular),Active (0-90d),2009-12-01,36.0,137.3
15864,2010-11-23 15:02:00,2011-11-17 13:32:00,7,2180.76,311.54,United Kingdom,Repeat Customer,22,358,4-9 orders (Regular),Active (0-90d),2010-11-01,65.0,244.44
15865,2010-01-05 13:58:00,2011-10-30 12:43:00,5,2241.42,448.28,United Kingdom,Repeat Customer,40,662,4-9 orders (Regular),Active (0-90d),2010-01-01,290.0,706.55
15866,2011-08-30 14:09:00,2011-08-30 14:09:00,1,211.89,211.89,United Kingdom,One-Time Customer,101,0,1 order (One-Time),At Risk (91-180d),2011-08-01,,211.89
15867,2009-12-14 15:16:00,2011-12-04 13:32:00,31,8869.87,286.12,United Kingdom,Repeat Customer,5,719,10+ orders (Champions),Active (0-90d),2009-12-01,21.0,617.55
15868,2010-05-05 14:11:00,2010-05-05 14:11:00,1,94.53,94.53,United Kingdom,One-Time Customer,583,0,1 order (One-Time),Lapsed (180d+),2010-05-01,,94.53
15869,2010-03-23 16:50:00,2011-03-07 17:23:00,3,321.11,107.04,United Kingdom,Repeat Customer,277,349,2-3 orders (Occasional),Lapsed (180d+),2010-03-01,349.0,171.47
15870,2010-09-19 16:22:00,2011-11-07 10:58:00,4,857.46,214.36,United Kingdom,Repeat Customer,32,413,4-9 orders (Regular),Active (0-90d),2010-09-01,0.0,161.49
15871,2010-09-28 14:16:00,2010-09-28 14:16:00,1,33.1,33.1,United Kingdom,One-Time Customer,437,0,1 order (One-Time),Lapsed (180d+),2010-09-01,,33.1
15872,2010-06-07 14:53:00,2011-11-25 11:55:00,4,729.25,182.31,United Kingdom,Repeat Customer,14,535,4-9 orders (Regular),Active (0-90d),2010-06-01,171.0,119.04
15873,2010-07-27 11:58:00,2010-07-28 12:41:00,4,313.92,78.48,United Kingdom,Repeat Customer,499,1,4-9 orders (Regular),Lapsed (180d+),2010-07-01,0.0,106.56
15874,2010-01-07 13:56:00,2011-10-07 12:31:00,21,11284.76,537.37,United Kingdom,Repeat Customer,63,637,10+ orders (Champions),Active (0-90d),2010-01-01,26.0,614.5
15875,2010-03-03 16:51:00,2010-03-03 16:51:00,1,108.52,108.52,United Kingdom,One-Time Customer,646,0,1 order (One-Time),Lapsed (180d+),2010-03-01,,108.52
15876,2010-09-17 15:26:00,2010-10-26 18:58:00,2,1449.14,724.57,United Kingdom,Repeat Customer,409,39,2-3 orders (Occasional),Lapsed (180d+),2010-09-01,39.0,730.8
15877,2011-11-22 11:18:00,2011-12-08 11:53:00,2,490.33,245.17,United Kingdom,Repeat Customer,1,16,2-3 orders (Occasional),Active (0-90d),2011-11-01,16.0,239.31
15878,2009-12-06 12:28:00,2010-05-27 12:17:00,2,330.77,165.38,United Kingdom,Repeat Customer,561,171,2-3 orders (Occasional),Lapsed (180d+),2009-12-01,171.0,212.13
15879,2009-12-17 19:54:00,2010-10-31 16:21:00,4,1137.8,284.45,United Kingdom,Repeat Customer,404,317,4-9 orders (Regular),Lapsed (180d+),2009-12-01,152.0,121.04
15880,2010-12-05 13:00:00,2010-12-05 13:00:00,1,329.03,329.03,United Kingdom,One-Time Customer,369,0,1 order (One-Time),Lapsed (180d+),2010-12-01,,329.03
15881,2010-12-10 13:32:00,2011-01-31 16:59:00,5,501.39,100.28,United Kingdom,Repeat Customer,312,52,4-9 orders (Regular),Lapsed (180d+),2010-12-01,2.0,114.45
15882,2009-12-10 15:33:00,2011-05-25 11:35:00,8,1122.38,140.3,United Kingdom,Repeat Customer,198,530,4-9 orders (Regular),Lapsed (180d+),2009-12-01,53.0,181.63
15883,2011-11-06 14:50:00,2011-12-07 17:05:00,2,396.48,198.24,United Kingdom,Repeat Customer,2,31,2-3 orders (Occasional),Active (0-90d),2011-11-01,31.0,143.76
15884,2009-12-03 18:23:00,2010-10-03 15:55:00,2,244.6,122.3,United Kingdom,Repeat Customer,432,303,2-3 orders (Occasional),Lapsed (180d+),2009-12-01,303.0,236.7
15885,2010-01-21 12:47:00,2011-09-07 14:56:00,13,1921.82,147.83,United Kingdom,Repeat Customer,93,594,10+ orders (Champions),At Risk (91-180d),2010-01-01,6.0,133.15
15886,2010-04-20 15:03:00,2011-10-10 14:25:00,4,1052.87,263.22,United Kingdom,Repeat Customer,60,537,4-9 orders (Regular),Active (0-90d),2010-04-01,181.0,294.37
15887,2010-06-02 11:53:00,2010-10-29 08:36:00,3,1027.15,342.38,United Kingdom,Repeat Customer,406,148,2-3 orders (Occasional),Lapsed (180d+),2010-06-01,95.0,442.15
15888,2010-07-01 11:51:00,2011-09-20 12:30:00,3,423.49,141.16,United Kingdom,Repeat Customer,80,446,2-3 orders (Occasional),Active (0-90d),2010-07-01,125.0,81.75
15889,2009-12-10 12:21:00,2011-07-06 11:10:00,8,1407.05,175.88,United Kingdom,Repeat Customer,156,572,4-9 orders (Regular),At Risk (91-180d),2009-12-01,7.0,269.72
15890,2010-04-14 08:43:00,2010-11-10 12:46:00,5,535.65,107.13,United Kingdom,Repeat Customer,394,210,4-9 orders (Regular),Lapsed (180d+),2010-04-01,7.0,263.2
15891,2011-04-27 12:35:00,2011-04-27 12:35:00,1,509.13,509.13,United Kingdom,One-Time Customer,226,0,1 order (One-Time),Lapsed (180d+),2011-04-01,,509.13
15892,2010-02-08 16:23:00,2010-02-08 16:23:00,1,128.2,128.2,United Kingdom,One-Time Customer,669,0,1 order (One-Time),Lapsed (180d+),2010-02-01,,128.2
15893,2010-08-15 11:12:00,2010-08-15 11:12:00,1,305.28,305.28,United Kingdom,One-Time Customer,481,0,1 order (One-Time),Lapsed (180d+),2010-08-01,,305.28
15894,2010-12-05 14:06:00,2011-03-31 13:50:00,2,257.6,128.8,United Kingdom,Repeat Customer,253,115,2-3 orders (Occasional),Lapsed (180d+),2010-12-01,115.0,150.79
15895,2011-07-13 10:27:00,2011-07-13 10:27:00,1,179.17,179.17,United Kingdom,One-Time Customer,149,0,1 order (One-Time),At Risk (91-180d),2011-07-01,,179.17
15897,2011-05-29 13:32:00,2011-05-29 13:50:00,2,208.59,104.3,United Kingdom,Repeat Customer,194,0,2-3 orders (Occasional),Lapsed (180d+),2011-05-01,0.0,119.71
15898,2009-12-11 16:11:00,2011-12-08 15:23:00,25,4992.7,199.71,United Kingdom,Repeat Customer,1,726,10+ orders (Champions),Active (0-90d),2009-12-01,33.0,397.02
15899,2010-12-06 10:36:00,2010-12-06 10:36:00,1,56.25,56.25,United Kingdom,One-Time Customer,368,0,1 order (One-Time),Lapsed (180d+),2010-12-01,,56.25
15900,2010-05-26 11:27:00,2011-11-16 12:19:00,4,886.57,221.64,United Kingdom,Repeat Customer,23,539,4-9 orders (Regular),Active (0-90d),2010-05-01,144.0,136.22
15901,2010-06-14 12:39:00,2011-11-23 12:43:00,6,667.89,111.32,United Kingdom,Repeat Customer,16,527,4-9 orders (Regular),Active (0-90d),2010-06-01,80.0,200.34
15902,2010-11-24 16:57:00,2010-11-24 16:57:00,1,145.01,145.01,United Kingdom,One-Time Customer,380,0,1 order (One-Time),Lapsed (180d+),2010-11-01,,145.01
15903,2010-01-14 10:57:00,2011-11-30 08:08:00,12,8939.84,744.99,United Kingdom,Repeat Customer,9,684,10+ orders (Champions),Active (0-90d),2010-01-01,217.0,39.8
15904,2011-12-01 14:50:00,2011-12-01 14:50:00,1,164.68,164.68,United Kingdom,One-Time Customer,8,0,1 order (One-Time),Active (0-90d),2011-12-01,,164.68
15905,2010-06-14 16:00:00,2010-06-14 16:00:00,1,114.69,114.69,United Kingdom,One-Time Customer,543,0,1 order (One-Time),Lapsed (180d+),2010-06-01,,114.69
15906,2010-09-15 12:17:00,2011-11-20 12:24:00,10,2530.19,253.02,United Kingdom,Repeat Customer,19,431,10+ orders (Champions),Active (0-90d),2010-09-01,44.0,110.65
15907,2011-05-13 13:01:00,2011-12-06 12:21:00,3,881.87,293.96,United Kingdom,Repeat Customer,3,206,2-3 orders (Occasional),Active (0-90d),2011-05-01,33.0,223.07
15908,2010-07-15 19:21:00,2010-08-06 11:56:00,2,758.62,379.31,United Kingdom,Repeat Customer,490,21,2-3 orders (Occasional),Lapsed (180d+),2010-07-01,21.0,183.42
15909,2011-06-19 10:38:00,2011-06-19 10:38:00,1,191.94,191.94,United Kingdom,One-Time Customer,173,0,1 order (One-Time),At Risk (91-180d),2011-06-01,,191.94
15910,2010-01-21 11:51:00,2011-12-09 10:51:00,15,2661.17,177.41,United Kingdom,Repeat Customer,0,686,10+ orders (Champions),Active (0-90d),2010-01-01,42.0,101.43
15911,2009-12-09 13:26:00,2010-03-26 12:06:00,8,1683.79,210.47,United Kingdom,Repeat Customer,623,106,4-9 orders (Regular),Lapsed (180d+),2009-12-01,8.0,267.26
15912,2009-12-10 12:58:00,2011-06-14 14:29:00,9,1074.7,119.41,United Kingdom,Repeat Customer,178,551,4-9 orders (Regular),At Risk (91-180d),2009-12-01,0.0,165.5
15913,2010-06-23 16:31:00,2010-06-23 16:31:00,1,6.3,6.3,United Kingdom,One-Time Customer,534,0,1 order (One-Time),Lapsed (180d+),2010-06-01,,6.3
15914,2010-11-26 16:09:00,2010-11-26 16:10:00,2,205.99,102.99,United Kingdom,Repeat Customer,378,0,2-3 orders (Occasional),Lapsed (180d+),2010-11-01,0.0,198.79
15915,2010-11-03 11:13:00,2010-11-03 11:13:00,1,364.24,364.24,United Kingdom,One-Time Customer,401,0,1 order (One-Time),Lapsed (180d+),2010-11-01,,364.24
15916,2009-12-10 16:21:00,2011-11-23 13:46:00,13,3145.24,241.94,United Kingdom,Repeat Customer,16,712,10+ orders (Champions),Active (0-90d),2009-12-01,37.0,388.52
15917,2009-12-02 14:55:00,2011-04-06 10:40:00,5,530.17,106.03,United Kingdom,Repeat Customer,247,489,4-9 orders (Regular),Lapsed (180d+),2009-12-01,0.0,66.82
15918,2010-03-18 11:40:00,2011-06-02 11:42:00,3,582.88,194.29,United Kingdom,Repeat Customer,190,441,2-3 orders (Occasional),Lapsed (180d+),2010-03-01,360.0,248.65
15919,2010-12-06 11:26:00,2011-11-20 11:28:00,2,525.69,262.85,United Kingdom,Repeat Customer,19,349,2-3 orders (Occasional),Active (0-90d),2010-12-01,349.0,214.08
15920,2009-12-14 13:09:00,2011-07-08 15:25:00,8,565.19,70.65,United Kingdom,Repeat Customer,154,571,4-9 orders (Regular),At Risk (91-180d),2009-12-01,0.0,112.64
15921,2010-03-09 11:03:00,2011-06-20 11:03:00,4,765.61,191.4,United Kingdom,Repeat Customer,172,468,4-9 orders (Regular),At Risk (91-180d),2010-03-01,223.0,100.18
15922,2010-12-01 13:51:00,2010-12-01 13:51:00,1,369.5,369.5,United Kingdom,One-Time Customer,373,0,1 order (One-Time),Lapsed (180d+),2010-12-01,,369.5
15923,2010-12-02 12:16:00,2010-12-02 12:16:00,1,127.08,127.08,United Kingdom,One-Time Customer,372,0,1 order (One-Time),Lapsed (180d+),2010-12-01,,127.08
15924,2009-12-08 15:00:00,2009-12-08 15:00:00,1,102.82,102.82,United Kingdom,One-Time Customer,731,0,1 order (One-Time),Lapsed (180d+),2009-12-01,,102.82
15925,2011-05-29 15:35:00,2011-05-29 15:35:00,1,207.15,207.15,United Kingdom,One-Time Customer,194,0,1 order (One-Time),Lapsed (180d+),2011-05-01,,207.15
15926,2010-06-15 15:23:00,2010-06-15 15:23:00,1,134.44,134.44,United Kingdom,One-Time Customer,542,0,1 order (One-Time),Lapsed (180d+),2010-06-01,,134.44
15927,2010-03-02 13:25:00,2010-03-02 13:25:00,1,106.54,106.54,United Kingdom,One-Time Customer,647,0,1 order (One-Time),Lapsed (180d+),2010-03-01,,106.54
15928,2010-02-21 15:16:00,2010-02-21 15:16:00,1,293.53,293.53,United Kingdom,One-Time Customer,656,0,1 order (One-Time),Lapsed (180d+),2010-02-01,,293.53
15929,2010-03-05 14:56:00,2010-03-05 14:56:00,1,594.0,594.0,United Kingdom,One-Time Customer,644,0,1 order (One-Time),Lapsed (180d+),2010-03-01,,594.0
15930,2011-10-03 14:52:00,2011-10-03 14:52:00,1,426.63,426.63,United Kingdom,One-Time Customer,67,0,1 order (One-Time),Active (0-90d),2011-10-01,,426.63
15931,2010-10-07 16:46:00,2010-10-07 16:46:00,1,239.9,239.9,United Kingdom,One-Time Customer,428,0,1 order (One-Time),Lapsed (180d+),2010-10-01,,239.9
15932,2011-02-23 14:50:00,2011-12-05 17:13:00,8,2495.87,311.98,United Kingdom,Repeat Customer,4,285,4-9 orders (Regular),Active (0-90d),2011-02-01,19.0,317.73
15933,2011-09-14 12:05:00,2011-11-18 13:14:00,3,1107.46,369.15,United Kingdom,Repeat Customer,21,65,2-3 orders (Occasional),Active (0-90d),2011-09-01,15.0,411.81
15934,2010-10-06 12:08:00,2010-10-18 10:13:00,2,2190.66,1095.33,United Kingdom,Repeat Customer,417,11,2-3 orders (Occasional),Lapsed (180d+),2010-10-01,11.0,1610.76
15935,2011-04-14 13:27:00,2011-04-14 13:27:00,1,108.04,108.04,United Kingdom,One-Time Customer,239,0,1 order (One-Time),Lapsed (180d+),2011-04-01,,108.04
15936,2010-08-29 11:42:00,2010-11-25 16:39:00,2,282.79,141.4,United Kingdom,Repeat Customer,379,88,2-3 orders (Occasional),Lapsed (180d+),2010-08-01,88.0,171.62
15937,2011-10-06 15:48:00,2011-10-06 15:48:00,1,145.35,145.35,United Kingdom,One-Time Customer,64,0,1 order (One-Time),Active (0-90d),2011-10-01,,145.35
15938,2010-06-01 09:42:00,2011-08-19 12:56:00,9,734.81,81.65,United Kingdom,Repeat Customer,112,444,4-9 orders (Regular),At Risk (91-180d),2010-06-01,47.0,112.24
15939,2010-11-30 12:07:00,2011-09-11 11:30:00,15,9004.84,600.32,United Kingdom,Repeat Customer,89,284,10+ orders (Champions),Active (0-90d),2010-11-01,43.0,2904.83
15940,2011-02-01 16:18:00,2011-02-01 16:18:00,1,35.8,35.8,United Kingdom,One-Time Customer,311,0,1 order (One-Time),Lapsed (180d+),2011-02-01,,35.8
15941,2010-03-12 14:45:00,2010-03-12 14:45:00,1,405.0,405.0,United Kingdom,One-Time Customer,637,0,1 order (One-Time),Lapsed (180d+),2010-03-01,,405.0
15942,2011-07-29 09:01:00,2011-07-29 09:01:00,1,337.44,337.44,United Kingdom,One-Time Customer,133,0,1 order (One-Time),At Risk (91-180d),2011-07-01,,337.44
15943,2010-01-31 11:04:00,2010-02-28 12:49:00,2,271.29,135.65,United Kingdom,Repeat Customer,649,28,2-3 orders (Occasional),Lapsed (180d+),2010-01-01,28.0,125.7
15944,2009-12-13 12:57:00,2011-03-08 10:33:00,4,2164.24,541.06,United Kingdom,Repeat Customer,276,449,4-9 orders (Regular),Lapsed (180d+),2009-12-01,241.0,588.4
15945,2009-12-01 13:47:00,2010-12-09 13:14:00,4,646.27,161.57,United Kingdom,Repeat Customer,365,372,4-9 orders (Regular),Lapsed (180d+),2009-12-01,45.0,124.83
15946,2010-03-16 10:49:00,2010-07-25 12:18:00,3,2304.18,768.06,United Kingdom,Repeat Customer,502,131,2-3 orders (Occasional),Lapsed (180d+),2010-03-01,131.0,1155.02
15947,2011-09-18 10:46:00,2011-09-18 10:46:00,1,1708.24,1708.24,United Kingdom,One-Time Customer,82,0,1 order (One-Time),Active (0-90d),2011-09-01,,1708.24
15948,2010-10-11 12:16:00,2011-12-01 15:32:00,3,1509.09,503.03,United Kingdom,Repeat Customer,8,416,2-3 orders (Occasional),Active (0-90d),2010-10-01,380.0,553.85
15949,2011-09-29 17:34:00,2011-11-23 09:09:00,2,364.72,182.36,United Kingdom,Repeat Customer,16,54,2-3 orders (Occasional),Active (0-90d),2011-09-01,54.0,237.04
15950,2010-01-26 11:39:00,2011-11-08 11:09:00,10,7120.91,712.09,United Kingdom,Repeat Customer,31,650,10+ orders (Champions),Active (0-90d),2010-01-01,36.0,556.66
15951,2010-11-23 18:20:00,2011-12-01 08:34:00,3,1013.17,337.72,United Kingdom,Repeat Customer,8,372,2-3 orders (Occasional),Active (0-90d),2010-11-01,95.0,304.95
15952,2011-04-28 12:55:00,2011-11-06 11:18:00,4,781.91,195.48,United Kingdom,Repeat Customer,33,191,4-9 orders (Regular),Active (0-90d),2011-04-01,66.0,232.65
15953,2009-12-03 14:00:00,2011-11-24 15:32:00,18,3440.34,191.13,United Kingdom,Repeat Customer,15,721,10+ orders (Champions),Active (0-90d),2009-12-01,67.0,372.2
15954,2010-04-29 13:35:00,2010-04-29 13:35:00,1,187.8,187.8,United Kingdom,One-Time Customer,589,0,1 order (One-Time),Lapsed (180d+),2010-04-01,,187.8
15955,2010-02-23 16:36:00,2011-11-15 14:15:00,22,8085.98,367.54,United Kingdom,Repeat Customer,24,629,10+ orders (Champions),Active (0-90d),2010-02-01,15.0,389.28
15956,2009-12-13 11:16:00,2010-06-06 13:06:00,2,617.6,308.8,United Kingdom,Repeat Customer,551,175,2-3 orders (Occasional),Lapsed (180d+),2009-12-01,175.0,326.4
15957,2010-10-15 12:11:00,2011-11-08 12:14:00,3,921.25,307.08,United Kingdom,Repeat Customer,31,389,2-3 orders (Occasional),Active (0-90d),2010-10-01,0.0,229.05
15958,2010-06-07 10:59:00,2011-09-26 13:41:00,4,462.12,115.53,United Kingdom,Repeat Customer,74,476,4-9 orders (Regular),Active (0-90d),2010-06-01,132.0,64.05
15959,2010-01-26 16:19:00,2010-01-26 16:38:00,3,542.89,180.96,United Kingdom,Repeat Customer,682,0,2-3 orders (Occasional),Lapsed (180d+),2010-01-01,0.0,239.09
15960,2010-09-30 15:50:00,2010-11-30 15:57:00,4,410.95,102.74,United Kingdom,Repeat Customer,374,61,4-9 orders (Regular),Lapsed (180d+),2010-09-01,40.0,160.9
15961,2010-11-25 15:59:00,2010-11-25 15:59:00,1,451.29,451.29,United Kingdom,One-Time Customer,379,0,1 order (One-Time),Lapsed (180d+),2010-11-01,,451.29
15962,2010-09-16 13:48:00,2010-09-16 13:48:00,1,289.48,289.48,United Kingdom,One-Time Customer,449,0,1 order (One-Time),Lapsed (180d+),2010-09-01,,289.48
15963,2011-10-25 13:05:00,2011-11-20 11:33:00,2,470.76,235.38,United Kingdom,Repeat Customer,19,25,2-3 orders (Occasional),Active (0-90d),2011-10-01,25.0,280.04
15964,2010-02-14 15:30:00,2010-02-14 15:30:00,1,269.21,269.21,United Kingdom,One-Time Customer,663,0,1 order (One-Time),Lapsed (180d+),2010-02-01,,269.21
15965,2009-12-03 11:45:00,2011-11-22 16:44:00,13,2771.94,213.23,United Kingdom,Repeat Customer,17,719,10+ orders (Champions),Active (0-90d),2009-12-01,73.0,169.5
15966,2010-09-15 10:44:00,2010-09-15 10:44:00,1,426.53,426.53,United Kingdom,One-Time Customer,450,0,1 order (One-Time),Lapsed (180d+),2010-09-01,,426.53
15967,2009-12-01 13:29:00,2011-11-16 15:41:00,12,2966.0,247.17,United Kingdom,Repeat Customer,23,715,10+ orders (Champions),Active (0-90d),2009-12-01,68.0,156.71
15968,2010-11-16 13:04:00,2010-11-16 13:04:00,1,401.8,401.8,United Kingdom,One-Time Customer,388,0,1 order (One-Time),Lapsed (180d+),2010-11-01,,401.8
15969,2010-07-05 13:10:00,2011-12-07 11:06:00,5,1127.05,225.41,United Kingdom,Repeat Customer,2,519,4-9 orders (Regular),Active (0-90d),2010-07-01,96.0,103.76
15970,2010-04-20 11:30:00,2011-02-09 12:08:00,2,1017.32,508.66,United Kingdom,Repeat Customer,303,295,2-3 orders (Occasional),Lapsed (180d+),2010-04-01,295.0,703.22
15971,2009-12-08 09:46:00,2011-11-22 12:50:00,18,5897.88,327.66,United Kingdom,Repeat Customer,17,714,10+ orders (Champions),Active (0-90d),2009-12-01,7.0,182.88
15972,2010-04-18 14:06:00,2010-09-09 13:20:00,5,1769.33,353.87,United Kingdom,Repeat Customer,456,143,4-9 orders (Regular),Lapsed (180d+),2010-04-01,26.0,704.59
15973,2010-10-07 08:33:00,2010-12-08 11:42:00,2,665.62,332.81,United Kingdom,Repeat Customer,366,62,2-3 orders (Occasional),Lapsed (180d+),2010-10-01,62.0,357.8
15974,2011-02-24 10:10:00,2011-10-31 13:13:00,7,3442.15,491.74,United Kingdom,Repeat Customer,39,249,4-9 orders (Regular),Active (0-90d),2011-02-01,11.0,769.24
15975,2011-09-16 13:33:00,2011-09-16 13:33:00,1,371.01,371.01,United Kingdom,One-Time Customer,84,0,1 order (One-Time),Active (0-90d),2011-09-01,,371.01
15976,2010-06-06 14:01:00,2011-06-27 13:00:00,6,1680.31,280.05,United Kingdom,Repeat Customer,165,385,4-9 orders (Regular),At Risk (91-180d),2010-06-01,27.0,200.36
15977,2011-10-31 16:24:00,2011-11-22 13:29:00,2,1054.73,527.36,United Kingdom,Repeat Customer,17,21,2-3 orders (Occasional),Active (0-90d),2011-10-01,21.0,355.63
15978,2010-03-05 14:39:00,2011-09-23 15:21:00,3,3279.42,1093.14,United Kingdom,Repeat Customer,77,567,2-3 orders (Occasional),Active (0-90d),2010-03-01,211.0,599.12
15979,2010-04-16 11:35:00,2010-04-16 11:35:00,1,329.22,329.22,United Kingdom,One-Time Customer,602,0,1 order (One-Time),Lapsed (180d+),2010-04-01,,329.22
15980,2010-06-01 14:40:00,2011-09-12 09:41:00,7,6543.68,934.81,United Kingdom,Repeat Customer,88,467,4-9 orders (Regular),Active (0-90d),2010-06-01,0.0,2001.84
15981,2010-03-29 10:07:00,2011-11-15 08:00:00,21,9362.77,445.85,United Kingdom,Repeat Customer,24,595,10+ orders (Champions),Active (0-90d),2010-03-01,1.0,381.0
15982,2010-04-13 15:47:00,2010-04-13 15:47:00,1,324.51,324.51,United Kingdom,One-Time Customer,605,0,1 order (One-Time),Lapsed (180d+),2010-04-01,,324.51
15983,2009-12-06 12:52:00,2011-11-17 17:34:00,8,3110.37,388.8,United Kingdom,Repeat Customer,22,711,4-9 orders (Regular),Active (0-90d),2009-12-01,4.0,289.3
15984,2009-12-01 13:38:00,2011-12-07 12:16:00,30,8393.02,279.77,United Kingdom,Repeat Customer,2,735,10+ orders (Champions),Active (0-90d),2009-12-01,10.0,319.66
15985,2010-05-27 15:51:00,2011-08-08 16:31:00,7,2715.28,387.9,United Kingdom,Repeat Customer,123,438,4-9 orders (Regular),At Risk (91-180d),2010-05-01,49.0,487.92
15986,2010-11-23 10:02:00,2011-11-09 15:17:00,2,354.42,177.21,United Kingdom,Repeat Customer,30,351,2-3 orders (Occasional),Active (0-90d),2010-11-01,351.0,186.3
15987,2010-11-25 12:56:00,2011-11-27 15:38:00,8,1535.99,192.0,United Kingdom,Repeat Customer,12,367,4-9 orders (Regular),Active (0-90d),2010-11-01,10.0,103.22
15988,2010-02-21 11:36:00,2011-11-20 13:23:00,3,736.39,245.46,United Kingdom,Repeat Customer,19,637,2-3 orders (Occasional),Active (0-90d),2010-02-01,105.0,268.8
15989,2009-12-02 15:51:00,2010-11-29 12:03:00,2,368.31,184.16,United Kingdom,Repeat Customer,375,361,2-3 orders (Occasional),Lapsed (180d+),2009-12-01,361.0,140.16
15990,2010-02-28 12:30:00,2011-10-26 15:58:00,7,1997.75,285.39,United Kingdom,Repeat Customer,44,605,4-9 orders (Regular),Active (0-90d),2010-02-01,16.0,191.85
15991,2010-06-23 15:50:00,2010-06-23 15:50:00,1,150.55,150.55,United Kingdom,One-Time Customer,534,0,1 order (One-Time),Lapsed (180d+),2010-06-01,,150.55
15992,2010-09-12 11:52:00,2011-12-06 11:00:00,3,896.6,298.87,United Kingdom,Repeat Customer,3,449,2-3 orders (Occasional),Active (0-90d),2010-09-01,57.0,320.75
15993,2011-10-26 16:21:00,2011-12-01 10:45:00,7,2768.97,395.57,United Kingdom,Repeat Customer,8,35,4-9 orders (Regular),Active (0-90d),2011-10-01,0.0,856.24
15994,2010-03-14 11:55:00,2011-10-16 12:28:00,3,1175.68,391.89,United Kingdom,Repeat Customer,54,581,2-3 orders (Occasional),Active (0-90d),2010-03-01,224.0,390.46
15995,2010-10-21 13:57:00,2010-10-21 13:57:00,1,694.54,694.54,United Kingdom,One-Time Customer,414,0,1 order (One-Time),Lapsed (180d+),2010-10-01,,694.54
15996,2010-11-07 15:49:00,2011-09-12 15:14:00,7,1386.4,198.06,United Kingdom,Repeat Customer,88,308,4-9 orders (Regular),Active (0-90d),2010-11-01,31.0,353.82
15998,2009-12-01 11:45:00,2011-11-03 12:45:00,16,8274.14,517.13,United Kingdom,Repeat Customer,36,702,10+ orders (Champions),Active (0-90d),2009-12-01,9.0,700.31
15999,2009-12-04 12:31:00,2009-12-04 12:31:00,1,20.4,20.4,United Kingdom,One-Time Customer,735,0,1 order (One-Time),Lapsed (180d+),2009-12-01,,20.4
16000,2011-12-07 12:14:00,2011-12-07 12:17:00,3,12393.7,4131.23,United Kingdom,Repeat Customer,2,0,2-3 orders (Occasional),Active (0-90d),2011-12-01,0.0,8345.2
16001,2010-11-23 17:10:00,2010-11-23 17:10:00,1,583.39,583.39,United Kingdom,One-Time Customer,381,0,1 order (One-Time),Lapsed (180d+),2010-11-01,,583.39
16002,2010-03-24 13:08:00,2010-03-24 13:08:00,1,169.21,169.21,United Kingdom,One-Time Customer,625,0,1 order (One-Time),Lapsed (180d+),2010-03-01,,169.21
16003,2009-12-03 18:51:00,2011-11-10 09:57:00,10,5613.83,561.38,United Kingdom,Repeat Customer,29,706,10+ orders (Champions),Active (0-90d),2009-12-01,110.0,387.87
16004,2010-01-25 13:56:00,2010-08-22 11:48:00,5,2146.39,429.28,United Kingdom,Repeat Customer,474,208,4-9 orders (Regular),Lapsed (180d+),2010-01-01,51.0,454.74
16005,2010-09-15 13:21:00,2011-11-27 13:47:00,10,2365.07,236.51,United Kingdom,Repeat Customer,12,438,10+ orders (Champions),Active (0-90d),2010-09-01,25.0,250.2
16006,2010-11-17 12:03:00,2011-05-12 13:12:00,2,332.82,166.41,United Kingdom,Repeat Customer,211,176,2-3 orders (Occasional),Lapsed (180d+),2010-11-01,176.0,231.42
16007,2010-06-14 13:18:00,2011-10-23 11:05:00,7,3053.06,436.15,United Kingdom,Repeat Customer,47,495,4-9 orders (Regular),Active (0-90d),2010-06-01,96.0,356.83
16008,2010-03-19 11:07:00,2011-11-16 10:32:00,15,5339.13,355.94,United Kingdom,Repeat Customer,23,606,10+ orders (Champions),Active (0-90d),2010-03-01,35.0,291.45
16009,2011-07-03 11:26:00,2011-11-17 16:51:00,4,972.11,243.03,United Kingdom,Repeat Customer,22,137,4-9 orders (Regular),Active (0-90d),2011-07-01,116.0,441.59
16010,2010-10-24 10:54:00,2011-04-08 10:14:00,11,1694.86,154.08,United Kingdom,Repeat Customer,245,165,10+ orders (Champions),Lapsed (180d+),2010-10-01,7.0,111.8
16011,2009-12-01 12:02:00,2011-12-01 16:31:00,29,5599.31,193.08,United Kingdom,Repeat Customer,8,730,10+ orders (Champions),Active (0-90d),2009-12-01,9.0,181.5
16012,2010-06-28 11:39:00,2011-11-04 13:25:00,5,2978.59,595.72,United Kingdom,Repeat Customer,35,494,4-9 orders (Regular),Active (0-90d),2010-06-01,128.0,975.33
16013,2009-12-08 10:24:00,2011-12-06 10:36:00,84,56078.44,667.6,United Kingdom,Repeat Customer,3,728,10+ orders (Champions),Active (0-90d),2009-12-01,0.0,1020.0
16014,2010-01-31 12:43:00,2011-11-02 12:04:00,5,1100.28,220.06,United Kingdom,Repeat Customer,37,639,4-9 orders (Regular),Active (0-90d),2010-01-01,269.0,246.92
16015,2011-10-21 12:56:00,2011-12-06 10:58:00,3,704.26,234.75,United Kingdom,Repeat Customer,3,45,2-3 orders (Occasional),Active (0-90d),2011-10-01,22.0,300.77
16016,2010-11-02 13:27:00,2011-12-06 14:35:00,11,2083.4,189.4,United Kingdom,Repeat Customer,3,399,10+ orders (Champions),Active (0-90d),2010-11-01,14.0,275.66
16017,2010-01-05 12:06:00,2011-10-23 12:56:00,5,1545.58,309.12,United Kingdom,Repeat Customer,47,656,4-9 orders (Regular),Active (0-90d),2010-01-01,12.0,585.85
16018,2009-12-07 13:57:00,2011-10-31 14:13:00,4,698.13,174.53,United Kingdom,Repeat Customer,39,693,4-9 orders (Regular),Active (0-90d),2009-12-01,336.0,195.78
16019,2009-12-14 14:12:00,2011-10-24 11:51:00,27,17329.16,641.82,United Kingdom,Repeat Customer,46,678,10+ orders (Champions),Active (0-90d),2009-12-01,2.0,850.83
16020,2011-10-05 13:54:00,2011-11-23 11:18:00,3,851.01,283.67,United Kingdom,Repeat Customer,16,48,2-3 orders (Occasional),Active (0-90d),2011-10-01,48.0,518.8
16021,2010-06-13 11:05:00,2010-11-09 14:48:00,2,487.03,243.52,United Kingdom,Repeat Customer,395,149,2-3 orders (Occasional),Lapsed (180d+),2010-06-01,149.0,148.44
16022,2011-03-24 13:16:00,2011-03-24 13:16:00,1,602.63,602.63,United Kingdom,One-Time Customer,260,0,1 order (One-Time),Lapsed (180d+),2011-03-01,,602.63
16023,2011-03-18 13:32:00,2011-10-24 16:34:00,3,719.81,239.94,United Kingdom,Repeat Customer,46,220,2-3 orders (Occasional),Active (0-90d),2011-03-01,74.0,177.84
16024,2010-10-24 11:40:00,2011-11-27 13:26:00,3,478.71,159.57,United Kingdom,Repeat Customer,12,399,2-3 orders (Occasional),Active (0-90d),2010-10-01,0.0,199.03
16025,2011-11-10 11:45:00,2011-11-10 11:45:00,1,439.66,439.66,United Kingdom,One-Time Customer,29,0,1 order (One-Time),Active (0-90d),2011-11-01,,439.66
16026,2011-10-27 13:53:00,2011-10-27 13:53:00,1,236.09,236.09,United Kingdom,One-Time Customer,43,0,1 order (One-Time),Active (0-90d),2011-10-01,,236.09
16027,2010-01-08 13:21:00,2011-09-09 10:47:00,15,2048.36,136.56,United Kingdom,Repeat Customer,91,608,10+ orders (Champions),At Risk (91-180d),2010-01-01,10.0,114.6
16028,2010-04-23 11:45:00,2010-04-23 11:45:00,1,82.2,82.2,United Kingdom,One-Time Customer,595,0,1 order (One-Time),Lapsed (180d+),2010-04-01,,82.2
16029,2009-12-08 11:23:00,2011-11-01 10:27:00,106,109620.87,1034.16,United Kingdom,Repeat Customer,38,692,10+ orders (Champions),Active (0-90d),2009-12-01,0.0,2590.8
16030,2011-02-03 11:28:00,2011-02-03 11:28:00,1,331.24,331.24,United Kingdom,One-Time Customer,309,0,1 order (One-Time),Lapsed (180d+),2011-02-01,,331.24
16031,2011-04-06 14:23:00,2011-09-08 13:07:00,2,547.9,273.95,United Kingdom,Repeat Customer,92,154,2-3 orders (Occasional),At Risk (91-180d),2011-04-01,154.0,305.63
16032,2010-07-04 13:31:00,2010-09-09 18:00:00,6,1965.72,327.62,United Kingdom,Repeat Customer,456,67,4-9 orders (Regular),Lapsed (180d+),2010-07-01,4.0,409.46
16033,2010-08-11 16:44:00,2011-12-04 12:44:00,27,10608.81,392.92,United Kingdom,Repeat Customer,5,479,10+ orders (Champions),Active (0-90d),2010-08-01,13.0,330.29
16034,2010-10-26 13:00:00,2011-05-27 16:17:00,6,911.32,151.89,United Kingdom,Repeat Customer,196,213,4-9 orders (Regular),Lapsed (180d+),2010-10-01,3.0,207.67
16035,2010-05-28 15:09:00,2010-05-28 15:09:00,1,217.73,217.73,United Kingdom,One-Time Customer,560,0,1 order (One-Time),Lapsed (180d+),2010-05-01,,217.73
16036,2010-03-29 14:47:00,2011-09-13 14:53:00,4,2556.84,639.21,United Kingdom,Repeat Customer,87,533,4-9 orders (Regular),Active (0-90d),2010-03-01,196.0,848.68
16037,2010-03-01 12:31:00,2011-03-15 09:13:00,5,1509.34,301.87,United Kingdom,Repeat Customer,269,378,4-9 orders (Regular),Lapsed (180d+),2010-03-01,103.0,353.72
16038,2011-05-22 11:29:00,2011-12-02 12:40:00,3,471.78,157.26,United Kingdom,Repeat Customer,7,194,2-3 orders (Occasional),Active (0-90d),2011-05-01,24.0,316.95
16039,2010-03-21 15:17:00,2010-10-12 10:44:00,2,456.4,228.2,United Kingdom,Repeat Customer,423,204,2-3 orders (Occasional),Lapsed (180d+),2010-03-01,204.0,143.48
16040,2010-04-09 10:12:00,2011-10-05 13:47:00,7,2416.9,345.27,United Kingdom,Repeat Customer,65,544,4-9 orders (Regular),Active (0-90d),2010-04-01,80.0,374.95
16041,2011-07-21 16:27:00,2011-11-09 12:25:00,3,3166.4,1055.47,United Kingdom,Repeat Customer,30,110,2-3 orders (Occasional),Active (0-90d),2011-07-01,0.0,675.0
16042,2010-09-12 12:00:00,2011-11-17 17:50:00,8,2245.32,280.66,United Kingdom,Repeat Customer,22,431,4-9 orders (Regular),Active (0-90d),2010-09-01,74.0,644.15
16043,2010-08-15 11:26:00,2011-11-02 12:50:00,8,1856.59,232.07,United Kingdom,Repeat Customer,37,444,4-9 orders (Regular),Active (0-90d),2010-08-01,66.0,524.45
16044,2010-09-30 18:12:00,2010-09-30 18:12:00,1,340.84,340.84,United Kingdom,One-Time Customer,435,0,1 order (One-Time),Lapsed (180d+),2010-09-01,,340.84
16045,2010-07-29 12:50:00,2011-08-12 12:41:00,8,3434.93,429.37,United Kingdom,Repeat Customer,119,378,4-9 orders (Regular),At Risk (91-180d),2010-07-01,0.0,720.92
16046,2010-05-26 13:18:00,2010-05-26 13:18:00,1,235.78,235.78,United Kingdom,One-Time Customer,562,0,1 order (One-Time),Lapsed (180d+),2010-05-01,,235.78
16048,2010-06-08 12:36:00,2010-12-01 15:28:00,4,818.79,204.7,United Kingdom,Repeat Customer,373,176,4-9 orders (Regular),Lapsed (180d+),2010-06-01,149.0,201.0
16049,2010-07-11 13:53:00,2011-10-30 13:19:00,6,1852.15,308.69,United Kingdom,Repeat Customer,40,475,4-9 orders (Regular),Active (0-90d),2010-07-01,133.0,229.64
16050,2010-11-03 15:55:00,2011-06-19 11:44:00,3,300.7,100.23,United Kingdom,Repeat Customer,173,227,2-3 orders (Occasional),At Risk (91-180d),2010-11-01,17.0,90.6
16051,2010-01-27 09:38:00,2010-01-27 09:38:00,1,188.44,188.44,United Kingdom,One-Time Customer,681,0,1 order (One-Time),Lapsed (180d+),2010-01-01,,188.44
16052,2011-10-16 15:13:00,2011-10-16 15:13:00,1,362.06,362.06,United Kingdom,One-Time Customer,54,0,1 order (One-Time),Active (0-90d),2011-10-01,,362.06
16053,2010-04-08 11:11:00,2011-11-07 11:21:00,6,3634.84,605.81,United Kingdom,Repeat Customer,32,578,4-9 orders (Regular),Active (0-90d),2010-04-01,164.0,632.66
16054,2010-04-01 18:37:00,2011-07-17 13:08:00,4,2111.88,527.97,United Kingdom,Repeat Customer,145,471,4-9 orders (Regular),At Risk (91-180d),2010-04-01,104.0,452.48
16055,2011-05-03 09:26:00,2011-05-03 09:26:00,1,134.8,134.8,United Kingdom,One-Time Customer,220,0,1 order (One-Time),Lapsed (180d+),2011-05-01,,134.8
16056,2011-10-25 15:19:00,2011-10-25 15:19:00,1,650.75,650.75,United Kingdom,One-Time Customer,45,0,1 order (One-Time),Active (0-90d),2011-10-01,,650.75
16057,2010-01-07 17:11:00,2011-11-23 15:23:00,10,3854.85,385.48,United Kingdom,Repeat Customer,16,684,10+ orders (Champions),Active (0-90d),2010-01-01,45.0,439.28
16058,2010-10-29 16:48:00,2010-10-29 16:48:00,1,62.7,62.7,United Kingdom,One-Time Customer,406,0,1 order (One-Time),Lapsed (180d+),2010-10-01,,62.7
16059,2010-05-19 13:04:00,2011-10-05 09:56:00,12,3053.57,254.46,United Kingdom,Repeat Customer,65,503,10+ orders (Champions),Active (0-90d),2010-05-01,17.0,197.8
16060,2010-08-02 15:26:00,2010-11-04 12:10:00,3,541.95,180.65,United Kingdom,Repeat Customer,400,93,2-3 orders (Occasional),Lapsed (180d+),2010-08-01,63.0,345.6
16061,2010-10-04 15:29:00,2010-10-04 15:29:00,1,89.65,89.65,United Kingdom,One-Time Customer,431,0,1 order (One-Time),Lapsed (180d+),2010-10-01,,89.65
16062,2010-06-21 13:32:00,2011-11-30 12:15:00,8,2863.45,357.93,United Kingdom,Repeat Customer,9,526,4-9 orders (Regular),Active (0-90d),2010-06-01,105.0,543.32
16063,2011-03-24 14:55:00,2011-03-24 14:55:00,1,335.32,335.32,United Kingdom,One-Time Customer,260,0,1 order (One-Time),Lapsed (180d+),2011-03-01,,335.32
16064,2009-12-14 16:11:00,2009-12-14 16:11:00,1,109.31,109.31,United Kingdom,One-Time Customer,725,0,1 order (One-Time),Lapsed (180d+),2009-12-01,,109.31
16065,2010-09-02 13:27:00,2010-12-09 13:03:00,8,1992.13,249.02,United Kingdom,Repeat Customer,365,97,4-9 orders (Regular),Lapsed (180d+),2010-09-01,32.0,433.73
16066,2011-08-07 14:33:00,2011-11-23 11:54:00,5,1521.04,304.21,United Kingdom,Repeat Customer,16,107,4-9 orders (Regular),Active (0-90d),2011-08-01,62.0,316.38
16067,2010-02-02 18:01:00,2010-05-26 12:33:00,3,3269.11,1089.7,United Kingdom,Repeat Customer,562,112,2-3 orders (Occasional),Lapsed (180d+),2010-02-01,53.0,1861.08
16068,2010-04-25 11:52:00,2010-04-25 11:52:00,1,115.73,115.73,United Kingdom,One-Time Customer,593,0,1 order (One-Time),Lapsed (180d+),2010-04-01,,115.73
16069,2010-10-18 10:32:00,2010-10-18 10:32:00,1,457.7,457.7,United Kingdom,One-Time Customer,417,0,1 order (One-Time),Lapsed (180d+),2010-10-01,,457.7
16070,2011-11-07 16:36:00,2011-11-17 15:50:00,2,852.15,426.08,United Kingdom,Repeat Customer,22,9,2-3 orders (Occasional),Active (0-90d),2011-11-01,9.0,686.85
16071,2010-02-22 14:48:00,2011-10-26 11:14:00,4,1076.8,269.2,United Kingdom,Repeat Customer,44,610,4-9 orders (Regular),Active (0-90d),2010-02-01,28.0,264.3
16072,2010-06-08 16:47:00,2011-02-24 14:32:00,4,4180.09,1045.02,United Kingdom,Repeat Customer,288,260,4-9 orders (Regular),Lapsed (180d+),2010-06-01,120.0,1746.54
16073,2011-02-15 15:41:00,2011-02-15 15:41:00,1,122.4,122.4,United Kingdom,One-Time Customer,297,0,1 order (One-Time),Lapsed (180d+),2011-02-01,,122.4
16074,2010-11-14 13:19:00,2010-11-14 13:19:00,1,252.5,252.5,United Kingdom,One-Time Customer,390,0,1 order (One-Time),Lapsed (180d+),2010-11-01,,252.5
16075,2010-05-24 15:57:00,2010-07-25 11:31:00,2,736.93,368.46,United Kingdom,Repeat Customer,502,61,2-3 orders (Occasional),Lapsed (180d+),2010-05-01,61.0,469.7
16076,2011-05-15 12:31:00,2011-12-06 14:59:00,10,2234.73,223.47,United Kingdom,Repeat Customer,3,205,10+ orders (Champions),Active (0-90d),2011-05-01,73.0,305.45
16077,2010-03-24 10:42:00,2010-03-24 10:42:00,1,2300.4,2300.4,United Kingdom,One-Time Customer,625,0,1 order (One-Time),Lapsed (180d+),2010-03-01,,2300.4
16078,2010-02-08 13:29:00,2011-03-01 09:47:00,2,362.99,181.5,United Kingdom,Repeat Customer,283,385,2-3 orders (Occasional),Lapsed (180d+),2010-02-01,385.0,283.79
16079,2011-10-30 13:06:00,2011-11-23 12:48:00,3,1352.0,450.67,United Kingdom,Repeat Customer,16,23,2-3 orders (Occasional),Active (0-90d),2011-10-01,16.0,508.22
16080,2010-09-15 14:19:00,2011-09-19 10:42:00,4,602.56,150.64,United Kingdom,Repeat Customer,81,368,4-9 orders (Regular),Active (0-90d),2010-09-01,64.0,306.65
16081,2010-02-03 12:46:00,2011-10-14 13:06:00,8,4278.96,534.87,United Kingdom,Repeat Customer,56,618,4-9 orders (Regular),Active (0-90d),2010-02-01,99.0,99.79
16082,2010-02-07 15:16:00,2010-02-07 15:16:00,1,106.75,106.75,United Kingdom,One-Time Customer,670,0,1 order (One-Time),Lapsed (180d+),2010-02-01,,106.75
16083,2010-11-16 11:53:00,2011-08-31 10:47:00,4,2351.42,587.86,United Kingdom,Repeat Customer,100,287,4-9 orders (Regular),At Risk (91-180d),2010-11-01,6.0,710.1
16084,2011-02-13 16:05:00,2011-02-13 16:05:00,1,436.18,436.18,United Kingdom,One-Time Customer,299,0,1 order (One-Time),Lapsed (180d+),2011-02-01,,436.18
16085,2010-01-20 14:03:00,2011-11-16 13:24:00,12,2324.71,193.73,United Kingdom,Repeat Customer,23,664,10+ orders (Champions),Active (0-90d),2010-01-01,56.0,255.64
16086,2009-12-02 13:20:00,2011-10-11 13:09:00,10,2687.73,268.77,United Kingdom,Repeat Customer,59,677,10+ orders (Champions),Active (0-90d),2009-12-01,140.0,284.55
16087,2010-01-19 12:30:00,2010-11-15 16:44:00,5,1739.92,347.98,United Kingdom,Repeat Customer,389,300,4-9 orders (Regular),Lapsed (180d+),2010-01-01,12.0,346.36
16088,2010-04-27 10:56:00,2010-05-13 10:16:00,2,1437.43,718.71,United Kingdom,Repeat Customer,575,15,2-3 orders (Occasional),Lapsed (180d+),2010-04-01,15.0,725.15
16089,2010-07-18 15:51:00,2010-11-18 13:51:00,2,263.49,131.74,United Kingdom,Repeat Customer,386,122,2-3 orders (Occasional),Lapsed (180d+),2010-07-01,122.0,154.65
16090,2010-03-25 13:05:00,2010-03-25 13:05:00,1,180.56,180.56,United Kingdom,One-Time Customer,624,0,1 order (One-Time),Lapsed (180d+),2010-03-01,,180.56
16091,2011-05-25 09:18:00,2011-07-08 08:45:00,2,315.06,157.53,United Kingdom,Repeat Customer,154,43,2-3 orders (Occasional),At Risk (91-180d),2011-05-01,43.0,157.25
16092,2010-05-09 16:10:00,2011-08-17 10:46:00,6,1587.94,264.66,United Kingdom,Repeat Customer,114,464,4-9 orders (Regular),At Risk (91-180d),2010-05-01,0.0,306.89
16093,2011-08-25 11:09:00,2011-08-25 11:09:00,1,17.0,17.0,United Kingdom,One-Time Customer,106,0,1 order (One-Time),At Risk (91-180d),2011-08-01,,17.0
16094,2010-04-16 14:00:00,2011-11-28 12:45:00,11,3695.56,335.96,United Kingdom,Repeat Customer,11,590,10+ orders (Champions),Active (0-90d),2010-04-01,31.0,334.3
16095,2010-09-09 16:54:00,2010-09-09 16:54:00,1,447.05,447.05,United Kingdom,One-Time Customer,456,0,1 order (One-Time),Lapsed (180d+),2010-09-01,,447.05
16096,2010-03-04 15:44:00,2011-03-20 13:38:00,4,1584.97,396.24,United Kingdom,Repeat Customer,264,380,4-9 orders (Regular),Lapsed (180d+),2010-03-01,56.0,576.9
16097,2011-04-13 13:47:00,2011-04-13 13:47:00,1,185.05,185.05,United Kingdom,One-Time Customer,240,0,1 order (One-Time),Lapsed (180d+),2011-04-01,,185.05
16098,2009-12-15 09:40:00,2011-09-13 09:59:00,14,4010.7,286.48,United Kingdom,Repeat Customer,87,637,10+ orders (Champions),Active (0-90d),2009-12-01,63.0,154.69
16099,2010-03-03 11:13:00,2011-10-20 13:13:00,7,1573.2,224.74,United Kingdom,Repeat Customer,50,596,4-9 orders (Regular),Active (0-90d),2010-03-01,53.0,136.5
16100,2010-09-03 11:39:00,2010-09-03 11:39:00,1,582.64,582.64,United Kingdom,One-Time Customer,462,0,1 order (One-Time),Lapsed (180d+),2010-09-01,,582.64
16101,2010-05-27 12:50:00,2011-09-30 10:18:00,4,3229.16,807.29,United Kingdom,Repeat Customer,70,490,4-9 orders (Regular),Active (0-90d),2010-05-01,80.0,823.51
16102,2011-08-03 12:50:00,2011-10-28 13:19:00,3,1842.14,614.05,United Kingdom,Repeat Customer,42,86,2-3 orders (Occasional),Active (0-90d),2011-08-01,29.0,839.76
16103,2010-01-08 12:08:00,2011-12-02 14:16:00,22,6191.71,281.44,United Kingdom,Repeat Customer,7,693,10+ orders (Champions),Active (0-90d),2010-01-01,32.0,200.45
16104,2009-12-06 10:41:00,2011-10-09 10:23:00,9,2774.46,308.27,United Kingdom,Repeat Customer,61,671,4-9 orders (Regular),Active (0-90d),2009-12-01,7.0,689.9
16105,2010-04-14 13:27:00,2011-04-05 10:13:00,5,2386.19,477.24,United Kingdom,Repeat Customer,248,355,4-9 orders (Regular),Lapsed (180d+),2010-04-01,69.0,595.55
16106,2011-10-05 10:37:00,2011-10-05 10:37:00,1,108.38,108.38,United Kingdom,One-Time Customer,65,0,1 order (One-Time),Active (0-90d),2011-10-01,,108.38
16107,2011-06-09 18:42:00,2011-11-22 09:40:00,7,3204.16,457.74,United Kingdom,Repeat Customer,17,165,4-9 orders (Regular),Active (0-90d),2011-06-01,42.0,532.9
16108,2010-03-18 14:14:00,2011-09-16 11:48:00,4,2235.92,558.98,United Kingdom,Repeat Customer,84,546,4-9 orders (Regular),Active (0-90d),2010-03-01,49.0,327.19
16109,2010-01-10 10:37:00,2011-05-05 09:17:00,3,939.48,313.16,United Kingdom,Repeat Customer,218,479,2-3 orders (Occasional),Lapsed (180d+),2010-01-01,390.0,327.6
16110,2010-07-05 13:04:00,2011-10-25 14:35:00,4,1781.59,445.4,United Kingdom,Repeat Customer,45,477,4-9 orders (Regular),Active (0-90d),2010-07-01,211.0,460.64
16111,2010-10-07 19:51:00,2010-10-07 19:51:00,1,549.33,549.33,United Kingdom,One-Time Customer,428,0,1 order (One-Time),Lapsed (180d+),2010-10-01,,549.33
16112,2011-01-05 11:47:00,2011-07-19 14:28:00,4,195.74,48.94,United Kingdom,Repeat Customer,143,195,4-9 orders (Regular),At Risk (91-180d),2011-01-01,5.0,72.0
16113,2011-06-09 16:16:00,2011-06-09 16:16:00,1,161.38,161.38,United Kingdom,One-Time Customer,183,0,1 order (One-Time),Lapsed (180d+),2011-06-01,,161.38
16114,2011-06-22 10:13:00,2011-06-22 10:13:00,1,135.75,135.75,United Kingdom,One-Time Customer,170,0,1 order (One-Time),At Risk (91-180d),2011-06-01,,135.75
16115,2010-05-14 11:59:00,2011-11-30 11:32:00,12,2553.8,212.82,United Kingdom,Repeat Customer,9,564,10+ orders (Champions),Active (0-90d),2010-05-01,34.0,189.08
16116,2011-05-12 12:01:00,2011-05-12 12:01:00,1,612.78,612.78,United Kingdom,One-Time Customer,211,0,1 order (One-Time),Lapsed (180d+),2011-05-01,,612.78
16117,2010-04-27 11:50:00,2011-06-03 11:42:00,3,654.4,218.13,United Kingdom,Repeat Customer,189,401,2-3 orders (Occasional),Lapsed (180d+),2010-04-01,189.0,133.5
16118,2010-02-25 09:40:00,2010-02-25 09:40:00,1,4376.25,4376.25,United Kingdom,One-Time Customer,652,0,1 order (One-Time),Lapsed (180d+),2010-02-01,,4376.25
16119,2009-12-16 11:56:00,2011-12-01 15:11:00,8,1720.81,215.1,United Kingdom,Repeat Customer,8,715,4-9 orders (Regular),Active (0-90d),2009-12-01,137.0,183.4
16120,2010-10-13 15:07:00,2011-10-11 14:22:00,6,2967.51,494.58,United Kingdom,Repeat Customer,59,362,4-9 orders (Regular),Active (0-90d),2010-10-01,0.0,1599.71
16121,2010-05-23 10:52:00,2011-10-13 12:59:00,5,1450.04,290.01,United Kingdom,Repeat Customer,57,508,4-9 orders (Regular),Active (0-90d),2010-05-01,175.0,151.07
16122,2010-10-10 15:26:00,2011-09-27 15:34:00,6,895.62,149.27,United Kingdom,Repeat Customer,73,352,4-9 orders (Regular),Active (0-90d),2010-10-01,50.0,114.3
16123,2011-10-19 09:18:00,2011-10-19 09:18:00,1,307.78,307.78,United Kingdom,One-Time Customer,51,0,1 order (One-Time),Active (0-90d),2011-10-01,,307.78
16124,2009-12-07 10:33:00,2011-01-26 14:45:00,4,1772.49,443.12,United Kingdom,Repeat Customer,317,415,4-9 orders (Regular),Lapsed (180d+),2009-12-01,149.0,463.0
16125,2009-12-14 15:38:00,2010-12-07 15:48:00,14,4292.35,306.6,United Kingdom,Repeat Customer,367,358,10+ orders (Champions),Lapsed (180d+),2009-12-01,38.0,689.71
16126,2009-12-02 13:34:00,2011-11-10 16:03:00,15,14644.6,976.31,United Kingdom,Repeat Customer,29,708,10+ orders (Champions),Active (0-90d),2009-12-01,50.0,174.1
16127,2009-12-13 12:19:00,2011-10-31 13:58:00,2,801.31,400.66,United Kingdom,Repeat Customer,39,687,2-3 orders (Occasional),Active (0-90d),2009-12-01,687.0,145.06
16128,2010-07-16 16:30:00,2011-11-22 11:14:00,11,3801.05,345.55,United Kingdom,Repeat Customer,17,493,10+ orders (Champions),Active (0-90d),2010-07-01,10.0,324.48
16129,2010-07-20 12:32:00,2010-10-28 14:29:00,3,1396.05,465.35,United Kingdom,Repeat Customer,407,100,2-3 orders (Occasional),Lapsed (180d+),2010-07-01,77.0,446.94
16130,2010-04-01 13:58:00,2010-10-13 15:14:00,4,987.48,246.87,United Kingdom,Repeat Customer,422,195,4-9 orders (Regular),Lapsed (180d+),2010-04-01,38.0,207.95
16131,2009-12-02 10:09:00,2011-10-19 11:53:00,12,9957.42,829.78,United Kingdom,Repeat Customer,51,686,10+ orders (Champions),Active (0-90d),2009-12-01,140.0,1317.97
16132,2010-03-22 10:25:00,2010-06-13 13:49:00,2,664.2,332.1,United Kingdom,Repeat Customer,544,83,2-3 orders (Occasional),Lapsed (180d+),2010-03-01,83.0,353.4
16133,2010-03-31 12:21:00,2011-12-06 11:24:00,56,22992.26,410.58,United Kingdom,Repeat Customer,3,614,10+ orders (Champions),Active (0-90d),2010-03-01,0.0,393.62
16134,2010-06-17 09:48:00,2011-11-18 10:05:00,5,2145.34,429.07,United Kingdom,Repeat Customer,21,519,4-9 orders (Regular),Active (0-90d),2010-06-01,83.0,906.67
16135,2010-05-05 09:35:00,2011-03-22 12:30:00,2,819.45,409.72,United Kingdom,Repeat Customer,262,321,2-3 orders (Occasional),Lapsed (180d+),2010-05-01,321.0,301.9
16136,2010-02-14 12:49:00,2011-10-11 09:10:00,4,946.8,236.7,United Kingdom,Repeat Customer,59,603,4-9 orders (Regular),Active (0-90d),2010-02-01,385.0,237.42
16137,2010-01-28 15:04:00,2010-01-28 15:04:00,1,422.7,422.7,United Kingdom,One-Time Customer,680,0,1 order (One-Time),Lapsed (180d+),2010-01-01,,422.7
16138,2010-04-28 09:51:00,2010-11-26 12:13:00,3,910.35,303.45,United Kingdom,Repeat Customer,378,212,2-3 orders (Occasional),Lapsed (180d+),2010-04-01,61.0,516.21
16139,2009-12-03 13:51:00,2011-11-21 08:37:00,5,1111.15,222.23,United Kingdom,Repeat Customer,18,717,4-9 orders (Regular),Active (0-90d),2009-12-01,13.0,355.59
16140,2010-09-24 12:03:00,2011-10-05 12:15:00,3,1433.46,477.82,United Kingdom,Repeat Customer,65,376,2-3 orders (Occasional),Active (0-90d),2010-09-01,70.0,708.28
16141,2010-10-18 14:12:00,2011-09-12 13:11:00,2,955.94,477.97,United Kingdom,Repeat Customer,88,328,2-3 orders (Occasional),Active (0-90d),2010-10-01,328.0,335.54
16142,2011-04-04 10:16:00,2011-04-04 10:16:00,1,535.34,535.34,United Kingdom,One-Time Customer,249,0,1 order (One-Time),Lapsed (180d+),2011-04-01,,535.34
16143,2009-12-10 09:44:00,2011-12-06 14:13:00,12,4555.08,379.59,United Kingdom,Repeat Customer,3,726,10+ orders (Champions),Active (0-90d),2009-12-01,70.0,300.35
16144,2011-04-07 10:09:00,2011-04-07 10:09:00,1,175.2,175.2,United Kingdom,One-Time Customer,246,0,1 order (One-Time),Lapsed (180d+),2011-04-01,,175.2
16145,2010-05-04 13:31:00,2011-12-01 10:33:00,19,6805.44,358.18,United Kingdom,Repeat Customer,8,575,10+ orders (Champions),Active (0-90d),2010-05-01,37.0,853.35
16146,2010-09-17 10:46:00,2011-07-05 14:20:00,4,946.38,236.6,United Kingdom,Repeat Customer,157,291,4-9 orders (Regular),At Risk (91-180d),2010-09-01,216.0,212.25
16147,2010-02-05 12:26:00,2011-07-29 09:57:00,5,2398.91,479.78,United Kingdom,Repeat Customer,133,538,4-9 orders (Regular),At Risk (91-180d),2010-02-01,101.0,674.64
16148,2010-09-29 10:12:00,2011-02-16 14:01:00,2,386.62,193.31,United Kingdom,Repeat Customer,296,140,2-3 orders (Occasional),Lapsed (180d+),2010-09-01,140.0,310.3
16149,2010-10-06 15:54:00,2011-12-05 11:29:00,3,422.22,140.74,United Kingdom,Repeat Customer,4,424,2-3 orders (Occasional),Active (0-90d),2010-10-01,286.0,141.7
16150,2009-12-17 15:33:00,2011-10-28 12:39:00,10,4002.17,400.22,United Kingdom,Repeat Customer,42,679,10+ orders (Champions),Active (0-90d),2009-12-01,88.0,348.2
16152,2011-03-16 09:47:00,2011-03-16 09:47:00,1,1829.04,1829.04,United Kingdom,One-Time Customer,268,0,1 order (One-Time),Lapsed (180d+),2011-03-01,,1829.04
16153,2010-05-26 12:41:00,2011-10-21 10:50:00,11,5133.49,466.68,United Kingdom,Repeat Customer,49,512,10+ orders (Champions),Active (0-90d),2010-05-01,40.0,1395.98
16155,2010-06-18 11:23:00,2010-11-23 12:03:00,5,796.9,159.38,United Kingdom,Repeat Customer,381,158,4-9 orders (Regular),Lapsed (180d+),2010-06-01,37.0,228.6
16156,2009-12-02 17:06:00,2011-12-01 12:42:00,20,6188.18,309.41,United Kingdom,Repeat Customer,8,728,10+ orders (Champions),Active (0-90d),2009-12-01,8.0,300.1
16157,2011-09-28 11:48:00,2011-11-24 11:41:00,3,656.69,218.9,United Kingdom,Repeat Customer,15,56,2-3 orders (Occasional),Active (0-90d),2011-09-01,48.0,168.32
16158,2009-12-05 15:00:00,2010-07-05 13:55:00,9,628.32,69.81,United Kingdom,Repeat Customer,522,211,4-9 orders (Regular),Lapsed (180d+),2009-12-01,9.0,146.62
16159,2009-12-03 11:51:00,2011-03-03 12:27:00,4,1232.79,308.2,United Kingdom,Repeat Customer,281,455,4-9 orders (Regular),Lapsed (180d+),2009-12-01,89.0,317.55
16160,2011-09-15 10:53:00,2011-10-05 14:19:00,2,1025.44,512.72,United Kingdom,Repeat Customer,65,20,2-3 orders (Occasional),Active (0-90d),2011-09-01,20.0,801.94
16161,2010-02-08 11:06:00,2011-12-08 12:10:00,43,12580.06,292.56,United Kingdom,Repeat Customer,1,668,10+ orders (Champions),Active (0-90d),2010-02-01,30.0,217.8
16162,2011-04-01 15:03:00,2011-04-01 15:03:00,1,37.4,37.4,United Kingdom,One-Time Customer,252,0,1 order (One-Time),Lapsed (180d+),2011-04-01,,37.4
16163,2009-12-02 10:00:00,2011-04-21 15:15:00,6,2407.98,401.33,United Kingdom,Repeat Customer,232,505,4-9 orders (Regular),Lapsed (180d+),2009-12-01,6.0,795.98
16164,2011-10-28 09:12:00,2011-11-22 15:04:00,3,822.48,274.16,United Kingdom,Repeat Customer,17,25,2-3 orders (Occasional),Active (0-90d),2011-10-01,18.0,245.36
16165,2010-07-22 14:17:00,2010-07-22 14:17:00,1,79.9,79.9,United Kingdom,One-Time Customer,505,0,1 order (One-Time),Lapsed (180d+),2010-07-01,,79.9
16166,2010-01-17 14:16:00,2010-10-07 15:44:00,2,435.83,217.92,United Kingdom,Repeat Customer,428,263,2-3 orders (Occasional),Lapsed (180d+),2010-01-01,263.0,239.84
16167,2009-12-01 10:46:00,2010-10-21 15:33:00,5,1386.12,277.22,United Kingdom,Repeat Customer,414,324,4-9 orders (Regular),Lapsed (180d+),2009-12-01,121.0,485.79
16168,2009-12-03 12:38:00,2011-11-29 12:45:00,66,10360.67,156.98,United Kingdom,Repeat Customer,10,726,10+ orders (Champions),Active (0-90d),2009-12-01,6.0,189.15
16169,2011-09-25 11:33:00,2011-12-01 15:28:00,4,1822.97,455.74,United Kingdom,Repeat Customer,8,67,4-9 orders (Regular),Active (0-90d),2011-09-01,36.0,587.46
16170,2010-02-18 13:50:00,2011-10-20 08:21:00,20,6869.0,343.45,United Kingdom,Repeat Customer,50,608,10+ orders (Champions),Active (0-90d),2010-02-01,35.0,319.88
16171,2011-10-11 14:51:00,2011-10-11 14:51:00,1,73.2,73.2,United Kingdom,One-Time Customer,59,0,1 order (One-Time),Active (0-90d),2011-10-01,,73.2
16172,2010-07-14 15:34:00,2011-09-05 13:22:00,8,1884.55,235.57,United Kingdom,Repeat Customer,95,417,4-9 orders (Regular),At Risk (91-180d),2010-07-01,4.0,10.95
16173,2011-09-02 15:23:00,2011-11-24 10:53:00,6,1418.32,236.39,United Kingdom,Repeat Customer,15,82,4-9 orders (Regular),Active (0-90d),2011-09-01,6.0,429.38
16174,2010-04-15 15:12:00,2011-08-05 13:26:00,7,2246.75,320.96,United Kingdom,Repeat Customer,126,476,4-9 orders (Regular),At Risk (91-180d),2010-04-01,21.0,203.8
16175,2010-05-25 12:01:00,2011-09-06 14:32:00,7,1836.44,262.35,United Kingdom,Repeat Customer,94,469,4-9 orders (Regular),At Risk (91-180d),2010-05-01,51.0,289.65
16176,2010-03-29 14:52:00,2010-10-14 13:54:00,4,2052.69,513.17,United Kingdom,Repeat Customer,421,198,4-9 orders (Regular),Lapsed (180d+),2010-03-01,24.0,728.39
16177,2010-03-02 14:03:00,2011-10-20 12:57:00,8,2247.31,280.91,United Kingdom,Repeat Customer,50,596,4-9 orders (Regular),Active (0-90d),2010-03-01,78.0,341.73
16178,2010-11-03 14:46:00,2011-07-24 16:05:00,2,612.6,306.3,United Kingdom,Repeat Customer,138,263,2-3 orders (Occasional),At Risk (91-180d),2010-11-01,263.0,414.7
16179,2011-10-10 09:41:00,2011-10-10 09:41:00,1,215.83,215.83,United Kingdom,One-Time Customer,60,0,1 order (One-Time),Active (0-90d),2011-10-01,,215.83
16180,2010-06-23 13:19:00,2011-08-31 16:28:00,13,16249.87,1249.99,United Kingdom,Repeat Customer,100,434,10+ orders (Champions),At Risk (91-180d),2010-06-01,0.0,1633.67
16181,2011-09-27 13:38:00,2011-09-27 13:38:00,1,305.54,305.54,United Kingdom,One-Time Customer,73,0,1 order (One-Time),Active (0-90d),2011-09-01,,305.54
16182,2010-03-09 09:34:00,2011-09-28 13:23:00,9,9971.65,1107.96,United Kingdom,Repeat Customer,72,568,4-9 orders (Regular),Active (0-90d),2010-03-01,50.0,495.0
16183,2010-10-28 14:43:00,2011-10-03 14:59:00,4,1077.81,269.45,United Kingdom,Repeat Customer,67,340,4-9 orders (Regular),Active (0-90d),2010-10-01,5.0,454.1
16184,2011-05-12 13:33:00,2011-10-06 17:43:00,6,1158.79,193.13,United Kingdom,Repeat Customer,64,147,4-9 orders (Regular),Active (0-90d),2011-05-01,29.0,148.22
16185,2010-05-24 11:04:00,2011-11-23 09:41:00,3,644.72,214.91,United Kingdom,Repeat Customer,16,547,2-3 orders (Occasional),Active (0-90d),2010-05-01,332.0,115.31
16186,2009-12-09 15:36:00,2011-11-17 12:43:00,26,8718.43,335.32,United Kingdom,Repeat Customer,22,707,10+ orders (Champions),Active (0-90d),2009-12-01,95.0,389.34
16187,2011-02-28 13:34:00,2011-11-08 09:50:00,15,6911.44,460.76,United Kingdom,Repeat Customer,31,252,10+ orders (Champions),Active (0-90d),2011-02-01,0.0,195.0
16188,2010-10-27 11:50:00,2011-10-26 12:19:00,5,1087.66,217.53,United Kingdom,Repeat Customer,44,364,4-9 orders (Regular),Active (0-90d),2010-10-01,165.0,105.8
16189,2011-09-15 15:21:00,2011-11-24 11:47:00,2,215.48,107.74,United Kingdom,Repeat Customer,15,69,2-3 orders (Occasional),Active (0-90d),2011-09-01,69.0,144.48
16190,2009-12-14 11:59:00,2011-10-30 15:59:00,8,2723.55,340.44,United Kingdom,Repeat Customer,40,685,4-9 orders (Regular),Active (0-90d),2009-12-01,126.0,196.92
16191,2009-12-11 12:24:00,2011-12-07 11:26:00,24,15677.82,653.24,United Kingdom,Repeat Customer,2,725,10+ orders (Champions),Active (0-90d),2009-12-01,181.0,348.6
16192,2009-12-04 12:28:00,2009-12-04 12:28:00,1,351.3,351.3,United Kingdom,One-Time Customer,735,0,1 order (One-Time),Lapsed (180d+),2009-12-01,,351.3
16193,2010-10-25 10:25:00,2011-04-17 11:45:00,2,630.43,315.22,United Kingdom,Repeat Customer,236,174,2-3 orders (Occasional),Lapsed (180d+),2010-10-01,174.0,315.98
16194,2010-11-29 13:28:00,2010-11-29 13:28:00,1,308.6,308.6,United Kingdom,One-Time Customer,375,0,1 order (One-Time),Lapsed (180d+),2010-11-01,,308.6
16195,2009-12-16 14:09:00,2009-12-16 14:09:00,1,323.25,323.25,United Kingdom,One-Time Customer,723,0,1 order (One-Time),Lapsed (180d+),2009-12-01,,323.25
16196,2010-08-08 11:40:00,2010-08-08 11:40:00,1,93.3,93.3,United Kingdom,One-Time Customer,488,0,1 order (One-Time),Lapsed (180d+),2010-08-01,,93.3
16197,2009-12-16 11:44:00,2010-08-27 12:56:00,9,2016.71,224.08,United Kingdom,Repeat Customer,469,254,4-9 orders (Regular),Lapsed (180d+),2009-12-01,103.0,117.3
16198,2010-09-28 13:59:00,2011-09-25 14:58:00,2,1030.04,515.02,United Kingdom,Repeat Customer,75,362,2-3 orders (Occasional),Active (0-90d),2010-09-01,362.0,629.36
16199,2010-03-18 18:47:00,2010-11-12 12:55:00,7,942.75,134.68,United Kingdom,Repeat Customer,392,238,4-9 orders (Regular),Lapsed (180d+),2010-03-01,82.0,66.0
16200,2009-12-02 15:04:00,2011-12-05 14:40:00,12,5608.1,467.34,United Kingdom,Repeat Customer,4,732,10+ orders (Champions),Active (0-90d),2009-12-01,0.0,987.73
16201,2010-10-20 12:00:00,2011-12-06 16:02:00,5,2112.12,422.42,United Kingdom,Repeat Customer,3,412,4-9 orders (Regular),Active (0-90d),2010-10-01,305.0,248.65
16202,2009-12-02 10:48:00,2010-12-14 10:43:00,9,2501.99,278.0,United Kingdom,Repeat Customer,360,376,4-9 orders (Regular),Lapsed (180d+),2009-12-01,13.0,306.95
16203,2010-07-23 13:09:00,2011-10-12 12:31:00,6,943.84,157.31,United Kingdom,Repeat Customer,58,445,4-9 orders (Regular),Active (0-90d),2010-07-01,111.0,282.13
16204,2009-12-08 17:44:00,2011-11-16 13:40:00,3,918.71,306.24,United Kingdom,Repeat Customer,23,707,2-3 orders (Occasional),Active (0-90d),2009-12-01,350.0,213.27
16205,2010-06-15 11:58:00,2011-11-09 09:32:00,7,1813.51,259.07,United Kingdom,Repeat Customer,30,511,4-9 orders (Regular),Active (0-90d),2010-06-01,111.0,220.11
16206,2010-01-24 15:25:00,2011-10-16 10:41:00,13,2577.12,198.24,United Kingdom,Repeat Customer,54,629,10+ orders (Champions),Active (0-90d),2010-01-01,125.0,340.17
16207,2011-11-14 13:51:00,2011-11-14 13:51:00,1,394.38,394.38,United Kingdom,One-Time Customer,25,0,1 order (One-Time),Active (0-90d),2011-11-01,,394.38
16208,2010-02-24 14:24:00,2011-10-26 11:36:00,10,3440.45,344.04,United Kingdom,Repeat Customer,44,608,10+ orders (Champions),Active (0-90d),2010-02-01,12.0,323.55
16209,2010-06-11 11:58:00,2011-09-12 11:58:00,9,4146.78,460.75,United Kingdom,Repeat Customer,88,458,4-9 orders (Regular),Active (0-90d),2010-06-01,4.0,757.26
16210,2009-12-02 12:54:00,2011-12-08 12:36:00,33,33730.97,1022.15,United Kingdom,Repeat Customer,1,735,10+ orders (Champions),Active (0-90d),2009-12-01,6.0,634.29
16211,2010-09-27 15:24:00,2011-09-12 12:11:00,3,1090.59,363.53,United Kingdom,Repeat Customer,88,349,2-3 orders (Occasional),Active (0-90d),2010-09-01,16.0,243.57
16212,2010-02-07 15:26:00,2011-11-20 13:00:00,4,1293.71,323.43,United Kingdom,Repeat Customer,19,650,4-9 orders (Regular),Active (0-90d),2010-02-01,51.0,261.0
16213,2011-09-22 10:03:00,2011-09-22 10:03:00,1,159.0,159.0,United Kingdom,One-Time Customer,78,0,1 order (One-Time),Active (0-90d),2011-09-01,,159.0
16214,2010-09-30 13:57:00,2011-06-22 11:30:00,4,2038.25,509.56,United Kingdom,Repeat Customer,170,264,4-9 orders (Regular),At Risk (91-180d),2010-09-01,165.0,975.5
16215,2011-09-20 10:18:00,2011-09-20 10:18:00,1,242.35,242.35,United Kingdom,One-Time Customer,80,0,1 order (One-Time),Active (0-90d),2011-09-01,,242.35
16216,2011-03-17 15:34:00,2011-03-17 15:34:00,1,914.93,914.93,United Kingdom,One-Time Customer,267,0,1 order (One-Time),Lapsed (180d+),2011-03-01,,914.93
16217,2011-03-02 15:28:00,2011-04-18 13:31:00,2,304.25,152.12,United Kingdom,Repeat Customer,235,46,2-3 orders (Occasional),Lapsed (180d+),2011-03-01,46.0,183.0
16218,2010-05-27 16:09:00,2011-11-10 09:59:00,13,3968.67,305.28,United Kingdom,Repeat Customer,29,531,10+ orders (Champions),Active (0-90d),2010-05-01,107.0,113.2
16219,2010-07-27 11:44:00,2010-07-27 11:44:00,1,40.8,40.8,United Kingdom,One-Time Customer,500,0,1 order (One-Time),Lapsed (180d+),2010-07-01,,40.8
16221,2010-08-10 13:32:00,2011-11-03 11:43:00,9,2018.47,224.27,United Kingdom,Repeat Customer,36,449,4-9 orders (Regular),Active (0-90d),2010-08-01,6.0,266.29
16222,2009-12-18 14:31:00,2011-01-25 13:38:00,2,1272.05,636.02,United Kingdom,Repeat Customer,318,402,2-3 orders (Occasional),Lapsed (180d+),2009-12-01,402.0,498.5
16223,2010-11-09 12:07:00,2010-11-30 11:50:00,2,1087.05,543.53,United Kingdom,Repeat Customer,374,20,2-3 orders (Occasional),Lapsed (180d+),2010-11-01,20.0,583.44
16224,2010-11-17 13:14:00,2011-10-13 17:51:00,5,1616.54,323.31,United Kingdom,Repeat Customer,57,330,4-9 orders (Regular),Active (0-90d),2010-11-01,137.0,321.24
16225,2010-02-07 12:41:00,2011-10-26 08:30:00,15,2859.31,190.62,United Kingdom,Repeat Customer,44,625,10+ orders (Champions),Active (0-90d),2010-02-01,7.0,181.6
16226,2010-10-22 11:19:00,2011-05-20 14:41:00,5,672.17,134.43,United Kingdom,Repeat Customer,203,210,4-9 orders (Regular),Lapsed (180d+),2010-10-01,35.0,328.85
16227,2010-06-22 13:28:00,2011-04-28 13:33:00,3,1027.22,342.41,United Kingdom,Repeat Customer,225,310,2-3 orders (Occasional),Lapsed (180d+),2010-06-01,41.0,320.2
16228,2010-11-04 18:54:00,2010-11-19 14:20:00,3,885.71,295.24,United Kingdom,Repeat Customer,385,14,2-3 orders (Occasional),Lapsed (180d+),2010-11-01,0.0,254.79
16229,2010-05-24 12:59:00,2011-09-13 17:16:00,6,2867.86,477.98,United Kingdom,Repeat Customer,87,477,4-9 orders (Regular),Active (0-90d),2010-05-01,23.0,420.36
16230,2011-05-03 15:12:00,2011-06-03 10:06:00,2,542.03,271.02,United Kingdom,Repeat Customer,189,30,2-3 orders (Occasional),Lapsed (180d+),2011-05-01,30.0,275.93
16231,2010-04-21 12:06:00,2010-11-25 15:00:00,4,1074.47,268.62,United Kingdom,Repeat Customer,379,218,4-9 orders (Regular),Lapsed (180d+),2010-04-01,173.0,287.8
16232,2010-06-07 14:04:00,2011-10-27 12:16:00,7,2712.97,387.57,United Kingdom,Repeat Customer,43,506,4-9 orders (Regular),Active (0-90d),2010-06-01,65.0,678.75
16233,2009-12-02 13:23:00,2011-09-29 17:27:00,9,1818.31,202.03,United Kingdom,Repeat Customer,71,666,4-9 orders (Regular),Active (0-90d),2009-12-01,50.0,294.3
16234,2010-05-27 10:39:00,2010-08-20 14:33:00,3,333.18,111.06,United Kingdom,Repeat Customer,476,85,2-3 orders (Occasional),Lapsed (180d+),2010-05-01,47.0,91.36
16235,2010-08-26 12:10:00,2011-10-30 10:56:00,8,2043.71,255.46,United Kingdom,Repeat Customer,40,429,4-9 orders (Regular),Active (0-90d),2010-08-01,8.0,675.46
16236,2011-09-22 14:10:00,2011-09-22 14:10:00,1,432.2,432.2,United Kingdom,One-Time Customer,78,0,1 order (One-Time),Active (0-90d),2011-09-01,,432.2
16237,2010-09-28 17:02:00,2010-09-28 17:02:00,1,136.65,136.65,United Kingdom,One-Time Customer,437,0,1 order (One-Time),Lapsed (180d+),2010-09-01,,136.65
16238,2010-10-13 12:36:00,2010-10-13 12:36:00,1,63.66,63.66,United Kingdom,One-Time Customer,422,0,1 order (One-Time),Lapsed (180d+),2010-10-01,,63.66
16239,2010-09-02 19:17:00,2011-10-14 08:29:00,6,1492.2,248.7,United Kingdom,Repeat Customer,56,406,4-9 orders (Regular),Active (0-90d),2010-09-01,33.0,262.6
16240,2011-09-23 13:44:00,2011-11-15 14:30:00,2,3718.8,1859.4,United Kingdom,Repeat Customer,24,53,2-3 orders (Occasional),Active (0-90d),2011-09-01,53.0,1824.79
16241,2010-10-25 13:40:00,2011-11-30 11:08:00,16,3989.81,249.36,United Kingdom,Repeat Customer,9,400,10+ orders (Champions),Active (0-90d),2010-10-01,17.0,380.64
16242,2010-03-15 16:02:00,2011-12-01 15:12:00,14,7404.65,528.9,United Kingdom,Repeat Customer,8,625,10+ orders (Champions),Active (0-90d),2010-03-01,41.0,516.38
16243,2011-10-16 12:09:00,2011-11-06 12:32:00,2,409.1,204.55,United Kingdom,Repeat Customer,33,21,2-3 orders (Occasional),Active (0-90d),2011-10-01,21.0,214.95
16244,2010-12-02 11:41:00,2011-05-12 10:18:00,2,1522.75,761.38,United Kingdom,Repeat Customer,211,160,2-3 orders (Occasional),Lapsed (180d+),2010-12-01,160.0,1056.63
16245,2011-03-28 09:30:00,2011-11-16 10:14:00,3,1413.66,471.22,United Kingdom,Repeat Customer,23,233,2-3 orders (Occasional),Active (0-90d),2011-03-01,135.0,453.98
16246,2010-02-08 12:32:00,2010-09-06 12:04:00,2,821.35,410.68,United Kingdom,Repeat Customer,459,209,2-3 orders (Occasional),Lapsed (180d+),2010-02-01,209.0,166.9
16247,2011-06-22 14:23:00,2011-06-22 14:23:00,1,114.56,114.56,United Kingdom,One-Time Customer,170,0,1 order (One-Time),At Risk (91-180d),2011-06-01,,114.56
16248,2011-10-09 11:32:00,2011-10-09 11:32:00,1,152.94,152.94,United Kingdom,One-Time Customer,61,0,1 order (One-Time),Active (0-90d),2011-10-01,,152.94
16249,2011-04-14 13:50:00,2011-10-18 10:07:00,5,1800.07,360.01,United Kingdom,Repeat Customer,52,186,4-9 orders (Regular),Active (0-90d),2011-04-01,38.0,814.83
16250,2010-11-18 10:43:00,2011-03-23 15:07:00,3,565.24,188.41,United Kingdom,Repeat Customer,261,125,2-3 orders (Occasional),Lapsed (180d+),2010-11-01,12.0,175.8
16251,2010-07-15 14:55:00,2010-07-15 14:55:00,1,128.31,128.31,United Kingdom,One-Time Customer,512,0,1 order (One-Time),Lapsed (180d+),2010-07-01,,128.31
16252,2010-11-22 11:57:00,2010-11-22 11:57:00,1,295.09,295.09,United Kingdom,One-Time Customer,382,0,1 order (One-Time),Lapsed (180d+),2010-11-01,,295.09
16253,2009-12-08 17:24:00,2011-10-04 09:09:00,7,7272.2,1038.89,United Kingdom,Repeat Customer,66,664,4-9 orders (Regular),Active (0-90d),2009-12-01,41.0,379.13
16254,2010-03-17 15:43:00,2010-11-26 13:22:00,3,967.44,322.48,United Kingdom,Repeat Customer,378,253,2-3 orders (Occasional),Lapsed (180d+),2010-03-01,130.0,159.74
16255,2010-01-24 12:21:00,2011-11-23 12:40:00,15,4530.0,302.0,United Kingdom,Repeat Customer,16,668,10+ orders (Champions),Active (0-90d),2010-01-01,48.0,297.63
16256,2010-04-21 10:34:00,2011-03-18 12:18:00,3,1629.37,543.12,United Kingdom,Repeat Customer,266,331,2-3 orders (Occasional),Lapsed (180d+),2010-04-01,103.0,569.84
16257,2011-06-16 10:11:00,2011-06-16 10:11:00,1,46.95,46.95,United Kingdom,One-Time Customer,176,0,1 order (One-Time),At Risk (91-180d),2011-06-01,,46.95
16258,2010-03-10 14:19:00,2011-10-25 13:30:00,15,11942.52,796.17,United Kingdom,Repeat Customer,45,593,10+ orders (Champions),Active (0-90d),2010-03-01,50.0,754.95
16259,2010-04-13 16:57:00,2010-10-25 14:27:00,3,340.94,113.65,United Kingdom,Repeat Customer,410,194,2-3 orders (Occasional),Lapsed (180d+),2010-04-01,0.0,134.77
16260,2011-10-20 09:40:00,2011-10-20 09:40:00,1,1035.45,1035.45,United Kingdom,One-Time Customer,50,0,1 order (One-Time),Active (0-90d),2011-10-01,,1035.45
16261,2010-09-23 16:40:00,2011-11-22 17:23:00,6,1041.16,173.53,United Kingdom,Repeat Customer,17,425,4-9 orders (Regular),Active (0-90d),2010-09-01,56.0,151.69
16262,2010-11-26 13:22:00,2010-11-26 13:22:00,1,755.15,755.15,United Kingdom,One-Time Customer,378,0,1 order (One-Time),Lapsed (180d+),2010-11-01,,755.15
16263,2010-10-12 14:52:00,2010-10-12 14:52:00,1,348.16,348.16,United Kingdom,One-Time Customer,423,0,1 order (One-Time),Lapsed (180d+),2010-10-01,,348.16
16264,2010-09-19 16:14:00,2010-09-27 15:00:00,2,823.53,411.76,United Kingdom,Repeat Customer,438,7,2-3 orders (Occasional),Lapsed (180d+),2010-09-01,7.0,557.48
16265,2010-10-28 15:18:00,2011-11-30 16:41:00,12,6935.17,577.93,United Kingdom,Repeat Customer,9,398,10+ orders (Champions),Active (0-90d),2010-10-01,7.0,187.6
16266,2010-02-04 16:21:00,2011-09-27 12:08:00,14,1757.95,125.57,United Kingdom,Repeat Customer,73,599,10+ orders (Champions),Active (0-90d),2010-02-01,60.0,152.17
16267,2010-04-27 14:10:00,2010-04-27 14:10:00,1,186.66,186.66,United Kingdom,One-Time Customer,591,0,1 order (One-Time),Lapsed (180d+),2010-04-01,,186.66
16268,2011-09-29 18:30:00,2011-09-29 18:30:00,2,667.65,333.82,United Kingdom,Repeat Customer,71,0,2-3 orders (Occasional),Active (0-90d),2011-09-01,0.0,493.76
16269,2010-09-28 11:50:00,2010-09-28 11:50:00,1,717.57,717.57,United Kingdom,One-Time Customer,437,0,1 order (One-Time),Lapsed (180d+),2010-09-01,,717.57
16270,2010-12-21 14:26:00,2010-12-21 14:26:00,1,1141.24,1141.24,United Kingdom,One-Time Customer,353,0,1 order (One-Time),Lapsed (180d+),2010-12-01,,1141.24
16271,2010-03-07 12:03:00,2011-11-24 12:12:00,8,3367.82,420.98,United Kingdom,Repeat Customer,15,627,4-9 orders (Regular),Active (0-90d),2010-03-01,90.0,666.44
16272,2011-08-15 10:53:00,2011-08-15 10:53:00,1,411.7,411.7,United Kingdom,One-Time Customer,116,0,1 order (One-Time),At Risk (91-180d),2011-08-01,,411.7
16273,2010-02-21 16:02:00,2010-03-01 13:24:00,2,318.34,159.17,United Kingdom,Repeat Customer,648,7,2-3 orders (Occasional),Lapsed (180d+),2010-02-01,7.0,241.84
16274,2010-12-01 15:35:00,2010-12-01 15:35:00,1,331.55,331.55,United Kingdom,One-Time Customer,373,0,1 order (One-Time),Lapsed (180d+),2010-12-01,,331.55
16275,2010-03-08 14:41:00,2011-05-27 12:41:00,3,2151.11,717.04,United Kingdom,Repeat Customer,196,444,2-3 orders (Occasional),Lapsed (180d+),2010-03-01,166.0,695.84
16276,2010-04-11 12:02:00,2011-06-16 09:34:00,3,2629.39,876.46,United Kingdom,Repeat Customer,176,430,2-3 orders (Occasional),At Risk (91-180d),2010-04-01,128.0,1057.36
16277,2009-12-06 11:27:00,2009-12-06 11:27:00,1,188.69,188.69,United Kingdom,One-Time Customer,733,0,1 order (One-Time),Lapsed (180d+),2009-12-01,,188.69
16278,2010-07-28 15:40:00,2011-08-31 17:12:00,3,1117.84,372.61,United Kingdom,Repeat Customer,100,399,2-3 orders (Occasional),At Risk (91-180d),2010-07-01,18.0,260.3
16279,2010-04-22 14:09:00,2011-11-18 15:00:00,9,5698.28,633.14,United Kingdom,Repeat Customer,21,575,4-9 orders (Regular),Active (0-90d),2010-04-01,41.0,484.82
16280,2009-12-14 15:49:00,2009-12-14 15:49:00,1,238.05,238.05,United Kingdom,One-Time Customer,725,0,1 order (One-Time),Lapsed (180d+),2009-12-01,,238.05
16281,2010-01-26 13:41:00,2011-09-28 14:57:00,3,3424.02,1141.34,United Kingdom,Repeat Customer,72,610,2-3 orders (Occasional),Active (0-90d),2010-01-01,258.0,781.52
16282,2009-12-21 11:52:00,2011-01-04 11:42:00,3,1307.58,435.86,United Kingdom,Repeat Customer,339,378,2-3 orders (Occasional),Lapsed (180d+),2009-12-01,230.0,270.0
16283,2010-02-28 14:12:00,2011-12-04 12:08:00,8,4348.62,543.58,United Kingdom,Repeat Customer,5,643,4-9 orders (Regular),Active (0-90d),2010-02-01,122.0,854.02
16284,2010-11-11 13:27:00,2011-11-08 16:12:00,3,1018.48,339.49,United Kingdom,Repeat Customer,31,362,2-3 orders (Occasional),Active (0-90d),2010-11-01,343.0,205.8
16285,2010-03-03 16:03:00,2010-03-03 16:03:00,1,176.9,176.9,United Kingdom,One-Time Customer,646,0,1 order (One-Time),Lapsed (180d+),2010-03-01,,176.9
16286,2010-03-26 09:58:00,2010-08-19 14:48:00,2,328.95,164.48,United Kingdom,Repeat Customer,477,146,2-3 orders (Occasional),Lapsed (180d+),2010-03-01,146.0,272.95
16287,2010-01-19 09:46:00,2011-06-23 09:08:00,5,1006.98,201.4,United Kingdom,Repeat Customer,169,519,4-9 orders (Regular),At Risk (91-180d),2010-01-01,48.0,226.62
16288,2010-08-26 14:45:00,2010-08-26 14:45:00,1,129.85,129.85,United Kingdom,One-Time Customer,470,0,1 order (One-Time),Lapsed (180d+),2010-08-01,,129.85
16289,2010-09-03 14:02:00,2010-09-03 14:02:00,1,136.31,136.31,United Kingdom,One-Time Customer,462,0,1 order (One-Time),Lapsed (180d+),2010-09-01,,136.31
16290,2010-05-23 11:46:00,2010-09-01 11:52:00,4,1957.7,489.42,United Kingdom,Repeat Customer,464,101,4-9 orders (Regular),Lapsed (180d+),2010-05-01,20.0,898.03
16292,2010-04-14 13:29:00,2011-08-10 12:24:00,5,1253.76,250.75,United Kingdom,Repeat Customer,121,482,4-9 orders (Regular),At Risk (91-180d),2010-04-01,59.0,312.26
16293,2009-12-11 09:58:00,2011-11-18 09:58:00,15,4279.2,285.28,United Kingdom,Repeat Customer,21,707,10+ orders (Champions),Active (0-90d),2009-12-01,159.0,325.64
16294,2010-08-20 12:01:00,2010-08-20 12:01:00,1,126.05,126.05,United Kingdom,One-Time Customer,476,0,1 order (One-Time),Lapsed (180d+),2010-08-01,,126.05
16295,2011-10-06 10:45:00,2011-11-30 08:17:00,4,1328.55,332.14,United Kingdom,Repeat Customer,9,54,4-9 orders (Regular),Active (0-90d),2011-10-01,6.0,355.9
16296,2009-12-18 12:03:00,2010-03-23 13:11:00,4,1313.67,328.42,United Kingdom,Repeat Customer,626,95,4-9 orders (Regular),Lapsed (180d+),2009-12-01,20.0,376.0
16297,2011-03-16 08:29:00,2011-03-16 08:29:00,1,301.9,301.9,United Kingdom,One-Time Customer,268,0,1 order (One-Time),Lapsed (180d+),2011-03-01,,301.9
16298,2010-09-23 15:23:00,2011-11-17 11:59:00,7,1085.7,155.1,United Kingdom,Repeat Customer,22,419,4-9 orders (Regular),Active (0-90d),2010-09-01,13.0,183.6
16299,2010-08-19 17:46:00,2010-08-19 17:46:00,1,193.65,193.65,United Kingdom,One-Time Customer,477,0,1 order (One-Time),Lapsed (180d+),2010-08-01,,193.65
16300,2010-02-02 11:40:00,2010-10-05 13:14:00,3,1367.32,455.77,United Kingdom,Repeat Customer,430,245,2-3 orders (Occasional),Lapsed (180d+),2010-02-01,50.0,411.11
16301,2009-12-03 10:20:00,2009-12-03 10:20:00,1,107.33,107.33,United Kingdom,One-Time Customer,736,0,1 order (One-Time),Lapsed (180d+),2009-12-01,,107.33
16302,2011-08-05 09:44:00,2011-08-05 09:44:00,1,233.22,233.22,United Kingdom,One-Time Customer,126,0,1 order (One-Time),At Risk (91-180d),2011-08-01,,233.22
16303,2010-03-18 14:12:00,2011-11-14 10:49:00,7,7928.27,1132.61,United Kingdom,Repeat Customer,25,605,4-9 orders (Regular),Active (0-90d),2010-03-01,62.0,618.36
16304,2010-01-14 08:30:00,2010-01-14 08:30:00,1,381.66,381.66,United Kingdom,One-Time Customer,694,0,1 order (One-Time),Lapsed (180d+),2010-01-01,,381.66
16305,2011-07-24 12:18:00,2011-07-24 12:18:00,1,361.22,361.22,United Kingdom,One-Time Customer,138,0,1 order (One-Time),At Risk (91-180d),2011-07-01,,361.22
16306,2010-10-01 09:36:00,2011-05-10 12:12:00,7,1124.72,160.67,United Kingdom,Repeat Customer,213,221,4-9 orders (Regular),Lapsed (180d+),2010-10-01,67.0,492.45
16307,2010-05-11 14:40:00,2010-10-06 14:31:00,3,1194.92,398.31,United Kingdom,Repeat Customer,429,147,2-3 orders (Occasional),Lapsed (180d+),2010-05-01,34.0,435.85
16308,2009-12-15 15:48:00,2011-11-02 11:24:00,7,5120.0,731.43,United Kingdom,Repeat Customer,37,686,4-9 orders (Regular),Active (0-90d),2009-12-01,180.0,960.0
16309,2011-04-13 11:46:00,2011-08-25 15:35:00,2,706.57,353.28,United Kingdom,Repeat Customer,106,134,2-3 orders (Occasional),At Risk (91-180d),2011-04-01,134.0,334.2
16310,2010-03-07 15:41:00,2010-10-21 14:47:00,2,460.08,230.04,United Kingdom,Repeat Customer,414,227,2-3 orders (Occasional),Lapsed (180d+),2010-03-01,227.0,190.38
16311,2011-10-21 13:13:00,2011-11-22 08:54:00,2,616.26,308.13,United Kingdom,Repeat Customer,17,31,2-3 orders (Occasional),Active (0-90d),2011-10-01,31.0,401.55
16312,2010-10-03 14:15:00,2010-10-03 14:15:00,1,171.15,171.15,United Kingdom,One-Time Customer,432,0,1 order (One-Time),Lapsed (180d+),2010-10-01,,171.15
16313,2011-10-21 09:04:00,2011-12-06 13:02:00,2,274.15,137.07,United Kingdom,Repeat Customer,3,46,2-3 orders (Occasional),Active (0-90d),2011-10-01,46.0,167.62
16314,2010-08-24 11:52:00,2010-11-15 12:06:00,3,1491.4,497.13,United Kingdom,Repeat Customer,389,83,2-3 orders (Occasional),Lapsed (180d+),2010-08-01,13.0,401.2
16315,2010-06-21 13:53:00,2011-01-13 11:57:00,2,402.71,201.36,United Kingdom,Repeat Customer,330,205,2-3 orders (Occasional),Lapsed (180d+),2010-06-01,205.0,176.34
16316,2010-08-03 14:38:00,2011-10-06 13:48:00,13,5744.91,441.92,United Kingdom,Repeat Customer,64,428,10+ orders (Champions),Active (0-90d),2010-08-01,47.0,993.75
16317,2010-05-04 10:17:00,2011-08-12 12:46:00,5,2192.51,438.5,United Kingdom,Repeat Customer,119,465,4-9 orders (Regular),At Risk (91-180d),2010-05-01,34.0,374.5
16318,2011-11-04 13:05:00,2011-11-04 13:05:00,1,328.15,328.15,United Kingdom,One-Time Customer,35,0,1 order (One-Time),Active (0-90d),2011-11-01,,328.15
16319,2011-05-06 11:27:00,2011-05-06 11:27:00,1,404.4,404.4,United Kingdom,One-Time Customer,217,0,1 order (One-Time),Lapsed (180d+),2011-05-01,,404.4
16320,2010-01-27 13:29:00,2011-06-20 15:25:00,6,5628.99,938.16,Unspecified,Repeat Customer,172,509,4-9 orders (Regular),At Risk (91-180d),2010-01-01,166.0,823.15
16321,2009-12-01 10:36:00,2011-09-28 14:55:00,7,604.55,86.36,Australia,Repeat Customer,72,666,4-9 orders (Regular),Active (0-90d),2009-12-01,112.0,196.1
16322,2011-11-03 14:33:00,2011-12-08 15:41:00,2,326.75,163.38,United Kingdom,Repeat Customer,1,35,2-3 orders (Occasional),Active (0-90d),2011-11-01,35.0,213.08
16323,2010-05-11 09:48:00,2011-05-27 14:48:00,2,353.66,176.83,United Kingdom,Repeat Customer,196,381,2-3 orders (Occasional),Lapsed (180d+),2010-05-01,381.0,146.16
16324,2011-06-15 14:26:00,2011-08-03 12:58:00,3,408.59,136.2,United Kingdom,Repeat Customer,128,48,2-3 orders (Occasional),At Risk (91-180d),2011-06-01,48.0,155.37
16325,2009-12-04 13:21:00,2011-10-24 08:48:00,12,3597.5,299.79,United Kingdom,Repeat Customer,46,688,10+ orders (Champions),Active (0-90d),2009-12-01,9.0,164.03
16326,2010-01-28 13:23:00,2011-12-04 10:11:00,24,4626.25,192.76,United Kingdom,Repeat Customer,5,674,10+ orders (Champions),Active (0-90d),2010-01-01,51.0,258.82
16327,2009-12-14 13:06:00,2011-11-25 13:23:00,16,10129.04,633.07,United Kingdom,Repeat Customer,14,711,10+ orders (Champions),Active (0-90d),2009-12-01,39.0,698.61
16328,2010-05-25 14:02:00,2010-05-25 14:02:00,1,310.83,310.83,United Kingdom,One-Time Customer,563,0,1 order (One-Time),Lapsed (180d+),2010-05-01,,310.83
16329,2009-12-01 11:34:00,2010-10-08 12:44:00,4,1664.92,416.23,United Kingdom,Repeat Customer,427,311,4-9 orders (Regular),Lapsed (180d+),2009-12-01,93.0,250.06
16330,2010-02-15 12:36:00,2011-11-22 12:24:00,7,625.38,89.34,United Kingdom,Repeat Customer,17,644,4-9 orders (Regular),Active (0-90d),2010-02-01,223.0,51.43
16331,2010-03-07 10:55:00,2010-10-03 13:47:00,6,2037.7,339.62,United Kingdom,Repeat Customer,432,210,4-9 orders (Regular),Lapsed (180d+),2010-03-01,9.0,477.1
16332,2010-04-29 13:41:00,2011-11-11 14:22:00,11,1997.49,181.59,United Kingdom,Repeat Customer,28,561,10+ orders (Champions),Active (0-90d),2010-04-01,112.0,107.75
16333,2011-02-03 10:50:00,2011-12-02 12:19:00,22,26626.8,1210.31,United Kingdom,Repeat Customer,7,302,10+ orders (Champions),Active (0-90d),2011-02-01,11.0,989.52
16334,2010-08-04 16:38:00,2010-08-04 16:38:00,1,263.73,263.73,United Kingdom,One-Time Customer,492,0,1 order (One-Time),Lapsed (180d+),2010-08-01,,263.73
16335,2009-12-04 10:18:00,2010-06-06 11:35:00,7,2753.52,393.36,United Kingdom,Repeat Customer,551,184,4-9 orders (Regular),Lapsed (180d+),2009-12-01,9.0,288.79
16336,2010-03-18 08:05:00,2010-10-15 12:32:00,4,3517.69,879.42,United Kingdom,Repeat Customer,420,211,4-9 orders (Regular),Lapsed (180d+),2010-03-01,0.0,1328.04
16337,2011-11-03 10:03:00,2011-11-03 10:03:00,1,151.05,151.05,United Kingdom,One-Time Customer,36,0,1 order (One-Time),Active (0-90d),2011-11-01,,151.05
16338,2011-07-05 13:56:00,2011-07-05 13:56:00,1,214.8,214.8,United Kingdom,One-Time Customer,157,0,1 order (One-Time),At Risk (91-180d),2011-07-01,,214.8
16339,2011-02-28 13:41:00,2011-02-28 13:41:00,1,94.05,94.05,United Kingdom,One-Time Customer,284,0,1 order (One-Time),Lapsed (180d+),2011-02-01,,94.05
16340,2010-06-06 13:26:00,2011-08-24 14:53:00,3,1496.24,498.75,United Kingdom,Repeat Customer,107,444,2-3 orders (Occasional),At Risk (91-180d),2010-06-01,111.0,366.04
16341,2010-04-09 10:30:00,2011-11-15 09:12:00,7,3850.79,550.11,United Kingdom,Repeat Customer,24,584,4-9 orders (Regular),Active (0-90d),2010-04-01,166.0,762.28
16342,2011-06-13 10:10:00,2011-09-25 14:36:00,4,322.41,80.6,United Kingdom,Repeat Customer,75,104,4-9 orders (Regular),Active (0-90d),2011-06-01,34.0,136.95
16343,2010-10-28 14:15:00,2011-11-23 17:45:00,3,614.12,204.71,United Kingdom,Repeat Customer,16,391,2-3 orders (Occasional),Active (0-90d),2010-10-01,391.0,285.54
16344,2010-02-09 12:16:00,2011-07-04 15:50:00,4,842.42,210.6,United Kingdom,Repeat Customer,158,510,4-9 orders (Regular),At Risk (91-180d),2010-02-01,72.0,209.1
16345,2010-08-13 17:13:00,2011-10-26 16:03:00,2,1178.79,589.4,United Kingdom,Repeat Customer,44,438,2-3 orders (Occasional),Active (0-90d),2010-08-01,438.0,613.33
16346,2010-11-19 15:55:00,2010-11-19 15:55:00,1,224.51,224.51,United Kingdom,One-Time Customer,385,0,1 order (One-Time),Lapsed (180d+),2010-11-01,,224.51
16347,2010-03-12 12:41:00,2011-11-28 13:14:00,11,3442.96,313.0,United Kingdom,Repeat Customer,11,626,10+ orders (Champions),Active (0-90d),2010-03-01,19.0,221.74
16348,2010-10-05 13:57:00,2011-11-07 15:44:00,8,1742.08,217.76,United Kingdom,Repeat Customer,32,398,4-9 orders (Regular),Active (0-90d),2010-10-01,190.0,328.77
16349,2011-02-22 12:40:00,2011-02-22 12:40:00,1,53.5,53.5,United Kingdom,One-Time Customer,290,0,1 order (One-Time),Lapsed (180d+),2011-02-01,,53.5
16350,2010-10-07 16:33:00,2011-11-18 15:53:00,9,2253.89,250.43,United Kingdom,Repeat Customer,21,406,4-9 orders (Regular),Active (0-90d),2010-10-01,27.0,312.0
16351,2009-12-04 16:12:00,2011-01-11 10:26:00,13,3330.03,256.16,United Kingdom,Repeat Customer,332,402,10+ orders (Champions),Lapsed (180d+),2009-12-01,13.0,216.6
16352,2011-11-02 08:44:00,2011-11-22 10:32:00,2,494.44,247.22,United Kingdom,Repeat Customer,17,20,2-3 orders (Occasional),Active (0-90d),2011-11-01,20.0,204.92
16353,2009-12-07 13:55:00,2011-12-06 12:23:00,38,9795.46,257.78,United Kingdom,Repeat Customer,3,728,10+ orders (Champions),Active (0-90d),2009-12-01,0.0,207.9
16354,2010-04-27 13:33:00,2011-10-07 14:28:00,5,1119.46,223.89,United Kingdom,Repeat Customer,63,528,4-9 orders (Regular),Active (0-90d),2010-04-01,150.0,208.28
16355,2010-11-29 14:21:00,2010-11-29 14:21:00,1,416.35,416.35,United Kingdom,One-Time Customer,375,0,1 order (One-Time),Lapsed (180d+),2010-11-01,,416.35
16356,2010-06-06 11:26:00,2011-05-26 11:51:00,6,415.87,69.31,United Kingdom,Repeat Customer,197,354,4-9 orders (Regular),Lapsed (180d+),2010-06-01,0.0,85.8
16357,2010-11-23 18:52:00,2011-11-06 16:04:00,4,868.37,217.09,United Kingdom,Repeat Customer,33,347,4-9 orders (Regular),Active (0-90d),2010-11-01,167.0,209.49
16358,2010-11-10 11:36:00,2011-12-08 15:09:00,5,2919.65,583.93,United Kingdom,Repeat Customer,1,393,4-9 orders (Regular),Active (0-90d),2010-11-01,210.0,892.15
16359,2010-02-16 10:39:00,2011-12-02 17:04:00,16,2697.75,168.61,United Kingdom,Repeat Customer,7,654,10+ orders (Champions),Active (0-90d),2010-02-01,71.0,178.43
16360,2011-09-12 13:50:00,2011-12-05 12:16:00,6,3450.41,575.07,United Kingdom,Repeat Customer,4,83,4-9 orders (Regular),Active (0-90d),2011-09-01,7.0,205.11
16361,2011-09-29 13:13:00,2011-11-30 12:32:00,4,891.21,222.8,United Kingdom,Repeat Customer,9,61,4-9 orders (Regular),Active (0-90d),2011-09-01,31.0,334.94
16362,2010-09-28 09:24:00,2011-11-07 13:01:00,6,922.16,153.69,United Kingdom,Repeat Customer,32,405,4-9 orders (Regular),Active (0-90d),2010-09-01,346.0,212.17
16363,2011-10-17 14:14:00,2011-10-17 14:14:00,1,109.36,109.36,United Kingdom,One-Time Customer,53,0,1 order (One-Time),Active (0-90d),2011-10-01,,109.36
16364,2011-07-25 14:35:00,2011-11-28 11:27:00,2,705.79,352.9,United Kingdom,Repeat Customer,11,125,2-3 orders (Occasional),Active (0-90d),2011-07-01,125.0,346.3
16365,2009-12-11 12:41:00,2011-11-22 11:24:00,15,3167.34,211.16,United Kingdom,Repeat Customer,17,710,10+ orders (Champions),Active (0-90d),2009-12-01,97.0,198.77
16366,2009-12-16 10:39:00,2011-11-21 08:19:00,4,1548.13,387.03,United Kingdom,Repeat Customer,18,704,4-9 orders (Regular),Active (0-90d),2009-12-01,43.0,243.65
16367,2010-11-21 13:23:00,2011-11-02 13:13:00,3,1350.48,450.16,United Kingdom,Repeat Customer,37,345,2-3 orders (Occasional),Active (0-90d),2010-11-01,20.0,549.81
16368,2010-09-30 11:30:00,2011-12-07 13:12:00,3,621.44,207.15,United Kingdom,Repeat Customer,2,433,2-3 orders (Occasional),Active (0-90d),2010-09-01,407.0,141.53
16369,2010-04-07 16:52:00,2011-11-21 16:25:00,7,2654.48,379.21,United Kingdom,Repeat Customer,18,592,4-9 orders (Regular),Active (0-90d),2010-04-01,48.0,222.25
16370,2011-04-28 16:40:00,2011-09-18 15:55:00,4,1301.91,325.48,United Kingdom,Repeat Customer,82,142,4-9 orders (Regular),Active (0-90d),2011-04-01,42.0,272.17
16371,2010-09-17 12:09:00,2010-09-17 12:09:00,1,157.2,157.2,United Kingdom,One-Time Customer,448,0,1 order (One-Time),Lapsed (180d+),2010-09-01,,157.2
16372,2010-04-11 15:20:00,2011-11-06 13:08:00,5,1290.31,258.06,United Kingdom,Repeat Customer,33,573,4-9 orders (Regular),Active (0-90d),2010-04-01,192.0,110.95
16373,2010-10-24 13:10:00,2010-11-22 15:50:00,2,309.49,154.74,United Kingdom,Repeat Customer,382,29,2-3 orders (Occasional),Lapsed (180d+),2010-10-01,29.0,194.74
16374,2010-04-30 13:10:00,2011-10-04 15:21:00,5,1709.55,341.91,United Kingdom,Repeat Customer,66,522,4-9 orders (Regular),Active (0-90d),2010-04-01,135.0,449.24
16375,2010-08-26 14:12:00,2010-08-26 14:25:00,2,104.0,52.0,United Kingdom,Repeat Customer,470,0,2-3 orders (Occasional),Lapsed (180d+),2010-08-01,0.0,46.45
16376,2011-11-22 16:47:00,2011-12-01 11:38:00,2,974.96,487.48,United Kingdom,Repeat Customer,8,8,2-3 orders (Occasional),Active (0-90d),2011-11-01,8.0,862.2
16377,2010-04-01 10:36:00,2011-03-17 15:41:00,2,1308.48,654.24,United Kingdom,Repeat Customer,267,350,2-3 orders (Occasional),Lapsed (180d+),2010-04-01,350.0,632.28
16378,2011-02-02 12:42:00,2011-04-06 15:07:00,3,362.95,120.98,United Kingdom,Repeat Customer,247,63,2-3 orders (Occasional),Lapsed (180d+),2011-02-01,13.0,144.2
16379,2011-09-22 09:33:00,2011-12-05 15:38:00,4,2157.4,539.35,United Kingdom,Repeat Customer,4,74,4-9 orders (Regular),Active (0-90d),2011-09-01,41.0,478.88
16380,2011-10-09 15:40:00,2011-10-09 15:40:00,1,1743.15,1743.15,United Kingdom,One-Time Customer,61,0,1 order (One-Time),Active (0-90d),2011-10-01,,1743.15
16381,2010-10-17 13:06:00,2010-11-09 09:56:00,2,247.85,123.92,United Kingdom,Repeat Customer,395,22,2-3 orders (Occasional),Lapsed (180d+),2010-10-01,22.0,204.35
16382,2010-06-07 12:42:00,2010-10-27 16:23:00,2,353.1,176.55,United Kingdom,Repeat Customer,408,142,2-3 orders (Occasional),Lapsed (180d+),2010-06-01,142.0,195.77
16383,2010-02-04 13:18:00,2011-09-26 12:45:00,7,2887.99,412.57,United Kingdom,Repeat Customer,74,598,4-9 orders (Regular),Active (0-90d),2010-02-01,83.0,460.39
16384,2010-04-28 14:01:00,2011-09-11 11:19:00,4,1358.95,339.74,United Kingdom,Repeat Customer,89,500,4-9 orders (Regular),Active (0-90d),2010-04-01,160.0,319.75
16385,2010-03-18 12:45:00,2011-10-10 13:12:00,5,881.35,176.27,United Kingdom,Repeat Customer,60,571,4-9 orders (Regular),Active (0-90d),2010-03-01,242.0,110.26
16386,2010-11-17 11:19:00,2011-11-11 12:28:00,3,1068.16,356.05,United Kingdom,Repeat Customer,28,359,2-3 orders (Occasional),Active (0-90d),2010-11-01,134.0,765.59
16387,2010-03-11 12:22:00,2011-01-21 11:34:00,5,882.46,176.49,United Kingdom,Repeat Customer,322,315,4-9 orders (Regular),Lapsed (180d+),2010-03-01,185.0,140.19
16388,2010-02-24 10:20:00,2010-02-24 10:20:00,1,186.05,186.05,United Kingdom,One-Time Customer,653,0,1 order (One-Time),Lapsed (180d+),2010-02-01,,186.05
16389,2011-03-01 15:47:00,2011-10-17 14:41:00,4,1382.07,345.52,United Kingdom,Repeat Customer,53,229,4-9 orders (Regular),Active (0-90d),2011-03-01,77.0,119.65
16390,2010-01-29 15:25:00,2010-06-21 10:11:00,3,467.5,155.83,United Kingdom,Repeat Customer,536,142,2-3 orders (Occasional),Lapsed (180d+),2010-01-01,141.0,193.8
16391,2010-05-27 11:27:00,2010-11-04 12:27:00,4,1048.86,262.22,United Kingdom,Repeat Customer,400,161,4-9 orders (Regular),Lapsed (180d+),2010-05-01,25.0,158.63
16392,2010-05-27 11:17:00,2011-03-15 12:11:00,3,755.45,251.82,United Kingdom,Repeat Customer,269,292,2-3 orders (Occasional),Lapsed (180d+),2010-05-01,148.0,192.29
16393,2009-12-01 12:13:00,2011-12-07 12:51:00,23,5297.77,230.34,United Kingdom,Repeat Customer,2,736,10+ orders (Champions),Active (0-90d),2009-12-01,80.0,341.02
16394,2011-02-23 10:58:00,2011-10-14 09:48:00,5,1555.34,311.07,United Kingdom,Repeat Customer,56,232,4-9 orders (Regular),Active (0-90d),2011-02-01,41.0,312.41
16395,2009-12-06 12:26:00,2011-10-10 12:50:00,14,3517.56,251.25,United Kingdom,Repeat Customer,60,673,10+ orders (Champions),Active (0-90d),2009-12-01,3.0,242.96
16396,2010-08-20 14:17:00,2010-08-20 14:17:00,1,137.8,137.8,United Kingdom,One-Time Customer,476,0,1 order (One-Time),Lapsed (180d+),2010-08-01,,137.8
16397,2010-03-21 15:36:00,2010-03-21 15:36:00,1,123.13,123.13,United Kingdom,One-Time Customer,628,0,1 order (One-Time),Lapsed (180d+),2010-03-01,,123.13
16398,2011-03-31 09:38:00,2011-07-08 15:16:00,2,1705.8,852.9,United Kingdom,Repeat Customer,154,99,2-3 orders (Occasional),At Risk (91-180d),2011-03-01,99.0,1169.95
16399,2010-11-15 15:03:00,2011-11-20 16:12:00,3,628.42,209.47,United Kingdom,Repeat Customer,19,370,2-3 orders (Occasional),Active (0-90d),2010-11-01,153.0,222.2
16400,2009-12-08 12:38:00,2011-09-06 12:27:00,9,3059.85,339.98,United Kingdom,Repeat Customer,94,636,4-9 orders (Regular),At Risk (91-180d),2009-12-01,90.0,559.98
16401,2010-06-02 13:13:00,2011-12-08 18:15:00,23,6847.45,297.72,United Kingdom,Repeat Customer,1,554,10+ orders (Champions),Active (0-90d),2010-06-01,14.0,92.1
16402,2010-12-05 13:42:00,2011-03-20 12:25:00,2,293.45,146.72,United Kingdom,Repeat Customer,264,104,2-3 orders (Occasional),Lapsed (180d+),2010-12-01,104.0,205.65
16403,2011-01-31 13:39:00,2011-01-31 13:39:00,1,177.5,177.5,United Kingdom,One-Time Customer,312,0,1 order (One-Time),Lapsed (180d+),2011-01-01,,177.5
16404,2011-09-30 14:55:00,2011-09-30 14:55:00,1,443.05,443.05,United Kingdom,One-Time Customer,70,0,1 order (One-Time),Active (0-90d),2011-09-01,,443.05
16405,2011-02-02 17:08:00,2011-02-10 15:24:00,2,167.25,83.62,United Kingdom,Repeat Customer,302,7,2-3 orders (Occasional),Lapsed (180d+),2011-02-01,7.0,6.85
16406,2010-02-24 11:51:00,2011-11-21 11:57:00,3,528.36,176.12,United Kingdom,Repeat Customer,18,635,2-3 orders (Occasional),Active (0-90d),2010-02-01,203.0,203.95
16407,2010-10-03 13:56:00,2011-11-27 11:05:00,14,2761.65,197.26,United Kingdom,Repeat Customer,12,419,10+ orders (Champions),Active (0-90d),2010-10-01,0.0,278.62
16408,2010-04-27 14:08:00,2010-04-27 14:08:00,1,231.93,231.93,United Kingdom,One-Time Customer,591,0,1 order (One-Time),Lapsed (180d+),2010-04-01,,231.93
16409,2009-12-13 15:38:00,2011-11-03 16:45:00,12,5652.74,471.06,United Kingdom,Repeat Customer,36,690,10+ orders (Champions),Active (0-90d),2009-12-01,64.0,512.81
16410,2009-12-05 14:51:00,2009-12-05 14:51:00,1,130.32,130.32,United Kingdom,One-Time Customer,734,0,1 order (One-Time),Lapsed (180d+),2009-12-01,,130.32
16411,2010-10-07 15:09:00,2011-11-20 13:23:00,4,756.39,189.1,United Kingdom,Repeat Customer,19,408,4-9 orders (Regular),Active (0-90d),2010-10-01,44.0,339.67
16412,2010-02-04 13:46:00,2011-10-17 12:35:00,5,593.19,118.64,United Kingdom,Repeat Customer,53,619,4-9 orders (Regular),Active (0-90d),2010-02-01,63.0,68.25
16413,2010-11-29 12:49:00,2011-10-14 12:08:00,2,522.03,261.02,United Kingdom,Repeat Customer,56,318,2-3 orders (Occasional),Active (0-90d),2010-11-01,318.0,259.83
16414,2010-01-14 10:21:00,2011-11-18 09:42:00,5,551.21,110.24,United Kingdom,Repeat Customer,21,672,4-9 orders (Regular),Active (0-90d),2010-01-01,101.0,129.09
16415,2010-02-01 12:30:00,2011-10-26 13:35:00,3,696.76,232.25,United Kingdom,Repeat Customer,44,632,2-3 orders (Occasional),Active (0-90d),2010-02-01,92.0,179.2
16416,2010-02-23 12:00:00,2011-11-13 12:50:00,9,2957.88,328.65,United Kingdom,Repeat Customer,26,628,4-9 orders (Regular),Active (0-90d),2010-02-01,148.0,637.44
16417,2010-08-04 09:08:00,2010-08-04 09:08:00,1,35.7,35.7,United Kingdom,One-Time Customer,492,0,1 order (One-Time),Lapsed (180d+),2010-08-01,,35.7
16418,2010-10-13 12:31:00,2011-10-26 12:39:00,5,1028.74,205.75,United Kingdom,Repeat Customer,44,378,4-9 orders (Regular),Active (0-90d),2010-10-01,14.0,93.1
16419,2010-02-09 13:26:00,2011-08-19 12:33:00,8,1463.7,182.96,United Kingdom,Repeat Customer,112,555,4-9 orders (Regular),At Risk (91-180d),2010-02-01,90.0,214.18
16420,2010-11-08 15:15:00,2010-11-08 15:15:00,1,75.0,75.0,United Kingdom,One-Time Customer,396,0,1 order (One-Time),Lapsed (180d+),2010-11-01,,75.0
16421,2010-08-27 12:02:00,2010-11-28 13:31:00,3,526.27,175.42,United Kingdom,Repeat Customer,376,93,2-3 orders (Occasional),Lapsed (180d+),2010-08-01,51.0,310.6
16422,2010-01-12 11:57:00,2011-11-22 14:00:00,107,61656.42,576.23,United Kingdom,Repeat Customer,17,679,10+ orders (Champions),Active (0-90d),2010-01-01,12.0,446.1
16423,2011-11-15 09:21:00,2011-11-15 09:21:00,1,346.12,346.12,United Kingdom,One-Time Customer,24,0,1 order (One-Time),Active (0-90d),2011-11-01,,346.12
16424,2010-11-22 11:24:00,2011-06-01 13:40:00,2,443.06,221.53,United Kingdom,Repeat Customer,191,191,2-3 orders (Occasional),Lapsed (180d+),2010-11-01,191.0,309.5
16425,2011-02-10 14:30:00,2011-02-10 14:30:00,1,302.7,302.7,United Kingdom,One-Time Customer,302,0,1 order (One-Time),Lapsed (180d+),2011-02-01,,302.7
16426,2011-03-08 15:45:00,2011-12-07 14:01:00,10,1863.76,186.38,United Kingdom,Repeat Customer,2,273,10+ orders (Champions),Active (0-90d),2011-03-01,183.0,328.37
16427,2011-02-28 15:18:00,2011-03-21 17:10:00,2,241.06,120.53,United Kingdom,Repeat Customer,263,21,2-3 orders (Occasional),Lapsed (180d+),2011-02-01,21.0,109.8
16428,2010-07-30 12:10:00,2010-10-22 12:22:00,3,638.49,212.83,United Kingdom,Repeat Customer,413,84,2-3 orders (Occasional),Lapsed (180d+),2010-07-01,0.0,282.46
16429,2011-08-25 13:54:00,2011-08-25 13:54:00,1,284.55,284.55,United Kingdom,One-Time Customer,106,0,1 order (One-Time),At Risk (91-180d),2011-08-01,,284.55
16430,2010-01-27 12:45:00,2011-10-13 14:47:00,6,1102.94,183.82,United Kingdom,Repeat Customer,57,624,4-9 orders (Regular),Active (0-90d),2010-01-01,127.0,104.95
16431,2011-02-15 14:02:00,2011-05-10 14:09:00,3,623.28,207.76,United Kingdom,Repeat Customer,213,84,2-3 orders (Occasional),Lapsed (180d+),2011-02-01,0.0,269.59
16432,2011-10-06 13:59:00,2011-10-06 13:59:00,1,287.4,287.4,United Kingdom,One-Time Customer,64,0,1 order (One-Time),Active (0-90d),2011-10-01,,287.4
16433,2010-10-27 12:26:00,2011-11-11 14:09:00,2,384.52,192.26,United Kingdom,Repeat Customer,28,380,2-3 orders (Occasional),Active (0-90d),2010-10-01,380.0,200.26
16434,2010-01-17 14:51:00,2011-11-10 14:28:00,12,2673.69,222.81,United Kingdom,Repeat Customer,29,661,10+ orders (Champions),Active (0-90d),2010-01-01,11.0,474.48
16435,2010-07-13 13:29:00,2010-07-15 18:22:00,3,1003.07,334.36,United Kingdom,Repeat Customer,512,2,2-3 orders (Occasional),Lapsed (180d+),2010-07-01,1.0,412.17
16436,2009-12-06 16:02:00,2010-02-09 13:19:00,3,319.14,106.38,United Kingdom,Repeat Customer,668,64,2-3 orders (Occasional),Lapsed (180d+),2009-12-01,1.0,166.95
16437,2010-10-06 12:34:00,2010-11-23 16:59:00,2,301.25,150.62,United Kingdom,Repeat Customer,381,48,2-3 orders (Occasional),Lapsed (180d+),2010-10-01,48.0,117.35
16438,2011-09-18 13:31:00,2011-12-04 10:51:00,5,798.35,159.67,United Kingdom,Repeat Customer,5,76,4-9 orders (Regular),Active (0-90d),2011-09-01,39.0,204.4
16439,2009-12-17 14:22:00,2009-12-17 14:22:00,1,310.7,310.7,United Kingdom,One-Time Customer,722,0,1 order (One-Time),Lapsed (180d+),2009-12-01,,310.7
16440,2010-08-03 11:32:00,2011-12-02 12:02:00,6,3856.97,642.83,United Kingdom,Repeat Customer,7,486,4-9 orders (Regular),Active (0-90d),2010-08-01,279.0,216.3
16441,2010-03-22 18:00:00,2011-10-03 17:48:00,5,1013.18,202.64,United Kingdom,Repeat Customer,67,559,4-9 orders (Regular),Active (0-90d),2010-03-01,192.0,225.74
16442,2009-12-13 11:05:00,2011-12-08 11:43:00,5,891.98,178.4,United Kingdom,Repeat Customer,1,725,4-9 orders (Regular),Active (0-90d),2009-12-01,122.0,155.06
16443,2010-07-07 11:57:00,2010-07-07 11:57:00,1,162.24,162.24,United Kingdom,One-Time Customer,520,0,1 order (One-Time),Lapsed (180d+),2010-07-01,,162.24
16444,2010-03-24 14:06:00,2011-10-24 13:50:00,17,3625.88,213.29,United Kingdom,Repeat Customer,46,578,10+ orders (Champions),Active (0-90d),2010-03-01,43.0,354.79
16445,2010-10-24 12:39:00,2011-11-06 12:32:00,4,583.16,145.79,United Kingdom,Repeat Customer,33,377,4-9 orders (Regular),Active (0-90d),2010-10-01,24.0,161.7
16446,2011-05-18 09:52:00,2011-12-09 09:15:00,2,168472.5,84236.25,United Kingdom,Repeat Customer,0,204,2-3 orders (Occasional),Active (0-90d),2011-05-01,204.0,2.9
16447,2010-02-17 14:09:00,2011-07-27 12:45:00,3,727.1,242.37,United Kingdom,Repeat Customer,135,524,2-3 orders (Occasional),At Risk (91-180d),2010-02-01,69.0,176.87
16448,2010-08-25 16:58:00,2011-05-25 16:28:00,2,361.12,180.56,United Kingdom,Repeat Customer,198,272,2-3 orders (Occasional),Lapsed (180d+),2010-08-01,272.0,178.13
16449,2011-03-04 12:15:00,2011-05-26 10:25:00,2,707.69,353.84,United Kingdom,Repeat Customer,197,82,2-3 orders (Occasional),Lapsed (180d+),2011-03-01,82.0,416.69
16450,2010-02-21 15:46:00,2011-07-13 11:47:00,3,1505.73,501.91,United Kingdom,Repeat Customer,149,506,2-3 orders (Occasional),At Risk (91-180d),2010-02-01,71.0,408.29
16451,2009-12-04 15:11:00,2011-09-13 09:17:00,3,1013.15,337.72,United Kingdom,Repeat Customer,87,647,2-3 orders (Occasional),Active (0-90d),2009-12-01,174.0,307.65
16452,2010-01-15 12:22:00,2010-03-19 12:39:00,2,332.17,166.08,United Kingdom,Repeat Customer,630,63,2-3 orders (Occasional),Lapsed (180d+),2010-01-01,63.0,193.68
16453,2010-06-09 13:15:00,2010-06-27 12:46:00,2,251.71,125.86,United Kingdom,Repeat Customer,530,17,2-3 orders (Occasional),Lapsed (180d+),2010-06-01,17.0,149.46
16454,2010-04-07 15:54:00,2011-10-06 16:57:00,2,7.45,3.72,United Kingdom,Repeat Customer,64,547,2-3 orders (Occasional),Active (0-90d),2010-04-01,547.0,1.55
16455,2010-03-30 10:31:00,2011-10-07 12:17:00,11,3995.57,363.23,United Kingdom,Repeat Customer,63,556,10+ orders (Champions),Active (0-90d),2010-03-01,191.0,905.16
16456,2010-03-29 11:16:00,2011-09-01 13:50:00,13,6000.94,461.61,United Kingdom,Repeat Customer,99,521,10+ orders (Champions),At Risk (91-180d),2010-03-01,29.0,709.78
16457,2011-05-05 13:19:00,2011-05-05 13:19:00,1,208.36,208.36,United Kingdom,One-Time Customer,218,0,1 order (One-Time),Lapsed (180d+),2011-05-01,,208.36
16458,2010-05-26 14:38:00,2011-12-07 09:34:00,30,5690.89,189.7,United Kingdom,Repeat Customer,2,559,10+ orders (Champions),Active (0-90d),2010-05-01,18.0,116.0
16459,2009-12-10 12:42:00,2009-12-10 12:42:00,1,71.79,71.79,United Kingdom,One-Time Customer,729,0,1 order (One-Time),Lapsed (180d+),2009-12-01,,71.79
16460,2011-09-19 10:15:00,2011-11-11 13:46:00,3,811.23,270.41,United Kingdom,Repeat Customer,28,53,2-3 orders (Occasional),Active (0-90d),2011-09-01,9.0,258.84
16461,2010-03-03 13:57:00,2011-06-15 12:07:00,3,1539.83,513.28,United Kingdom,Repeat Customer,177,468,2-3 orders (Occasional),At Risk (91-180d),2010-03-01,55.0,749.09
16462,2011-03-01 08:58:00,2011-09-27 10:24:00,3,136.0,45.33,United Kingdom,Repeat Customer,73,210,2-3 orders (Occasional),Active (0-90d),2011-03-01,98.0,34.0
16463,2011-05-19 14:45:00,2011-11-18 14:01:00,4,1422.4,355.6,United Kingdom,Repeat Customer,21,182,4-9 orders (Regular),Active (0-90d),2011-05-01,150.0,319.37
16464,2011-07-20 13:53:00,2011-11-20 12:11:00,3,1298.66,432.89,United Kingdom,Repeat Customer,19,122,2-3 orders (Occasional),Active (0-90d),2011-07-01,61.0,380.33
16465,2010-09-21 10:46:00,2010-10-15 09:27:00,2,746.24,373.12,United Kingdom,Repeat Customer,420,23,2-3 orders (Occasional),Lapsed (180d+),2010-09-01,23.0,456.64
16466,2010-03-07 14:31:00,2011-11-06 11:35:00,15,3767.09,251.14,United Kingdom,Repeat Customer,33,608,10+ orders (Champions),Active (0-90d),2010-03-01,34.0,472.76
16467,2009-12-02 11:59:00,2010-07-19 11:49:00,7,2869.16,409.88,United Kingdom,Repeat Customer,508,228,4-9 orders (Regular),Lapsed (180d+),2009-12-01,34.0,131.12
16468,2010-08-15 13:10:00,2011-09-26 14:13:00,3,787.52,262.51,United Kingdom,Repeat Customer,74,407,2-3 orders (Occasional),Active (0-90d),2010-08-01,11.0,101.6
16469,2010-07-13 13:17:00,2011-11-16 12:25:00,5,803.9,160.78,United Kingdom,Repeat Customer,23,490,4-9 orders (Regular),Active (0-90d),2010-07-01,267.0,178.48
16470,2009-12-11 12:21:00,2011-10-19 12:11:00,11,2416.85,219.71,United Kingdom,Repeat Customer,51,676,10+ orders (Champions),Active (0-90d),2009-12-01,129.0,191.18
16471,2010-02-25 10:07:00,2011-03-10 09:41:00,4,1189.98,297.5,United Kingdom,Repeat Customer,274,377,4-9 orders (Regular),Lapsed (180d+),2010-02-01,84.0,323.38
16472,2010-04-21 11:48:00,2010-10-01 13:56:00,2,789.6,394.8,United Kingdom,Repeat Customer,434,163,2-3 orders (Occasional),Lapsed (180d+),2010-04-01,163.0,557.04
16473,2010-11-30 16:29:00,2011-06-28 09:10:00,4,470.83,117.71,United Kingdom,Repeat Customer,164,209,4-9 orders (Regular),At Risk (91-180d),2010-11-01,37.0,154.72
16474,2011-07-17 14:51:00,2011-12-02 13:02:00,7,1810.49,258.64,United Kingdom,Repeat Customer,7,137,4-9 orders (Regular),Active (0-90d),2011-07-01,56.0,341.35
16475,2011-03-11 09:39:00,2011-09-12 14:37:00,4,544.3,136.07,United Kingdom,Repeat Customer,88,185,4-9 orders (Regular),Active (0-90d),2011-03-01,111.0,310.0
16476,2010-10-04 10:29:00,2010-10-04 10:29:00,1,350.35,350.35,United Kingdom,One-Time Customer,431,0,1 order (One-Time),Lapsed (180d+),2010-10-01,,350.35
16477,2010-08-12 09:43:00,2011-10-07 09:44:00,11,4094.37,372.22,United Kingdom,Repeat Customer,63,421,10+ orders (Champions),Active (0-90d),2010-08-01,34.0,515.03
16478,2011-10-05 12:02:00,2011-11-14 15:51:00,3,331.0,110.33,United Kingdom,Repeat Customer,25,40,2-3 orders (Occasional),Active (0-90d),2011-10-01,0.0,202.9
16479,2011-11-29 13:04:00,2011-11-29 13:40:00,2,300.83,150.42,United Kingdom,Repeat Customer,10,0,2-3 orders (Occasional),Active (0-90d),2011-11-01,0.0,231.18
16480,2011-09-25 11:40:00,2011-09-25 11:40:00,1,769.29,769.29,United Kingdom,One-Time Customer,75,0,1 order (One-Time),Active (0-90d),2011-09-01,,769.29
16481,2010-01-26 13:09:00,2010-01-26 13:09:00,1,453.38,453.38,United Kingdom,One-Time Customer,682,0,1 order (One-Time),Lapsed (180d+),2010-01-01,,453.38
16482,2011-11-24 12:33:00,2011-11-24 12:33:00,1,220.62,220.62,United Kingdom,One-Time Customer,15,0,1 order (One-Time),Active (0-90d),2011-11-01,,220.62
16483,2011-05-31 13:08:00,2011-05-31 13:08:00,1,139.35,139.35,United Kingdom,One-Time Customer,192,0,1 order (One-Time),Lapsed (180d+),2011-05-01,,139.35
16484,2011-06-02 10:39:00,2011-06-19 12:06:00,2,404.3,202.15,United Kingdom,Repeat Customer,173,17,2-3 orders (Occasional),At Risk (91-180d),2011-06-01,17.0,285.7
16485,2009-12-06 12:28:00,2011-09-23 15:50:00,5,2287.19,457.44,United Kingdom,Repeat Customer,77,656,4-9 orders (Regular),Active (0-90d),2009-12-01,77.0,619.24
16486,2010-06-20 12:16:00,2010-06-20 12:16:00,1,134.36,134.36,United Kingdom,One-Time Customer,537,0,1 order (One-Time),Lapsed (180d+),2010-06-01,,134.36
16487,2010-02-18 17:36:00,2010-05-11 13:38:00,2,209.4,104.7,United Kingdom,Repeat Customer,577,81,2-3 orders (Occasional),Lapsed (180d+),2010-02-01,81.0,102.2
16488,2011-07-14 11:46:00,2011-11-06 13:42:00,3,498.8,166.27,United Kingdom,Repeat Customer,33,115,2-3 orders (Occasional),Active (0-90d),2011-07-01,33.0,219.06
16489,2010-09-29 15:02:00,2010-11-24 14:40:00,2,303.7,151.85,United Kingdom,Repeat Customer,380,55,2-3 orders (Occasional),Lapsed (180d+),2010-09-01,55.0,110.65
16490,2010-09-29 16:30:00,2010-09-29 16:30:00,1,205.41,205.41,United Kingdom,One-Time Customer,436,0,1 order (One-Time),Lapsed (180d+),2010-09-01,,205.41
16491,2010-10-22 15:42:00,2011-10-24 10:18:00,2,1533.16,766.58,United Kingdom,Repeat Customer,46,366,2-3 orders (Occasional),Active (0-90d),2010-10-01,366.0,801.66
16492,2010-06-17 08:20:00,2010-06-17 08:20:00,1,385.56,385.56,United Kingdom,One-Time Customer,540,0,1 order (One-Time),Lapsed (180d+),2010-06-01,,385.56
16493,2010-03-26 13:05:00,2011-09-21 11:10:00,7,2132.09,304.58,United Kingdom,Repeat Customer,79,543,4-9 orders (Regular),Active (0-90d),2010-03-01,101.0,465.51
16494,2011-02-16 12:49:00,2011-02-16 12:49:00,1,826.53,826.53,United Kingdom,One-Time Customer,296,0,1 order (One-Time),Lapsed (180d+),2011-02-01,,826.53
16495,2011-03-08 16:38:00,2011-12-06 13:20:00,3,648.26,216.09,United Kingdom,Repeat Customer,3,272,2-3 orders (Occasional),Active (0-90d),2011-03-01,0.0,238.01
16496,2010-07-18 13:42:00,2011-12-01 10:31:00,6,2330.77,388.46,United Kingdom,Repeat Customer,8,500,4-9 orders (Regular),Active (0-90d),2010-07-01,0.0,284.4
16497,2009-12-03 14:11:00,2011-10-21 10:55:00,23,6695.28,291.1,United Kingdom,Repeat Customer,49,686,10+ orders (Champions),Active (0-90d),2009-12-01,35.0,294.85
16498,2011-06-30 19:52:00,2011-07-01 15:07:00,2,100.97,50.48,United Kingdom,Repeat Customer,161,0,2-3 orders (Occasional),At Risk (91-180d),2011-06-01,0.0,91.22
16499,2010-06-11 12:22:00,2010-12-14 13:31:00,8,2578.34,322.29,United Kingdom,Repeat Customer,360,186,4-9 orders (Regular),Lapsed (180d+),2010-06-01,17.0,223.91
16500,2010-06-14 14:54:00,2011-12-05 12:04:00,9,843.91,93.77,United Kingdom,Repeat Customer,4,538,4-9 orders (Regular),Active (0-90d),2010-06-01,140.0,147.55
16501,2010-11-21 14:10:00,2010-11-21 14:10:00,1,1191.23,1191.23,United Kingdom,One-Time Customer,383,0,1 order (One-Time),Lapsed (180d+),2010-11-01,,1191.23
16502,2010-03-29 13:39:00,2010-03-29 13:44:00,2,258.55,129.28,United Kingdom,Repeat Customer,620,0,2-3 orders (Occasional),Lapsed (180d+),2010-03-01,0.0,228.6
16503,2010-06-21 14:07:00,2011-08-25 11:46:00,11,3614.34,328.58,United Kingdom,Repeat Customer,106,429,10+ orders (Champions),At Risk (91-180d),2010-06-01,14.0,272.68
16504,2011-11-14 15:18:00,2011-11-14 15:18:00,1,465.88,465.88,United Kingdom,One-Time Customer,25,0,1 order (One-Time),Active (0-90d),2011-11-01,,465.88
16505,2011-11-08 12:14:00,2011-11-08 12:14:00,1,777.6,777.6,United Kingdom,One-Time Customer,31,0,1 order (One-Time),Active (0-90d),2011-11-01,,777.6
16506,2011-10-30 15:50:00,2011-11-20 12:17:00,2,90.3,45.15,United Kingdom,Repeat Customer,19,20,2-3 orders (Occasional),Active (0-90d),2011-10-01,20.0,55.2
16507,2010-05-16 12:56:00,2010-05-16 12:56:00,1,142.71,142.71,United Kingdom,One-Time Customer,572,0,1 order (One-Time),Lapsed (180d+),2010-05-01,,142.71
16508,2010-03-19 13:41:00,2010-03-19 13:41:00,1,240.95,240.95,United Kingdom,One-Time Customer,630,0,1 order (One-Time),Lapsed (180d+),2010-03-01,,240.95
16509,2011-02-16 09:25:00,2011-02-16 09:25:00,1,363.7,363.7,United Kingdom,One-Time Customer,296,0,1 order (One-Time),Lapsed (180d+),2011-02-01,,363.7
16510,2010-01-17 12:30:00,2010-12-02 13:39:00,6,1757.25,292.88,United Kingdom,Repeat Customer,372,319,4-9 orders (Regular),Lapsed (180d+),2010-01-01,59.0,635.6
16511,2010-03-01 12:21:00,2011-11-18 10:41:00,6,1758.49,293.08,United Kingdom,Repeat Customer,21,626,4-9 orders (Regular),Active (0-90d),2010-03-01,204.0,300.15
16513,2011-10-27 14:56:00,2011-12-05 10:18:00,4,874.59,218.65,United Kingdom,Repeat Customer,4,38,4-9 orders (Regular),Active (0-90d),2011-10-01,23.0,108.45
16515,2010-06-17 12:17:00,2011-10-18 13:10:00,10,3179.06,317.91,United Kingdom,Repeat Customer,52,488,10+ orders (Champions),Active (0-90d),2010-06-01,97.0,671.59
16516,2011-11-09 14:59:00,2011-11-09 14:59:00,1,101.7,101.7,United Kingdom,One-Time Customer,30,0,1 order (One-Time),Active (0-90d),2011-11-01,,101.7
16517,2011-03-07 13:50:00,2011-03-07 13:50:00,1,162.7,162.7,United Kingdom,One-Time Customer,277,0,1 order (One-Time),Lapsed (180d+),2011-03-01,,162.7
16518,2010-06-01 13:31:00,2011-10-09 15:04:00,4,959.37,239.84,United Kingdom,Repeat Customer,61,495,4-9 orders (Regular),Active (0-90d),2010-06-01,134.0,155.0
16519,2010-03-01 13:51:00,2011-11-14 15:41:00,4,436.96,109.24,United Kingdom,Repeat Customer,25,623,4-9 orders (Regular),Active (0-90d),2010-03-01,163.0,164.13
16520,2010-03-02 16:50:00,2011-06-06 13:24:00,6,2148.38,358.06,United Kingdom,Repeat Customer,186,460,4-9 orders (Regular),Lapsed (180d+),2010-03-01,57.0,278.48
16521,2010-03-01 13:22:00,2010-10-20 13:09:00,3,1136.36,378.79,United Kingdom,Repeat Customer,415,232,2-3 orders (Occasional),Lapsed (180d+),2010-03-01,232.0,91.37
16522,2010-09-15 13:32:00,2010-09-30 10:54:00,2,433.36,216.68,United Kingdom,Repeat Customer,435,14,2-3 orders (Occasional),Lapsed (180d+),2010-09-01,14.0,128.8
16523,2010-01-24 13:14:00,2011-12-08 09:06:00,28,11916.33,425.58,United Kingdom,Repeat Customer,1,682,10+ orders (Champions),Active (0-90d),2010-01-01,37.0,409.93
16524,2010-01-17 13:16:00,2010-09-19 13:37:00,2,306.19,153.1,United Kingdom,Repeat Customer,446,245,2-3 orders (Occasional),Lapsed (180d+),2010-01-01,245.0,101.3
16525,2009-12-02 13:53:00,2011-12-07 15:07:00,48,24151.3,503.15,United Kingdom,Repeat Customer,2,735,10+ orders (Champions),Active (0-90d),2009-12-01,4.0,472.47
16526,2010-05-04 16:34:00,2011-06-21 12:02:00,2,717.21,358.6,United Kingdom,Repeat Customer,171,412,2-3 orders (Occasional),At Risk (91-180d),2010-05-01,412.0,426.85
16527,2010-10-11 13:25:00,2011-09-19 16:21:00,2,1232.94,616.47,United Kingdom,Repeat Customer,81,343,2-3 orders (Occasional),Active (0-90d),2010-10-01,343.0,1004.88
16528,2011-12-06 12:45:00,2011-12-06 12:45:00,1,244.41,244.41,United Kingdom,One-Time Customer,3,0,1 order (One-Time),Active (0-90d),2011-12-01,,244.41
16529,2010-06-27 13:29:00,2011-06-02 17:23:00,4,1986.8,496.7,United Kingdom,Repeat Customer,190,340,4-9 orders (Regular),Lapsed (180d+),2010-06-01,23.0,369.3
16530,2010-02-09 15:30:00,2010-02-09 15:30:00,1,48.35,48.35,United Kingdom,One-Time Customer,668,0,1 order (One-Time),Lapsed (180d+),2010-02-01,,48.35
16531,2010-09-24 09:49:00,2011-11-17 16:29:00,11,2298.33,208.94,United Kingdom,Repeat Customer,22,419,10+ orders (Champions),Active (0-90d),2010-09-01,32.0,389.81
16532,2010-03-29 10:26:00,2011-11-22 11:08:00,5,8756.64,1751.33,United Kingdom,Repeat Customer,17,603,4-9 orders (Regular),Active (0-90d),2010-03-01,189.0,861.6
16533,2011-10-02 15:07:00,2011-11-20 13:08:00,3,1082.81,360.94,United Kingdom,Repeat Customer,19,48,2-3 orders (Occasional),Active (0-90d),2011-10-01,13.0,364.22
16534,2010-03-07 15:47:00,2010-03-07 15:47:00,1,635.9,635.9,United Kingdom,One-Time Customer,642,0,1 order (One-Time),Lapsed (180d+),2010-03-01,,635.9
16535,2010-11-19 13:01:00,2011-12-04 15:18:00,2,952.04,476.02,United Kingdom,Repeat Customer,5,380,2-3 orders (Occasional),Active (0-90d),2010-11-01,380.0,358.29
16536,2011-08-21 15:54:00,2011-08-21 15:54:00,1,548.12,548.12,United Kingdom,One-Time Customer,110,0,1 order (One-Time),At Risk (91-180d),2011-08-01,,548.12
16537,2010-03-08 13:41:00,2010-03-08 13:41:00,1,10.55,10.55,United Kingdom,One-Time Customer,641,0,1 order (One-Time),Lapsed (180d+),2010-03-01,,10.55
16538,2010-04-23 16:25:00,2010-06-16 16:59:00,3,395.07,131.69,United Kingdom,Repeat Customer,541,54,2-3 orders (Occasional),Lapsed (180d+),2010-04-01,54.0,226.81
16539,2010-06-25 15:24:00,2011-12-07 08:41:00,10,3289.66,328.97,United Kingdom,Repeat Customer,2,529,10+ orders (Champions),Active (0-90d),2010-06-01,12.0,181.6
16540,2010-10-21 17:22:00,2010-10-21 17:22:00,1,205.75,205.75,United Kingdom,One-Time Customer,414,0,1 order (One-Time),Lapsed (180d+),2010-10-01,,205.75
16541,2009-12-04 13:22:00,2009-12-04 13:22:00,1,424.03,424.03,United Kingdom,One-Time Customer,735,0,1 order (One-Time),Lapsed (180d+),2009-12-01,,424.03
16542,2010-11-03 14:44:00,2011-10-17 10:47:00,2,257.32,128.66,United Kingdom,Repeat Customer,53,347,2-3 orders (Occasional),Active (0-90d),2010-11-01,347.0,137.7
16543,2010-04-27 11:38:00,2010-04-27 11:38:00,1,292.21,292.21,United Kingdom,One-Time Customer,591,0,1 order (One-Time),Lapsed (180d+),2010-04-01,,292.21
16544,2010-02-15 13:20:00,2010-07-08 11:11:00,4,376.7,94.18,United Kingdom,Repeat Customer,519,142,4-9 orders (Regular),Lapsed (180d+),2010-02-01,0.0,171.6
16545,2010-11-29 10:39:00,2011-06-28 10:37:00,2,689.82,344.91,United Kingdom,Repeat Customer,164,210,2-3 orders (Occasional),At Risk (91-180d),2010-11-01,210.0,350.52
16546,2010-09-23 15:43:00,2011-02-22 11:20:00,5,5307.07,1061.41,United Kingdom,Repeat Customer,290,151,4-9 orders (Regular),Lapsed (180d+),2010-09-01,41.0,2344.7
16547,2010-06-11 13:02:00,2010-06-11 13:02:00,1,104.26,104.26,United Kingdom,One-Time Customer,546,0,1 order (One-Time),Lapsed (180d+),2010-06-01,,104.26
16548,2010-04-19 16:15:00,2010-04-19 16:15:00,1,30.15,30.15,United Kingdom,One-Time Customer,599,0,1 order (One-Time),Lapsed (180d+),2010-04-01,,30.15
16549,2010-03-28 15:45:00,2011-11-29 15:06:00,34,12781.8,375.94,United Kingdom,Repeat Customer,10,610,10+ orders (Champions),Active (0-90d),2010-03-01,21.0,179.98
16550,2009-12-02 11:24:00,2011-08-23 11:12:00,18,8807.68,489.32,United Kingdom,Repeat Customer,108,628,10+ orders (Champions),At Risk (91-180d),2009-12-01,13.0,538.77
16551,2009-12-13 16:12:00,2011-09-05 09:38:00,7,2237.12,319.59,United Kingdom,Repeat Customer,95,630,4-9 orders (Regular),At Risk (91-180d),2009-12-01,56.0,292.98
16552,2010-12-01 12:36:00,2011-04-11 10:04:00,2,379.73,189.86,United Kingdom,Repeat Customer,242,130,2-3 orders (Occasional),Lapsed (180d+),2010-12-01,130.0,95.29
16553,2010-02-11 18:46:00,2011-06-29 15:42:00,33,16584.01,502.55,United Kingdom,Repeat Customer,163,502,10+ orders (Champions),At Risk (91-180d),2010-02-01,0.0,471.84
16554,2009-12-15 09:42:00,2011-10-28 14:51:00,8,2841.72,355.22,United Kingdom,Repeat Customer,42,682,4-9 orders (Regular),Active (0-90d),2009-12-01,100.0,415.49
16555,2010-07-22 13:39:00,2011-11-04 14:31:00,6,1915.68,319.28,United Kingdom,Repeat Customer,35,470,4-9 orders (Regular),Active (0-90d),2010-07-01,0.0,270.6
16556,2009-12-07 10:51:00,2011-10-04 11:36:00,17,8012.58,471.33,United Kingdom,Repeat Customer,66,666,10+ orders (Champions),Active (0-90d),2009-12-01,10.0,187.19
16557,2011-07-25 13:28:00,2011-11-15 14:04:00,2,281.85,140.93,United Kingdom,Repeat Customer,24,113,2-3 orders (Occasional),Active (0-90d),2011-07-01,113.0,101.15
16558,2009-12-03 18:11:00,2011-12-09 10:20:00,38,13304.11,350.11,United Kingdom,Repeat Customer,0,735,10+ orders (Champions),Active (0-90d),2009-12-01,95.0,297.05
16559,2010-11-07 13:52:00,2010-11-07 13:52:00,1,175.0,175.0,United Kingdom,One-Time Customer,397,0,1 order (One-Time),Lapsed (180d+),2010-11-01,,175.0
16560,2009-12-08 12:05:00,2011-11-13 10:35:00,8,3048.38,381.05,United Kingdom,Repeat Customer,26,704,4-9 orders (Regular),Active (0-90d),2009-12-01,9.0,487.09
16561,2011-10-11 09:53:00,2011-12-04 11:50:00,2,511.12,255.56,United Kingdom,Repeat Customer,5,54,2-3 orders (Occasional),Active (0-90d),2011-10-01,54.0,264.96
16562,2010-08-20 11:45:00,2010-08-20 11:45:00,1,223.86,223.86,United Kingdom,One-Time Customer,476,0,1 order (One-Time),Lapsed (180d+),2010-08-01,,223.86
16563,2009-12-01 18:35:00,2011-10-17 11:51:00,6,4412.56,735.43,United Kingdom,Repeat Customer,53,684,4-9 orders (Regular),Active (0-90d),2009-12-01,78.0,538.46
16564,2010-05-19 14:41:00,2010-05-19 14:41:00,1,87.8,87.8,United Kingdom,One-Time Customer,569,0,1 order (One-Time),Lapsed (180d+),2010-05-01,,87.8
16565,2010-06-02 12:47:00,2010-12-10 15:21:00,4,773.05,193.26,United Kingdom,Repeat Customer,364,191,4-9 orders (Regular),Lapsed (180d+),2010-06-01,68.0,315.0
16566,2011-02-20 10:29:00,2011-11-24 16:34:00,5,614.66,122.93,United Kingdom,Repeat Customer,15,277,4-9 orders (Regular),Active (0-90d),2011-02-01,99.0,94.9
16567,2011-01-07 09:31:00,2011-05-29 13:57:00,2,865.6,432.8,United Kingdom,Repeat Customer,194,142,2-3 orders (Occasional),Lapsed (180d+),2011-01-01,142.0,557.56
16568,2010-03-08 14:51:00,2010-10-08 10:54:00,2,1020.9,510.45,United Kingdom,Repeat Customer,427,213,2-3 orders (Occasional),Lapsed (180d+),2010-03-01,213.0,477.3
16569,2009-12-16 15:05:00,2011-12-06 15:32:00,5,1455.23,291.05,United Kingdom,Repeat Customer,3,720,4-9 orders (Regular),Active (0-90d),2009-12-01,25.0,422.15
16570,2010-03-30 09:32:00,2011-11-24 17:02:00,20,7434.31,371.72,United Kingdom,Repeat Customer,15,604,10+ orders (Champions),Active (0-90d),2010-03-01,50.0,630.35
16571,2010-03-18 09:12:00,2011-11-13 11:46:00,10,4248.74,424.87,United Kingdom,Repeat Customer,26,605,10+ orders (Champions),Active (0-90d),2010-03-01,68.0,407.91
16572,2011-03-09 12:04:00,2011-08-04 16:34:00,3,1009.6,336.53,United Kingdom,Repeat Customer,127,148,2-3 orders (Occasional),At Risk (91-180d),2011-03-01,124.0,342.58
16573,2011-02-22 15:14:00,2011-09-16 09:13:00,2,663.61,331.8,United Kingdom,Repeat Customer,84,205,2-3 orders (Occasional),Active (0-90d),2011-02-01,205.0,292.63
16574,2010-02-19 11:46:00,2011-09-29 13:39:00,3,1301.78,433.93,United Kingdom,Repeat Customer,71,587,2-3 orders (Occasional),Active (0-90d),2010-02-01,234.0,590.91
16576,2010-07-06 10:42:00,2010-10-15 13:37:00,2,540.87,270.44,United Kingdom,Repeat Customer,420,101,2-3 orders (Occasional),Lapsed (180d+),2010-07-01,101.0,227.4
16577,2010-02-11 09:45:00,2010-02-11 09:45:00,1,380.0,380.0,United Kingdom,One-Time Customer,666,0,1 order (One-Time),Lapsed (180d+),2010-02-01,,380.0
16578,2010-03-23 15:11:00,2010-03-23 15:11:00,1,156.6,156.6,United Kingdom,One-Time Customer,626,0,1 order (One-Time),Lapsed (180d+),2010-03-01,,156.6
16579,2010-10-10 11:58:00,2010-10-10 11:58:00,1,295.05,295.05,United Kingdom,One-Time Customer,425,0,1 order (One-Time),Lapsed (180d+),2010-10-01,,295.05
16581,2011-06-10 10:05:00,2011-06-10 10:05:00,1,105.84,105.84,United Kingdom,One-Time Customer,182,0,1 order (One-Time),Lapsed (180d+),2011-06-01,,105.84
16582,2011-08-18 17:02:00,2011-08-18 17:02:00,1,313.62,313.62,United Kingdom,One-Time Customer,113,0,1 order (One-Time),At Risk (91-180d),2011-08-01,,313.62
16583,2010-02-04 12:18:00,2010-12-01 12:03:00,2,297.95,148.98,United Kingdom,Repeat Customer,373,299,2-3 orders (Occasional),Lapsed (180d+),2010-02-01,299.0,64.5
16584,2010-02-16 10:41:00,2011-09-20 13:45:00,5,3156.17,631.23,United Kingdom,Repeat Customer,80,581,4-9 orders (Regular),Active (0-90d),2010-02-01,162.0,931.72
16585,2010-01-13 13:31:00,2010-04-25 10:34:00,2,341.59,170.8,United Kingdom,Repeat Customer,593,101,2-3 orders (Occasional),Lapsed (180d+),2010-01-01,101.0,89.32
16586,2010-03-14 11:24:00,2011-04-05 09:32:00,3,1462.78,487.59,United Kingdom,Repeat Customer,248,386,2-3 orders (Occasional),Lapsed (180d+),2010-03-01,190.0,328.05
16587,2011-04-21 15:51:00,2011-04-21 15:51:00,1,225.15,225.15,United Kingdom,One-Time Customer,232,0,1 order (One-Time),Lapsed (180d+),2011-04-01,,225.15
16588,2010-05-14 13:43:00,2010-11-18 17:56:00,4,1361.28,340.32,United Kingdom,Repeat Customer,386,188,4-9 orders (Regular),Lapsed (180d+),2010-05-01,69.0,216.8
16589,2010-09-15 14:56:00,2011-09-29 14:50:00,4,612.36,153.09,United Kingdom,Repeat Customer,71,378,4-9 orders (Regular),Active (0-90d),2010-09-01,288.0,153.12
16590,2010-10-21 12:09:00,2010-11-04 09:06:00,2,605.9,302.95,United Kingdom,Repeat Customer,400,13,2-3 orders (Occasional),Lapsed (180d+),2010-10-01,13.0,316.75
16591,2011-10-02 10:43:00,2011-10-02 10:43:00,1,213.5,213.5,United Kingdom,One-Time Customer,68,0,1 order (One-Time),Active (0-90d),2011-10-01,,213.5
16592,2009-12-18 15:57:00,2011-12-05 13:49:00,28,7807.91,278.85,United Kingdom,Repeat Customer,4,716,10+ orders (Champions),Active (0-90d),2009-12-01,36.0,312.6
16593,2009-12-05 10:44:00,2011-10-20 12:41:00,8,1071.14,133.89,United Kingdom,Repeat Customer,50,684,4-9 orders (Regular),Active (0-90d),2009-12-01,15.0,79.6
16594,2011-09-25 14:08:00,2011-09-25 14:08:00,1,181.09,181.09,United Kingdom,One-Time Customer,75,0,1 order (One-Time),Active (0-90d),2011-09-01,,181.09
16595,2010-01-17 12:12:00,2011-10-09 13:15:00,5,1757.75,351.55,United Kingdom,Repeat Customer,61,630,4-9 orders (Regular),Active (0-90d),2010-01-01,85.0,502.59
16596,2009-12-10 13:09:00,2011-11-24 10:02:00,4,458.98,114.74,United Kingdom,Repeat Customer,15,713,4-9 orders (Regular),Active (0-90d),2009-12-01,39.0,95.55
16597,2011-12-05 15:44:00,2011-12-05 15:44:00,1,90.04,90.04,United Kingdom,One-Time Customer,4,0,1 order (One-Time),Active (0-90d),2011-12-01,,90.04
16598,2011-02-27 11:42:00,2011-02-27 11:42:00,1,145.05,145.05,United Kingdom,One-Time Customer,285,0,1 order (One-Time),Lapsed (180d+),2011-02-01,,145.05
16599,2010-11-19 12:45:00,2010-11-19 12:45:00,1,172.8,172.8,United Kingdom,One-Time Customer,385,0,1 order (One-Time),Lapsed (180d+),2010-11-01,,172.8
16600,2009-12-18 12:59:00,2011-12-05 16:00:00,13,2153.41,165.65,United Kingdom,Repeat Customer,4,717,10+ orders (Champions),Active (0-90d),2009-12-01,238.0,310.01
16601,2010-03-26 13:39:00,2011-10-30 11:09:00,3,675.83,225.28,United Kingdom,Repeat Customer,40,582,2-3 orders (Occasional),Active (0-90d),2010-03-01,232.0,67.25
16602,2010-11-16 09:13:00,2011-11-03 15:54:00,2,763.33,381.66,United Kingdom,Repeat Customer,36,352,2-3 orders (Occasional),Active (0-90d),2010-11-01,352.0,235.25
16603,2011-09-09 13:02:00,2011-09-26 10:06:00,2,482.47,241.24,United Kingdom,Repeat Customer,74,16,2-3 orders (Occasional),Active (0-90d),2011-09-01,16.0,296.62
16604,2010-05-20 16:34:00,2010-05-26 09:10:00,2,432.45,216.22,United Kingdom,Repeat Customer,562,5,2-3 orders (Occasional),Lapsed (180d+),2010-05-01,5.0,306.7
16605,2009-12-15 19:03:00,2009-12-15 19:03:00,1,60.48,60.48,United Kingdom,One-Time Customer,724,0,1 order (One-Time),Lapsed (180d+),2009-12-01,,60.48
16606,2010-10-01 13:21:00,2010-10-31 13:57:00,2,357.66,178.83,United Kingdom,Repeat Customer,404,30,2-3 orders (Occasional),Lapsed (180d+),2010-10-01,30.0,237.96
16607,2010-04-29 14:01:00,2011-11-22 10:24:00,25,5706.87,228.27,United Kingdom,Repeat Customer,17,571,10+ orders (Champions),Active (0-90d),2010-04-01,21.0,287.3
16608,2010-02-14 11:57:00,2010-09-12 11:44:00,2,1286.62,643.31,United Kingdom,Repeat Customer,453,209,2-3 orders (Occasional),Lapsed (180d+),2010-02-01,209.0,685.3
16609,2011-04-01 10:11:00,2011-11-24 13:32:00,7,5493.46,784.78,United Kingdom,Repeat Customer,15,237,4-9 orders (Regular),Active (0-90d),2011-04-01,32.0,557.53
16610,2011-05-04 13:13:00,2011-05-04 13:13:00,1,75.66,75.66,United Kingdom,One-Time Customer,219,0,1 order (One-Time),Lapsed (180d+),2011-05-01,,75.66
16611,2010-03-10 16:07:00,2011-06-06 15:46:00,6,1785.13,297.52,United Kingdom,Repeat Customer,186,452,4-9 orders (Regular),Lapsed (180d+),2010-03-01,19.0,287.04
16612,2009-12-03 15:54:00,2011-11-07 07:38:00,9,3245.43,360.6,United Kingdom,Repeat Customer,32,703,4-9 orders (Regular),Active (0-90d),2009-12-01,170.0,510.87
16613,2011-09-30 15:52:00,2011-09-30 15:52:00,1,618.59,618.59,United Kingdom,One-Time Customer,70,0,1 order (One-Time),Active (0-90d),2011-09-01,,618.59
16614,2010-05-10 15:18:00,2011-06-10 11:36:00,3,1179.79,393.26,United Kingdom,Repeat Customer,182,395,2-3 orders (Occasional),Lapsed (180d+),2010-05-01,176.0,293.15
16615,2010-03-23 15:13:00,2010-03-23 15:13:00,1,291.5,291.5,United Kingdom,One-Time Customer,626,0,1 order (One-Time),Lapsed (180d+),2010-03-01,,291.5
16616,2011-07-05 13:38:00,2011-11-24 16:31:00,2,500.42,250.21,United Kingdom,Repeat Customer,15,142,2-3 orders (Occasional),Active (0-90d),2011-07-01,142.0,210.1
16617,2011-04-18 10:35:00,2011-04-18 10:35:00,1,151.85,151.85,United Kingdom,One-Time Customer,235,0,1 order (One-Time),Lapsed (180d+),2011-04-01,,151.85
16618,2011-01-21 11:55:00,2011-11-08 13:52:00,5,2647.59,529.52,United Kingdom,Repeat Customer,31,291,4-9 orders (Regular),Active (0-90d),2011-01-01,63.0,728.16
16619,2010-02-22 12:05:00,2011-03-21 08:18:00,4,1938.33,484.58,United Kingdom,Repeat Customer,263,391,4-9 orders (Regular),Lapsed (180d+),2010-02-01,57.0,995.21
16620,2009-12-01 14:35:00,2011-12-06 12:19:00,6,1758.93,293.16,United Kingdom,Repeat Customer,3,734,4-9 orders (Regular),Active (0-90d),2009-12-01,94.0,822.37
16621,2011-03-07 11:32:00,2011-10-19 11:38:00,4,813.48,203.37,United Kingdom,Repeat Customer,51,226,4-9 orders (Regular),Active (0-90d),2011-03-01,61.0,162.85
16622,2010-06-14 10:44:00,2010-06-14 10:44:00,1,225.4,225.4,United Kingdom,One-Time Customer,543,0,1 order (One-Time),Lapsed (180d+),2010-06-01,,225.4
16623,2010-04-26 14:04:00,2011-04-08 10:09:00,4,1015.24,253.81,United Kingdom,Repeat Customer,245,346,4-9 orders (Regular),Lapsed (180d+),2010-04-01,55.0,228.25
16624,2011-05-26 14:20:00,2011-09-20 12:39:00,2,810.57,405.28,United Kingdom,Repeat Customer,80,116,2-3 orders (Occasional),Active (0-90d),2011-05-01,116.0,426.43
16625,2010-06-14 11:56:00,2011-03-10 12:50:00,5,1654.03,330.81,United Kingdom,Repeat Customer,274,269,4-9 orders (Regular),Lapsed (180d+),2010-06-01,63.0,270.0
16626,2011-03-18 12:27:00,2011-12-09 11:56:00,17,4413.1,259.59,United Kingdom,Repeat Customer,0,265,10+ orders (Champions),Active (0-90d),2011-03-01,81.0,795.75
16627,2011-09-21 14:38:00,2011-09-21 14:38:00,1,322.8,322.8,United Kingdom,One-Time Customer,79,0,1 order (One-Time),Active (0-90d),2011-09-01,,322.8
16628,2010-03-08 12:24:00,2011-11-10 12:45:00,7,2318.1,331.16,United Kingdom,Repeat Customer,29,612,4-9 orders (Regular),Active (0-90d),2010-03-01,233.0,78.0
16629,2011-09-04 16:12:00,2011-09-27 10:34:00,2,408.63,204.32,United Kingdom,Repeat Customer,73,22,2-3 orders (Occasional),Active (0-90d),2011-09-01,22.0,227.68
16630,2010-10-28 14:30:00,2010-10-28 14:30:00,1,106.8,106.8,United Kingdom,One-Time Customer,407,0,1 order (One-Time),Lapsed (180d+),2010-10-01,,106.8
16631,2010-02-26 10:49:00,2010-08-15 11:20:00,7,1892.52,270.36,United Kingdom,Repeat Customer,481,170,4-9 orders (Regular),Lapsed (180d+),2010-02-01,47.0,365.33
16632,2010-05-07 16:46:00,2010-08-11 11:39:00,2,406.4,203.2,United Kingdom,Repeat Customer,485,95,2-3 orders (Occasional),Lapsed (180d+),2010-05-01,95.0,204.4
16633,2011-04-19 14:36:00,2011-11-22 13:41:00,6,2883.1,480.52,United Kingdom,Repeat Customer,17,216,4-9 orders (Regular),Active (0-90d),2011-04-01,53.0,447.52
16634,2010-01-21 09:30:00,2011-05-01 12:09:00,6,1649.81,274.97,United Kingdom,Repeat Customer,222,465,4-9 orders (Regular),Lapsed (180d+),2010-01-01,67.0,303.8
16635,2010-10-29 09:41:00,2010-10-29 09:41:00,1,473.0,473.0,United Kingdom,One-Time Customer,406,0,1 order (One-Time),Lapsed (180d+),2010-10-01,,473.0
16636,2010-03-03 14:06:00,2010-09-27 13:13:00,4,3802.04,950.51,United Kingdom,Repeat Customer,438,207,4-9 orders (Regular),Lapsed (180d+),2010-03-01,15.0,1311.45
16637,2011-04-28 10:20:00,2011-11-07 13:17:00,4,1154.47,288.62,United Kingdom,Repeat Customer,32,193,4-9 orders (Regular),Active (0-90d),2011-04-01,102.0,303.62
16638,2010-08-18 13:33:00,2011-11-17 11:09:00,15,2380.13,158.68,United Kingdom,Repeat Customer,22,455,10+ orders (Champions),Active (0-90d),2010-08-01,0.0,80.7
16639,2010-10-26 18:23:00,2011-11-08 13:20:00,4,1747.98,437.0,United Kingdom,Repeat Customer,31,377,4-9 orders (Regular),Active (0-90d),2010-10-01,173.0,490.47
16640,2010-11-07 10:48:00,2010-11-07 10:48:00,1,179.4,179.4,United Kingdom,One-Time Customer,397,0,1 order (One-Time),Lapsed (180d+),2010-11-01,,179.4
16641,2010-01-07 12:22:00,2011-08-26 12:49:00,2,554.5,277.25,United Kingdom,Repeat Customer,105,596,2-3 orders (Occasional),At Risk (91-180d),2010-01-01,596.0,323.4
16642,2010-10-20 14:22:00,2011-12-05 11:31:00,3,1077.45,359.15,United Kingdom,Repeat Customer,4,410,2-3 orders (Occasional),Active (0-90d),2010-10-01,207.0,389.12
16643,2010-10-13 09:47:00,2011-04-08 08:24:00,2,923.11,461.56,United Kingdom,Repeat Customer,245,176,2-3 orders (Occasional),Lapsed (180d+),2010-10-01,176.0,435.6
16644,2011-05-11 12:53:00,2011-06-15 12:39:00,2,833.78,416.89,United Kingdom,Repeat Customer,177,34,2-3 orders (Occasional),At Risk (91-180d),2011-05-01,34.0,722.41
16645,2009-12-04 09:49:00,2009-12-04 09:49:00,1,160.39,160.39,United Kingdom,One-Time Customer,735,0,1 order (One-Time),Lapsed (180d+),2009-12-01,,160.39
16646,2010-09-16 13:28:00,2010-09-16 13:28:00,1,678.8,678.8,United Kingdom,One-Time Customer,449,0,1 order (One-Time),Lapsed (180d+),2010-09-01,,678.8
16647,2010-06-13 15:52:00,2011-06-23 11:47:00,4,541.9,135.48,United Kingdom,Repeat Customer,169,374,4-9 orders (Regular),At Risk (91-180d),2010-06-01,101.0,144.13
16648,2010-04-28 14:58:00,2011-10-28 08:58:00,3,672.8,224.27,United Kingdom,Repeat Customer,42,547,2-3 orders (Occasional),Active (0-90d),2010-04-01,134.0,252.84
16649,2010-07-07 15:41:00,2010-07-07 15:41:00,1,306.58,306.58,United Kingdom,One-Time Customer,520,0,1 order (One-Time),Lapsed (180d+),2010-07-01,,306.58
16650,2010-07-08 14:18:00,2011-09-29 09:51:00,7,1916.11,273.73,United Kingdom,Repeat Customer,71,447,4-9 orders (Regular),Active (0-90d),2010-07-01,3.0,637.4
16651,2010-05-02 11:46:00,2010-05-02 11:46:00,1,136.2,136.2,United Kingdom,One-Time Customer,586,0,1 order (One-Time),Lapsed (180d+),2010-05-01,,136.2
16652,2010-03-17 10:22:00,2011-10-12 09:38:00,16,17550.39,1096.9,United Kingdom,Repeat Customer,58,573,10+ orders (Champions),Active (0-90d),2010-03-01,41.0,1448.64
16653,2011-09-29 13:38:00,2011-11-23 14:51:00,2,1212.66,606.33,United Kingdom,Repeat Customer,16,55,2-3 orders (Occasional),Active (0-90d),2011-09-01,55.0,1117.86
16654,2010-04-06 13:29:00,2011-07-21 15:23:00,8,1484.07,185.51,United Kingdom,Repeat Customer,141,471,4-9 orders (Regular),At Risk (91-180d),2010-04-01,86.0,269.7
16655,2010-01-31 15:40:00,2011-11-22 11:25:00,13,6423.26,494.1,United Kingdom,Repeat Customer,17,659,10+ orders (Champions),Active (0-90d),2010-01-01,56.0,309.09
16656,2009-12-04 12:59:00,2011-11-17 14:43:00,30,16833.17,561.11,United Kingdom,Repeat Customer,22,713,10+ orders (Champions),Active (0-90d),2009-12-01,65.0,373.74
16657,2011-03-30 12:02:00,2011-11-30 11:48:00,4,874.43,218.61,United Kingdom,Repeat Customer,9,244,4-9 orders (Regular),Active (0-90d),2011-03-01,105.0,215.43
16658,2010-03-30 16:24:00,2010-12-06 13:47:00,5,680.83,136.17,United Kingdom,Repeat Customer,368,250,4-9 orders (Regular),Lapsed (180d+),2010-03-01,56.0,130.49
16659,2011-06-03 15:03:00,2011-06-03 15:03:00,1,39.12,39.12,United Kingdom,One-Time Customer,189,0,1 order (One-Time),Lapsed (180d+),2011-06-01,,39.12
16660,2010-01-14 11:09:00,2011-11-23 14:53:00,7,1879.55,268.51,United Kingdom,Repeat Customer,16,678,4-9 orders (Regular),Active (0-90d),2010-01-01,236.0,141.6
16661,2009-12-17 15:39:00,2010-06-17 15:24:00,4,932.76,233.19,United Kingdom,Repeat Customer,540,181,4-9 orders (Regular),Lapsed (180d+),2009-12-01,126.0,282.3
16662,2010-11-10 16:56:00,2010-11-10 16:56:00,1,151.05,151.05,United Kingdom,One-Time Customer,394,0,1 order (One-Time),Lapsed (180d+),2010-11-01,,151.05
16663,2009-12-10 13:12:00,2009-12-10 13:12:00,1,165.0,165.0,United Kingdom,One-Time Customer,729,0,1 order (One-Time),Lapsed (180d+),2009-12-01,,165.0
16664,2010-05-19 17:11:00,2010-05-19 17:11:00,1,109.2,109.2,United Kingdom,One-Time Customer,569,0,1 order (One-Time),Lapsed (180d+),2010-05-01,,109.2
16665,2010-12-12 14:03:00,2010-12-12 14:03:00,1,135.4,135.4,United Kingdom,One-Time Customer,362,0,1 order (One-Time),Lapsed (180d+),2010-12-01,,135.4
16666,2010-03-28 15:13:00,2011-11-20 14:01:00,2,217.71,108.86,United Kingdom,Repeat Customer,19,601,2-3 orders (Occasional),Active (0-90d),2010-03-01,601.0,98.73
16667,2011-02-28 12:57:00,2011-10-02 15:26:00,2,567.18,283.59,United Kingdom,Repeat Customer,68,216,2-3 orders (Occasional),Active (0-90d),2011-02-01,216.0,200.4
16668,2010-03-18 18:25:00,2011-11-24 17:43:00,13,862.42,66.34,United Kingdom,Repeat Customer,15,615,10+ orders (Champions),Active (0-90d),2010-03-01,74.0,138.54
16669,2011-09-22 14:13:00,2011-11-16 12:26:00,2,1344.48,672.24,United Kingdom,Repeat Customer,23,54,2-3 orders (Occasional),Active (0-90d),2011-09-01,54.0,720.94
16670,2009-12-10 15:28:00,2011-11-23 09:34:00,20,8030.15,401.51,United Kingdom,Repeat Customer,16,712,10+ orders (Champions),Active (0-90d),2009-12-01,38.0,683.91
16671,2011-06-28 11:20:00,2011-11-11 13:40:00,3,1692.27,564.09,United Kingdom,Repeat Customer,28,136,2-3 orders (Occasional),Active (0-90d),2011-06-01,128.0,1382.88
16672,2011-03-18 10:15:00,2011-12-07 16:29:00,20,8134.94,406.75,United Kingdom,Repeat Customer,2,264,10+ orders (Champions),Active (0-90d),2011-03-01,19.0,1175.44
16673,2010-01-29 14:22:00,2010-01-29 14:22:00,1,171.13,171.13,United Kingdom,One-Time Customer,679,0,1 order (One-Time),Lapsed (180d+),2010-01-01,,171.13
16674,2011-09-02 13:59:00,2011-10-16 11:31:00,2,304.24,152.12,United Kingdom,Repeat Customer,54,43,2-3 orders (Occasional),Active (0-90d),2011-09-01,43.0,115.1
16675,2010-08-18 13:11:00,2010-09-24 12:15:00,2,608.86,304.43,United Kingdom,Repeat Customer,441,36,2-3 orders (Occasional),Lapsed (180d+),2010-08-01,36.0,307.06
16676,2010-10-17 13:07:00,2011-11-06 12:01:00,6,2361.9,393.65,United Kingdom,Repeat Customer,33,384,4-9 orders (Regular),Active (0-90d),2010-10-01,16.0,417.38
16677,2010-02-25 16:11:00,2010-10-24 14:53:00,2,880.62,440.31,United Kingdom,Repeat Customer,411,240,2-3 orders (Occasional),Lapsed (180d+),2010-02-01,240.0,263.23
16678,2011-03-02 09:24:00,2011-12-07 12:17:00,12,3109.99,259.17,United Kingdom,Repeat Customer,2,280,10+ orders (Champions),Active (0-90d),2011-03-01,32.0,312.18
16679,2010-06-10 18:35:00,2010-12-08 13:51:00,3,663.31,221.1,United Kingdom,Repeat Customer,366,180,2-3 orders (Occasional),Lapsed (180d+),2010-06-01,152.0,187.15
16680,2010-06-23 09:30:00,2011-10-27 17:35:00,3,821.45,273.82,United Kingdom,Repeat Customer,43,491,2-3 orders (Occasional),Active (0-90d),2010-06-01,6.0,540.25
16681,2010-03-08 14:10:00,2011-09-28 11:11:00,7,1921.84,274.55,United Kingdom,Repeat Customer,72,568,4-9 orders (Regular),Active (0-90d),2010-03-01,387.0,151.5
16682,2011-06-05 11:02:00,2011-12-05 12:13:00,5,1028.0,205.6,United Kingdom,Repeat Customer,4,183,4-9 orders (Regular),Active (0-90d),2011-06-01,28.0,525.5
16683,2010-06-24 10:36:00,2010-06-24 10:36:00,1,320.25,320.25,United Kingdom,One-Time Customer,533,0,1 order (One-Time),Lapsed (180d+),2010-06-01,,320.25
16684,2009-12-07 12:56:00,2011-12-05 14:06:00,55,147142.77,2675.32,United Kingdom,Repeat Customer,4,728,10+ orders (Champions),Active (0-90d),2009-12-01,0.0,488.16
16685,2011-10-09 13:44:00,2011-10-09 13:58:00,2,324.24,162.12,United Kingdom,Repeat Customer,61,0,2-3 orders (Occasional),Active (0-90d),2011-10-01,0.0,241.74
16686,2009-12-06 15:48:00,2011-10-23 13:49:00,16,4881.07,305.07,United Kingdom,Repeat Customer,47,685,10+ orders (Champions),Active (0-90d),2009-12-01,0.0,115.05
16687,2010-11-14 11:46:00,2010-11-14 11:46:00,1,157.63,157.63,United Kingdom,One-Time Customer,390,0,1 order (One-Time),Lapsed (180d+),2010-11-01,,157.63
16688,2011-10-10 12:23:00,2011-12-08 15:24:00,4,1260.86,315.21,United Kingdom,Repeat Customer,1,59,4-9 orders (Regular),Active (0-90d),2011-10-01,17.0,183.75
16689,2011-09-18 13:29:00,2011-09-25 11:39:00,2,422.6,211.3,United Kingdom,Repeat Customer,75,6,2-3 orders (Occasional),Active (0-90d),2011-09-01,6.0,294.16
16690,2010-09-14 15:00:00,2011-09-28 15:02:00,4,353.03,88.26,United Kingdom,Repeat Customer,72,379,4-9 orders (Regular),Active (0-90d),2010-09-01,58.0,45.8
16691,2010-05-27 14:55:00,2010-10-17 15:03:00,2,178.83,89.42,United Kingdom,Repeat Customer,418,143,2-3 orders (Occasional),Lapsed (180d+),2010-05-01,143.0,35.88
16692,2010-09-24 11:31:00,2011-03-28 14:46:00,4,1764.7,441.18,United Kingdom,Repeat Customer,256,185,4-9 orders (Regular),Lapsed (180d+),2010-09-01,32.0,571.2
16693,2010-02-21 12:42:00,2011-10-02 11:10:00,5,1179.48,235.9,United Kingdom,Repeat Customer,68,587,4-9 orders (Regular),Active (0-90d),2010-02-01,139.0,205.98
16694,2009-12-16 15:45:00,2009-12-16 15:45:00,1,98.3,98.3,United Kingdom,One-Time Customer,723,0,1 order (One-Time),Lapsed (180d+),2009-12-01,,98.3
16695,2010-05-27 12:24:00,2010-05-27 12:36:00,2,191.9,95.95,United Kingdom,Repeat Customer,561,0,2-3 orders (Occasional),Lapsed (180d+),2010-05-01,0.0,162.15
16696,2011-04-05 15:20:00,2011-07-27 14:23:00,4,657.9,164.48,United Kingdom,Repeat Customer,135,112,4-9 orders (Regular),At Risk (91-180d),2011-04-01,34.0,35.4
16697,2011-04-12 17:12:00,2011-04-12 17:12:00,1,112.75,112.75,United Kingdom,One-Time Customer,241,0,1 order (One-Time),Lapsed (180d+),2011-04-01,,112.75
16698,2011-03-31 13:33:00,2011-04-27 10:52:00,2,1998.0,999.0,United Kingdom,Repeat Customer,226,26,2-3 orders (Occasional),Lapsed (180d+),2011-03-01,26.0,1182.0
16699,2009-12-04 13:31:00,2010-11-24 14:38:00,7,994.6,142.09,United Kingdom,Repeat Customer,380,355,4-9 orders (Regular),Lapsed (180d+),2009-12-01,111.0,137.4
16700,2009-12-02 10:51:00,2011-12-01 11:00:00,25,8830.77,353.23,United Kingdom,Repeat Customer,8,729,10+ orders (Champions),Active (0-90d),2009-12-01,0.0,401.7
16701,2009-12-01 19:19:00,2011-12-01 11:10:00,26,9916.73,381.41,United Kingdom,Repeat Customer,8,729,10+ orders (Champions),Active (0-90d),2009-12-01,15.0,378.12
16702,2009-12-07 16:40:00,2010-10-20 14:10:00,4,1109.53,277.38,United Kingdom,Repeat Customer,415,316,4-9 orders (Regular),Lapsed (180d+),2009-12-01,77.0,221.52
16704,2010-02-05 14:14:00,2010-03-31 14:02:00,2,664.16,332.08,United Kingdom,Repeat Customer,618,53,2-3 orders (Occasional),Lapsed (180d+),2010-02-01,53.0,542.31
16705,2009-12-09 13:34:00,2011-12-09 12:08:00,42,43515.05,1036.07,United Kingdom,Repeat Customer,0,729,10+ orders (Champions),Active (0-90d),2009-12-01,41.0,3249.32
16706,2011-08-17 15:53:00,2011-11-02 13:50:00,3,531.35,177.12,United Kingdom,Repeat Customer,37,76,2-3 orders (Occasional),Active (0-90d),2011-08-01,15.0,291.53
16707,2010-03-09 15:16:00,2010-11-04 14:39:00,4,533.41,133.35,United Kingdom,Repeat Customer,400,239,4-9 orders (Regular),Lapsed (180d+),2010-03-01,57.0,168.29
16708,2011-10-25 12:20:00,2011-10-25 12:20:00,1,656.63,656.63,United Kingdom,One-Time Customer,45,0,1 order (One-Time),Active (0-90d),2011-10-01,,656.63
16709,2009-12-09 13:16:00,2011-09-16 10:56:00,14,9056.01,646.86,United Kingdom,Repeat Customer,84,645,10+ orders (Champions),Active (0-90d),2009-12-01,56.0,1248.3
16710,2009-12-04 13:41:00,2011-11-20 14:50:00,22,5921.35,269.15,United Kingdom,Repeat Customer,19,716,10+ orders (Champions),Active (0-90d),2009-12-01,2.0,378.96
16711,2009-12-02 13:22:00,2011-12-06 16:32:00,9,2868.48,318.72,United Kingdom,Repeat Customer,3,734,4-9 orders (Regular),Active (0-90d),2009-12-01,12.0,340.2
16712,2010-11-03 15:45:00,2011-11-30 13:48:00,13,4225.22,325.02,United Kingdom,Repeat Customer,9,391,10+ orders (Champions),Active (0-90d),2010-11-01,0.0,420.83
16713,2009-12-15 12:49:00,2011-11-21 12:36:00,32,14115.56,441.11,United Kingdom,Repeat Customer,18,705,10+ orders (Champions),Active (0-90d),2009-12-01,0.0,558.17
16714,2010-02-07 11:17:00,2011-01-26 13:46:00,3,1482.33,494.11,United Kingdom,Repeat Customer,317,353,2-3 orders (Occasional),Lapsed (180d+),2010-02-01,353.0,368.27
16715,2010-05-26 12:35:00,2011-09-22 18:15:00,2,625.52,312.76,United Kingdom,Repeat Customer,78,484,2-3 orders (Occasional),Active (0-90d),2010-05-01,484.0,323.8
16716,2010-03-19 11:05:00,2011-03-18 10:03:00,3,2149.68,716.56,United Kingdom,Repeat Customer,266,363,2-3 orders (Occasional),Lapsed (180d+),2010-03-01,319.0,1248.48
16717,2009-12-07 15:55:00,2011-11-16 12:16:00,14,6663.68,475.98,United Kingdom,Repeat Customer,23,708,10+ orders (Champions),Active (0-90d),2009-12-01,83.0,386.39
16718,2009-12-06 13:07:00,2010-12-05 13:03:00,5,3006.08,601.22,United Kingdom,Repeat Customer,369,363,4-9 orders (Regular),Lapsed (180d+),2009-12-01,55.0,647.82
16719,2009-12-13 10:59:00,2011-11-25 09:27:00,14,3508.62,250.62,United Kingdom,Repeat Customer,14,711,10+ orders (Champions),Active (0-90d),2009-12-01,43.0,344.65
16720,2009-12-17 17:54:00,2011-11-13 16:22:00,3,566.74,188.91,United Kingdom,Repeat Customer,26,695,2-3 orders (Occasional),Active (0-90d),2009-12-01,345.0,160.07
16721,2011-03-22 16:08:00,2011-03-22 16:08:00,1,292.47,292.47,United Kingdom,One-Time Customer,262,0,1 order (One-Time),Lapsed (180d+),2011-03-01,,292.47
16722,2009-12-03 19:23:00,2011-11-22 13:28:00,22,8189.56,372.25,United Kingdom,Repeat Customer,17,718,10+ orders (Champions),Active (0-90d),2009-12-01,61.0,339.78
16723,2009-12-04 13:23:00,2011-09-09 13:01:00,4,1231.36,307.84,United Kingdom,Repeat Customer,91,643,4-9 orders (Regular),At Risk (91-180d),2009-12-01,291.0,426.43
16724,2010-10-31 11:40:00,2010-10-31 11:40:00,1,147.35,147.35,United Kingdom,One-Time Customer,404,0,1 order (One-Time),Lapsed (180d+),2010-10-01,,147.35
16725,2009-12-13 15:54:00,2011-02-10 16:52:00,13,1686.81,129.75,United Kingdom,Repeat Customer,302,424,10+ orders (Champions),Lapsed (180d+),2009-12-01,251.0,204.73
16726,2010-10-24 16:09:00,2011-11-13 14:53:00,7,2063.88,294.84,United Kingdom,Repeat Customer,26,384,4-9 orders (Regular),Active (0-90d),2010-10-01,27.0,322.23
16727,2010-01-20 10:48:00,2010-12-10 13:48:00,4,1377.77,344.44,United Kingdom,Repeat Customer,364,324,4-9 orders (Regular),Lapsed (180d+),2010-01-01,67.0,524.94
16728,2011-03-20 13:28:00,2011-10-24 14:36:00,4,1048.28,262.07,United Kingdom,Repeat Customer,46,218,4-9 orders (Regular),Active (0-90d),2011-03-01,27.0,224.49
16729,2011-04-12 14:22:00,2011-11-01 14:29:00,21,7202.01,342.95,United Kingdom,Repeat Customer,38,203,10+ orders (Champions),Active (0-90d),2011-04-01,6.0,504.27
16730,2011-01-24 14:01:00,2011-10-18 14:11:00,3,743.11,247.7,United Kingdom,Repeat Customer,52,267,2-3 orders (Occasional),Active (0-90d),2011-01-01,84.0,187.02
16731,2010-03-01 15:05:00,2010-03-01 15:05:00,1,170.3,170.3,United Kingdom,One-Time Customer,648,0,1 order (One-Time),Lapsed (180d+),2010-03-01,,170.3
16732,2009-12-08 13:04:00,2011-11-08 09:54:00,4,4387.64,1096.91,United Kingdom,Repeat Customer,31,699,4-9 orders (Regular),Active (0-90d),2009-12-01,119.0,792.84
16733,2010-06-28 10:12:00,2010-06-28 10:12:00,1,259.68,259.68,United Kingdom,One-Time Customer,529,0,1 order (One-Time),Lapsed (180d+),2010-06-01,,259.68
16734,2011-08-17 15:00:00,2011-10-18 13:44:00,3,646.76,215.59,United Kingdom,Repeat Customer,52,61,2-3 orders (Occasional),Active (0-90d),2011-08-01,0.0,299.46
16735,2009-12-08 09:24:00,2011-09-22 11:49:00,14,6217.41,444.1,United Kingdom,Repeat Customer,78,653,10+ orders (Champions),Active (0-90d),2009-12-01,44.0,338.34
16736,2009-12-03 16:12:00,2010-07-22 10:09:00,5,2956.56,591.31,United Kingdom,Repeat Customer,505,230,4-9 orders (Regular),Lapsed (180d+),2009-12-01,0.0,1225.98
16737,2010-05-11 09:53:00,2011-10-17 13:03:00,2,835.2,417.6,United Kingdom,Repeat Customer,53,524,2-3 orders (Occasional),Active (0-90d),2010-05-01,524.0,417.6
16738,2011-02-15 09:46:00,2011-02-15 09:46:00,1,3.75,3.75,United Kingdom,One-Time Customer,297,0,1 order (One-Time),Lapsed (180d+),2011-02-01,,3.75
16739,2010-06-21 09:38:00,2011-06-16 09:17:00,2,786.43,393.22,United Kingdom,Repeat Customer,176,359,2-3 orders (Occasional),At Risk (91-180d),2010-06-01,359.0,463.43
16740,2010-11-09 13:34:00,2010-11-09 13:34:00,1,226.91,226.91,United Kingdom,One-Time Customer,395,0,1 order (One-Time),Lapsed (180d+),2010-11-01,,226.91
16741,2010-03-24 15:15:00,2010-03-24 15:15:00,1,173.06,173.06,United Kingdom,One-Time Customer,625,0,1 order (One-Time),Lapsed (180d+),2010-03-01,,173.06
16742,2009-12-16 17:22:00,2010-08-04 10:52:00,13,2334.97,179.61,United Kingdom,Repeat Customer,492,230,10+ orders (Champions),Lapsed (180d+),2009-12-01,40.0,220.07
16743,2010-04-22 13:21:00,2011-11-10 13:13:00,14,4212.15,300.87,United Kingdom,Repeat Customer,29,566,10+ orders (Champions),Active (0-90d),2010-04-01,20.0,308.46
16744,2011-06-19 15:13:00,2011-11-28 13:06:00,7,1291.91,184.56,United Kingdom,Repeat Customer,11,161,4-9 orders (Regular),Active (0-90d),2011-06-01,27.0,109.96
16745,2011-02-01 11:31:00,2011-09-14 11:58:00,17,7180.7,422.39,United Kingdom,Repeat Customer,86,225,10+ orders (Champions),Active (0-90d),2011-02-01,5.0,239.3
16746,2009-12-04 13:00:00,2011-12-05 12:33:00,42,18045.05,429.64,United Kingdom,Repeat Customer,4,730,10+ orders (Champions),Active (0-90d),2009-12-01,5.0,367.1
16747,2011-10-03 10:18:00,2011-11-02 11:37:00,2,836.06,418.03,United Kingdom,Repeat Customer,37,30,2-3 orders (Occasional),Active (0-90d),2011-10-01,30.0,480.2
16748,2009-12-10 12:28:00,2011-11-22 10:17:00,14,3637.33,259.81,United Kingdom,Repeat Customer,17,711,10+ orders (Champions),Active (0-90d),2009-12-01,60.0,97.5
16749,2009-12-15 14:05:00,2010-04-27 13:06:00,2,4157.88,2078.94,United Kingdom,Repeat Customer,591,132,2-3 orders (Occasional),Lapsed (180d+),2009-12-01,132.0,2343.72
16750,2011-04-21 16:53:00,2011-10-26 12:48:00,5,623.93,124.79,United Kingdom,Repeat Customer,44,187,4-9 orders (Regular),Active (0-90d),2011-04-01,96.0,118.7
16751,2011-11-09 10:48:00,2011-11-09 10:48:00,1,1764.72,1764.72,United Kingdom,One-Time Customer,30,0,1 order (One-Time),Active (0-90d),2011-11-01,,1764.72
16752,2010-12-02 12:18:00,2010-12-02 12:18:00,1,207.5,207.5,United Kingdom,One-Time Customer,372,0,1 order (One-Time),Lapsed (180d+),2010-12-01,,207.5
16753,2011-10-12 13:14:00,2011-10-12 13:14:00,1,223.92,223.92,United Kingdom,One-Time Customer,58,0,1 order (One-Time),Active (0-90d),2011-10-01,,223.92
16754,2010-03-08 11:32:00,2010-12-02 17:38:00,29,65500.07,2258.62,United Kingdom,Repeat Customer,372,269,10+ orders (Champions),Lapsed (180d+),2010-03-01,7.0,2394.0
16755,2009-12-09 14:25:00,2011-08-17 13:21:00,7,2864.68,409.24,United Kingdom,Repeat Customer,114,615,4-9 orders (Regular),At Risk (91-180d),2009-12-01,55.0,207.58
16756,2010-03-09 15:56:00,2011-05-09 09:33:00,7,1312.37,187.48,United Kingdom,Repeat Customer,214,425,4-9 orders (Regular),Lapsed (180d+),2010-03-01,47.0,273.54
16757,2010-10-26 15:09:00,2011-01-25 11:59:00,2,270.48,135.24,United Kingdom,Repeat Customer,318,90,2-3 orders (Occasional),Lapsed (180d+),2010-10-01,90.0,163.65
16758,2011-10-05 14:47:00,2011-10-05 14:47:00,1,369.34,369.34,United Kingdom,One-Time Customer,65,0,1 order (One-Time),Active (0-90d),2011-10-01,,369.34
16759,2011-11-09 09:06:00,2011-12-02 12:42:00,3,789.79,263.26,United Kingdom,Repeat Customer,7,23,2-3 orders (Occasional),Active (0-90d),2011-11-01,0.0,107.95
16760,2010-10-05 15:55:00,2010-10-05 15:55:00,1,228.0,228.0,United Kingdom,One-Time Customer,430,0,1 order (One-Time),Lapsed (180d+),2010-10-01,,228.0
16761,2011-09-04 11:15:00,2011-09-04 11:15:00,1,316.62,316.62,United Kingdom,One-Time Customer,96,0,1 order (One-Time),At Risk (91-180d),2011-09-01,,316.62
16762,2011-07-18 12:52:00,2011-11-20 11:43:00,3,1207.24,402.41,United Kingdom,Repeat Customer,19,124,2-3 orders (Occasional),Active (0-90d),2011-07-01,98.0,314.15
16763,2009-12-01 15:26:00,2011-05-25 11:52:00,2,964.7,482.35,United Kingdom,Repeat Customer,198,539,2-3 orders (Occasional),Lapsed (180d+),2009-12-01,539.0,352.85
16764,2011-07-19 17:17:00,2011-12-06 11:41:00,13,2790.95,214.69,United Kingdom,Repeat Customer,3,139,10+ orders (Champions),Active (0-90d),2011-07-01,11.0,176.68
16765,2010-11-22 13:42:00,2011-02-18 15:41:00,2,454.75,227.38,United Kingdom,Repeat Customer,294,88,2-3 orders (Occasional),Lapsed (180d+),2010-11-01,88.0,420.75
16766,2011-03-11 13:34:00,2011-03-11 15:22:00,2,1145.6,572.8,United Kingdom,Repeat Customer,273,0,2-3 orders (Occasional),Lapsed (180d+),2011-03-01,0.0,572.8
16767,2010-04-28 16:49:00,2011-11-09 09:42:00,15,8052.41,536.83,United Kingdom,Repeat Customer,30,559,10+ orders (Champions),Active (0-90d),2010-04-01,78.0,780.81
16768,2009-12-07 11:47:00,2011-10-23 10:38:00,9,1698.57,188.73,United Kingdom,Repeat Customer,47,684,4-9 orders (Regular),Active (0-90d),2009-12-01,64.0,224.98
16769,2009-12-14 11:10:00,2011-03-24 13:41:00,4,1117.05,279.26,United Kingdom,Repeat Customer,260,465,4-9 orders (Regular),Lapsed (180d+),2009-12-01,0.0,66.75
16770,2010-08-22 16:08:00,2011-10-13 12:21:00,9,1778.93,197.66,United Kingdom,Repeat Customer,57,416,4-9 orders (Regular),Active (0-90d),2010-08-01,27.0,168.81
16771,2009-12-09 11:52:00,2011-11-06 13:28:00,10,3921.1,392.11,United Kingdom,Repeat Customer,33,697,10+ orders (Champions),Active (0-90d),2009-12-01,57.0,203.3
16772,2009-12-18 10:50:00,2010-10-12 13:19:00,3,3698.05,1232.68,United Kingdom,Repeat Customer,423,298,2-3 orders (Occasional),Lapsed (180d+),2009-12-01,21.0,896.85
16773,2009-12-06 15:01:00,2011-10-13 14:37:00,3,421.24,140.41,United Kingdom,Repeat Customer,57,675,2-3 orders (Occasional),Active (0-90d),2009-12-01,297.0,137.75
16774,2010-02-16 16:53:00,2011-10-03 12:41:00,8,1567.48,195.94,United Kingdom,Repeat Customer,67,593,4-9 orders (Regular),Active (0-90d),2010-02-01,62.0,354.7
16775,2010-09-23 17:34:00,2011-11-29 15:22:00,16,2820.84,176.3,United Kingdom,Repeat Customer,10,431,10+ orders (Champions),Active (0-90d),2010-09-01,18.0,108.15
16776,2010-10-20 12:13:00,2011-10-10 13:04:00,2,592.51,296.26,United Kingdom,Repeat Customer,60,355,2-3 orders (Occasional),Active (0-90d),2010-10-01,355.0,220.97
16777,2010-03-17 12:42:00,2011-09-20 13:41:00,5,1292.18,258.44,United Kingdom,Repeat Customer,80,552,4-9 orders (Regular),Active (0-90d),2010-03-01,101.0,198.03
16778,2011-03-10 15:21:00,2011-09-26 13:48:00,2,245.94,122.97,United Kingdom,Repeat Customer,74,199,2-3 orders (Occasional),Active (0-90d),2011-03-01,199.0,93.18
16779,2009-12-03 13:03:00,2011-12-07 14:54:00,53,32809.03,619.04,United Kingdom,Repeat Customer,2,734,10+ orders (Champions),Active (0-90d),2009-12-01,2.0,1146.71
16780,2010-10-28 19:41:00,2011-08-31 16:09:00,3,596.4,198.8,United Kingdom,Repeat Customer,100,306,2-3 orders (Occasional),At Risk (91-180d),2010-10-01,147.0,174.16
16781,2010-02-08 13:56:00,2010-12-02 14:26:00,2,623.0,311.5,United Kingdom,Repeat Customer,372,297,2-3 orders (Occasional),Lapsed (180d+),2010-02-01,297.0,311.75
16782,2009-12-09 11:58:00,2011-11-29 13:20:00,38,9636.12,253.58,United Kingdom,Repeat Customer,10,720,10+ orders (Champions),Active (0-90d),2009-12-01,38.0,181.45
16783,2010-09-29 11:53:00,2010-09-29 11:53:00,1,391.95,391.95,United Kingdom,One-Time Customer,436,0,1 order (One-Time),Lapsed (180d+),2010-09-01,,391.95
16784,2010-03-28 12:55:00,2011-11-20 12:20:00,5,892.33,178.47,United Kingdom,Repeat Customer,19,601,4-9 orders (Regular),Active (0-90d),2010-03-01,127.0,210.47
16785,2010-10-26 10:36:00,2010-10-26 10:36:00,1,533.78,533.78,United Kingdom,One-Time Customer,409,0,1 order (One-Time),Lapsed (180d+),2010-10-01,,533.78
16786,2010-11-11 08:25:00,2010-11-11 08:25:00,1,51.84,51.84,United Kingdom,One-Time Customer,393,0,1 order (One-Time),Lapsed (180d+),2010-11-01,,51.84
16787,2010-01-10 11:12:00,2010-11-07 11:01:00,4,1017.53,254.38,United Kingdom,Repeat Customer,397,300,4-9 orders (Regular),Lapsed (180d+),2010-01-01,77.0,241.54
16788,2010-02-07 12:40:00,2011-08-08 14:53:00,5,1927.28,385.46,United Kingdom,Repeat Customer,123,547,4-9 orders (Regular),At Risk (91-180d),2010-02-01,120.0,412.36
16789,2011-12-01 15:12:00,2011-12-01 15:12:00,1,80.8,80.8,United Kingdom,One-Time Customer,8,0,1 order (One-Time),Active (0-90d),2011-12-01,,80.8
16790,2011-11-02 11:23:00,2011-12-06 11:53:00,6,1545.62,257.6,United Kingdom,Repeat Customer,3,34,4-9 orders (Regular),Active (0-90d),2011-11-01,4.0,664.21
16791,2009-12-03 18:08:00,2011-11-10 19:12:00,15,3944.88,262.99,United Kingdom,Repeat Customer,29,707,10+ orders (Champions),Active (0-90d),2009-12-01,53.0,304.92
16792,2010-01-04 13:47:00,2011-03-02 14:41:00,5,623.46,124.69,United Kingdom,Repeat Customer,282,422,4-9 orders (Regular),Lapsed (180d+),2010-01-01,116.0,211.29
16793,2011-10-13 15:08:00,2011-10-13 15:08:00,1,243.84,243.84,United Kingdom,One-Time Customer,57,0,1 order (One-Time),Active (0-90d),2011-10-01,,243.84
16794,2010-03-25 15:17:00,2011-12-08 17:54:00,15,2050.68,136.71,United Kingdom,Repeat Customer,1,623,10+ orders (Champions),Active (0-90d),2010-03-01,42.0,231.03
16795,2010-01-25 13:14:00,2010-12-09 14:08:00,3,2062.41,687.47,United Kingdom,Repeat Customer,365,318,2-3 orders (Occasional),Lapsed (180d+),2010-01-01,267.0,607.82
16796,2011-09-11 14:01:00,2011-09-11 14:01:00,1,305.62,305.62,United Kingdom,One-Time Customer,89,0,1 order (One-Time),Active (0-90d),2011-09-01,,305.62
16797,2009-12-02 13:33:00,2010-11-11 19:14:00,5,1802.02,360.4,United Kingdom,Repeat Customer,393,344,4-9 orders (Regular),Lapsed (180d+),2009-12-01,81.0,176.88
16798,2009-12-10 19:35:00,2010-06-03 19:01:00,3,841.16,280.39,United Kingdom,Repeat Customer,554,174,2-3 orders (Occasional),Lapsed (180d+),2009-12-01,86.0,208.9
16799,2010-09-12 12:46:00,2010-10-03 14:28:00,2,452.78,226.39,United Kingdom,Repeat Customer,432,21,2-3 orders (Occasional),Lapsed (180d+),2010-09-01,21.0,240.49
16800,2011-11-28 14:06:00,2011-11-28 14:06:00,1,1162.65,1162.65,United Kingdom,One-Time Customer,11,0,1 order (One-Time),Active (0-90d),2011-11-01,,1162.65
16801,2011-03-11 13:56:00,2011-06-29 15:33:00,4,1594.23,398.56,United Kingdom,Repeat Customer,163,110,4-9 orders (Regular),At Risk (91-180d),2011-03-01,71.0,751.9
16802,2009-12-09 13:00:00,2010-01-29 13:44:00,2,582.61,291.3,United Kingdom,Repeat Customer,679,51,2-3 orders (Occasional),Lapsed (180d+),2009-12-01,51.0,259.11
16803,2011-10-05 14:28:00,2011-10-05 14:28:00,1,332.3,332.3,United Kingdom,One-Time Customer,65,0,1 order (One-Time),Active (0-90d),2011-10-01,,332.3
16804,2011-03-14 15:48:00,2011-11-16 16:43:00,3,536.99,179.0,United Kingdom,Repeat Customer,23,247,2-3 orders (Occasional),Active (0-90d),2011-03-01,247.0,118.05
16805,2009-12-14 15:17:00,2011-06-19 11:23:00,4,1076.34,269.08,United Kingdom,Repeat Customer,173,551,4-9 orders (Regular),At Risk (91-180d),2009-12-01,147.0,271.05
16806,2011-04-14 19:59:00,2011-08-28 15:27:00,4,736.21,184.05,United Kingdom,Repeat Customer,103,135,4-9 orders (Regular),At Risk (91-180d),2011-04-01,18.0,227.5
16807,2010-03-26 14:38:00,2011-07-20 12:00:00,6,2123.88,353.98,United Kingdom,Repeat Customer,142,480,4-9 orders (Regular),At Risk (91-180d),2010-03-01,47.0,274.05
16808,2011-03-10 19:05:00,2011-09-01 19:34:00,2,288.42,144.21,United Kingdom,Repeat Customer,99,175,2-3 orders (Occasional),At Risk (91-180d),2011-03-01,175.0,166.5
16809,2010-04-13 15:34:00,2011-11-16 15:45:00,9,1727.43,191.94,United Kingdom,Repeat Customer,23,582,4-9 orders (Regular),Active (0-90d),2010-04-01,78.0,261.41
16810,2010-10-15 15:32:00,2011-05-31 15:32:00,2,842.04,421.02,United Kingdom,Repeat Customer,192,228,2-3 orders (Occasional),Lapsed (180d+),2010-10-01,228.0,532.5
16811,2011-11-22 17:19:00,2011-12-05 11:39:00,2,547.07,273.53,United Kingdom,Repeat Customer,4,12,2-3 orders (Occasional),Active (0-90d),2011-11-01,12.0,314.77
16812,2010-11-22 14:36:00,2010-12-14 12:35:00,4,2392.0,598.0,United Kingdom,Repeat Customer,360,21,4-9 orders (Regular),Lapsed (180d+),2010-11-01,3.0,1109.75
16813,2011-05-19 13:28:00,2011-12-01 14:03:00,10,1652.18,165.22,United Kingdom,Repeat Customer,8,196,10+ orders (Champions),Active (0-90d),2011-05-01,12.0,191.11
16814,2010-04-11 12:45:00,2011-11-25 13:27:00,36,11914.95,330.97,United Kingdom,Repeat Customer,14,593,10+ orders (Champions),Active (0-90d),2010-04-01,14.0,802.78
16815,2010-06-21 12:05:00,2010-09-12 10:59:00,2,406.02,203.01,United Kingdom,Repeat Customer,453,82,2-3 orders (Occasional),Lapsed (180d+),2010-06-01,82.0,233.12
16816,2010-12-16 17:01:00,2011-08-28 14:16:00,4,417.06,104.26,United Kingdom,Repeat Customer,103,254,4-9 orders (Regular),At Risk (91-180d),2010-12-01,44.0,75.78
16817,2010-10-04 09:06:00,2011-12-07 11:03:00,13,2560.7,196.98,United Kingdom,Repeat Customer,2,429,10+ orders (Champions),Active (0-90d),2010-10-01,16.0,265.33
16818,2011-05-18 11:42:00,2011-11-29 10:41:00,11,3349.57,304.51,United Kingdom,Repeat Customer,10,194,10+ orders (Champions),Active (0-90d),2011-05-01,4.0,554.42
16819,2010-08-31 17:31:00,2010-08-31 17:37:00,2,182.59,91.3,United Kingdom,Repeat Customer,465,0,2-3 orders (Occasional),Lapsed (180d+),2010-08-01,0.0,154.99
16820,2011-09-05 12:06:00,2011-09-05 12:06:00,1,497.61,497.61,United Kingdom,One-Time Customer,95,0,1 order (One-Time),At Risk (91-180d),2011-09-01,,497.61
16821,2010-11-23 10:04:00,2010-11-23 10:04:00,1,113.35,113.35,United Kingdom,One-Time Customer,381,0,1 order (One-Time),Lapsed (180d+),2010-11-01,,113.35
16822,2010-01-22 14:22:00,2010-01-22 14:22:00,1,181.39,181.39,United Kingdom,One-Time Customer,686,0,1 order (One-Time),Lapsed (180d+),2010-01-01,,181.39
16823,2009-12-02 09:57:00,2011-04-26 15:00:00,7,2243.09,320.44,United Kingdom,Repeat Customer,227,510,4-9 orders (Regular),Lapsed (180d+),2009-12-01,110.0,189.3
16824,2010-11-11 12:21:00,2011-11-24 12:38:00,3,686.24,228.75,United Kingdom,Repeat Customer,15,378,2-3 orders (Occasional),Active (0-90d),2010-11-01,229.0,225.6
16825,2010-06-23 13:14:00,2011-11-01 11:51:00,5,1826.89,365.38,United Kingdom,Repeat Customer,38,495,4-9 orders (Regular),Active (0-90d),2010-06-01,119.0,363.3
16826,2011-10-19 14:05:00,2011-10-19 14:05:00,1,341.7,341.7,United Kingdom,One-Time Customer,51,0,1 order (One-Time),Active (0-90d),2011-10-01,,341.7
16827,2010-04-29 19:07:00,2010-11-11 14:04:00,5,387.18,77.44,United Kingdom,Repeat Customer,393,195,4-9 orders (Regular),Lapsed (180d+),2010-04-01,19.0,48.45
16828,2011-08-19 13:24:00,2011-08-19 13:24:00,1,113.5,113.5,United Kingdom,One-Time Customer,112,0,1 order (One-Time),At Risk (91-180d),2011-08-01,,113.5
16829,2010-11-16 18:11:00,2011-07-06 10:48:00,2,513.32,256.66,United Kingdom,Repeat Customer,156,231,2-3 orders (Occasional),At Risk (91-180d),2010-11-01,231.0,316.1
16830,2009-12-13 12:11:00,2011-11-01 11:35:00,4,1207.5,301.88,United Kingdom,Repeat Customer,38,687,4-9 orders (Regular),Active (0-90d),2009-12-01,50.0,300.42
16831,2010-05-24 09:08:00,2010-05-24 09:08:00,1,91.8,91.8,United Kingdom,One-Time Customer,564,0,1 order (One-Time),Lapsed (180d+),2010-05-01,,91.8
16832,2010-09-07 12:35:00,2011-06-08 15:36:00,5,417.61,83.52,United Kingdom,Repeat Customer,184,274,4-9 orders (Regular),Lapsed (180d+),2010-09-01,29.0,111.0
16833,2010-03-26 15:31:00,2011-12-08 14:39:00,6,2409.04,401.51,United Kingdom,Repeat Customer,1,621,4-9 orders (Regular),Active (0-90d),2010-03-01,183.0,312.88
16834,2010-02-03 14:24:00,2011-04-26 09:37:00,2,898.96,449.48,United Kingdom,Repeat Customer,227,446,2-3 orders (Occasional),Lapsed (180d+),2010-02-01,446.0,485.5
16835,2010-05-19 08:41:00,2011-08-03 13:50:00,6,1456.66,242.78,United Kingdom,Repeat Customer,128,441,4-9 orders (Regular),At Risk (91-180d),2010-05-01,41.0,301.63
16836,2010-05-14 12:52:00,2011-10-31 10:05:00,4,782.37,195.59,United Kingdom,Repeat Customer,39,534,4-9 orders (Regular),Active (0-90d),2010-05-01,167.0,220.75
16837,2011-04-08 08:48:00,2011-11-08 14:27:00,11,3170.98,288.27,United Kingdom,Repeat Customer,31,214,10+ orders (Champions),Active (0-90d),2011-04-01,5.0,148.74
16838,2010-02-14 15:27:00,2011-05-26 13:13:00,4,1159.61,289.9,United Kingdom,Repeat Customer,197,465,4-9 orders (Regular),Lapsed (180d+),2010-02-01,132.0,341.23
16839,2010-02-11 15:02:00,2011-12-01 09:03:00,44,21758.25,494.51,United Kingdom,Repeat Customer,8,657,10+ orders (Champions),Active (0-90d),2010-02-01,68.0,324.82
16840,2010-02-03 12:42:00,2010-04-15 15:48:00,2,139.85,69.92,United Kingdom,Repeat Customer,603,71,2-3 orders (Occasional),Lapsed (180d+),2010-02-01,71.0,107.75
16841,2010-01-12 11:32:00,2011-11-03 11:51:00,12,4006.06,333.84,United Kingdom,Repeat Customer,36,660,10+ orders (Champions),Active (0-90d),2010-01-01,28.0,293.35
16842,2011-02-10 14:51:00,2011-08-31 10:42:00,3,1264.19,421.4,United Kingdom,Repeat Customer,100,201,2-3 orders (Occasional),At Risk (91-180d),2011-02-01,147.0,520.57
16843,2009-12-10 11:40:00,2011-10-28 09:06:00,35,19571.43,559.18,United Kingdom,Repeat Customer,42,686,10+ orders (Champions),Active (0-90d),2009-12-01,54.0,730.59
16844,2010-05-06 09:16:00,2010-05-26 10:29:00,2,614.34,307.17,United Kingdom,Repeat Customer,562,20,2-3 orders (Occasional),Lapsed (180d+),2010-05-01,20.0,302.35
16845,2010-03-31 13:09:00,2010-03-31 13:09:00,1,253.88,253.88,United Kingdom,One-Time Customer,618,0,1 order (One-Time),Lapsed (180d+),2010-03-01,,253.88
16846,2010-03-10 12:03:00,2011-10-20 13:55:00,3,842.41,280.8,United Kingdom,Repeat Customer,50,589,2-3 orders (Occasional),Active (0-90d),2010-03-01,62.0,355.86
16847,2010-03-31 13:32:00,2011-10-27 13:29:00,2,614.89,307.44,United Kingdom,Repeat Customer,43,574,2-3 orders (Occasional),Active (0-90d),2010-03-01,574.0,421.45
16848,2010-10-03 11:01:00,2011-10-18 08:42:00,4,1411.62,352.9,United Kingdom,Repeat Customer,52,379,4-9 orders (Regular),Active (0-90d),2010-10-01,56.0,751.95
16849,2011-06-06 09:16:00,2011-06-06 09:16:00,1,124.57,124.57,United Kingdom,One-Time Customer,186,0,1 order (One-Time),Lapsed (180d+),2011-06-01,,124.57
16850,2011-01-10 11:09:00,2011-01-10 11:09:00,1,332.41,332.41,United Kingdom,One-Time Customer,333,0,1 order (One-Time),Lapsed (180d+),2011-01-01,,332.41
16851,2011-10-19 09:48:00,2011-12-05 13:32:00,3,342.45,114.15,United Kingdom,Repeat Customer,4,47,2-3 orders (Occasional),Active (0-90d),2011-10-01,9.0,111.09
16852,2011-06-16 15:49:00,2011-11-29 13:22:00,2,144.91,72.46,United Kingdom,Repeat Customer,10,165,2-3 orders (Occasional),Active (0-90d),2011-06-01,165.0,113.06
16854,2010-03-09 14:32:00,2010-10-18 16:31:00,2,1408.96,704.48,United Kingdom,Repeat Customer,417,223,2-3 orders (Occasional),Lapsed (180d+),2010-03-01,223.0,1290.81
16855,2011-10-27 16:31:00,2011-11-16 12:03:00,2,328.4,164.2,United Kingdom,Repeat Customer,23,19,2-3 orders (Occasional),Active (0-90d),2011-10-01,19.0,151.2
16856,2010-09-23 13:11:00,2011-11-25 08:59:00,3,358.49,119.5,United Kingdom,Repeat Customer,14,427,2-3 orders (Occasional),Active (0-90d),2010-09-01,24.0,183.78
16857,2010-09-23 10:49:00,2010-09-23 10:49:00,1,352.8,352.8,United Kingdom,One-Time Customer,442,0,1 order (One-Time),Lapsed (180d+),2010-09-01,,352.8
16858,2009-12-15 11:09:00,2010-12-06 09:52:00,10,4292.59,429.26,United Kingdom,Repeat Customer,368,355,10+ orders (Champions),Lapsed (180d+),2009-12-01,28.0,297.86
16859,2010-03-04 12:37:00,2011-07-18 12:19:00,7,1932.41,276.06,United Kingdom,Repeat Customer,144,500,4-9 orders (Regular),At Risk (91-180d),2010-03-01,124.0,257.77
16860,2010-02-15 13:46:00,2010-09-13 10:05:00,3,1610.62,536.87,United Kingdom,Repeat Customer,452,209,2-3 orders (Occasional),Lapsed (180d+),2010-02-01,126.0,517.12
16861,2010-07-19 11:44:00,2011-10-11 09:05:00,5,946.59,189.32,United Kingdom,Repeat Customer,59,448,4-9 orders (Regular),Active (0-90d),2010-07-01,108.0,137.4
16862,2010-01-07 12:57:00,2010-06-10 13:05:00,4,662.33,165.58,United Kingdom,Repeat Customer,547,154,4-9 orders (Regular),Lapsed (180d+),2010-01-01,102.0,165.6
16863,2010-10-26 10:03:00,2011-11-08 15:26:00,3,834.27,278.09,United Kingdom,Repeat Customer,31,378,2-3 orders (Occasional),Active (0-90d),2010-10-01,42.0,331.47
16864,2010-04-20 11:56:00,2010-10-01 16:16:00,2,409.25,204.62,United Kingdom,Repeat Customer,434,164,2-3 orders (Occasional),Lapsed (180d+),2010-04-01,164.0,111.72
16865,2010-11-03 11:34:00,2010-11-03 11:34:00,1,130.95,130.95,United Kingdom,One-Time Customer,401,0,1 order (One-Time),Lapsed (180d+),2010-11-01,,130.95
16866,2011-07-01 12:34:00,2011-07-22 10:06:00,3,207.74,69.25,United Kingdom,Repeat Customer,140,20,2-3 orders (Occasional),At Risk (91-180d),2011-07-01,8.0,108.95
16867,2010-01-19 09:11:00,2010-01-19 09:11:00,1,76.74,76.74,United Kingdom,One-Time Customer,689,0,1 order (One-Time),Lapsed (180d+),2010-01-01,,76.74
16868,2010-04-25 11:31:00,2010-11-10 13:17:00,3,384.56,128.19,United Kingdom,Repeat Customer,394,199,2-3 orders (Occasional),Lapsed (180d+),2010-04-01,160.0,183.9
16869,2011-06-17 13:01:00,2011-11-17 12:02:00,4,817.12,204.28,United Kingdom,Repeat Customer,22,152,4-9 orders (Regular),Active (0-90d),2011-06-01,9.0,233.53
16870,2010-08-27 13:53:00,2010-08-27 13:53:00,1,450.16,450.16,United Kingdom,One-Time Customer,469,0,1 order (One-Time),Lapsed (180d+),2010-08-01,,450.16
16871,2011-03-14 10:31:00,2011-11-17 19:27:00,6,2812.34,468.72,United Kingdom,Repeat Customer,22,248,4-9 orders (Regular),Active (0-90d),2011-03-01,15.0,535.02
16872,2010-09-02 17:36:00,2011-09-23 16:05:00,6,1213.13,202.19,United Kingdom,Repeat Customer,77,385,4-9 orders (Regular),Active (0-90d),2010-09-01,9.0,115.45
16873,2010-02-09 14:17:00,2011-12-05 12:05:00,12,14617.39,1218.12,United Kingdom,Repeat Customer,4,663,10+ orders (Champions),Active (0-90d),2010-02-01,90.0,1460.7
16874,2010-11-25 13:08:00,2010-11-25 13:08:00,1,209.89,209.89,United Kingdom,One-Time Customer,379,0,1 order (One-Time),Lapsed (180d+),2010-11-01,,209.89
16875,2010-01-05 09:16:00,2011-10-03 13:39:00,11,4234.53,384.96,United Kingdom,Repeat Customer,67,636,10+ orders (Champions),Active (0-90d),2010-01-01,71.0,644.58
16876,2010-11-01 11:59:00,2010-11-01 11:59:00,1,136.01,136.01,United Kingdom,One-Time Customer,403,0,1 order (One-Time),Lapsed (180d+),2010-11-01,,136.01
16877,2011-05-15 16:13:00,2011-11-27 13:47:00,6,846.62,141.1,United Kingdom,Repeat Customer,12,195,4-9 orders (Regular),Active (0-90d),2011-05-01,56.0,77.75
16878,2011-09-16 17:39:00,2011-09-16 17:39:00,1,13.3,13.3,United Kingdom,One-Time Customer,84,0,1 order (One-Time),Active (0-90d),2011-09-01,,13.3
16880,2010-08-03 13:54:00,2011-11-09 11:33:00,8,1813.21,226.65,United Kingdom,Repeat Customer,30,462,4-9 orders (Regular),Active (0-90d),2010-08-01,304.0,321.78
16881,2011-10-04 10:33:00,2011-10-04 10:33:00,1,432.0,432.0,United Kingdom,One-Time Customer,66,0,1 order (One-Time),Active (0-90d),2011-10-01,,432.0
16882,2011-01-26 17:43:00,2011-10-04 10:42:00,3,705.12,235.04,United Kingdom,Repeat Customer,66,250,2-3 orders (Occasional),Active (0-90d),2011-01-01,77.0,9.9
16883,2009-12-04 12:07:00,2011-06-05 12:51:00,19,2246.06,118.21,United Kingdom,Repeat Customer,187,548,10+ orders (Champions),Lapsed (180d+),2009-12-01,134.0,108.95
16884,2010-05-18 12:00:00,2011-11-02 11:52:00,4,1070.97,267.74,United Kingdom,Repeat Customer,37,532,4-9 orders (Regular),Active (0-90d),2010-05-01,14.0,417.9
16885,2010-11-19 12:51:00,2011-11-24 13:40:00,4,683.35,170.84,United Kingdom,Repeat Customer,15,370,4-9 orders (Regular),Active (0-90d),2010-11-01,28.0,232.94
16886,2010-09-09 15:08:00,2010-09-09 15:08:00,1,134.0,134.0,United Kingdom,One-Time Customer,456,0,1 order (One-Time),Lapsed (180d+),2010-09-01,,134.0
16887,2009-12-01 13:41:00,2011-11-04 14:07:00,3,658.17,219.39,United Kingdom,Repeat Customer,35,703,2-3 orders (Occasional),Active (0-90d),2009-12-01,337.0,219.82
16888,2010-01-07 13:07:00,2010-11-04 12:39:00,3,434.2,144.73,United Kingdom,Repeat Customer,400,300,2-3 orders (Occasional),Lapsed (180d+),2010-01-01,25.0,200.09
16889,2010-05-23 10:46:00,2011-05-29 11:05:00,6,2526.65,421.11,United Kingdom,Repeat Customer,194,371,4-9 orders (Regular),Lapsed (180d+),2010-05-01,49.0,357.0
16890,2010-05-06 16:27:00,2010-08-20 11:23:00,3,277.91,92.64,United Kingdom,Repeat Customer,476,105,2-3 orders (Occasional),Lapsed (180d+),2010-05-01,17.0,160.79
16891,2009-12-04 12:37:00,2011-12-08 11:15:00,11,1727.94,157.09,United Kingdom,Repeat Customer,1,733,10+ orders (Champions),Active (0-90d),2009-12-01,12.0,297.68
16892,2009-12-08 14:20:00,2011-12-08 13:18:00,7,754.75,107.82,United Kingdom,Repeat Customer,1,729,4-9 orders (Regular),Active (0-90d),2009-12-01,177.0,97.55
16893,2010-11-28 15:14:00,2010-12-08 12:06:00,2,249.47,124.74,United Kingdom,Repeat Customer,366,9,2-3 orders (Occasional),Lapsed (180d+),2010-11-01,9.0,103.54
16894,2010-06-22 14:21:00,2010-07-25 15:43:00,3,1306.96,435.65,United Kingdom,Repeat Customer,502,33,2-3 orders (Occasional),Lapsed (180d+),2010-06-01,0.0,1255.06
16895,2010-02-12 11:07:00,2011-10-06 12:15:00,5,1102.9,220.58,United Kingdom,Repeat Customer,64,601,4-9 orders (Regular),Active (0-90d),2010-02-01,37.0,150.39
16896,2010-06-02 15:40:00,2010-06-02 15:40:00,1,103.95,103.95,United Kingdom,One-Time Customer,555,0,1 order (One-Time),Lapsed (180d+),2010-06-01,,103.95
16897,2011-01-30 11:52:00,2011-02-13 15:02:00,2,289.78,144.89,United Kingdom,Repeat Customer,299,14,2-3 orders (Occasional),Lapsed (180d+),2011-01-01,14.0,213.03
16898,2010-05-12 12:18:00,2011-11-13 15:44:00,5,885.21,177.04,United Kingdom,Repeat Customer,26,550,4-9 orders (Regular),Active (0-90d),2010-05-01,161.0,192.64
16899,2010-11-07 15:00:00,2011-12-02 12:03:00,8,1695.77,211.97,United Kingdom,Repeat Customer,7,389,4-9 orders (Regular),Active (0-90d),2010-11-01,18.0,265.66
16900,2011-10-07 13:17:00,2011-11-23 10:32:00,3,882.16,294.05,United Kingdom,Repeat Customer,16,46,2-3 orders (Occasional),Active (0-90d),2011-10-01,43.0,752.68
16901,2009-12-10 16:30:00,2009-12-10 16:30:00,1,204.26,204.26,United Kingdom,One-Time Customer,729,0,1 order (One-Time),Lapsed (180d+),2009-12-01,,204.26
16902,2011-08-15 14:17:00,2011-08-15 14:17:00,1,1706.88,1706.88,United Kingdom,One-Time Customer,116,0,1 order (One-Time),At Risk (91-180d),2011-08-01,,1706.88
16903,2010-10-20 14:42:00,2011-11-10 15:32:00,3,1041.75,347.25,United Kingdom,Repeat Customer,29,386,2-3 orders (Occasional),Active (0-90d),2010-10-01,35.0,431.56
16904,2010-10-24 16:03:00,2011-12-05 13:10:00,20,4656.56,232.83,United Kingdom,Repeat Customer,4,406,10+ orders (Champions),Active (0-90d),2010-10-01,13.0,193.08
16905,2009-12-10 20:04:00,2011-12-04 14:01:00,17,4704.27,276.72,United Kingdom,Repeat Customer,5,723,10+ orders (Champions),Active (0-90d),2009-12-01,48.0,221.85
16906,2010-05-13 13:23:00,2011-09-19 11:49:00,7,1410.07,201.44,United Kingdom,Repeat Customer,81,493,4-9 orders (Regular),Active (0-90d),2010-05-01,0.0,87.75
16907,2010-07-01 17:30:00,2011-11-10 18:04:00,9,1470.89,163.43,United Kingdom,Repeat Customer,29,497,4-9 orders (Regular),Active (0-90d),2010-07-01,91.0,104.65
16908,2009-12-17 13:35:00,2009-12-17 13:35:00,1,252.59,252.59,United Kingdom,One-Time Customer,722,0,1 order (One-Time),Lapsed (180d+),2009-12-01,,252.59
16909,2011-09-28 16:45:00,2011-09-28 16:45:00,1,379.14,379.14,United Kingdom,One-Time Customer,72,0,1 order (One-Time),Active (0-90d),2011-09-01,,379.14
16910,2011-09-09 14:14:00,2011-12-05 12:51:00,8,1508.96,188.62,United Kingdom,Repeat Customer,4,86,4-9 orders (Regular),Active (0-90d),2011-09-01,4.0,111.78
16911,2010-02-16 16:12:00,2010-03-14 12:18:00,2,255.25,127.62,United Kingdom,Repeat Customer,635,25,2-3 orders (Occasional),Lapsed (180d+),2010-02-01,25.0,139.35
16912,2009-12-09 12:32:00,2011-11-11 12:18:00,15,4460.51,297.37,United Kingdom,Repeat Customer,28,701,10+ orders (Champions),Active (0-90d),2009-12-01,74.0,383.8
16913,2010-02-26 12:06:00,2011-02-22 12:56:00,3,423.91,141.3,United Kingdom,Repeat Customer,290,361,2-3 orders (Occasional),Lapsed (180d+),2010-02-01,0.0,62.79
16914,2011-11-03 15:27:00,2011-11-03 15:27:00,1,183.76,183.76,United Kingdom,One-Time Customer,36,0,1 order (One-Time),Active (0-90d),2011-11-01,,183.76
16915,2010-05-19 13:32:00,2011-11-30 16:39:00,11,1543.18,140.29,United Kingdom,Repeat Customer,9,560,10+ orders (Champions),Active (0-90d),2010-05-01,54.0,299.75
16916,2010-10-20 12:56:00,2011-11-16 12:08:00,4,896.12,224.03,United Kingdom,Repeat Customer,23,391,4-9 orders (Regular),Active (0-90d),2010-10-01,12.0,117.59
16917,2010-03-17 15:24:00,2011-03-08 11:55:00,2,1851.88,925.94,United Kingdom,Repeat Customer,276,355,2-3 orders (Occasional),Lapsed (180d+),2010-03-01,355.0,1460.36
16918,2009-12-03 12:27:00,2011-10-21 12:50:00,16,3206.54,200.41,United Kingdom,Repeat Customer,49,687,10+ orders (Champions),Active (0-90d),2009-12-01,70.0,221.69
16919,2010-08-19 15:28:00,2011-07-06 13:35:00,24,4909.66,204.57,United Kingdom,Repeat Customer,156,320,10+ orders (Champions),At Risk (91-180d),2010-08-01,12.0,156.86
16920,2010-10-24 14:07:00,2010-10-24 14:07:00,1,355.45,355.45,United Kingdom,One-Time Customer,411,0,1 order (One-Time),Lapsed (180d+),2010-10-01,,355.45
16921,2010-04-18 15:34:00,2011-10-09 16:22:00,3,409.21,136.4,United Kingdom,Repeat Customer,61,539,2-3 orders (Occasional),Active (0-90d),2010-04-01,157.0,141.56
16922,2010-05-16 11:24:00,2010-05-16 11:24:00,1,611.08,611.08,United Kingdom,One-Time Customer,572,0,1 order (One-Time),Lapsed (180d+),2010-05-01,,611.08
16923,2010-01-31 11:14:00,2011-11-27 13:00:00,32,13157.13,411.16,United Kingdom,Repeat Customer,12,665,10+ orders (Champions),Active (0-90d),2010-01-01,35.0,528.98
16924,2011-09-16 12:54:00,2011-11-18 12:53:00,3,829.89,276.63,United Kingdom,Repeat Customer,21,62,2-3 orders (Occasional),Active (0-90d),2011-09-01,19.0,271.11
16925,2010-06-17 15:03:00,2010-06-17 15:03:00,1,125.65,125.65,United Kingdom,One-Time Customer,540,0,1 order (One-Time),Lapsed (180d+),2010-06-01,,125.65
16926,2010-07-01 12:57:00,2010-12-03 13:42:00,5,1169.61,233.92,United Kingdom,Repeat Customer,371,155,4-9 orders (Regular),Lapsed (180d+),2010-07-01,12.0,404.31
16927,2010-12-13 11:57:00,2011-08-16 11:10:00,3,543.05,181.02,United Kingdom,Repeat Customer,115,245,2-3 orders (Occasional),At Risk (91-180d),2010-12-01,85.0,218.1
16928,2010-02-03 12:30:00,2011-09-20 15:10:00,26,3798.08,146.08,United Kingdom,Repeat Customer,80,594,10+ orders (Champions),Active (0-90d),2010-02-01,219.0,112.2
16929,2011-07-07 12:39:00,2011-12-06 08:37:00,7,1295.39,185.06,United Kingdom,Repeat Customer,3,151,4-9 orders (Regular),Active (0-90d),2011-07-01,27.0,229.14
16930,2011-10-02 14:25:00,2011-11-13 16:13:00,3,378.89,126.3,United Kingdom,Repeat Customer,26,42,2-3 orders (Occasional),Active (0-90d),2011-10-01,0.0,193.65
16931,2010-11-07 13:24:00,2011-12-04 13:15:00,23,5032.22,218.79,United Kingdom,Repeat Customer,5,391,10+ orders (Champions),Active (0-90d),2010-11-01,16.0,216.95
16932,2010-05-17 14:15:00,2011-10-17 14:12:00,3,412.55,137.52,United Kingdom,Repeat Customer,53,517,2-3 orders (Occasional),Active (0-90d),2010-05-01,147.0,115.23
16933,2009-12-09 15:03:00,2011-12-08 12:54:00,9,3099.3,344.37,United Kingdom,Repeat Customer,1,728,4-9 orders (Regular),Active (0-90d),2009-12-01,41.0,554.99
16934,2010-03-28 12:43:00,2011-10-16 12:40:00,6,2083.14,347.19,United Kingdom,Repeat Customer,54,566,4-9 orders (Regular),Active (0-90d),2010-03-01,63.0,382.2
16935,2010-10-14 13:09:00,2010-11-23 09:16:00,3,530.86,176.95,United Kingdom,Repeat Customer,381,39,2-3 orders (Occasional),Lapsed (180d+),2010-10-01,31.0,264.01
16936,2010-11-19 11:54:00,2011-11-14 11:04:00,2,548.29,274.14,United Kingdom,Repeat Customer,25,359,2-3 orders (Occasional),Active (0-90d),2010-11-01,359.0,286.39
16937,2010-07-28 17:56:00,2010-07-28 17:56:00,1,196.25,196.25,United Kingdom,One-Time Customer,499,0,1 order (One-Time),Lapsed (180d+),2010-07-01,,196.25
16938,2010-02-17 14:47:00,2011-12-01 10:20:00,9,6995.36,777.26,United Kingdom,Repeat Customer,8,651,4-9 orders (Regular),Active (0-90d),2010-02-01,75.0,859.32
16939,2010-02-28 13:33:00,2010-08-08 12:24:00,3,433.85,144.62,United Kingdom,Repeat Customer,488,160,2-3 orders (Occasional),Lapsed (180d+),2010-02-01,27.0,166.1
16940,2009-12-08 13:08:00,2011-10-18 13:15:00,8,6427.66,803.46,United Kingdom,Repeat Customer,52,679,4-9 orders (Regular),Active (0-90d),2009-12-01,69.0,656.85
16941,2010-04-07 11:13:00,2010-04-07 11:13:00,1,33.0,33.0,United Kingdom,One-Time Customer,611,0,1 order (One-Time),Lapsed (180d+),2010-04-01,,33.0
16942,2011-04-26 11:59:00,2011-11-27 12:40:00,9,1904.99,211.67,United Kingdom,Repeat Customer,12,215,4-9 orders (Regular),Active (0-90d),2011-04-01,8.0,275.34
16943,2011-01-25 14:00:00,2011-05-12 11:57:00,3,816.73,272.24,United Kingdom,Repeat Customer,211,106,2-3 orders (Occasional),Lapsed (180d+),2011-01-01,57.0,451.03
16944,2010-04-09 11:03:00,2010-04-09 11:03:00,1,101.36,101.36,United Kingdom,One-Time Customer,609,0,1 order (One-Time),Lapsed (180d+),2010-04-01,,101.36
16945,2009-12-09 11:33:00,2011-11-18 11:39:00,33,8548.16,259.04,United Kingdom,Repeat Customer,21,709,10+ orders (Champions),Active (0-90d),2009-12-01,8.0,307.95
16946,2010-03-02 10:49:00,2010-11-21 14:06:00,5,1222.04,244.41,United Kingdom,Repeat Customer,383,264,4-9 orders (Regular),Lapsed (180d+),2010-03-01,7.0,659.34
16947,2010-03-03 10:54:00,2011-04-18 09:38:00,4,946.71,236.68,United Kingdom,Repeat Customer,235,410,4-9 orders (Regular),Lapsed (180d+),2010-03-01,85.0,508.33
16948,2010-02-21 13:48:00,2011-07-24 12:46:00,7,868.77,124.11,United Kingdom,Repeat Customer,138,517,4-9 orders (Regular),At Risk (91-180d),2010-02-01,77.0,110.9
16949,2011-01-27 12:11:00,2011-12-06 11:07:00,6,1286.27,214.38,United Kingdom,Repeat Customer,3,312,4-9 orders (Regular),Active (0-90d),2011-01-01,62.0,74.42
16950,2010-01-24 11:26:00,2011-10-14 09:06:00,10,3533.77,353.38,United Kingdom,Repeat Customer,56,627,10+ orders (Champions),Active (0-90d),2010-01-01,35.0,394.6
16951,2011-02-08 14:58:00,2011-07-28 12:05:00,3,1277.75,425.92,United Kingdom,Repeat Customer,134,169,2-3 orders (Occasional),At Risk (91-180d),2011-02-01,167.0,1053.79
16952,2009-12-11 13:52:00,2011-08-22 13:03:00,5,795.83,159.17,United Kingdom,Repeat Customer,109,618,4-9 orders (Regular),At Risk (91-180d),2009-12-01,270.0,249.09
16953,2011-11-09 15:54:00,2011-11-09 15:54:00,1,20.8,20.8,United Kingdom,One-Time Customer,30,0,1 order (One-Time),Active (0-90d),2011-11-01,,20.8
16954,2010-01-18 14:49:00,2011-12-09 09:46:00,20,6081.88,304.09,United Kingdom,Repeat Customer,0,689,10+ orders (Champions),Active (0-90d),2010-01-01,24.0,443.13
16955,2010-01-31 11:38:00,2011-06-08 10:36:00,6,1120.31,186.72,United Kingdom,Repeat Customer,184,492,4-9 orders (Regular),Lapsed (180d+),2010-01-01,123.0,310.39
16956,2011-11-22 08:56:00,2011-11-22 08:56:00,1,308.74,308.74,United Kingdom,One-Time Customer,17,0,1 order (One-Time),Active (0-90d),2011-11-01,,308.74
16957,2011-03-03 09:25:00,2011-04-14 13:56:00,2,416.64,208.32,United Kingdom,Repeat Customer,239,42,2-3 orders (Occasional),Lapsed (180d+),2011-03-01,42.0,114.84
16958,2010-09-30 14:25:00,2010-09-30 14:25:00,1,778.49,778.49,United Kingdom,One-Time Customer,435,0,1 order (One-Time),Lapsed (180d+),2010-09-01,,778.49
16959,2011-09-13 15:03:00,2011-09-13 15:03:00,1,117.35,117.35,United Kingdom,One-Time Customer,87,0,1 order (One-Time),Active (0-90d),2011-09-01,,117.35
16960,2010-03-02 13:36:00,2011-11-01 11:35:00,8,1988.93,248.62,United Kingdom,Repeat Customer,38,608,4-9 orders (Regular),Active (0-90d),2010-03-01,90.0,443.98
16961,2010-06-25 14:36:00,2011-08-15 13:46:00,3,794.56,264.85,United Kingdom,Repeat Customer,116,415,2-3 orders (Occasional),At Risk (91-180d),2010-06-01,144.0,162.05
16962,2010-10-26 11:36:00,2010-10-26 11:36:00,1,251.04,251.04,United Kingdom,One-Time Customer,409,0,1 order (One-Time),Lapsed (180d+),2010-10-01,,251.04
16963,2011-06-05 13:48:00,2011-06-05 13:48:00,1,110.55,110.55,United Kingdom,One-Time Customer,187,0,1 order (One-Time),Lapsed (180d+),2011-06-01,,110.55
16964,2009-12-06 12:51:00,2009-12-06 12:53:00,2,207.85,103.93,United Kingdom,Repeat Customer,733,0,2-3 orders (Occasional),Lapsed (180d+),2009-12-01,0.0,21.25
16965,2011-04-27 12:08:00,2011-04-27 12:08:00,1,192.07,192.07,United Kingdom,One-Time Customer,226,0,1 order (One-Time),Lapsed (180d+),2011-04-01,,192.07
16966,2011-04-13 14:17:00,2011-12-01 13:40:00,7,2154.97,307.85,United Kingdom,Repeat Customer,8,231,4-9 orders (Regular),Active (0-90d),2011-04-01,36.0,409.2
16967,2011-06-03 14:24:00,2011-06-03 14:24:00,1,319.02,319.02,United Kingdom,One-Time Customer,189,0,1 order (One-Time),Lapsed (180d+),2011-06-01,,319.02
16968,2011-08-24 10:51:00,2011-12-05 15:02:00,2,439.43,219.72,United Kingdom,Repeat Customer,4,103,2-3 orders (Occasional),Active (0-90d),2011-08-01,103.0,253.31
16969,2011-06-01 12:10:00,2011-10-31 13:12:00,3,650.41,216.8,United Kingdom,Repeat Customer,39,152,2-3 orders (Occasional),Active (0-90d),2011-06-01,57.0,397.36
16970,2010-03-23 13:50:00,2010-03-23 13:50:00,1,71.4,71.4,United Kingdom,One-Time Customer,626,0,1 order (One-Time),Lapsed (180d+),2010-03-01,,71.4
16971,2011-11-01 15:06:00,2011-11-01 15:06:00,1,357.21,357.21,United Kingdom,One-Time Customer,38,0,1 order (One-Time),Active (0-90d),2011-11-01,,357.21
16972,2010-09-09 11:20:00,2010-11-22 10:59:00,2,749.0,374.5,United Kingdom,Repeat Customer,382,73,2-3 orders (Occasional),Lapsed (180d+),2010-09-01,73.0,276.95
16973,2010-11-18 13:56:00,2010-11-18 13:56:00,1,127.0,127.0,United Kingdom,One-Time Customer,386,0,1 order (One-Time),Lapsed (180d+),2010-11-01,,127.0
16974,2010-05-24 10:43:00,2010-07-05 10:18:00,2,365.5,182.75,United Kingdom,Repeat Customer,522,41,2-3 orders (Occasional),Lapsed (180d+),2010-05-01,41.0,89.25
16975,2010-07-22 11:38:00,2010-10-12 17:53:00,3,926.12,308.71,United Kingdom,Repeat Customer,423,82,2-3 orders (Occasional),Lapsed (180d+),2010-07-01,39.0,315.0
16976,2011-03-17 16:33:00,2011-03-17 16:33:00,1,251.52,251.52,United Kingdom,One-Time Customer,267,0,1 order (One-Time),Lapsed (180d+),2011-03-01,,251.52
16977,2010-03-18 11:06:00,2010-11-09 13:17:00,4,496.0,124.0,United Kingdom,Repeat Customer,395,236,4-9 orders (Regular),Lapsed (180d+),2010-03-01,44.0,140.2
16978,2010-02-11 16:27:00,2011-09-23 12:50:00,3,768.88,256.29,United Kingdom,Repeat Customer,77,588,2-3 orders (Occasional),Active (0-90d),2010-02-01,0.0,402.75
16979,2010-09-15 14:30:00,2011-12-06 12:21:00,9,2859.74,317.75,United Kingdom,Repeat Customer,3,446,4-9 orders (Regular),Active (0-90d),2010-09-01,38.0,305.65
16980,2010-10-07 14:05:00,2011-03-29 16:36:00,3,1422.83,474.28,United Kingdom,Repeat Customer,255,173,2-3 orders (Occasional),Lapsed (180d+),2010-10-01,136.0,394.37
16982,2011-10-10 12:28:00,2011-10-10 12:28:00,1,384.06,384.06,United Kingdom,One-Time Customer,60,0,1 order (One-Time),Active (0-90d),2011-10-01,,384.06
16983,2010-09-19 12:38:00,2011-11-27 12:10:00,11,3490.53,317.32,United Kingdom,Repeat Customer,12,433,10+ orders (Champions),Active (0-90d),2010-09-01,35.0,169.62
16984,2010-03-07 15:34:00,2011-09-12 13:43:00,9,10350.53,1150.06,United Kingdom,Repeat Customer,88,553,4-9 orders (Regular),Active (0-90d),2010-03-01,17.0,1739.14
16985,2009-12-10 13:34:00,2011-11-22 13:33:00,23,10923.16,474.92,United Kingdom,Repeat Customer,17,711,10+ orders (Champions),Active (0-90d),2009-12-01,4.0,580.15
16986,2010-02-04 14:46:00,2011-11-10 11:55:00,11,4888.75,444.43,United Kingdom,Repeat Customer,29,643,10+ orders (Champions),Active (0-90d),2010-02-01,0.0,389.25
16987,2009-12-02 14:34:00,2011-12-06 17:26:00,11,2499.45,227.22,United Kingdom,Repeat Customer,3,734,10+ orders (Champions),Active (0-90d),2009-12-01,14.0,157.91
16988,2010-11-25 09:22:00,2011-12-04 16:02:00,2,382.67,191.34,United Kingdom,Repeat Customer,5,374,2-3 orders (Occasional),Active (0-90d),2010-11-01,374.0,256.55
16989,2011-07-12 09:11:00,2011-12-02 16:39:00,6,1133.25,188.88,United Kingdom,Repeat Customer,7,143,4-9 orders (Regular),Active (0-90d),2011-07-01,52.0,857.7
16990,2010-10-13 11:42:00,2011-05-05 08:30:00,2,344.0,172.0,United Kingdom,Repeat Customer,218,203,2-3 orders (Occasional),Lapsed (180d+),2010-10-01,203.0,165.0
16991,2010-10-14 14:08:00,2010-10-14 14:08:00,1,1041.21,1041.21,United Kingdom,One-Time Customer,421,0,1 order (One-Time),Lapsed (180d+),2010-10-01,,1041.21
16992,2010-02-11 12:36:00,2011-11-29 11:50:00,13,5476.5,421.27,United Kingdom,Repeat Customer,10,655,10+ orders (Champions),Active (0-90d),2010-02-01,130.0,114.88
16993,2010-05-12 13:55:00,2010-09-02 12:16:00,2,1950.95,975.48,United Kingdom,Repeat Customer,463,112,2-3 orders (Occasional),Lapsed (180d+),2010-05-01,112.0,719.8
16996,2010-10-18 12:24:00,2011-11-09 16:43:00,9,2123.61,235.96,United Kingdom,Repeat Customer,30,387,4-9 orders (Regular),Active (0-90d),2010-10-01,16.0,400.7
16997,2011-01-18 11:51:00,2011-02-24 17:28:00,3,702.0,234.0,United Kingdom,Repeat Customer,288,37,2-3 orders (Occasional),Lapsed (180d+),2011-01-01,16.0,390.0
16998,2010-09-21 14:39:00,2011-07-13 09:44:00,5,402.0,80.4,United Kingdom,Repeat Customer,149,294,4-9 orders (Regular),At Risk (91-180d),2010-09-01,140.0,107.0
16999,2011-09-26 15:43:00,2011-11-16 13:53:00,2,484.82,242.41,United Kingdom,Repeat Customer,23,50,2-3 orders (Occasional),Active (0-90d),2011-09-01,50.0,245.83
17000,2010-10-27 14:16:00,2010-11-08 13:35:00,2,406.3,203.15,United Kingdom,Repeat Customer,396,11,2-3 orders (Occasional),Lapsed (180d+),2010-10-01,11.0,191.72
17001,2010-03-25 12:41:00,2011-12-09 09:38:00,19,6640.8,349.52,United Kingdom,Repeat Customer,0,623,10+ orders (Champions),Active (0-90d),2010-03-01,94.0,577.24
17002,2010-03-08 15:46:00,2011-09-15 12:40:00,7,2571.55,367.36,United Kingdom,Repeat Customer,85,555,4-9 orders (Regular),Active (0-90d),2010-03-01,0.0,85.2
17003,2010-05-10 11:20:00,2010-11-02 13:15:00,4,828.21,207.05,United Kingdom,Repeat Customer,402,176,4-9 orders (Regular),Lapsed (180d+),2010-05-01,155.0,144.36
17004,2010-10-11 15:43:00,2011-10-24 14:25:00,4,2324.36,581.09,United Kingdom,Repeat Customer,46,377,4-9 orders (Regular),Active (0-90d),2010-10-01,31.0,569.63
17005,2010-04-30 10:55:00,2010-08-26 10:57:00,2,622.36,311.18,United Kingdom,Repeat Customer,470,118,2-3 orders (Occasional),Lapsed (180d+),2010-04-01,118.0,333.75
17006,2010-03-05 13:33:00,2011-12-05 12:09:00,8,1635.27,204.41,United Kingdom,Repeat Customer,4,639,4-9 orders (Regular),Active (0-90d),2010-03-01,215.0,179.76
17007,2010-09-28 13:51:00,2011-10-20 10:47:00,7,1120.1,160.01,United Kingdom,Repeat Customer,50,386,4-9 orders (Regular),Active (0-90d),2010-09-01,80.0,230.17
17008,2010-10-06 15:19:00,2010-10-06 15:19:00,1,81.36,81.36,United Kingdom,One-Time Customer,429,0,1 order (One-Time),Lapsed (180d+),2010-10-01,,81.36
17009,2010-06-06 16:01:00,2010-06-06 16:01:00,1,242.06,242.06,United Kingdom,One-Time Customer,551,0,1 order (One-Time),Lapsed (180d+),2010-06-01,,242.06
17010,2011-11-21 14:49:00,2011-11-21 14:49:00,1,195.36,195.36,United Kingdom,One-Time Customer,18,0,1 order (One-Time),Active (0-90d),2011-11-01,,195.36
17011,2010-02-26 09:47:00,2011-11-09 13:30:00,3,671.7,223.9,United Kingdom,Repeat Customer,30,621,2-3 orders (Occasional),Active (0-90d),2010-02-01,4.0,332.52
17012,2009-12-14 17:34:00,2009-12-14 17:34:00,1,360.61,360.61,United Kingdom,One-Time Customer,725,0,1 order (One-Time),Lapsed (180d+),2009-12-01,,360.61
17014,2011-10-04 11:36:00,2011-12-01 14:09:00,3,583.43,194.48,United Kingdom,Repeat Customer,8,58,2-3 orders (Occasional),Active (0-90d),2011-10-01,34.0,188.05
17015,2011-06-07 13:19:00,2011-11-11 10:45:00,3,1838.61,612.87,United Kingdom,Repeat Customer,28,156,2-3 orders (Occasional),Active (0-90d),2011-06-01,114.0,520.55
17016,2010-05-12 12:32:00,2010-05-12 12:32:00,1,552.4,552.4,United Kingdom,One-Time Customer,576,0,1 order (One-Time),Lapsed (180d+),2010-05-01,,552.4
17017,2009-12-03 13:22:00,2011-12-07 09:32:00,29,12576.99,433.69,United Kingdom,Repeat Customer,2,733,10+ orders (Champions),Active (0-90d),2009-12-01,194.0,277.5
17018,2009-12-05 10:27:00,2011-10-30 11:42:00,6,2287.7,381.28,United Kingdom,Repeat Customer,40,694,4-9 orders (Regular),Active (0-90d),2009-12-01,33.0,351.6
17019,2009-12-02 11:52:00,2011-11-28 13:06:00,11,3586.99,326.09,United Kingdom,Repeat Customer,11,726,10+ orders (Champions),Active (0-90d),2009-12-01,112.0,212.66
17020,2010-03-03 12:27:00,2010-06-15 13:06:00,2,935.62,467.81,United Kingdom,Repeat Customer,542,104,2-3 orders (Occasional),Lapsed (180d+),2010-03-01,104.0,316.86
17021,2010-04-29 20:05:00,2010-09-23 20:01:00,6,1182.22,197.04,United Kingdom,Repeat Customer,442,146,4-9 orders (Regular),Lapsed (180d+),2010-04-01,5.0,301.73
17022,2010-10-03 10:27:00,2011-11-08 17:09:00,2,260.0,130.0,United Kingdom,Repeat Customer,31,401,2-3 orders (Occasional),Active (0-90d),2010-10-01,401.0,189.0
17023,2010-01-11 15:09:00,2010-10-18 15:37:00,3,800.18,266.73,United Kingdom,Repeat Customer,417,280,2-3 orders (Occasional),Lapsed (180d+),2010-01-01,210.0,142.35
17024,2011-07-05 09:31:00,2011-10-25 13:47:00,3,95.85,31.95,United Kingdom,Repeat Customer,45,112,2-3 orders (Occasional),Active (0-90d),2011-07-01,58.0,31.25
17025,2010-03-08 13:37:00,2011-10-10 09:06:00,5,1349.67,269.93,United Kingdom,Repeat Customer,60,580,4-9 orders (Regular),Active (0-90d),2010-03-01,231.0,848.7
17026,2010-10-18 15:22:00,2011-06-07 14:28:00,3,175.83,58.61,United Kingdom,Repeat Customer,185,231,2-3 orders (Occasional),Lapsed (180d+),2010-10-01,47.0,21.0
17027,2009-12-10 12:10:00,2011-09-22 12:24:00,9,1310.63,145.63,United Kingdom,Repeat Customer,78,651,4-9 orders (Regular),Active (0-90d),2009-12-01,76.0,139.85
17028,2009-12-18 14:28:00,2010-05-07 15:33:00,3,1593.83,531.28,United Kingdom,Repeat Customer,581,140,2-3 orders (Occasional),Lapsed (180d+),2009-12-01,67.0,307.91
17029,2010-02-14 10:19:00,2011-08-21 11:06:00,7,2137.3,305.33,United Kingdom,Repeat Customer,110,553,4-9 orders (Regular),At Risk (91-180d),2010-02-01,24.0,271.0
17030,2011-10-07 08:49:00,2011-10-07 08:49:00,1,146.87,146.87,United Kingdom,One-Time Customer,63,0,1 order (One-Time),Active (0-90d),2011-10-01,,146.87
17031,2010-05-07 14:52:00,2011-11-28 10:23:00,6,2773.85,462.31,United Kingdom,Repeat Customer,11,569,4-9 orders (Regular),Active (0-90d),2010-05-01,31.0,1857.0
17032,2009-12-10 15:36:00,2010-04-15 14:14:00,5,2896.69,579.34,United Kingdom,Repeat Customer,603,125,4-9 orders (Regular),Lapsed (180d+),2009-12-01,35.0,834.25
17033,2010-11-07 12:55:00,2011-09-14 14:34:00,4,1332.79,333.2,United Kingdom,Repeat Customer,86,311,4-9 orders (Regular),Active (0-90d),2010-11-01,38.0,302.65
17034,2010-07-14 12:55:00,2011-11-23 15:14:00,5,1276.42,255.28,United Kingdom,Repeat Customer,16,497,4-9 orders (Regular),Active (0-90d),2010-07-01,104.0,190.45
17035,2009-12-03 10:37:00,2011-04-08 11:23:00,4,613.59,153.4,United Kingdom,Repeat Customer,245,491,4-9 orders (Regular),Lapsed (180d+),2009-12-01,145.0,54.6
17036,2010-11-21 14:26:00,2010-11-21 14:26:00,1,176.9,176.9,United Kingdom,One-Time Customer,383,0,1 order (One-Time),Lapsed (180d+),2010-11-01,,176.9
17037,2011-09-13 12:49:00,2011-09-13 12:49:00,1,1267.32,1267.32,United Kingdom,One-Time Customer,87,0,1 order (One-Time),Active (0-90d),2011-09-01,,1267.32
17038,2010-10-20 16:04:00,2011-11-09 13:50:00,2,743.17,371.58,United Kingdom,Repeat Customer,30,384,2-3 orders (Occasional),Active (0-90d),2010-10-01,384.0,630.77
17039,2010-04-14 12:56:00,2010-04-14 12:56:00,1,1954.99,1954.99,United Kingdom,One-Time Customer,604,0,1 order (One-Time),Lapsed (180d+),2010-04-01,,1954.99
17040,2010-06-07 15:08:00,2011-07-25 10:19:00,2,463.25,231.62,United Kingdom,Repeat Customer,137,412,2-3 orders (Occasional),At Risk (91-180d),2010-06-01,412.0,13.52
17041,2010-04-18 14:25:00,2011-11-13 11:21:00,6,1655.2,275.87,United Kingdom,Repeat Customer,26,573,4-9 orders (Regular),Active (0-90d),2010-04-01,0.0,218.46
17042,2011-04-06 14:53:00,2011-12-07 12:26:00,5,1036.58,207.32,United Kingdom,Repeat Customer,2,244,4-9 orders (Regular),Active (0-90d),2011-04-01,50.0,265.41
17043,2009-12-09 15:20:00,2011-11-07 15:33:00,8,2593.65,324.21,United Kingdom,Repeat Customer,32,698,4-9 orders (Regular),Active (0-90d),2009-12-01,159.0,377.06
17044,2009-12-07 12:25:00,2011-11-14 14:28:00,12,11962.3,996.86,United Kingdom,Repeat Customer,25,707,10+ orders (Champions),Active (0-90d),2009-12-01,92.0,990.48
17045,2010-10-06 14:52:00,2011-08-18 17:09:00,5,827.68,165.54,United Kingdom,Repeat Customer,113,316,4-9 orders (Regular),At Risk (91-180d),2010-10-01,52.0,360.64
17046,2010-03-29 13:46:00,2011-07-05 14:24:00,5,1906.07,381.21,United Kingdom,Repeat Customer,157,463,4-9 orders (Regular),At Risk (91-180d),2010-03-01,135.0,359.44
17047,2009-12-08 08:48:00,2011-09-15 13:27:00,6,2289.23,381.54,United Kingdom,Repeat Customer,85,646,4-9 orders (Regular),Active (0-90d),2009-12-01,121.0,322.65
17048,2010-01-18 13:55:00,2011-08-14 11:49:00,7,2071.68,295.95,United Kingdom,Repeat Customer,117,572,4-9 orders (Regular),At Risk (91-180d),2010-01-01,84.0,213.53
17049,2010-03-04 10:23:00,2011-12-07 10:48:00,19,9942.53,523.29,United Kingdom,Repeat Customer,2,643,10+ orders (Champions),Active (0-90d),2010-03-01,27.0,620.54
17050,2010-01-26 14:54:00,2011-09-04 13:48:00,10,4348.46,434.85,United Kingdom,Repeat Customer,96,585,10+ orders (Champions),At Risk (91-180d),2010-01-01,32.0,301.54
17051,2010-03-21 14:55:00,2011-05-29 14:13:00,4,706.49,176.62,United Kingdom,Repeat Customer,194,433,4-9 orders (Regular),Lapsed (180d+),2010-03-01,42.0,167.65
17052,2011-11-11 14:50:00,2011-11-11 14:50:00,1,399.09,399.09,United Kingdom,One-Time Customer,28,0,1 order (One-Time),Active (0-90d),2011-11-01,,399.09
17053,2011-08-01 10:23:00,2011-08-01 10:23:00,1,498.48,498.48,United Kingdom,One-Time Customer,130,0,1 order (One-Time),At Risk (91-180d),2011-08-01,,498.48
17054,2011-04-08 13:14:00,2011-11-11 12:56:00,5,1356.33,271.27,United Kingdom,Repeat Customer,28,216,4-9 orders (Regular),Active (0-90d),2011-04-01,10.0,314.07
17055,2010-09-20 12:21:00,2010-09-20 12:21:00,1,232.85,232.85,United Kingdom,One-Time Customer,445,0,1 order (One-Time),Lapsed (180d+),2010-09-01,,232.85
17056,2009-12-01 12:55:00,2009-12-01 12:55:00,1,128.6,128.6,United Kingdom,One-Time Customer,738,0,1 order (One-Time),Lapsed (180d+),2009-12-01,,128.6
17057,2010-04-22 19:21:00,2010-04-22 19:21:00,1,288.79,288.79,United Kingdom,One-Time Customer,596,0,1 order (One-Time),Lapsed (180d+),2010-04-01,,288.79
17058,2011-04-14 09:18:00,2011-09-19 10:13:00,3,1179.89,393.3,United Kingdom,Repeat Customer,81,158,2-3 orders (Occasional),Active (0-90d),2011-04-01,40.0,582.72
17059,2010-01-26 14:43:00,2011-11-10 12:27:00,9,4864.57,540.51,United Kingdom,Repeat Customer,29,652,4-9 orders (Regular),Active (0-90d),2010-01-01,42.0,430.3
17060,2011-03-18 13:27:00,2011-03-18 13:27:00,1,234.24,234.24,United Kingdom,One-Time Customer,266,0,1 order (One-Time),Lapsed (180d+),2011-03-01,,234.24
17061,2011-04-21 13:29:00,2011-09-27 11:24:00,11,5232.23,475.66,United Kingdom,Repeat Customer,73,158,10+ orders (Champions),Active (0-90d),2011-04-01,0.0,1701.5
17062,2010-09-26 11:57:00,2011-01-30 11:01:00,6,884.71,147.45,United Kingdom,Repeat Customer,313,125,4-9 orders (Regular),Lapsed (180d+),2010-09-01,41.0,183.97
17063,2009-12-01 12:36:00,2011-11-18 16:19:00,13,3638.53,279.89,United Kingdom,Repeat Customer,21,717,10+ orders (Champions),Active (0-90d),2009-12-01,96.0,278.61
17064,2011-01-16 16:10:00,2011-10-12 10:18:00,3,855.45,285.15,United Kingdom,Repeat Customer,58,268,2-3 orders (Occasional),Active (0-90d),2011-01-01,144.0,143.95
17065,2010-03-12 11:40:00,2010-03-12 11:41:00,2,194.7,97.35,United Kingdom,Repeat Customer,637,0,2-3 orders (Occasional),Lapsed (180d+),2010-03-01,0.0,97.35
17066,2009-12-13 13:24:00,2009-12-13 13:24:00,1,228.34,228.34,United Kingdom,One-Time Customer,726,0,1 order (One-Time),Lapsed (180d+),2009-12-01,,228.34
17067,2009-12-08 12:03:00,2009-12-15 08:39:00,3,454.54,151.51,United Kingdom,Repeat Customer,724,6,2-3 orders (Occasional),Lapsed (180d+),2009-12-01,0.0,19.5
17068,2010-03-28 14:26:00,2011-11-27 13:14:00,47,8980.18,191.07,United Kingdom,Repeat Customer,12,608,10+ orders (Champions),Active (0-90d),2010-03-01,13.0,253.45
17069,2009-12-03 12:27:00,2011-11-11 17:13:00,14,5517.23,394.09,United Kingdom,Repeat Customer,28,708,10+ orders (Champions),Active (0-90d),2009-12-01,154.0,500.55
17070,2010-10-25 15:57:00,2011-08-17 17:01:00,2,437.42,218.71,United Kingdom,Repeat Customer,114,296,2-3 orders (Occasional),At Risk (91-180d),2010-10-01,296.0,133.18
17071,2010-01-24 13:05:00,2011-11-11 16:31:00,13,3793.71,291.82,United Kingdom,Repeat Customer,28,656,10+ orders (Champions),Active (0-90d),2010-01-01,133.0,308.01
17072,2010-03-24 16:33:00,2010-03-24 16:33:00,1,273.35,273.35,United Kingdom,One-Time Customer,625,0,1 order (One-Time),Lapsed (180d+),2010-03-01,,273.35
17073,2011-08-22 14:37:00,2011-11-22 11:47:00,4,1444.84,361.21,United Kingdom,Repeat Customer,17,91,4-9 orders (Regular),Active (0-90d),2011-08-01,27.0,453.79
17074,2010-05-26 12:04:00,2010-05-26 12:04:00,1,203.05,203.05,United Kingdom,One-Time Customer,562,0,1 order (One-Time),Lapsed (180d+),2010-05-01,,203.05
17075,2009-12-14 11:24:00,2011-11-22 11:58:00,10,2236.63,223.66,United Kingdom,Repeat Customer,17,708,10+ orders (Champions),Active (0-90d),2009-12-01,43.0,187.7
17076,2009-12-04 12:12:00,2011-11-03 17:53:00,6,1242.75,207.12,United Kingdom,Repeat Customer,36,699,4-9 orders (Regular),Active (0-90d),2009-12-01,97.0,67.68
17077,2010-05-10 16:36:00,2010-05-10 16:36:00,1,306.0,306.0,United Kingdom,One-Time Customer,578,0,1 order (One-Time),Lapsed (180d+),2010-05-01,,306.0
17078,2011-11-03 18:49:00,2011-11-03 19:17:00,2,375.86,187.93,United Kingdom,Repeat Customer,36,0,2-3 orders (Occasional),Active (0-90d),2011-11-01,0.0,368.06
17079,2011-09-22 15:34:00,2011-09-22 15:34:00,1,118.8,118.8,United Kingdom,One-Time Customer,78,0,1 order (One-Time),Active (0-90d),2011-09-01,,118.8
17080,2010-07-01 16:03:00,2011-11-17 12:59:00,7,957.53,136.79,United Kingdom,Repeat Customer,22,503,4-9 orders (Regular),Active (0-90d),2010-07-01,3.0,283.05
17081,2010-02-22 13:19:00,2011-11-14 12:56:00,6,949.39,158.23,United Kingdom,Repeat Customer,25,629,4-9 orders (Regular),Active (0-90d),2010-02-01,89.0,112.88
17082,2009-12-15 11:25:00,2011-11-06 15:17:00,6,4732.03,788.67,United Kingdom,Repeat Customer,33,691,4-9 orders (Regular),Active (0-90d),2009-12-01,0.0,847.0
17083,2010-02-09 11:46:00,2011-08-22 15:43:00,9,4049.79,449.98,United Kingdom,Repeat Customer,109,559,4-9 orders (Regular),At Risk (91-180d),2010-02-01,50.0,548.9
17084,2010-11-08 14:20:00,2011-11-04 14:54:00,3,5001.21,1667.07,United Kingdom,Repeat Customer,35,361,2-3 orders (Occasional),Active (0-90d),2010-11-01,361.0,2253.22
17085,2009-12-06 12:16:00,2011-08-08 14:15:00,28,7839.27,279.97,United Kingdom,Repeat Customer,123,610,10+ orders (Champions),At Risk (91-180d),2009-12-01,6.0,183.6
17086,2011-10-07 11:22:00,2011-12-02 13:54:00,6,2050.08,341.68,United Kingdom,Repeat Customer,7,56,4-9 orders (Regular),Active (0-90d),2011-10-01,14.0,412.47
17087,2009-12-02 10:41:00,2009-12-02 10:41:00,1,221.53,221.53,United Kingdom,One-Time Customer,737,0,1 order (One-Time),Lapsed (180d+),2009-12-01,,221.53
17088,2011-03-31 09:48:00,2011-11-11 14:23:00,4,1991.01,497.75,United Kingdom,Repeat Customer,28,225,4-9 orders (Regular),Active (0-90d),2011-03-01,70.0,1015.83
17089,2010-11-18 15:33:00,2010-11-18 15:33:00,1,128.45,128.45,United Kingdom,One-Time Customer,386,0,1 order (One-Time),Lapsed (180d+),2010-11-01,,128.45
17090,2010-07-19 16:02:00,2011-12-05 13:44:00,13,3080.18,236.94,United Kingdom,Repeat Customer,4,503,10+ orders (Champions),Active (0-90d),2010-07-01,0.0,372.96
17091,2009-12-16 15:45:00,2011-12-07 10:43:00,19,7495.75,394.51,United Kingdom,Repeat Customer,2,720,10+ orders (Champions),Active (0-90d),2009-12-01,60.0,276.5
17092,2010-02-02 16:42:00,2011-10-20 19:51:00,11,5511.41,501.04,United Kingdom,Repeat Customer,50,625,10+ orders (Champions),Active (0-90d),2010-02-01,99.0,287.26
17093,2010-04-26 10:22:00,2010-04-26 10:22:00,1,235.88,235.88,United Kingdom,One-Time Customer,592,0,1 order (One-Time),Lapsed (180d+),2010-04-01,,235.88
17094,2010-10-12 10:48:00,2011-01-21 13:09:00,2,402.2,201.1,United Kingdom,Repeat Customer,322,101,2-3 orders (Occasional),Lapsed (180d+),2010-10-01,101.0,100.2
17095,2009-12-15 12:32:00,2011-11-17 12:21:00,7,2572.25,367.46,United Kingdom,Repeat Customer,22,701,4-9 orders (Regular),Active (0-90d),2009-12-01,93.0,301.9
17096,2010-06-02 14:48:00,2011-11-24 15:01:00,11,3697.93,336.18,United Kingdom,Repeat Customer,15,540,10+ orders (Champions),Active (0-90d),2010-06-01,25.0,574.65
17097,2010-10-05 14:09:00,2011-12-07 17:05:00,9,1143.36,127.04,Spain,Repeat Customer,2,428,4-9 orders (Regular),Active (0-90d),2010-10-01,65.0,188.94
17098,2010-06-17 10:30:00,2010-11-23 12:13:00,3,591.07,197.02,United Kingdom,Repeat Customer,381,159,2-3 orders (Occasional),Lapsed (180d+),2010-06-01,134.0,299.47
17099,2010-06-24 16:25:00,2010-06-24 16:25:00,1,582.17,582.17,United Kingdom,One-Time Customer,533,0,1 order (One-Time),Lapsed (180d+),2010-06-01,,582.17
17100,2011-11-21 16:36:00,2011-11-21 16:36:00,2,971.74,485.87,United Kingdom,Repeat Customer,18,0,2-3 orders (Occasional),Active (0-90d),2011-11-01,0.0,939.89
17101,2010-06-07 15:12:00,2011-11-29 13:57:00,7,2507.05,358.15,United Kingdom,Repeat Customer,10,539,4-9 orders (Regular),Active (0-90d),2010-06-01,129.0,168.4
17102,2011-03-23 10:08:00,2011-03-23 10:08:00,1,25.5,25.5,United Kingdom,One-Time Customer,261,0,1 order (One-Time),Lapsed (180d+),2011-03-01,,25.5
17103,2009-12-17 14:08:00,2009-12-17 14:08:00,1,424.3,424.3,United Kingdom,One-Time Customer,722,0,1 order (One-Time),Lapsed (180d+),2009-12-01,,424.3
17104,2010-10-12 12:21:00,2010-10-12 12:21:00,1,474.03,474.03,United Kingdom,One-Time Customer,423,0,1 order (One-Time),Lapsed (180d+),2010-10-01,,474.03
17105,2011-02-06 14:46:00,2011-07-03 15:53:00,2,665.78,332.89,United Kingdom,Repeat Customer,159,147,2-3 orders (Occasional),At Risk (91-180d),2011-02-01,147.0,319.4
17106,2010-11-15 14:11:00,2010-11-15 14:11:00,1,481.58,481.58,United Kingdom,One-Time Customer,389,0,1 order (One-Time),Lapsed (180d+),2010-11-01,,481.58
17107,2010-01-31 15:47:00,2011-11-06 14:14:00,10,16052.72,1605.27,United Kingdom,Repeat Customer,33,643,10+ orders (Champions),Active (0-90d),2010-01-01,123.0,1610.19
17108,2010-02-14 12:22:00,2010-02-14 12:22:00,1,174.95,174.95,United Kingdom,One-Time Customer,663,0,1 order (One-Time),Lapsed (180d+),2010-02-01,,174.95
17109,2010-07-30 12:42:00,2011-11-10 16:59:00,8,1291.71,161.46,United Kingdom,Repeat Customer,29,468,4-9 orders (Regular),Active (0-90d),2010-07-01,91.0,184.69
17110,2010-04-08 13:32:00,2011-06-27 12:58:00,3,499.9,166.63,United Kingdom,Repeat Customer,165,444,2-3 orders (Occasional),At Risk (91-180d),2010-04-01,89.0,190.5
17111,2010-10-10 15:21:00,2011-10-23 15:59:00,2,459.58,229.79,United Kingdom,Repeat Customer,47,378,2-3 orders (Occasional),Active (0-90d),2010-10-01,378.0,227.97
17112,2010-07-25 11:14:00,2010-07-25 11:14:00,1,197.57,197.57,United Kingdom,One-Time Customer,502,0,1 order (One-Time),Lapsed (180d+),2010-07-01,,197.57
17113,2010-01-11 10:14:00,2010-05-14 13:59:00,6,2305.59,384.27,United Kingdom,Repeat Customer,574,123,4-9 orders (Regular),Lapsed (180d+),2010-01-01,0.0,209.0
17114,2011-01-09 11:39:00,2011-12-04 12:17:00,8,801.12,100.14,United Kingdom,Repeat Customer,5,329,4-9 orders (Regular),Active (0-90d),2011-01-01,37.0,140.59
17115,2009-12-05 12:13:00,2011-12-01 14:30:00,7,2761.49,394.5,United Kingdom,Repeat Customer,8,726,4-9 orders (Regular),Active (0-90d),2009-12-01,54.0,434.15
17116,2010-03-01 16:29:00,2010-03-01 16:29:00,1,389.78,389.78,United Kingdom,One-Time Customer,648,0,1 order (One-Time),Lapsed (180d+),2010-03-01,,389.78
17117,2011-02-24 13:54:00,2011-02-24 13:54:00,1,116.2,116.2,United Kingdom,One-Time Customer,288,0,1 order (One-Time),Lapsed (180d+),2011-02-01,,116.2
17118,2011-01-26 12:19:00,2011-01-26 12:19:00,1,157.02,157.02,United Kingdom,One-Time Customer,317,0,1 order (One-Time),Lapsed (180d+),2011-01-01,,157.02
17119,2011-10-11 11:03:00,2011-12-06 14:40:00,2,606.91,303.46,United Kingdom,Repeat Customer,3,56,2-3 orders (Occasional),Active (0-90d),2011-10-01,56.0,547.25
17120,2011-04-20 15:21:00,2011-04-20 15:21:00,1,307.46,307.46,United Kingdom,One-Time Customer,233,0,1 order (One-Time),Lapsed (180d+),2011-04-01,,307.46
17121,2010-11-02 11:47:00,2010-11-02 11:47:00,1,314.74,314.74,United Kingdom,One-Time Customer,402,0,1 order (One-Time),Lapsed (180d+),2010-11-01,,314.74
17122,2010-07-28 09:34:00,2011-08-12 14:33:00,4,570.5,142.62,United Kingdom,Repeat Customer,119,380,4-9 orders (Regular),At Risk (91-180d),2010-07-01,90.0,102.02
17123,2010-05-16 11:52:00,2011-07-01 10:47:00,3,966.67,322.22,United Kingdom,Repeat Customer,161,410,2-3 orders (Occasional),At Risk (91-180d),2010-05-01,133.0,206.86
17124,2011-06-07 14:02:00,2011-06-07 14:02:00,1,294.24,294.24,United Kingdom,One-Time Customer,185,0,1 order (One-Time),Lapsed (180d+),2011-06-01,,294.24
17125,2011-10-20 14:41:00,2011-10-20 14:41:00,1,230.5,230.5,United Kingdom,One-Time Customer,50,0,1 order (One-Time),Active (0-90d),2011-10-01,,230.5
17126,2010-08-31 13:41:00,2011-07-10 13:52:00,9,2008.93,223.21,United Kingdom,Repeat Customer,152,313,4-9 orders (Regular),At Risk (91-180d),2010-08-01,33.0,282.05
17127,2009-12-04 15:18:00,2010-10-07 09:54:00,5,1155.03,231.01,United Kingdom,Repeat Customer,428,306,4-9 orders (Regular),Lapsed (180d+),2009-12-01,201.0,137.95
17128,2011-01-09 12:02:00,2011-01-09 12:02:00,1,157.09,157.09,United Kingdom,One-Time Customer,334,0,1 order (One-Time),Lapsed (180d+),2011-01-01,,157.09
17129,2010-07-07 13:46:00,2010-07-07 13:46:00,1,31.85,31.85,United Kingdom,One-Time Customer,520,0,1 order (One-Time),Lapsed (180d+),2010-07-01,,31.85
17131,2011-09-25 12:42:00,2011-12-04 12:52:00,5,2463.17,492.63,United Kingdom,Repeat Customer,5,70,4-9 orders (Regular),Active (0-90d),2011-09-01,28.0,789.77
17132,2010-08-08 13:49:00,2010-09-13 16:31:00,2,1220.91,610.45,United Kingdom,Repeat Customer,452,36,2-3 orders (Occasional),Lapsed (180d+),2010-08-01,36.0,628.53
17133,2010-03-21 12:31:00,2011-11-24 12:27:00,12,14622.33,1218.53,United Kingdom,Repeat Customer,15,612,10+ orders (Champions),Active (0-90d),2010-03-01,20.0,2613.62
17134,2010-09-23 18:32:00,2011-08-25 09:53:00,3,625.3,208.43,United Kingdom,Repeat Customer,106,335,2-3 orders (Occasional),At Risk (91-180d),2010-09-01,177.0,212.1
17135,2010-05-09 16:03:00,2011-11-23 16:48:00,10,1716.38,171.64,United Kingdom,Repeat Customer,16,563,10+ orders (Champions),Active (0-90d),2010-05-01,90.0,164.6
17136,2010-02-15 13:13:00,2010-02-15 13:13:00,1,231.68,231.68,United Kingdom,One-Time Customer,662,0,1 order (One-Time),Lapsed (180d+),2010-02-01,,231.68
17137,2010-01-31 12:27:00,2010-10-19 14:51:00,6,1099.81,183.3,United Kingdom,Repeat Customer,416,261,4-9 orders (Regular),Lapsed (180d+),2010-01-01,0.0,315.67
17138,2010-02-04 14:19:00,2011-03-09 11:54:00,7,4417.27,631.04,United Kingdom,Repeat Customer,275,397,4-9 orders (Regular),Lapsed (180d+),2010-02-01,32.0,1728.58
17139,2010-01-11 11:31:00,2011-11-24 10:12:00,25,19566.76,782.67,United Kingdom,Repeat Customer,15,681,10+ orders (Champions),Active (0-90d),2010-01-01,30.0,595.0
17140,2011-04-06 13:33:00,2011-04-06 13:33:00,1,454.12,454.12,United Kingdom,One-Time Customer,247,0,1 order (One-Time),Lapsed (180d+),2011-04-01,,454.12
17141,2010-01-24 14:19:00,2010-10-17 14:54:00,4,727.58,181.9,United Kingdom,Repeat Customer,418,266,4-9 orders (Regular),Lapsed (180d+),2010-01-01,0.0,275.25
17142,2010-01-24 15:23:00,2011-04-14 18:22:00,4,1275.25,318.81,United Kingdom,Repeat Customer,239,445,4-9 orders (Regular),Lapsed (180d+),2010-01-01,150.0,225.5
17143,2010-07-12 13:26:00,2010-10-18 15:27:00,2,880.97,440.48,United Kingdom,Repeat Customer,417,98,2-3 orders (Occasional),Lapsed (180d+),2010-07-01,98.0,642.81
17144,2011-09-16 12:50:00,2011-12-08 17:57:00,2,984.57,492.28,United Kingdom,Repeat Customer,1,83,2-3 orders (Occasional),Active (0-90d),2011-09-01,83.0,595.89
17145,2010-02-19 12:07:00,2010-07-15 09:02:00,4,3120.91,780.23,United Kingdom,Repeat Customer,512,145,4-9 orders (Regular),Lapsed (180d+),2010-02-01,137.0,897.03
17146,2010-02-02 09:39:00,2011-08-26 12:44:00,13,5852.64,450.2,United Kingdom,Repeat Customer,105,570,10+ orders (Champions),At Risk (91-180d),2010-02-01,71.0,1023.6
17147,2010-01-11 09:38:00,2011-11-17 12:32:00,9,3199.95,355.55,United Kingdom,Repeat Customer,22,675,4-9 orders (Regular),Active (0-90d),2010-01-01,71.0,249.6
17148,2011-10-19 09:59:00,2011-10-19 09:59:00,1,124.88,124.88,United Kingdom,One-Time Customer,51,0,1 order (One-Time),Active (0-90d),2011-10-01,,124.88
17149,2010-09-14 14:56:00,2010-09-14 14:56:00,1,143.1,143.1,United Kingdom,One-Time Customer,451,0,1 order (One-Time),Lapsed (180d+),2010-09-01,,143.1
17150,2009-12-06 10:51:00,2010-11-28 11:27:00,6,1357.95,226.32,United Kingdom,Repeat Customer,376,357,4-9 orders (Regular),Lapsed (180d+),2009-12-01,10.0,139.25
17151,2009-12-04 14:56:00,2009-12-04 14:56:00,1,231.9,231.9,United Kingdom,One-Time Customer,735,0,1 order (One-Time),Lapsed (180d+),2009-12-01,,231.9
17152,2010-10-10 12:40:00,2011-05-29 12:19:00,4,2016.5,504.12,United Kingdom,Repeat Customer,194,230,4-9 orders (Regular),Lapsed (180d+),2010-10-01,162.0,327.0
17153,2011-11-15 13:42:00,2011-11-15 13:42:00,1,213.78,213.78,United Kingdom,One-Time Customer,24,0,1 order (One-Time),Active (0-90d),2011-11-01,,213.78
17154,2011-09-25 13:42:00,2011-09-25 13:42:00,1,329.34,329.34,United Kingdom,One-Time Customer,75,0,1 order (One-Time),Active (0-90d),2011-09-01,,329.34
17155,2009-12-03 11:34:00,2011-11-22 12:38:00,7,892.46,127.49,United Kingdom,Repeat Customer,17,719,4-9 orders (Regular),Active (0-90d),2009-12-01,5.0,143.06
17156,2010-08-05 11:30:00,2010-08-05 11:30:00,1,591.87,591.87,United Kingdom,One-Time Customer,491,0,1 order (One-Time),Lapsed (180d+),2010-08-01,,591.87
17157,2009-12-04 13:00:00,2011-12-02 09:10:00,19,5151.9,271.15,United Kingdom,Repeat Customer,7,727,10+ orders (Champions),Active (0-90d),2009-12-01,4.0,332.16
17158,2010-03-07 15:50:00,2011-11-07 15:15:00,5,1980.0,396.0,United Kingdom,Repeat Customer,32,609,4-9 orders (Regular),Active (0-90d),2010-03-01,94.0,298.5
17159,2010-03-04 14:53:00,2011-11-18 10:52:00,5,2099.59,419.92,United Kingdom,Repeat Customer,21,623,4-9 orders (Regular),Active (0-90d),2010-03-01,167.0,261.3
17160,2009-12-04 10:57:00,2011-11-08 14:05:00,17,10209.16,600.54,United Kingdom,Repeat Customer,31,704,10+ orders (Champions),Active (0-90d),2009-12-01,48.0,825.94
17161,2010-09-21 16:44:00,2010-09-21 16:44:00,1,856.01,856.01,United Kingdom,One-Time Customer,444,0,1 order (One-Time),Lapsed (180d+),2010-09-01,,856.01
17162,2011-02-07 12:27:00,2011-11-11 11:34:00,10,1715.46,171.55,United Kingdom,Repeat Customer,28,276,10+ orders (Champions),Active (0-90d),2011-02-01,28.0,424.41
17163,2010-02-02 10:39:00,2011-11-18 08:57:00,4,699.78,174.94,United Kingdom,Repeat Customer,21,653,4-9 orders (Regular),Active (0-90d),2010-02-01,229.0,141.24
17164,2011-03-11 14:26:00,2011-11-07 09:14:00,7,2467.35,352.48,United Kingdom,Repeat Customer,32,240,4-9 orders (Regular),Active (0-90d),2011-03-01,60.0,627.13
17165,2009-12-11 09:18:00,2011-02-28 16:39:00,6,1794.32,299.05,United Kingdom,Repeat Customer,284,444,4-9 orders (Regular),Lapsed (180d+),2009-12-01,32.0,375.66
17166,2011-05-20 08:18:00,2011-11-01 09:46:00,2,206.34,103.17,United Kingdom,Repeat Customer,38,165,2-3 orders (Occasional),Active (0-90d),2011-05-01,165.0,127.59
17167,2010-09-20 14:02:00,2010-11-25 10:05:00,3,867.11,289.04,United Kingdom,Repeat Customer,379,65,2-3 orders (Occasional),Lapsed (180d+),2010-09-01,27.0,257.69
17168,2010-07-29 12:33:00,2010-07-29 12:33:00,1,400.2,400.2,United Kingdom,One-Time Customer,498,0,1 order (One-Time),Lapsed (180d+),2010-07-01,,400.2
17169,2010-05-10 13:00:00,2011-10-13 10:25:00,3,1156.73,385.58,United Kingdom,Repeat Customer,57,520,2-3 orders (Occasional),Active (0-90d),2010-05-01,395.0,320.95
17170,2010-11-15 16:23:00,2010-11-30 15:55:00,2,178.68,89.34,United Kingdom,Repeat Customer,374,14,2-3 orders (Occasional),Lapsed (180d+),2010-11-01,14.0,72.48
17171,2010-02-16 12:02:00,2011-02-23 16:37:00,2,384.59,192.3,United Kingdom,Repeat Customer,289,372,2-3 orders (Occasional),Lapsed (180d+),2010-02-01,372.0,159.68
17172,2009-12-13 11:46:00,2011-09-22 09:36:00,3,956.57,318.86,United Kingdom,Repeat Customer,78,647,2-3 orders (Occasional),Active (0-90d),2009-12-01,296.0,336.82
17173,2011-07-31 15:26:00,2011-12-04 14:40:00,8,3766.6,470.83,United Kingdom,Repeat Customer,5,125,4-9 orders (Regular),Active (0-90d),2011-07-01,14.0,462.78
17174,2011-05-06 11:47:00,2011-05-06 11:47:00,1,59.9,59.9,United Kingdom,One-Time Customer,217,0,1 order (One-Time),Lapsed (180d+),2011-05-01,,59.9
17175,2011-02-16 14:56:00,2011-10-26 15:31:00,4,1443.69,360.92,United Kingdom,Repeat Customer,44,252,4-9 orders (Regular),Active (0-90d),2011-02-01,115.0,519.08
17176,2010-01-31 15:49:00,2011-05-22 12:41:00,3,902.32,300.77,United Kingdom,Repeat Customer,201,475,2-3 orders (Occasional),Lapsed (180d+),2010-01-01,150.0,286.34
17177,2010-07-22 14:53:00,2010-07-22 14:53:00,1,119.5,119.5,United Kingdom,One-Time Customer,505,0,1 order (One-Time),Lapsed (180d+),2010-07-01,,119.5
17178,2009-12-08 16:20:00,2009-12-08 16:20:00,1,432.96,432.96,United Kingdom,One-Time Customer,731,0,1 order (One-Time),Lapsed (180d+),2009-12-01,,432.96
17179,2010-05-26 11:22:00,2011-06-14 16:48:00,6,1507.26,251.21,United Kingdom,Repeat Customer,178,384,4-9 orders (Regular),At Risk (91-180d),2010-05-01,139.0,193.17
17180,2010-01-21 17:43:00,2011-10-14 15:46:00,11,2236.77,203.34,United Kingdom,Repeat Customer,56,630,10+ orders (Champions),Active (0-90d),2010-01-01,52.0,170.71
17181,2010-04-23 11:21:00,2011-10-13 14:48:00,3,309.85,103.28,United Kingdom,Repeat Customer,57,538,2-3 orders (Occasional),Active (0-90d),2010-04-01,222.0,69.93
17182,2009-12-21 15:22:00,2010-10-13 10:09:00,2,321.3,160.65,United Kingdom,Repeat Customer,422,295,2-3 orders (Occasional),Lapsed (180d+),2009-12-01,295.0,178.5
17183,2011-08-26 15:25:00,2011-12-02 10:07:00,6,3347.31,557.88,United Kingdom,Repeat Customer,7,97,4-9 orders (Regular),Active (0-90d),2011-08-01,51.0,329.67
17184,2009-12-09 14:17:00,2010-05-19 14:24:00,2,198.41,99.21,United Kingdom,Repeat Customer,569,161,2-3 orders (Occasional),Lapsed (180d+),2009-12-01,161.0,50.55
17185,2010-04-20 13:49:00,2010-04-27 12:15:00,3,229.46,76.49,United Kingdom,Repeat Customer,591,6,2-3 orders (Occasional),Lapsed (180d+),2010-04-01,0.0,68.25
17186,2011-10-10 12:52:00,2011-10-24 10:20:00,2,144.0,72.0,United Kingdom,Repeat Customer,46,13,2-3 orders (Occasional),Active (0-90d),2011-10-01,13.0,72.0
17187,2010-07-01 14:38:00,2011-04-27 12:39:00,2,467.71,233.86,United Kingdom,Repeat Customer,226,299,2-3 orders (Occasional),Lapsed (180d+),2010-07-01,299.0,263.76
17188,2009-12-08 19:16:00,2011-11-28 13:53:00,13,4592.93,353.3,United Kingdom,Repeat Customer,11,719,10+ orders (Champions),Active (0-90d),2009-12-01,33.0,328.02
17189,2009-12-02 11:45:00,2011-08-25 19:39:00,5,953.63,190.73,United Kingdom,Repeat Customer,106,631,4-9 orders (Regular),At Risk (91-180d),2009-12-01,14.0,228.36
17190,2010-03-05 13:21:00,2011-10-12 11:33:00,7,1724.73,246.39,United Kingdom,Repeat Customer,58,585,4-9 orders (Regular),Active (0-90d),2010-03-01,94.0,405.42
17191,2009-12-01 16:34:00,2011-11-11 16:58:00,15,4310.34,287.36,United Kingdom,Repeat Customer,28,710,10+ orders (Champions),Active (0-90d),2009-12-01,58.0,261.74
17192,2010-06-21 16:07:00,2010-06-21 16:07:00,1,75.28,75.28,United Kingdom,One-Time Customer,536,0,1 order (One-Time),Lapsed (180d+),2010-06-01,,75.28
17193,2009-12-02 10:02:00,2011-11-04 12:47:00,9,2310.04,256.67,United Kingdom,Repeat Customer,35,702,4-9 orders (Regular),Active (0-90d),2009-12-01,351.0,45.0
17194,2010-06-27 13:16:00,2010-12-14 12:06:00,2,776.66,388.33,United Kingdom,Repeat Customer,360,169,2-3 orders (Occasional),Lapsed (180d+),2010-06-01,169.0,549.88
17195,2010-02-22 13:05:00,2010-02-22 13:05:00,1,562.98,562.98,United Kingdom,One-Time Customer,655,0,1 order (One-Time),Lapsed (180d+),2010-02-01,,562.98
17196,2010-10-08 11:31:00,2010-10-08 11:31:00,1,327.75,327.75,United Kingdom,One-Time Customer,427,0,1 order (One-Time),Lapsed (180d+),2010-10-01,,327.75
17197,2011-11-10 10:32:00,2011-11-10 10:32:00,1,1013.01,1013.01,United Kingdom,One-Time Customer,29,0,1 order (One-Time),Active (0-90d),2011-11-01,,1013.01
17198,2010-12-03 14:54:00,2011-11-16 10:39:00,3,692.22,230.74,United Kingdom,Repeat Customer,23,347,2-3 orders (Occasional),Active (0-90d),2010-12-01,5.0,272.01
17199,2010-05-06 13:53:00,2010-05-06 13:53:00,1,135.04,135.04,United Kingdom,One-Time Customer,582,0,1 order (One-Time),Lapsed (180d+),2010-05-01,,135.04
17200,2010-02-25 13:23:00,2010-11-17 13:04:00,4,356.71,89.18,United Kingdom,Repeat Customer,387,264,4-9 orders (Regular),Lapsed (180d+),2010-02-01,0.0,160.81
17201,2010-02-10 12:26:00,2011-10-17 11:55:00,4,1132.6,283.15,United Kingdom,Repeat Customer,53,613,4-9 orders (Regular),Active (0-90d),2010-02-01,117.0,439.77
17202,2010-10-15 11:25:00,2010-10-15 11:25:00,1,160.65,160.65,United Kingdom,One-Time Customer,420,0,1 order (One-Time),Lapsed (180d+),2010-10-01,,160.65
17203,2010-11-16 12:52:00,2011-11-04 12:27:00,10,5564.09,556.41,United Kingdom,Repeat Customer,35,352,10+ orders (Champions),Active (0-90d),2010-11-01,0.0,1792.81
17204,2010-06-10 11:37:00,2011-06-17 14:46:00,9,5504.69,611.63,United Kingdom,Repeat Customer,175,372,4-9 orders (Regular),At Risk (91-180d),2010-06-01,109.0,299.33
17205,2010-05-24 15:36:00,2011-10-17 12:46:00,3,999.35,333.12,United Kingdom,Repeat Customer,53,510,2-3 orders (Occasional),Active (0-90d),2010-05-01,148.0,274.95
17206,2011-10-17 13:25:00,2011-10-17 13:25:00,1,204.24,204.24,United Kingdom,One-Time Customer,53,0,1 order (One-Time),Active (0-90d),2011-10-01,,204.24
17207,2010-02-25 19:08:00,2010-02-25 19:08:00,1,291.77,291.77,United Kingdom,One-Time Customer,652,0,1 order (One-Time),Lapsed (180d+),2010-02-01,,291.77
17208,2010-11-09 12:50:00,2010-11-09 12:50:00,1,111.15,111.15,United Kingdom,One-Time Customer,395,0,1 order (One-Time),Lapsed (180d+),2010-11-01,,111.15
17209,2009-12-03 11:10:00,2010-02-28 16:01:00,3,595.7,198.57,United Kingdom,Repeat Customer,649,87,2-3 orders (Occasional),Lapsed (180d+),2009-12-01,8.0,320.4
17210,2010-11-12 12:15:00,2010-11-12 12:15:00,1,251.72,251.72,United Kingdom,One-Time Customer,392,0,1 order (One-Time),Lapsed (180d+),2010-11-01,,251.72
17211,2009-12-13 13:17:00,2011-11-13 12:03:00,13,3773.35,290.26,United Kingdom,Repeat Customer,26,699,10+ orders (Champions),Active (0-90d),2009-12-01,6.0,386.73
17212,2010-08-10 09:22:00,2011-03-31 19:42:00,3,794.41,264.8,United Kingdom,Repeat Customer,253,233,2-3 orders (Occasional),Lapsed (180d+),2010-08-01,28.0,448.52
17213,2009-12-15 10:28:00,2011-10-30 14:53:00,13,4869.4,374.57,United Kingdom,Repeat Customer,40,684,10+ orders (Champions),Active (0-90d),2009-12-01,6.0,304.7
17214,2010-12-15 15:14:00,2011-10-10 13:17:00,6,1059.12,176.52,United Kingdom,Repeat Customer,60,298,4-9 orders (Regular),Active (0-90d),2010-12-01,49.0,171.05
17215,2010-09-01 13:39:00,2010-09-01 13:39:00,1,186.15,186.15,United Kingdom,One-Time Customer,464,0,1 order (One-Time),Lapsed (180d+),2010-09-01,,186.15
17216,2010-06-03 13:03:00,2010-06-03 13:03:00,1,63.6,63.6,United Kingdom,One-Time Customer,554,0,1 order (One-Time),Lapsed (180d+),2010-06-01,,63.6
17217,2010-03-30 13:35:00,2011-04-19 17:19:00,2,210.1,105.05,United Kingdom,Repeat Customer,234,385,2-3 orders (Occasional),Lapsed (180d+),2010-03-01,385.0,96.6
17218,2010-01-25 16:12:00,2011-12-05 13:52:00,18,3889.39,216.08,United Kingdom,Repeat Customer,4,678,10+ orders (Champions),Active (0-90d),2010-01-01,49.0,387.74
17219,2010-10-19 11:29:00,2011-11-08 11:25:00,2,259.13,129.56,United Kingdom,Repeat Customer,31,384,2-3 orders (Occasional),Active (0-90d),2010-10-01,384.0,144.9
17220,2010-01-20 11:57:00,2011-11-15 13:47:00,21,4451.41,211.97,United Kingdom,Repeat Customer,24,664,10+ orders (Champions),Active (0-90d),2010-01-01,0.0,211.85
17221,2010-04-11 15:34:00,2011-12-02 13:35:00,5,976.62,195.32,United Kingdom,Repeat Customer,7,599,4-9 orders (Regular),Active (0-90d),2010-04-01,0.0,351.96
17222,2010-01-10 15:24:00,2011-10-05 13:58:00,6,1563.61,260.6,United Kingdom,Repeat Customer,65,632,4-9 orders (Regular),Active (0-90d),2010-01-01,50.0,194.25
17223,2010-11-29 17:19:00,2011-02-02 15:57:00,3,523.04,174.35,United Kingdom,Repeat Customer,310,64,2-3 orders (Occasional),Lapsed (180d+),2010-11-01,6.0,141.15
17224,2010-07-26 13:30:00,2010-07-26 13:30:00,1,100.86,100.86,United Kingdom,One-Time Customer,501,0,1 order (One-Time),Lapsed (180d+),2010-07-01,,100.86
17225,2010-05-07 11:38:00,2010-05-07 11:38:00,1,131.15,131.15,United Kingdom,One-Time Customer,581,0,1 order (One-Time),Lapsed (180d+),2010-05-01,,131.15
17226,2010-02-12 14:31:00,2011-02-04 11:52:00,3,895.47,298.49,United Kingdom,Repeat Customer,308,356,2-3 orders (Occasional),Lapsed (180d+),2010-02-01,220.0,420.98
17227,2010-01-15 15:05:00,2011-11-21 10:51:00,12,1878.93,156.58,United Kingdom,Repeat Customer,18,674,10+ orders (Champions),Active (0-90d),2010-01-01,61.0,208.1
17228,2010-03-12 11:54:00,2011-11-24 10:24:00,13,2820.03,216.93,United Kingdom,Repeat Customer,15,621,10+ orders (Champions),Active (0-90d),2010-03-01,51.0,128.06
17229,2011-07-20 12:38:00,2011-09-04 13:56:00,2,318.76,159.38,United Kingdom,Repeat Customer,96,46,2-3 orders (Occasional),At Risk (91-180d),2011-07-01,46.0,157.71
17230,2009-12-08 13:41:00,2011-03-20 16:12:00,18,9388.49,521.58,United Kingdom,Repeat Customer,264,467,10+ orders (Champions),Lapsed (180d+),2009-12-01,2.0,304.2
17231,2009-12-07 16:38:00,2011-11-27 15:18:00,25,7064.8,282.59,United Kingdom,Repeat Customer,12,719,10+ orders (Champions),Active (0-90d),2009-12-01,12.0,285.35
17232,2011-11-25 12:24:00,2011-12-07 12:21:00,2,417.77,208.88,United Kingdom,Repeat Customer,2,11,2-3 orders (Occasional),Active (0-90d),2011-11-01,11.0,208.04
17233,2009-12-15 12:03:00,2011-11-04 14:06:00,3,560.86,186.95,United Kingdom,Repeat Customer,35,689,2-3 orders (Occasional),Active (0-90d),2009-12-01,276.0,179.36
17234,2011-06-10 11:20:00,2011-06-10 11:20:00,1,149.89,149.89,United Kingdom,One-Time Customer,182,0,1 order (One-Time),Lapsed (180d+),2011-06-01,,149.89
17235,2010-06-04 17:01:00,2011-11-14 15:51:00,8,1562.98,195.37,United Kingdom,Repeat Customer,25,527,4-9 orders (Regular),Active (0-90d),2010-06-01,39.0,117.33
17236,2010-03-07 13:00:00,2011-11-27 12:00:00,12,1929.26,160.77,United Kingdom,Repeat Customer,12,629,10+ orders (Champions),Active (0-90d),2010-03-01,13.0,231.79
17237,2010-11-23 11:45:00,2011-11-28 15:02:00,4,994.13,248.53,United Kingdom,Repeat Customer,11,370,4-9 orders (Regular),Active (0-90d),2010-11-01,6.0,574.15
17238,2009-12-01 10:59:00,2011-12-07 11:35:00,32,7331.17,229.1,United Kingdom,Repeat Customer,2,736,10+ orders (Champions),Active (0-90d),2009-12-01,10.0,251.1
17239,2010-07-01 10:53:00,2011-01-31 09:41:00,4,1189.45,297.36,United Kingdom,Repeat Customer,312,213,4-9 orders (Regular),Lapsed (180d+),2010-07-01,101.0,308.45
17240,2010-04-22 15:44:00,2010-04-22 15:44:00,1,130.6,130.6,United Kingdom,One-Time Customer,596,0,1 order (One-Time),Lapsed (180d+),2010-04-01,,130.6
17241,2010-02-15 14:47:00,2010-11-19 13:01:00,12,2736.64,228.05,United Kingdom,Repeat Customer,385,276,10+ orders (Champions),Lapsed (180d+),2010-02-01,13.0,541.8
17242,2010-01-24 10:27:00,2011-08-23 14:55:00,5,2889.28,577.86,United Kingdom,Repeat Customer,108,576,4-9 orders (Regular),At Risk (91-180d),2010-01-01,102.0,441.26
17243,2009-12-01 15:36:00,2011-12-08 13:26:00,69,20184.68,292.53,United Kingdom,Repeat Customer,1,736,10+ orders (Champions),Active (0-90d),2009-12-01,2.0,535.9
17244,2009-12-06 11:27:00,2011-10-17 15:19:00,5,1826.04,365.21,United Kingdom,Repeat Customer,53,680,4-9 orders (Regular),Active (0-90d),2009-12-01,350.0,260.65
17245,2010-01-19 15:39:00,2011-05-19 10:43:00,2,371.63,185.82,United Kingdom,Repeat Customer,204,484,2-3 orders (Occasional),Lapsed (180d+),2010-01-01,484.0,200.18
17246,2009-12-01 17:45:00,2010-06-11 12:36:00,2,38.92,19.46,United Kingdom,Repeat Customer,546,191,2-3 orders (Occasional),Lapsed (180d+),2009-12-01,191.0,23.48
17247,2011-11-24 15:21:00,2011-11-24 15:21:00,1,280.09,280.09,United Kingdom,One-Time Customer,15,0,1 order (One-Time),Active (0-90d),2011-11-01,,280.09
17248,2010-08-15 11:55:00,2011-08-11 13:34:00,2,500.54,250.27,United Kingdom,Repeat Customer,120,361,2-3 orders (Occasional),At Risk (91-180d),2010-08-01,361.0,181.89
17249,2010-10-07 11:33:00,2010-10-07 11:33:00,1,68.03,68.03,United Kingdom,One-Time Customer,428,0,1 order (One-Time),Lapsed (180d+),2010-10-01,,68.03
17250,2011-03-23 16:45:00,2011-12-06 12:15:00,2,381.97,190.98,United Kingdom,Repeat Customer,3,257,2-3 orders (Occasional),Active (0-90d),2011-03-01,257.0,162.65
17251,2009-12-15 10:36:00,2010-12-12 11:06:00,3,798.98,266.33,United Kingdom,Repeat Customer,362,362,2-3 orders (Occasional),Lapsed (180d+),2009-12-01,342.0,306.4
17252,2011-06-06 16:41:00,2011-08-15 09:45:00,2,348.91,174.46,United Kingdom,Repeat Customer,116,69,2-3 orders (Occasional),At Risk (91-180d),2011-06-01,69.0,337.01
17253,2011-11-21 12:59:00,2011-11-21 12:59:00,1,178.26,178.26,United Kingdom,One-Time Customer,18,0,1 order (One-Time),Active (0-90d),2011-11-01,,178.26
17254,2010-11-03 14:00:00,2011-12-05 12:46:00,3,469.48,156.49,United Kingdom,Repeat Customer,4,396,2-3 orders (Occasional),Active (0-90d),2010-11-01,386.0,198.29
17255,2010-09-19 15:53:00,2011-10-30 12:18:00,4,781.7,195.42,United Kingdom,Repeat Customer,40,405,4-9 orders (Regular),Active (0-90d),2010-09-01,55.0,370.65
17256,2010-04-18 13:40:00,2011-08-24 13:30:00,5,498.93,99.79,United Kingdom,Repeat Customer,107,492,4-9 orders (Regular),At Risk (91-180d),2010-04-01,0.0,148.73
17257,2010-09-29 12:49:00,2010-09-29 12:51:00,2,189.78,94.89,United Kingdom,Repeat Customer,436,0,2-3 orders (Occasional),Lapsed (180d+),2010-09-01,0.0,176.1
17258,2010-02-12 15:51:00,2010-11-08 12:37:00,2,417.3,208.65,United Kingdom,Repeat Customer,396,268,2-3 orders (Occasional),Lapsed (180d+),2010-02-01,268.0,283.85
17259,2010-02-22 13:38:00,2011-07-14 15:01:00,6,1452.39,242.07,United Kingdom,Repeat Customer,148,507,4-9 orders (Regular),At Risk (91-180d),2010-02-01,126.0,308.62
17260,2010-10-24 13:21:00,2010-10-24 13:21:00,1,120.95,120.95,United Kingdom,One-Time Customer,411,0,1 order (One-Time),Lapsed (180d+),2010-10-01,,120.95
17261,2010-07-18 11:49:00,2010-07-18 11:49:00,1,221.59,221.59,United Kingdom,One-Time Customer,509,0,1 order (One-Time),Lapsed (180d+),2010-07-01,,221.59
17262,2009-12-15 11:26:00,2011-10-18 12:56:00,11,2488.76,226.25,United Kingdom,Repeat Customer,52,672,10+ orders (Champions),Active (0-90d),2009-12-01,134.0,169.5
17263,2011-05-15 14:32:00,2011-05-15 14:32:00,1,63.44,63.44,United Kingdom,One-Time Customer,208,0,1 order (One-Time),Lapsed (180d+),2011-05-01,,63.44
17264,2010-10-11 12:52:00,2010-10-11 12:52:00,1,268.28,268.28,United Kingdom,One-Time Customer,424,0,1 order (One-Time),Lapsed (180d+),2010-10-01,,268.28
17265,2011-06-12 12:00:00,2011-07-24 10:49:00,2,550.01,275.0,United Kingdom,Repeat Customer,138,41,2-3 orders (Occasional),At Risk (91-180d),2011-06-01,41.0,377.84
17266,2010-03-09 10:42:00,2011-12-07 14:12:00,5,501.72,100.34,United Kingdom,Repeat Customer,2,638,4-9 orders (Regular),Active (0-90d),2010-03-01,141.0,114.73
17267,2011-08-04 17:19:00,2011-08-04 17:22:00,2,317.2,158.6,United Kingdom,Repeat Customer,127,0,2-3 orders (Occasional),At Risk (91-180d),2011-08-01,0.0,310.6
17268,2009-12-08 11:46:00,2011-08-24 10:06:00,11,1733.89,157.63,United Kingdom,Repeat Customer,107,623,10+ orders (Champions),At Risk (91-180d),2009-12-01,98.0,155.7
17269,2010-11-19 11:12:00,2010-11-19 11:12:00,1,491.81,491.81,United Kingdom,One-Time Customer,385,0,1 order (One-Time),Lapsed (180d+),2010-11-01,,491.81
17270,2009-12-07 17:18:00,2010-08-27 14:09:00,2,601.45,300.73,United Kingdom,Repeat Customer,469,262,2-3 orders (Occasional),Lapsed (180d+),2009-12-01,262.0,389.62
17271,2009-12-03 13:49:00,2009-12-03 13:49:00,1,204.3,204.3,United Kingdom,One-Time Customer,736,0,1 order (One-Time),Lapsed (180d+),2009-12-01,,204.3
17272,2011-03-22 12:05:00,2011-10-28 16:37:00,4,2148.63,537.16,United Kingdom,Repeat Customer,42,220,4-9 orders (Regular),Active (0-90d),2011-03-01,63.0,657.68
17273,2010-10-11 15:57:00,2010-10-11 15:57:00,1,141.12,141.12,United Kingdom,One-Time Customer,424,0,1 order (One-Time),Lapsed (180d+),2010-10-01,,141.12
17274,2010-11-09 12:06:00,2011-11-04 13:16:00,2,573.22,286.61,United Kingdom,Repeat Customer,35,360,2-3 orders (Occasional),Active (0-90d),2010-11-01,360.0,465.4
17275,2010-11-21 13:26:00,2010-11-21 13:26:00,1,114.1,114.1,United Kingdom,One-Time Customer,383,0,1 order (One-Time),Lapsed (180d+),2010-11-01,,114.1
17276,2010-11-02 16:20:00,2010-11-02 16:20:00,1,501.24,501.24,United Kingdom,One-Time Customer,402,0,1 order (One-Time),Lapsed (180d+),2010-11-01,,501.24
17277,2011-01-21 12:37:00,2011-04-26 12:47:00,2,1065.35,532.67,United Kingdom,Repeat Customer,227,95,2-3 orders (Occasional),Lapsed (180d+),2011-01-01,95.0,717.02
17278,2010-05-23 13:49:00,2011-04-12 13:10:00,2,271.24,135.62,United Kingdom,Repeat Customer,241,323,2-3 orders (Occasional),Lapsed (180d+),2010-05-01,323.0,25.2
17279,2011-10-13 11:58:00,2011-10-13 11:58:00,1,187.83,187.83,United Kingdom,One-Time Customer,57,0,1 order (One-Time),Active (0-90d),2011-10-01,,187.83
17280,2010-09-27 16:46:00,2010-09-27 16:46:00,1,118.86,118.86,United Kingdom,One-Time Customer,438,0,1 order (One-Time),Lapsed (180d+),2010-09-01,,118.86
17281,2010-02-04 13:00:00,2010-11-30 18:05:00,6,797.85,132.98,United Kingdom,Repeat Customer,374,299,4-9 orders (Regular),Lapsed (180d+),2010-02-01,60.0,112.5
17282,2010-06-09 12:07:00,2011-08-01 14:29:00,5,2308.54,461.71,United Kingdom,Repeat Customer,130,418,4-9 orders (Regular),At Risk (91-180d),2010-06-01,92.0,352.93
17283,2010-11-26 11:53:00,2010-11-26 11:53:00,1,188.46,188.46,United Kingdom,One-Time Customer,378,0,1 order (One-Time),Lapsed (180d+),2010-11-01,,188.46
17284,2010-11-15 17:14:00,2011-10-10 14:38:00,7,2558.6,365.51,United Kingdom,Repeat Customer,60,328,4-9 orders (Regular),Active (0-90d),2010-11-01,52.0,911.12
17285,2010-02-14 14:10:00,2010-03-21 13:38:00,2,400.44,200.22,United Kingdom,Repeat Customer,628,34,2-3 orders (Occasional),Lapsed (180d+),2010-02-01,34.0,204.95
17286,2010-11-04 13:43:00,2011-11-18 12:47:00,3,389.18,129.73,United Kingdom,Repeat Customer,21,378,2-3 orders (Occasional),Active (0-90d),2010-11-01,0.0,115.8
17287,2009-12-03 12:45:00,2011-11-13 13:27:00,21,3826.86,182.23,United Kingdom,Repeat Customer,26,710,10+ orders (Champions),Active (0-90d),2009-12-01,0.0,69.82
17288,2010-11-10 14:44:00,2011-11-30 16:09:00,11,2468.43,224.4,United Kingdom,Repeat Customer,9,385,10+ orders (Champions),Active (0-90d),2010-11-01,3.0,240.6
17289,2010-03-08 12:52:00,2011-11-08 12:01:00,9,2041.8,226.87,United Kingdom,Repeat Customer,31,609,4-9 orders (Regular),Active (0-90d),2010-03-01,3.0,47.79
17290,2009-12-13 13:28:00,2011-12-06 12:38:00,8,1427.48,178.44,United Kingdom,Repeat Customer,3,722,4-9 orders (Regular),Active (0-90d),2009-12-01,102.0,56.45
17291,2011-02-04 13:04:00,2011-02-04 13:04:00,1,550.8,550.8,United Kingdom,One-Time Customer,308,0,1 order (One-Time),Lapsed (180d+),2011-02-01,,550.8
17292,2010-05-09 14:52:00,2010-08-24 17:14:00,2,271.75,135.88,United Kingdom,Repeat Customer,472,107,2-3 orders (Occasional),Lapsed (180d+),2010-05-01,107.0,141.35
17293,2009-12-03 15:09:00,2011-12-01 14:37:00,17,3750.63,220.63,United Kingdom,Repeat Customer,8,727,10+ orders (Champions),Active (0-90d),2009-12-01,7.0,115.51
17294,2010-02-08 14:21:00,2010-02-08 16:12:00,2,467.79,233.9,United Kingdom,Repeat Customer,669,0,2-3 orders (Occasional),Lapsed (180d+),2010-02-01,0.0,399.59
17295,2011-10-06 12:22:00,2011-11-11 10:49:00,3,547.0,182.33,United Kingdom,Repeat Customer,28,35,2-3 orders (Occasional),Active (0-90d),2011-10-01,35.0,279.36
17296,2009-12-09 14:01:00,2009-12-09 14:01:00,1,338.13,338.13,United Kingdom,One-Time Customer,730,0,1 order (One-Time),Lapsed (180d+),2009-12-01,,338.13
17297,2011-11-22 14:43:00,2011-11-22 14:43:00,1,128.18,128.18,United Kingdom,One-Time Customer,17,0,1 order (One-Time),Active (0-90d),2011-11-01,,128.18
17298,2010-03-08 08:56:00,2011-08-30 16:43:00,5,938.36,187.67,United Kingdom,Repeat Customer,101,540,4-9 orders (Regular),At Risk (91-180d),2010-03-01,148.0,122.02
17299,2010-08-15 16:00:00,2011-11-28 12:01:00,6,993.23,165.54,United Kingdom,Repeat Customer,11,469,4-9 orders (Regular),Active (0-90d),2010-08-01,41.0,217.92
17300,2010-08-15 11:02:00,2010-11-14 10:56:00,2,393.64,196.82,United Kingdom,Repeat Customer,390,90,2-3 orders (Occasional),Lapsed (180d+),2010-08-01,90.0,155.8
17301,2010-03-25 13:16:00,2011-11-18 13:43:00,2,294.39,147.2,United Kingdom,Repeat Customer,21,603,2-3 orders (Occasional),Active (0-90d),2010-03-01,603.0,131.15
17302,2011-02-07 10:14:00,2011-11-25 09:36:00,5,1135.63,227.13,United Kingdom,Repeat Customer,14,290,4-9 orders (Regular),Active (0-90d),2011-02-01,97.0,182.85
17303,2010-12-13 13:32:00,2010-12-13 13:32:00,1,250.04,250.04,United Kingdom,One-Time Customer,361,0,1 order (One-Time),Lapsed (180d+),2010-12-01,,250.04
17304,2010-06-23 16:23:00,2010-06-23 16:23:00,1,111.5,111.5,United Kingdom,One-Time Customer,534,0,1 order (One-Time),Lapsed (180d+),2010-06-01,,111.5
17305,2010-03-01 12:47:00,2010-03-01 12:47:00,1,2135.46,2135.46,United Kingdom,One-Time Customer,648,0,1 order (One-Time),Lapsed (180d+),2010-03-01,,2135.46
17306,2010-11-01 11:38:00,2011-11-29 12:14:00,21,9782.35,465.83,United Kingdom,Repeat Customer,10,393,10+ orders (Champions),Active (0-90d),2010-11-01,10.0,791.04
17307,2010-01-19 16:38:00,2010-11-09 13:40:00,11,3999.89,363.63,United Kingdom,Repeat Customer,395,293,10+ orders (Champions),Lapsed (180d+),2010-01-01,0.0,152.64
17308,2010-09-13 09:35:00,2010-11-11 13:19:00,2,4511.76,2255.88,United Kingdom,Repeat Customer,393,59,2-3 orders (Occasional),Lapsed (180d+),2010-09-01,59.0,3845.04
17309,2010-02-04 15:49:00,2011-09-05 15:20:00,3,320.39,106.8,United Kingdom,Repeat Customer,95,577,2-3 orders (Occasional),At Risk (91-180d),2010-02-01,291.0,209.89
17310,2010-06-23 11:38:00,2010-11-17 16:00:00,2,1025.1,512.55,United Kingdom,Repeat Customer,387,147,2-3 orders (Occasional),Lapsed (180d+),2010-06-01,147.0,765.0
17311,2010-02-03 12:38:00,2011-09-22 14:11:00,6,3566.56,594.43,United Kingdom,Repeat Customer,78,596,4-9 orders (Regular),Active (0-90d),2010-02-01,113.0,509.46
17312,2011-07-03 13:12:00,2011-07-24 11:52:00,3,644.3,214.77,United Kingdom,Repeat Customer,138,20,2-3 orders (Occasional),At Risk (91-180d),2011-07-01,4.0,145.8
17313,2011-11-08 15:45:00,2011-11-08 15:45:00,1,2328.84,2328.84,United Kingdom,One-Time Customer,31,0,1 order (One-Time),Active (0-90d),2011-11-01,,2328.84
17314,2009-12-03 11:25:00,2011-11-15 09:41:00,17,4904.43,288.5,United Kingdom,Repeat Customer,24,711,10+ orders (Champions),Active (0-90d),2009-12-01,59.0,154.2
17315,2010-09-27 12:45:00,2011-12-08 12:15:00,41,9559.5,233.16,United Kingdom,Repeat Customer,1,436,10+ orders (Champions),Active (0-90d),2010-09-01,35.0,752.73
17316,2010-10-15 14:35:00,2010-10-15 14:35:00,1,124.45,124.45,United Kingdom,One-Time Customer,420,0,1 order (One-Time),Lapsed (180d+),2010-10-01,,124.45
17317,2011-09-11 12:45:00,2011-10-24 17:19:00,3,2600.34,866.78,United Kingdom,Repeat Customer,46,43,2-3 orders (Occasional),Active (0-90d),2011-09-01,36.0,2027.94
17318,2009-12-14 13:11:00,2009-12-14 13:11:00,1,157.33,157.33,United Kingdom,One-Time Customer,725,0,1 order (One-Time),Lapsed (180d+),2009-12-01,,157.33
17319,2010-02-08 15:47:00,2010-02-08 15:47:00,1,29.1,29.1,United Kingdom,One-Time Customer,669,0,1 order (One-Time),Lapsed (180d+),2010-02-01,,29.1
17320,2010-01-21 16:29:00,2011-08-31 13:31:00,6,2444.85,407.48,United Kingdom,Repeat Customer,100,586,4-9 orders (Regular),At Risk (91-180d),2010-01-01,178.0,323.66
17321,2010-05-11 12:10:00,2011-12-01 13:41:00,6,1665.21,277.54,United Kingdom,Repeat Customer,8,569,4-9 orders (Regular),Active (0-90d),2010-05-01,22.0,411.51
17322,2009-12-03 11:46:00,2010-11-28 14:41:00,5,922.59,184.52,United Kingdom,Repeat Customer,376,360,4-9 orders (Regular),Lapsed (180d+),2009-12-01,321.0,114.55
17323,2010-01-10 11:58:00,2011-11-24 17:29:00,12,1547.64,128.97,United Kingdom,Repeat Customer,15,683,10+ orders (Champions),Active (0-90d),2010-01-01,46.0,147.6
17324,2009-12-18 15:29:00,2011-11-22 10:34:00,12,2171.07,180.92,United Kingdom,Repeat Customer,17,703,10+ orders (Champions),Active (0-90d),2009-12-01,72.0,101.04
17325,2010-03-08 11:31:00,2011-03-04 13:09:00,3,609.57,203.19,United Kingdom,Repeat Customer,280,361,2-3 orders (Occasional),Lapsed (180d+),2010-03-01,230.0,101.9
17326,2010-06-28 14:05:00,2010-10-27 15:38:00,2,312.35,156.18,United Kingdom,Repeat Customer,408,121,2-3 orders (Occasional),Lapsed (180d+),2010-06-01,121.0,164.7
17327,2010-05-26 11:20:00,2010-10-26 09:54:00,2,152.35,76.18,United Kingdom,Repeat Customer,409,152,2-3 orders (Occasional),Lapsed (180d+),2010-05-01,152.0,4.25
17328,2010-02-04 17:11:00,2010-02-04 17:11:00,1,104.7,104.7,United Kingdom,One-Time Customer,673,0,1 order (One-Time),Lapsed (180d+),2010-02-01,,104.7
17329,2009-12-03 16:09:00,2011-11-25 14:24:00,5,998.53,199.71,United Kingdom,Repeat Customer,14,721,4-9 orders (Regular),Active (0-90d),2009-12-01,5.0,273.52
17330,2010-03-02 09:20:00,2011-11-17 08:56:00,4,423.8,105.95,United Kingdom,Repeat Customer,22,624,4-9 orders (Regular),Active (0-90d),2010-03-01,103.0,49.95
17331,2011-08-08 11:55:00,2011-08-08 11:55:00,1,175.2,175.2,United Kingdom,One-Time Customer,123,0,1 order (One-Time),At Risk (91-180d),2011-08-01,,175.2
17332,2010-02-21 14:41:00,2010-06-29 16:10:00,5,827.77,165.55,United Kingdom,Repeat Customer,528,128,4-9 orders (Regular),Lapsed (180d+),2010-02-01,20.0,268.86
17333,2011-09-15 10:11:00,2011-09-15 10:11:00,1,494.25,494.25,United Kingdom,One-Time Customer,85,0,1 order (One-Time),Active (0-90d),2011-09-01,,494.25
17334,2010-10-29 12:16:00,2011-02-10 14:59:00,3,635.15,211.72,United Kingdom,Repeat Customer,302,104,2-3 orders (Occasional),Lapsed (180d+),2010-10-01,97.0,328.13
17335,2010-01-24 11:15:00,2010-11-21 10:17:00,2,497.04,248.52,United Kingdom,Repeat Customer,383,300,2-3 orders (Occasional),Lapsed (180d+),2010-01-01,300.0,143.81
17336,2010-08-24 15:37:00,2010-08-24 15:37:00,1,81.12,81.12,United Kingdom,One-Time Customer,472,0,1 order (One-Time),Lapsed (180d+),2010-08-01,,81.12
17337,2011-02-02 17:06:00,2011-07-11 14:55:00,4,1979.61,494.9,United Kingdom,Repeat Customer,151,158,4-9 orders (Regular),At Risk (91-180d),2011-02-01,59.0,989.38
17338,2010-03-10 16:09:00,2011-11-22 14:23:00,17,11880.54,698.86,United Kingdom,Repeat Customer,17,621,10+ orders (Champions),Active (0-90d),2010-03-01,74.0,267.21
17339,2010-07-18 13:08:00,2011-09-06 13:29:00,3,302.36,100.79,United Kingdom,Repeat Customer,94,415,2-3 orders (Occasional),At Risk (91-180d),2010-07-01,144.0,59.0
17340,2010-02-14 14:54:00,2011-11-10 10:45:00,18,19617.95,1089.89,United Kingdom,Repeat Customer,29,633,10+ orders (Champions),Active (0-90d),2010-02-01,35.0,842.84
17341,2010-06-17 18:17:00,2011-07-06 12:33:00,5,1272.21,254.44,United Kingdom,Repeat Customer,156,383,4-9 orders (Regular),At Risk (91-180d),2010-06-01,0.0,518.55
17342,2010-02-08 09:16:00,2010-11-25 11:07:00,4,1227.54,306.88,United Kingdom,Repeat Customer,379,290,4-9 orders (Regular),Lapsed (180d+),2010-02-01,8.0,312.59
17343,2009-12-03 18:30:00,2010-12-19 15:07:00,6,1259.94,209.99,United Kingdom,Repeat Customer,355,380,4-9 orders (Regular),Lapsed (180d+),2009-12-01,45.0,197.3
17344,2009-12-11 12:31:00,2011-10-24 12:56:00,2,457.36,228.68,United Kingdom,Repeat Customer,46,682,2-3 orders (Occasional),Active (0-90d),2009-12-01,682.0,299.74
17345,2009-12-01 16:17:00,2011-11-24 15:02:00,10,1586.63,158.66,United Kingdom,Repeat Customer,15,722,10+ orders (Champions),Active (0-90d),2009-12-01,154.0,329.91
17346,2010-04-18 12:18:00,2011-12-06 12:18:00,26,4991.41,191.98,United Kingdom,Repeat Customer,3,597,10+ orders (Champions),Active (0-90d),2010-04-01,10.0,172.33
17347,2011-09-14 13:12:00,2011-09-14 13:12:00,1,228.96,228.96,United Kingdom,One-Time Customer,86,0,1 order (One-Time),Active (0-90d),2011-09-01,,228.96
17348,2010-03-10 12:13:00,2011-11-25 11:25:00,9,2430.99,270.11,United Kingdom,Repeat Customer,14,624,4-9 orders (Regular),Active (0-90d),2010-03-01,47.0,406.96
17349,2010-03-18 14:26:00,2011-06-13 14:29:00,5,772.41,154.48,United Kingdom,Repeat Customer,179,452,4-9 orders (Regular),At Risk (91-180d),2010-03-01,91.0,136.1
17350,2010-02-01 15:38:00,2011-12-01 15:47:00,7,1893.7,270.53,United Kingdom,Repeat Customer,8,668,4-9 orders (Regular),Active (0-90d),2010-02-01,128.0,342.25
17351,2009-12-10 18:43:00,2011-11-03 18:45:00,12,1964.38,163.7,United Kingdom,Repeat Customer,36,693,10+ orders (Champions),Active (0-90d),2009-12-01,40.0,133.75
17352,2010-01-12 16:13:00,2010-01-12 16:13:00,1,36.25,36.25,United Kingdom,One-Time Customer,696,0,1 order (One-Time),Lapsed (180d+),2010-01-01,,36.25
17353,2010-03-25 12:52:00,2011-08-02 17:19:00,4,3242.0,810.5,United Kingdom,Repeat Customer,129,495,4-9 orders (Regular),At Risk (91-180d),2010-03-01,132.0,342.0
17354,2010-10-07 13:22:00,2011-10-20 10:34:00,4,3133.96,783.49,United Kingdom,Repeat Customer,50,377,4-9 orders (Regular),Active (0-90d),2010-10-01,0.0,1256.16
17355,2010-11-18 13:18:00,2010-11-18 13:18:00,1,273.31,273.31,United Kingdom,One-Time Customer,386,0,1 order (One-Time),Lapsed (180d+),2010-11-01,,273.31
17356,2010-01-20 12:14:00,2011-02-01 11:07:00,5,946.47,189.29,United Kingdom,Repeat Customer,311,376,4-9 orders (Regular),Lapsed (180d+),2010-01-01,56.0,301.58
17357,2011-11-15 16:29:00,2011-11-15 16:30:00,2,384.39,192.2,United Kingdom,Repeat Customer,24,0,2-3 orders (Occasional),Active (0-90d),2011-11-01,0.0,378.49
17358,2010-02-24 16:42:00,2011-02-09 16:57:00,5,861.01,172.2,United Kingdom,Repeat Customer,303,350,4-9 orders (Regular),Lapsed (180d+),2010-02-01,241.0,117.22
17359,2010-03-01 14:48:00,2011-11-28 14:37:00,2,284.46,142.23,United Kingdom,Repeat Customer,11,636,2-3 orders (Occasional),Active (0-90d),2010-03-01,636.0,156.6
17360,2010-10-01 12:07:00,2011-11-22 13:11:00,6,1200.51,200.08,United Kingdom,Repeat Customer,17,417,4-9 orders (Regular),Active (0-90d),2010-10-01,48.0,234.93
17361,2010-02-01 14:30:00,2011-10-21 15:43:00,5,871.79,174.36,United Kingdom,Repeat Customer,49,627,4-9 orders (Regular),Active (0-90d),2010-02-01,0.0,355.44
17362,2010-01-06 10:53:00,2011-04-14 14:43:00,7,1024.04,146.29,United Kingdom,Repeat Customer,239,463,4-9 orders (Regular),Lapsed (180d+),2010-01-01,26.0,151.1
17363,2010-11-02 17:25:00,2010-11-09 17:11:00,3,920.46,306.82,United Kingdom,Repeat Customer,395,6,2-3 orders (Occasional),Lapsed (180d+),2010-11-01,0.0,714.32
17364,2009-12-07 15:28:00,2011-12-09 09:00:00,27,11614.45,430.16,United Kingdom,Repeat Customer,0,731,10+ orders (Champions),Active (0-90d),2009-12-01,7.0,449.95
17365,2010-02-01 11:56:00,2011-11-27 12:13:00,15,8179.45,545.3,United Kingdom,Repeat Customer,12,664,10+ orders (Champions),Active (0-90d),2010-02-01,33.0,452.9
17366,2010-09-09 19:46:00,2010-10-03 16:04:00,2,1077.24,538.62,United Kingdom,Repeat Customer,432,23,2-3 orders (Occasional),Lapsed (180d+),2010-09-01,23.0,483.49
17367,2011-04-15 14:21:00,2011-04-15 14:21:00,1,167.55,167.55,United Kingdom,One-Time Customer,238,0,1 order (One-Time),Lapsed (180d+),2011-04-01,,167.55
17368,2009-12-15 17:45:00,2011-11-16 15:26:00,14,2758.29,197.02,United Kingdom,Repeat Customer,23,700,10+ orders (Champions),Active (0-90d),2009-12-01,180.0,191.72
17369,2010-09-10 09:49:00,2010-09-10 09:49:00,1,979.2,979.2,United Kingdom,One-Time Customer,455,0,1 order (One-Time),Lapsed (180d+),2010-09-01,,979.2
17370,2011-06-23 11:50:00,2011-09-28 10:14:00,4,446.18,111.54,United Kingdom,Repeat Customer,72,96,4-9 orders (Regular),Active (0-90d),2011-06-01,77.0,110.7
17371,2009-12-08 12:25:00,2011-11-22 13:30:00,6,651.37,108.56,United Kingdom,Repeat Customer,17,714,4-9 orders (Regular),Active (0-90d),2009-12-01,0.0,134.04
17372,2009-12-03 18:41:00,2011-10-30 11:37:00,27,4316.46,159.87,United Kingdom,Repeat Customer,40,695,10+ orders (Champions),Active (0-90d),2009-12-01,14.0,151.65
17373,2010-02-28 14:17:00,2011-10-30 15:28:00,7,1167.5,166.79,United Kingdom,Repeat Customer,40,609,4-9 orders (Regular),Active (0-90d),2010-02-01,206.0,163.7
17374,2010-11-09 17:14:00,2011-05-05 09:05:00,3,727.11,242.37,United Kingdom,Repeat Customer,218,176,2-3 orders (Occasional),Lapsed (180d+),2010-11-01,113.0,231.34
17375,2010-10-04 09:14:00,2011-05-24 15:45:00,4,660.55,165.14,United Kingdom,Repeat Customer,199,232,4-9 orders (Regular),Lapsed (180d+),2010-10-01,70.0,260.45
17376,2010-07-05 11:11:00,2011-09-30 12:36:00,4,453.64,113.41,United Kingdom,Repeat Customer,70,452,4-9 orders (Regular),Active (0-90d),2010-07-01,117.0,141.25
17377,2009-12-02 12:39:00,2011-11-16 11:17:00,78,17639.23,226.14,United Kingdom,Repeat Customer,23,713,10+ orders (Champions),Active (0-90d),2009-12-01,0.0,454.35
17378,2010-11-30 18:46:00,2010-11-30 18:46:00,1,10.95,10.95,United Kingdom,One-Time Customer,374,0,1 order (One-Time),Lapsed (180d+),2010-11-01,,10.95
17379,2011-11-28 13:56:00,2011-11-28 13:56:00,1,389.72,389.72,United Kingdom,One-Time Customer,11,0,1 order (One-Time),Active (0-90d),2011-11-01,,389.72
17380,2010-06-23 11:24:00,2010-10-01 16:42:00,3,645.0,215.0,United Kingdom,Repeat Customer,434,100,2-3 orders (Occasional),Lapsed (180d+),2010-06-01,33.0,343.2
17381,2010-06-09 12:55:00,2011-12-01 11:59:00,38,36398.65,957.86,United Kingdom,Repeat Customer,8,539,10+ orders (Champions),Active (0-90d),2010-06-01,27.0,8141.14
17382,2010-05-19 11:33:00,2011-10-05 13:05:00,8,902.28,112.78,United Kingdom,Repeat Customer,65,504,4-9 orders (Regular),Active (0-90d),2010-05-01,0.0,120.6
17383,2010-09-12 14:54:00,2011-12-05 17:36:00,2,304.09,152.05,United Kingdom,Repeat Customer,4,449,2-3 orders (Occasional),Active (0-90d),2010-09-01,449.0,110.7
17384,2010-08-29 16:01:00,2011-11-20 15:48:00,3,507.55,169.18,United Kingdom,Repeat Customer,19,447,2-3 orders (Occasional),Active (0-90d),2010-08-01,248.0,171.15
17385,2011-11-25 11:02:00,2011-11-25 11:02:00,1,256.11,256.11,United Kingdom,One-Time Customer,14,0,1 order (One-Time),Active (0-90d),2011-11-01,,256.11
17386,2010-11-19 13:40:00,2011-12-02 11:28:00,7,2812.77,401.82,United Kingdom,Repeat Customer,7,377,4-9 orders (Regular),Active (0-90d),2010-11-01,219.0,126.35
17387,2011-11-06 11:25:00,2011-11-20 11:00:00,2,746.81,373.4,United Kingdom,Repeat Customer,19,13,2-3 orders (Occasional),Active (0-90d),2011-11-01,13.0,309.14
17388,2009-12-10 11:45:00,2011-09-23 10:31:00,11,2675.37,243.22,United Kingdom,Repeat Customer,77,651,10+ orders (Champions),Active (0-90d),2009-12-01,151.0,228.96
17389,2009-12-04 12:06:00,2011-12-09 09:38:00,61,57215.33,937.96,United Kingdom,Repeat Customer,0,734,10+ orders (Champions),Active (0-90d),2009-12-01,109.0,908.04
17390,2010-10-15 11:29:00,2010-10-15 11:29:00,1,149.3,149.3,United Kingdom,One-Time Customer,420,0,1 order (One-Time),Lapsed (180d+),2010-10-01,,149.3
17391,2011-06-28 12:21:00,2011-06-29 09:58:00,2,508.8,254.4,United Kingdom,Repeat Customer,163,0,2-3 orders (Occasional),At Risk (91-180d),2011-06-01,0.0,407.04
17392,2010-09-15 16:17:00,2011-02-06 12:48:00,3,579.92,193.31,United Kingdom,Repeat Customer,306,143,2-3 orders (Occasional),Lapsed (180d+),2010-09-01,92.0,168.65
17393,2010-08-08 15:53:00,2010-10-25 11:10:00,2,381.15,190.58,United Kingdom,Repeat Customer,410,77,2-3 orders (Occasional),Lapsed (180d+),2010-08-01,77.0,194.6
17394,2011-05-04 13:22:00,2011-05-04 13:22:00,1,203.87,203.87,United Kingdom,One-Time Customer,219,0,1 order (One-Time),Lapsed (180d+),2011-05-01,,203.87
17395,2010-07-19 15:34:00,2010-07-19 15:34:00,1,97.5,97.5,United Kingdom,One-Time Customer,508,0,1 order (One-Time),Lapsed (180d+),2010-07-01,,97.5
17396,2010-09-24 13:04:00,2011-10-31 14:12:00,13,8391.6,645.51,United Kingdom,Repeat Customer,39,402,10+ orders (Champions),Active (0-90d),2010-09-01,23.0,263.4
17397,2010-10-19 13:20:00,2011-11-17 14:08:00,3,1198.28,399.43,United Kingdom,Repeat Customer,22,394,2-3 orders (Occasional),Active (0-90d),2010-10-01,394.0,516.87
17398,2011-03-29 13:04:00,2011-08-17 09:48:00,3,653.38,217.79,United Kingdom,Repeat Customer,114,140,2-3 orders (Occasional),At Risk (91-180d),2011-03-01,44.0,305.68
17400,2009-12-17 15:41:00,2011-08-05 15:38:00,8,4623.28,577.91,United Kingdom,Repeat Customer,126,595,4-9 orders (Regular),At Risk (91-180d),2009-12-01,64.0,799.3
17401,2010-06-16 16:54:00,2010-06-16 16:54:00,1,114.85,114.85,United Kingdom,One-Time Customer,541,0,1 order (One-Time),Lapsed (180d+),2010-06-01,,114.85
17402,2009-12-16 17:40:00,2011-12-05 10:15:00,22,4600.56,209.12,United Kingdom,Repeat Customer,4,718,10+ orders (Champions),Active (0-90d),2009-12-01,0.0,125.95
17403,2010-09-15 12:29:00,2011-11-03 15:18:00,2,382.87,191.44,United Kingdom,Repeat Customer,36,414,2-3 orders (Occasional),Active (0-90d),2010-09-01,414.0,118.95
17404,2010-01-07 11:31:00,2011-12-05 16:26:00,21,47638.12,2268.48,Sweden,Repeat Customer,4,697,10+ orders (Champions),Active (0-90d),2010-01-01,12.0,8.05
17405,2011-07-12 14:17:00,2011-12-08 17:12:00,3,1031.41,343.8,United Kingdom,Repeat Customer,1,149,2-3 orders (Occasional),Active (0-90d),2011-07-01,77.0,393.31
17406,2009-12-06 13:45:00,2011-01-10 15:07:00,13,4186.95,322.07,United Kingdom,Repeat Customer,333,400,10+ orders (Champions),Lapsed (180d+),2009-12-01,59.0,406.7
17407,2010-10-24 11:57:00,2010-10-24 11:57:00,1,552.9,552.9,United Kingdom,One-Time Customer,411,0,1 order (One-Time),Lapsed (180d+),2010-10-01,,552.9
17408,2010-07-13 14:02:00,2011-06-29 12:53:00,3,316.09,105.36,United Kingdom,Repeat Customer,163,350,2-3 orders (Occasional),At Risk (91-180d),2010-07-01,13.0,270.69
17409,2009-12-11 12:17:00,2011-06-08 10:36:00,10,7793.51,779.35,United Kingdom,Repeat Customer,184,543,10+ orders (Champions),Lapsed (180d+),2009-12-01,41.0,899.64
17410,2011-05-08 15:21:00,2011-11-23 15:46:00,5,1214.72,242.94,United Kingdom,Repeat Customer,16,199,4-9 orders (Regular),Active (0-90d),2011-05-01,119.0,302.4
17411,2009-12-03 12:02:00,2011-11-27 14:25:00,5,1425.38,285.08,United Kingdom,Repeat Customer,12,724,4-9 orders (Regular),Active (0-90d),2009-12-01,349.0,344.4
17412,2009-12-02 13:51:00,2011-12-07 11:36:00,16,4220.22,263.76,United Kingdom,Repeat Customer,2,734,10+ orders (Champions),Active (0-90d),2009-12-01,8.0,445.7
17413,2010-05-19 11:11:00,2010-10-31 12:33:00,2,560.14,280.07,United Kingdom,Repeat Customer,404,165,2-3 orders (Occasional),Lapsed (180d+),2010-05-01,165.0,219.84
17414,2009-12-03 16:49:00,2011-10-27 12:13:00,6,2249.52,374.92,United Kingdom,Repeat Customer,43,692,4-9 orders (Regular),Active (0-90d),2009-12-01,161.0,239.68
17415,2011-09-21 12:50:00,2011-09-21 12:50:00,1,507.84,507.84,United Kingdom,One-Time Customer,79,0,1 order (One-Time),Active (0-90d),2011-09-01,,507.84
17416,2009-12-14 16:29:00,2011-11-10 12:47:00,22,17298.45,786.29,United Kingdom,Repeat Customer,29,695,10+ orders (Champions),Active (0-90d),2009-12-01,112.0,659.4
17417,2010-06-09 10:00:00,2010-06-09 10:00:00,1,164.18,164.18,United Kingdom,One-Time Customer,548,0,1 order (One-Time),Lapsed (180d+),2010-06-01,,164.18
17418,2010-11-17 13:42:00,2011-10-28 13:00:00,3,670.06,223.35,United Kingdom,Repeat Customer,42,344,2-3 orders (Occasional),Active (0-90d),2010-11-01,63.0,206.6
17419,2010-01-25 13:19:00,2011-11-28 13:47:00,18,6126.25,340.35,United Kingdom,Repeat Customer,11,672,10+ orders (Champions),Active (0-90d),2010-01-01,62.0,215.7
17420,2010-11-03 13:09:00,2011-10-20 14:52:00,6,953.58,158.93,United Kingdom,Repeat Customer,50,351,4-9 orders (Regular),Active (0-90d),2010-11-01,0.0,118.5
17421,2009-12-04 15:43:00,2010-11-18 16:57:00,3,1059.41,353.14,United Kingdom,Repeat Customer,386,349,2-3 orders (Occasional),Lapsed (180d+),2009-12-01,305.0,130.8
17422,2010-06-23 10:19:00,2011-11-23 13:27:00,11,3594.76,326.8,United Kingdom,Repeat Customer,16,518,10+ orders (Champions),Active (0-90d),2010-06-01,40.0,307.24
17423,2010-11-11 12:26:00,2011-10-24 13:36:00,3,1118.95,372.98,United Kingdom,Repeat Customer,46,347,2-3 orders (Occasional),Active (0-90d),2010-11-01,175.0,420.54
17425,2011-10-10 11:37:00,2011-11-20 15:30:00,2,759.17,379.58,United Kingdom,Repeat Customer,19,41,2-3 orders (Occasional),Active (0-90d),2011-10-01,41.0,688.97
17426,2010-02-17 13:39:00,2011-12-01 18:07:00,13,8077.77,621.37,United Kingdom,Repeat Customer,8,652,10+ orders (Champions),Active (0-90d),2010-02-01,49.0,521.96
17427,2011-09-29 11:29:00,2011-09-29 11:29:00,1,100.8,100.8,United Kingdom,One-Time Customer,71,0,1 order (One-Time),Active (0-90d),2011-09-01,,100.8
17428,2009-12-01 17:28:00,2011-12-09 09:45:00,45,31466.76,699.26,United Kingdom,Repeat Customer,0,737,10+ orders (Champions),Active (0-90d),2009-12-01,0.0,1237.3
17429,2010-10-06 12:30:00,2011-08-03 13:22:00,5,1357.46,271.49,United Kingdom,Repeat Customer,128,301,4-9 orders (Regular),At Risk (91-180d),2010-10-01,33.0,529.0
17430,2010-08-17 11:52:00,2011-11-07 09:24:00,4,622.57,155.64,United Kingdom,Repeat Customer,32,446,4-9 orders (Regular),Active (0-90d),2010-08-01,92.0,210.8
17431,2011-01-30 14:36:00,2011-01-30 14:36:00,1,403.3,403.3,United Kingdom,One-Time Customer,313,0,1 order (One-Time),Lapsed (180d+),2011-01-01,,403.3
17432,2009-12-03 19:13:00,2011-11-21 17:33:00,9,1728.99,192.11,United Kingdom,Repeat Customer,18,717,4-9 orders (Regular),Active (0-90d),2009-12-01,108.0,159.95
17433,2010-11-19 13:37:00,2011-09-12 14:24:00,2,569.96,284.98,United Kingdom,Repeat Customer,88,297,2-3 orders (Occasional),Active (0-90d),2010-11-01,297.0,266.8
17434,2011-09-15 13:54:00,2011-12-07 13:16:00,7,2373.82,339.12,United Kingdom,Repeat Customer,2,82,4-9 orders (Regular),Active (0-90d),2011-09-01,34.0,499.56
17435,2010-10-24 13:55:00,2010-10-24 13:55:00,1,331.35,331.35,United Kingdom,One-Time Customer,411,0,1 order (One-Time),Lapsed (180d+),2010-10-01,,331.35
17436,2009-12-07 12:31:00,2011-12-08 12:30:00,5,534.06,106.81,United Kingdom,Repeat Customer,1,730,4-9 orders (Regular),Active (0-90d),2009-12-01,138.0,76.5
17437,2010-06-28 11:11:00,2010-06-28 11:11:00,1,369.68,369.68,United Kingdom,One-Time Customer,529,0,1 order (One-Time),Lapsed (180d+),2010-06-01,,369.68
17438,2010-03-08 16:53:00,2011-03-31 10:26:00,5,1422.77,284.55,United Kingdom,Repeat Customer,253,387,4-9 orders (Regular),Lapsed (180d+),2010-03-01,87.0,263.73
17439,2010-02-22 12:48:00,2010-02-22 12:48:00,1,325.74,325.74,United Kingdom,One-Time Customer,655,0,1 order (One-Time),Lapsed (180d+),2010-02-01,,325.74
17440,2010-06-08 14:40:00,2011-07-06 11:54:00,4,323.58,80.9,United Kingdom,Repeat Customer,156,392,4-9 orders (Regular),At Risk (91-180d),2010-06-01,301.0,137.16
17441,2009-12-07 13:32:00,2009-12-07 13:32:00,1,293.35,293.35,United Kingdom,One-Time Customer,732,0,1 order (One-Time),Lapsed (180d+),2009-12-01,,293.35
17442,2010-02-15 15:54:00,2011-11-03 09:17:00,15,4620.3,308.02,United Kingdom,Repeat Customer,36,625,10+ orders (Champions),Active (0-90d),2010-02-01,90.0,517.57
17443,2011-05-04 10:47:00,2011-05-04 10:47:00,1,534.24,534.24,Canada,One-Time Customer,219,0,1 order (One-Time),Lapsed (180d+),2011-05-01,,534.24
17444,2011-06-20 09:04:00,2011-07-11 10:33:00,2,2389.1,1194.55,Canada,Repeat Customer,151,21,2-3 orders (Occasional),At Risk (91-180d),2011-06-01,21.0,1171.46
17446,2011-02-02 14:40:00,2011-06-16 10:42:00,2,120.9,60.45,United Kingdom,Repeat Customer,176,133,2-3 orders (Occasional),At Risk (91-180d),2011-02-01,133.0,68.1
17447,2011-09-29 10:10:00,2011-10-30 14:18:00,2,541.53,270.76,United Kingdom,Repeat Customer,40,31,2-3 orders (Occasional),Active (0-90d),2011-09-01,31.0,372.48
17448,2010-03-04 17:29:00,2010-06-28 13:58:00,41,14448.67,352.41,United Kingdom,Repeat Customer,529,115,10+ orders (Champions),Lapsed (180d+),2010-03-01,2.0,431.59
17449,2009-12-09 14:16:00,2011-12-07 16:56:00,13,4865.15,374.24,United Kingdom,Repeat Customer,2,728,10+ orders (Champions),Active (0-90d),2009-12-01,88.0,283.88
17450,2010-09-27 16:59:00,2011-12-01 13:29:00,51,244784.25,4799.69,United Kingdom,Repeat Customer,8,429,10+ orders (Champions),Active (0-90d),2010-09-01,0.0,33167.8
17451,2011-08-26 11:54:00,2011-12-08 15:02:00,7,1721.4,245.91,United Kingdom,Repeat Customer,1,104,4-9 orders (Regular),Active (0-90d),2011-08-01,23.0,346.01
17453,2011-10-06 17:02:00,2011-11-22 09:42:00,2,486.72,243.36,United Kingdom,Repeat Customer,17,46,2-3 orders (Occasional),Active (0-90d),2011-10-01,46.0,342.0
17454,2010-01-15 15:40:00,2011-05-31 13:58:00,10,1547.94,154.79,United Kingdom,Repeat Customer,192,500,10+ orders (Champions),Lapsed (180d+),2010-01-01,51.0,158.9
17455,2011-05-20 12:31:00,2011-05-20 12:31:00,1,131.7,131.7,United Kingdom,One-Time Customer,203,0,1 order (One-Time),Lapsed (180d+),2011-05-01,,131.7
17456,2010-09-09 15:28:00,2010-12-09 15:23:00,2,975.56,487.78,United Kingdom,Repeat Customer,365,90,2-3 orders (Occasional),Lapsed (180d+),2010-09-01,90.0,725.7
17457,2009-12-07 14:52:00,2011-08-05 12:48:00,14,5984.81,427.49,United Kingdom,Repeat Customer,126,605,10+ orders (Champions),At Risk (91-180d),2009-12-01,31.0,355.38
17458,2010-11-23 11:43:00,2011-11-24 13:01:00,2,529.58,264.79,United Kingdom,Repeat Customer,15,366,2-3 orders (Occasional),Active (0-90d),2010-11-01,366.0,213.08
17459,2011-10-10 17:00:00,2011-10-27 13:25:00,2,657.3,328.65,United Kingdom,Repeat Customer,43,16,2-3 orders (Occasional),Active (0-90d),2011-10-01,16.0,300.39
17460,2010-01-22 13:25:00,2011-09-06 15:04:00,16,2157.97,134.87,United Kingdom,Repeat Customer,94,592,10+ orders (Champions),At Risk (91-180d),2010-01-01,33.0,238.78
17461,2011-11-10 12:01:00,2011-11-17 10:21:00,3,735.82,245.27,United Kingdom,Repeat Customer,22,6,2-3 orders (Occasional),Active (0-90d),2011-11-01,6.0,382.56
17462,2011-02-28 17:01:00,2011-10-10 13:56:00,2,675.69,337.84,United Kingdom,Repeat Customer,60,223,2-3 orders (Occasional),Active (0-90d),2011-02-01,223.0,463.41
17463,2010-04-29 17:57:00,2011-11-23 13:40:00,7,2535.26,362.18,United Kingdom,Repeat Customer,16,572,4-9 orders (Regular),Active (0-90d),2010-04-01,28.0,447.5
17464,2010-03-30 13:15:00,2011-07-04 13:19:00,3,907.14,302.38,United Kingdom,Repeat Customer,158,461,2-3 orders (Occasional),At Risk (91-180d),2010-03-01,97.0,248.09
17465,2009-12-03 13:25:00,2010-10-10 11:56:00,7,2542.79,363.26,United Kingdom,Repeat Customer,425,310,4-9 orders (Regular),Lapsed (180d+),2009-12-01,0.0,360.52
17466,2011-09-22 09:16:00,2011-11-29 13:15:00,2,763.28,381.64,United Kingdom,Repeat Customer,10,68,2-3 orders (Occasional),Active (0-90d),2011-09-01,68.0,460.41
17467,2010-11-09 12:58:00,2010-11-09 12:58:00,1,102.6,102.6,United Kingdom,One-Time Customer,395,0,1 order (One-Time),Lapsed (180d+),2010-11-01,,102.6
17468,2010-11-29 17:25:00,2011-11-29 15:33:00,3,194.8,64.93,United Kingdom,Repeat Customer,10,364,2-3 orders (Occasional),Active (0-90d),2010-11-01,360.0,57.8
17469,2009-12-16 15:06:00,2011-11-23 13:15:00,17,5051.25,297.13,United Kingdom,Repeat Customer,16,706,10+ orders (Champions),Active (0-90d),2009-12-01,28.0,338.31
17470,2010-07-19 16:16:00,2011-10-26 12:42:00,11,2626.47,238.77,United Kingdom,Repeat Customer,44,463,10+ orders (Champions),Active (0-90d),2010-07-01,8.0,316.96
17471,2010-08-22 11:53:00,2010-08-22 11:53:00,1,321.65,321.65,United Kingdom,One-Time Customer,474,0,1 order (One-Time),Lapsed (180d+),2010-08-01,,321.65
17472,2010-03-21 13:27:00,2011-06-01 14:57:00,4,922.35,230.59,United Kingdom,Repeat Customer,191,437,4-9 orders (Regular),Lapsed (180d+),2010-03-01,329.0,224.81
17473,2010-09-09 19:03:00,2010-10-27 11:45:00,2,607.0,303.5,United Kingdom,Repeat Customer,408,47,2-3 orders (Occasional),Lapsed (180d+),2010-09-01,47.0,298.1
17474,2010-04-19 10:43:00,2010-04-19 10:43:00,1,1047.0,1047.0,United Kingdom,One-Time Customer,599,0,1 order (One-Time),Lapsed (180d+),2010-04-01,,1047.0
17475,2011-09-21 14:55:00,2011-09-21 14:55:00,1,194.37,194.37,United Kingdom,One-Time Customer,79,0,1 order (One-Time),Active (0-90d),2011-09-01,,194.37
17476,2009-12-02 12:09:00,2010-11-09 10:21:00,2,489.86,244.93,United Kingdom,Repeat Customer,395,341,2-3 orders (Occasional),Lapsed (180d+),2009-12-01,341.0,260.36
17477,2010-03-02 11:53:00,2010-04-06 10:06:00,2,1144.3,572.15,United Kingdom,Repeat Customer,612,34,2-3 orders (Occasional),Lapsed (180d+),2010-03-01,34.0,731.72
17478,2010-03-16 14:19:00,2010-10-27 15:01:00,2,1272.8,636.4,United Kingdom,Repeat Customer,408,225,2-3 orders (Occasional),Lapsed (180d+),2010-03-01,225.0,706.2
17479,2010-03-17 09:26:00,2010-03-17 09:26:00,1,389.26,389.26,United Kingdom,One-Time Customer,632,0,1 order (One-Time),Lapsed (180d+),2010-03-01,,389.26
17480,2010-09-21 12:31:00,2011-09-23 11:39:00,2,882.23,441.12,United Kingdom,Repeat Customer,77,366,2-3 orders (Occasional),Active (0-90d),2010-09-01,366.0,370.41
17481,2011-09-07 09:57:00,2011-12-06 12:28:00,4,1255.59,313.9,United Kingdom,Repeat Customer,3,90,4-9 orders (Regular),Active (0-90d),2011-09-01,57.0,260.63
17482,2010-05-10 14:10:00,2010-08-09 15:33:00,2,775.64,387.82,United Kingdom,Repeat Customer,487,91,2-3 orders (Occasional),Lapsed (180d+),2010-05-01,91.0,250.29
17483,2010-10-21 12:43:00,2011-10-05 13:10:00,4,591.73,147.93,United Kingdom,Repeat Customer,65,349,4-9 orders (Regular),Active (0-90d),2010-10-01,231.0,177.69
17484,2010-03-25 16:17:00,2010-05-12 15:41:00,2,209.57,104.78,United Kingdom,Repeat Customer,576,47,2-3 orders (Occasional),Lapsed (180d+),2010-03-01,47.0,133.85
17486,2011-03-23 14:00:00,2011-03-23 14:00:00,1,396.87,396.87,United Kingdom,One-Time Customer,261,0,1 order (One-Time),Lapsed (180d+),2011-03-01,,396.87
17487,2009-12-11 15:06:00,2009-12-11 15:06:00,1,160.55,160.55,United Kingdom,One-Time Customer,728,0,1 order (One-Time),Lapsed (180d+),2009-12-01,,160.55
17488,2010-03-08 14:07:00,2010-03-08 14:07:00,1,336.5,336.5,United Kingdom,One-Time Customer,641,0,1 order (One-Time),Lapsed (180d+),2010-03-01,,336.5
17489,2011-05-11 11:34:00,2011-10-12 08:56:00,2,376.64,188.32,United Kingdom,Repeat Customer,58,153,2-3 orders (Occasional),Active (0-90d),2011-05-01,153.0,208.56
17490,2010-05-19 12:40:00,2011-12-09 09:08:00,9,2750.5,305.61,United Kingdom,Repeat Customer,0,568,4-9 orders (Regular),Active (0-90d),2010-05-01,181.0,353.14
17491,2010-04-28 11:57:00,2011-12-08 16:18:00,17,5653.67,332.57,United Kingdom,Repeat Customer,1,589,10+ orders (Champions),Active (0-90d),2010-04-01,43.0,412.5
17492,2010-07-09 13:27:00,2011-04-05 15:21:00,3,1122.42,374.14,United Kingdom,Repeat Customer,248,270,2-3 orders (Occasional),Lapsed (180d+),2010-07-01,40.0,354.6
17493,2010-11-19 16:57:00,2010-11-19 16:57:00,1,100.91,100.91,United Kingdom,One-Time Customer,385,0,1 order (One-Time),Lapsed (180d+),2010-11-01,,100.91
17494,2010-07-26 10:06:00,2010-07-26 10:06:00,1,54.7,54.7,United Kingdom,One-Time Customer,501,0,1 order (One-Time),Lapsed (180d+),2010-07-01,,54.7
17495,2010-11-14 11:50:00,2011-12-02 12:08:00,3,806.72,268.91,United Kingdom,Repeat Customer,7,383,2-3 orders (Occasional),Active (0-90d),2010-11-01,352.0,309.16
17496,2010-01-14 13:36:00,2010-12-16 08:39:00,4,1412.89,353.22,United Kingdom,Repeat Customer,358,335,4-9 orders (Regular),Lapsed (180d+),2010-01-01,67.0,354.66
17497,2010-04-08 08:01:00,2010-11-14 14:17:00,2,287.25,143.62,United Kingdom,Repeat Customer,390,220,2-3 orders (Occasional),Lapsed (180d+),2010-04-01,220.0,204.6
17498,2011-09-25 12:25:00,2011-09-25 12:25:00,1,272.22,272.22,United Kingdom,One-Time Customer,75,0,1 order (One-Time),Active (0-90d),2011-09-01,,272.22
17499,2010-05-27 09:59:00,2011-02-23 09:14:00,2,1341.39,670.7,United Kingdom,Repeat Customer,289,271,2-3 orders (Occasional),Lapsed (180d+),2010-05-01,271.0,718.51
17500,2011-11-10 09:08:00,2011-11-22 14:25:00,3,1138.0,379.33,United Kingdom,Repeat Customer,17,12,2-3 orders (Occasional),Active (0-90d),2011-11-01,6.0,288.0
17501,2011-05-03 09:46:00,2011-05-03 09:47:00,2,288.6,144.3,United Kingdom,Repeat Customer,220,0,2-3 orders (Occasional),Lapsed (180d+),2011-05-01,0.0,248.25
17502,2011-11-10 16:39:00,2011-11-30 13:13:00,4,689.1,172.28,United Kingdom,Repeat Customer,9,19,4-9 orders (Regular),Active (0-90d),2011-11-01,10.0,226.6
17503,2011-11-01 11:12:00,2011-12-07 09:18:00,2,558.96,279.48,United Kingdom,Repeat Customer,2,35,2-3 orders (Occasional),Active (0-90d),2011-11-01,35.0,340.43
17504,2010-02-08 09:22:00,2011-05-17 12:59:00,18,9490.17,527.23,United Kingdom,Repeat Customer,206,463,10+ orders (Champions),Lapsed (180d+),2010-02-01,48.0,328.75
17505,2010-04-13 16:33:00,2011-07-01 12:50:00,5,2435.48,487.1,United Kingdom,Repeat Customer,161,443,4-9 orders (Regular),At Risk (91-180d),2010-04-01,54.0,924.17
17506,2011-09-25 11:39:00,2011-09-25 11:39:00,1,302.2,302.2,United Kingdom,One-Time Customer,75,0,1 order (One-Time),Active (0-90d),2011-09-01,,302.2
17507,2011-02-03 18:08:00,2011-03-23 11:48:00,2,605.58,302.79,United Kingdom,Repeat Customer,261,47,2-3 orders (Occasional),Lapsed (180d+),2011-02-01,47.0,340.56
17508,2009-12-07 11:46:00,2011-03-04 08:10:00,8,4579.23,572.4,Greece,Repeat Customer,280,451,4-9 orders (Regular),Lapsed (180d+),2009-12-01,38.0,610.95
17509,2011-10-07 13:14:00,2011-10-13 10:26:00,8,6083.64,760.46,United Kingdom,Repeat Customer,57,5,4-9 orders (Regular),Active (0-90d),2011-10-01,0.0,313.56
17510,2010-10-15 10:20:00,2011-11-15 10:00:00,2,514.56,257.28,United Kingdom,Repeat Customer,24,395,2-3 orders (Occasional),Active (0-90d),2010-10-01,395.0,206.08
17511,2009-12-02 10:52:00,2011-12-07 10:12:00,60,172132.87,2868.88,United Kingdom,Repeat Customer,2,734,10+ orders (Champions),Active (0-90d),2009-12-01,12.0,3108.64
17512,2009-12-10 19:35:00,2011-11-11 12:11:00,18,5467.82,303.77,United Kingdom,Repeat Customer,28,700,10+ orders (Champions),Active (0-90d),2009-12-01,97.0,864.89
17513,2010-08-17 15:08:00,2011-09-28 16:42:00,3,1158.8,386.27,United Kingdom,Repeat Customer,72,407,2-3 orders (Occasional),Active (0-90d),2010-08-01,70.0,387.0
17514,2010-02-08 14:00:00,2011-08-03 15:45:00,2,522.0,261.0,United Kingdom,Repeat Customer,128,541,2-3 orders (Occasional),At Risk (91-180d),2010-02-01,541.0,313.35
17515,2010-06-07 13:29:00,2011-11-08 14:04:00,9,1602.51,178.06,United Kingdom,Repeat Customer,31,519,4-9 orders (Regular),Active (0-90d),2010-06-01,42.0,163.42
17516,2010-11-26 12:50:00,2011-11-24 16:51:00,6,947.5,157.92,United Kingdom,Repeat Customer,15,363,4-9 orders (Regular),Active (0-90d),2010-11-01,92.0,182.62
17517,2011-02-04 11:48:00,2011-02-04 11:48:00,1,153.94,153.94,United Kingdom,One-Time Customer,308,0,1 order (One-Time),Lapsed (180d+),2011-02-01,,153.94
17518,2010-03-28 13:31:00,2010-10-10 12:40:00,2,329.42,164.71,United Kingdom,Repeat Customer,425,195,2-3 orders (Occasional),Lapsed (180d+),2010-03-01,195.0,153.55
17519,2009-12-01 09:57:00,2011-11-22 16:43:00,15,4774.17,318.28,United Kingdom,Repeat Customer,17,721,10+ orders (Champions),Active (0-90d),2009-12-01,52.0,308.44
17520,2011-10-17 12:04:00,2011-10-17 12:04:00,1,546.81,546.81,United Kingdom,One-Time Customer,53,0,1 order (One-Time),Active (0-90d),2011-10-01,,546.81
17521,2010-10-01 11:49:00,2011-11-10 11:22:00,5,1278.06,255.61,United Kingdom,Repeat Customer,29,404,4-9 orders (Regular),Active (0-90d),2010-10-01,40.0,245.1
17522,2011-05-05 16:31:00,2011-12-08 12:31:00,5,1066.15,213.23,United Kingdom,Repeat Customer,1,216,4-9 orders (Regular),Active (0-90d),2011-05-01,11.0,147.44
17523,2011-11-20 13:40:00,2011-11-28 13:20:00,4,652.74,163.18,United Kingdom,Repeat Customer,11,7,4-9 orders (Regular),Active (0-90d),2011-11-01,0.0,188.73
17524,2010-09-27 16:20:00,2010-12-13 14:32:00,3,539.14,179.71,United Kingdom,Repeat Customer,361,76,2-3 orders (Occasional),Lapsed (180d+),2010-09-01,0.0,128.04
17525,2010-10-07 09:12:00,2010-12-15 12:05:00,3,1161.9,387.3,United Kingdom,Repeat Customer,359,69,2-3 orders (Occasional),Lapsed (180d+),2010-10-01,31.0,432.3
17526,2009-12-17 16:18:00,2011-12-05 11:05:00,12,3939.24,328.27,United Kingdom,Repeat Customer,4,717,10+ orders (Champions),Active (0-90d),2009-12-01,34.0,729.12
17527,2011-05-05 13:43:00,2011-10-17 12:32:00,4,939.37,234.84,United Kingdom,Repeat Customer,53,164,4-9 orders (Regular),Active (0-90d),2011-05-01,108.0,292.11
17528,2011-09-29 13:04:00,2011-12-08 13:27:00,8,3628.5,453.56,United Kingdom,Repeat Customer,1,70,4-9 orders (Regular),Active (0-90d),2011-09-01,0.0,779.36
17529,2010-01-11 12:29:00,2010-04-08 17:51:00,2,1240.25,620.12,United Kingdom,Repeat Customer,610,87,2-3 orders (Occasional),Lapsed (180d+),2010-01-01,87.0,858.27
17530,2009-12-06 16:17:00,2011-12-08 18:42:00,12,2787.1,232.26,United Kingdom,Repeat Customer,1,732,10+ orders (Champions),Active (0-90d),2009-12-01,151.0,245.63
17531,2010-03-31 12:57:00,2011-06-02 19:17:00,3,1266.82,422.27,United Kingdom,Repeat Customer,190,428,2-3 orders (Occasional),Lapsed (180d+),2010-03-01,90.0,560.14
17532,2010-11-19 08:13:00,2010-11-19 08:13:00,1,65.34,65.34,United Kingdom,One-Time Customer,385,0,1 order (One-Time),Lapsed (180d+),2010-11-01,,65.34
17533,2010-10-01 09:14:00,2010-10-01 09:14:00,1,34.8,34.8,United Kingdom,One-Time Customer,434,0,1 order (One-Time),Lapsed (180d+),2010-10-01,,34.8
17534,2010-02-25 16:55:00,2011-10-17 12:47:00,5,1668.83,333.77,United Kingdom,Repeat Customer,53,598,4-9 orders (Regular),Active (0-90d),2010-02-01,84.0,502.2
17535,2011-03-04 15:20:00,2011-03-04 15:20:00,1,164.4,164.4,United Kingdom,One-Time Customer,280,0,1 order (One-Time),Lapsed (180d+),2011-03-01,,164.4
17536,2010-01-26 12:00:00,2011-06-15 13:23:00,3,364.83,121.61,United Kingdom,Repeat Customer,177,505,2-3 orders (Occasional),At Risk (91-180d),2010-01-01,262.0,34.78
17537,2011-02-09 13:37:00,2011-11-10 10:56:00,2,887.67,443.84,United Kingdom,Repeat Customer,29,273,2-3 orders (Occasional),Active (0-90d),2011-02-01,273.0,620.75
17538,2011-11-14 12:12:00,2011-11-14 12:12:00,1,98.42,98.42,United Kingdom,One-Time Customer,25,0,1 order (One-Time),Active (0-90d),2011-11-01,,98.42
17539,2009-12-13 12:36:00,2010-03-21 15:23:00,3,1161.84,387.28,United Kingdom,Repeat Customer,628,98,2-3 orders (Occasional),Lapsed (180d+),2009-12-01,27.0,359.0
17540,2010-04-19 09:47:00,2011-11-15 11:56:00,6,1590.6,265.1,United Kingdom,Repeat Customer,24,575,4-9 orders (Regular),Active (0-90d),2010-04-01,22.0,321.15
17541,2010-07-18 11:36:00,2010-07-18 11:36:00,1,119.86,119.86,United Kingdom,One-Time Customer,509,0,1 order (One-Time),Lapsed (180d+),2010-07-01,,119.86
17542,2010-03-08 12:08:00,2011-03-15 11:45:00,3,340.85,113.62,United Kingdom,Repeat Customer,269,371,2-3 orders (Occasional),Lapsed (180d+),2010-03-01,0.0,158.3
17543,2010-06-08 12:41:00,2010-06-08 12:41:00,1,120.05,120.05,United Kingdom,One-Time Customer,549,0,1 order (One-Time),Lapsed (180d+),2010-06-01,,120.05
17544,2010-11-14 14:47:00,2010-11-14 15:08:00,3,944.82,314.94,United Kingdom,Repeat Customer,390,0,2-3 orders (Occasional),Lapsed (180d+),2010-11-01,0.0,705.62
17545,2010-05-11 10:04:00,2011-10-27 14:04:00,6,1409.86,234.98,United Kingdom,Repeat Customer,43,534,4-9 orders (Regular),Active (0-90d),2010-05-01,187.0,339.8
17547,2010-02-12 14:34:00,2010-11-29 09:41:00,2,727.85,363.92,United Kingdom,Repeat Customer,375,289,2-3 orders (Occasional),Lapsed (180d+),2010-02-01,289.0,404.55
17548,2010-11-08 16:19:00,2011-04-20 12:01:00,4,731.26,182.82,United Kingdom,Repeat Customer,233,162,4-9 orders (Regular),Lapsed (180d+),2010-11-01,12.0,183.9
17549,2011-10-19 10:05:00,2011-11-16 09:59:00,2,148.86,74.43,United Kingdom,Repeat Customer,23,27,2-3 orders (Occasional),Active (0-90d),2011-10-01,27.0,28.2
17550,2010-02-07 15:07:00,2011-05-26 14:09:00,9,2506.64,278.52,United Kingdom,Repeat Customer,197,472,4-9 orders (Regular),Lapsed (180d+),2010-02-01,76.0,281.02
17551,2010-12-15 14:12:00,2010-12-15 14:12:00,1,290.34,290.34,United Kingdom,One-Time Customer,359,0,1 order (One-Time),Lapsed (180d+),2010-12-01,,290.34
17552,2010-03-22 09:19:00,2011-10-10 17:00:00,12,2786.77,232.23,United Kingdom,Repeat Customer,60,567,10+ orders (Champions),Active (0-90d),2010-03-01,49.0,415.92
17553,2010-04-08 09:44:00,2011-08-02 10:00:00,4,3757.6,939.4,United Kingdom,Repeat Customer,129,481,4-9 orders (Regular),At Risk (91-180d),2010-04-01,117.0,816.0
17554,2011-07-14 20:01:00,2011-12-08 14:15:00,5,1952.45,390.49,United Kingdom,Repeat Customer,1,146,4-9 orders (Regular),Active (0-90d),2011-07-01,25.0,772.43
17555,2010-05-02 16:02:00,2011-11-20 12:22:00,5,1045.74,209.15,United Kingdom,Repeat Customer,19,566,4-9 orders (Regular),Active (0-90d),2010-05-01,151.0,150.95
17556,2010-11-25 17:00:00,2011-05-18 10:48:00,2,300.67,150.33,United Kingdom,Repeat Customer,205,173,2-3 orders (Occasional),Lapsed (180d+),2010-11-01,173.0,142.77
17557,2009-12-07 10:15:00,2011-11-25 12:57:00,4,575.46,143.86,United Kingdom,Repeat Customer,14,718,4-9 orders (Regular),Active (0-90d),2009-12-01,651.0,34.0
17558,2010-11-11 14:36:00,2010-11-11 14:36:00,1,259.17,259.17,United Kingdom,One-Time Customer,393,0,1 order (One-Time),Lapsed (180d+),2010-11-01,,259.17
17559,2010-07-15 12:02:00,2010-07-15 12:02:00,1,167.62,167.62,United Kingdom,One-Time Customer,512,0,1 order (One-Time),Lapsed (180d+),2010-07-01,,167.62
17560,2010-02-17 12:11:00,2011-09-06 09:18:00,8,1895.8,236.98,United Kingdom,Repeat Customer,94,565,4-9 orders (Regular),At Risk (91-180d),2010-02-01,90.0,223.2
17561,2009-12-06 13:29:00,2011-11-20 12:53:00,4,703.02,175.76,United Kingdom,Repeat Customer,19,713,4-9 orders (Regular),Active (0-90d),2009-12-01,202.0,189.7
17562,2011-06-19 13:06:00,2011-11-25 14:21:00,7,1122.38,160.34,United Kingdom,Repeat Customer,14,159,4-9 orders (Regular),Active (0-90d),2011-06-01,16.0,300.1
17563,2010-04-07 10:02:00,2010-05-10 14:54:00,2,392.38,196.19,United Kingdom,Repeat Customer,578,33,2-3 orders (Occasional),Lapsed (180d+),2010-04-01,33.0,359.83
17564,2011-09-20 14:00:00,2011-11-15 13:27:00,3,454.01,151.34,United Kingdom,Repeat Customer,24,55,2-3 orders (Occasional),Active (0-90d),2011-09-01,35.0,119.12
17565,2010-05-02 11:54:00,2010-05-02 11:54:00,1,131.83,131.83,United Kingdom,One-Time Customer,586,0,1 order (One-Time),Lapsed (180d+),2010-05-01,,131.83
17566,2011-11-14 13:42:00,2011-12-01 19:54:00,2,869.77,434.88,United Kingdom,Repeat Customer,8,17,2-3 orders (Occasional),Active (0-90d),2011-11-01,17.0,394.82
17567,2010-09-24 10:48:00,2011-12-02 15:48:00,9,4838.08,537.56,United Kingdom,Repeat Customer,7,434,4-9 orders (Regular),Active (0-90d),2010-09-01,69.0,506.6
17568,2010-03-16 16:45:00,2010-03-16 16:45:00,1,374.45,374.45,United Kingdom,One-Time Customer,633,0,1 order (One-Time),Lapsed (180d+),2010-03-01,,374.45
17569,2011-01-11 14:15:00,2011-01-11 14:15:00,1,344.14,344.14,United Kingdom,One-Time Customer,332,0,1 order (One-Time),Lapsed (180d+),2011-01-01,,344.14
17571,2010-06-15 12:50:00,2011-10-20 15:57:00,5,1629.66,325.93,United Kingdom,Repeat Customer,50,492,4-9 orders (Regular),Active (0-90d),2010-06-01,244.0,205.24
17572,2009-12-15 10:00:00,2011-09-29 17:53:00,10,652.21,65.22,United Kingdom,Repeat Customer,71,653,10+ orders (Champions),Active (0-90d),2009-12-01,132.0,62.31
17573,2011-09-07 10:36:00,2011-11-10 13:01:00,3,380.6,126.87,United Kingdom,Repeat Customer,29,64,2-3 orders (Occasional),Active (0-90d),2011-09-01,8.0,174.71
17574,2011-04-11 09:47:00,2011-04-11 09:47:00,1,185.65,185.65,United Kingdom,One-Time Customer,242,0,1 order (One-Time),Lapsed (180d+),2011-04-01,,185.65
17575,2010-02-10 13:48:00,2010-02-10 13:48:00,1,171.7,171.7,United Kingdom,One-Time Customer,667,0,1 order (One-Time),Lapsed (180d+),2010-02-01,,171.7
17576,2009-12-03 16:54:00,2011-12-01 17:56:00,41,8705.6,212.33,United Kingdom,Repeat Customer,8,728,10+ orders (Champions),Active (0-90d),2009-12-01,14.0,319.96
17577,2010-02-09 10:10:00,2010-03-04 13:01:00,2,348.75,174.38,United Kingdom,Repeat Customer,645,23,2-3 orders (Occasional),Lapsed (180d+),2010-02-01,23.0,112.4
17578,2010-06-28 11:55:00,2011-05-05 18:38:00,7,1047.33,149.62,United Kingdom,Repeat Customer,218,311,4-9 orders (Regular),Lapsed (180d+),2010-06-01,1.0,156.43
17579,2010-05-10 14:28:00,2011-12-05 12:28:00,4,753.28,188.32,United Kingdom,Repeat Customer,4,573,4-9 orders (Regular),Active (0-90d),2010-05-01,398.0,304.38
17580,2010-10-13 14:28:00,2011-04-01 12:41:00,5,538.07,107.61,United Kingdom,Repeat Customer,252,169,4-9 orders (Regular),Lapsed (180d+),2010-10-01,45.0,157.41
17581,2009-12-03 12:34:00,2011-12-09 12:21:00,43,17951.17,417.47,United Kingdom,Repeat Customer,0,735,10+ orders (Champions),Active (0-90d),2009-12-01,0.0,308.6
17582,2010-03-26 12:23:00,2011-04-17 13:18:00,5,1446.95,289.39,United Kingdom,Repeat Customer,236,387,4-9 orders (Regular),Lapsed (180d+),2010-03-01,51.0,303.55
17583,2010-05-28 14:24:00,2010-05-28 14:24:00,1,135.95,135.95,United Kingdom,One-Time Customer,560,0,1 order (One-Time),Lapsed (180d+),2010-05-01,,135.95
17584,2010-01-25 08:17:00,2011-12-02 17:12:00,6,5309.42,884.9,United Kingdom,Repeat Customer,7,676,4-9 orders (Regular),Active (0-90d),2010-01-01,84.0,462.05
17585,2010-08-18 16:39:00,2011-08-22 13:30:00,7,2064.71,294.96,United Kingdom,Repeat Customer,109,368,4-9 orders (Regular),At Risk (91-180d),2010-08-01,18.0,344.61
17586,2010-03-30 13:12:00,2010-03-30 13:12:00,1,167.4,167.4,United Kingdom,One-Time Customer,619,0,1 order (One-Time),Lapsed (180d+),2010-03-01,,167.4
17587,2010-03-21 14:16:00,2010-03-21 14:16:00,1,173.76,173.76,United Kingdom,One-Time Customer,628,0,1 order (One-Time),Lapsed (180d+),2010-03-01,,173.76
17588,2010-03-12 12:34:00,2011-08-31 13:37:00,7,2939.55,419.94,United Kingdom,Repeat Customer,100,537,4-9 orders (Regular),At Risk (91-180d),2010-03-01,87.0,402.5
17589,2010-03-07 13:48:00,2011-10-10 16:58:00,18,13806.27,767.02,United Kingdom,Repeat Customer,60,582,10+ orders (Champions),Active (0-90d),2010-03-01,21.0,602.16
17590,2011-10-30 14:05:00,2011-12-07 12:55:00,3,1466.77,488.92,United Kingdom,Repeat Customer,2,37,2-3 orders (Occasional),Active (0-90d),2011-10-01,23.0,349.38
17591,2010-01-17 16:09:00,2011-09-27 13:42:00,8,2339.32,292.42,United Kingdom,Repeat Customer,73,617,4-9 orders (Regular),Active (0-90d),2010-01-01,323.0,135.65
17592,2009-12-01 10:49:00,2009-12-01 10:49:00,1,148.3,148.3,United Kingdom,One-Time Customer,738,0,1 order (One-Time),Lapsed (180d+),2009-12-01,,148.3
17593,2009-12-04 14:35:00,2011-12-06 10:30:00,11,8092.32,735.67,United Kingdom,Repeat Customer,3,731,10+ orders (Champions),Active (0-90d),2009-12-01,0.0,843.01
17594,2010-04-14 08:53:00,2011-09-15 16:34:00,4,2497.88,624.47,United Kingdom,Repeat Customer,85,519,4-9 orders (Regular),Active (0-90d),2010-04-01,155.0,611.7
17595,2011-11-02 16:19:00,2011-11-27 16:08:00,2,386.69,193.34,United Kingdom,Repeat Customer,12,24,2-3 orders (Occasional),Active (0-90d),2011-11-01,24.0,155.8
17596,2009-12-15 13:21:00,2011-11-16 14:11:00,13,4491.46,345.5,United Kingdom,Repeat Customer,23,701,10+ orders (Champions),Active (0-90d),2009-12-01,91.0,474.06
17597,2010-05-05 15:33:00,2011-05-10 11:54:00,5,3484.09,696.82,United Kingdom,Repeat Customer,213,369,4-9 orders (Regular),Lapsed (180d+),2010-05-01,33.0,315.82
17598,2010-11-23 17:43:00,2010-11-23 17:43:00,1,409.98,409.98,United Kingdom,One-Time Customer,381,0,1 order (One-Time),Lapsed (180d+),2010-11-01,,409.98
17599,2010-08-19 12:50:00,2010-08-19 12:50:00,1,52.05,52.05,United Kingdom,One-Time Customer,477,0,1 order (One-Time),Lapsed (180d+),2010-08-01,,52.05
17600,2011-11-22 09:43:00,2011-11-22 09:43:00,1,161.67,161.67,United Kingdom,One-Time Customer,17,0,1 order (One-Time),Active (0-90d),2011-11-01,,161.67
17601,2010-11-24 14:29:00,2011-04-14 18:02:00,2,412.66,206.33,United Kingdom,Repeat Customer,239,141,2-3 orders (Occasional),Lapsed (180d+),2010-11-01,141.0,296.65
17602,2010-03-30 17:25:00,2011-12-07 13:53:00,14,7354.43,525.32,United Kingdom,Repeat Customer,2,616,10+ orders (Champions),Active (0-90d),2010-03-01,0.0,377.39
17603,2009-12-10 09:44:00,2011-09-22 14:18:00,4,1788.38,447.1,United Kingdom,Repeat Customer,78,651,4-9 orders (Regular),Active (0-90d),2009-12-01,50.0,289.85
17604,2010-01-27 12:19:00,2011-05-06 13:43:00,6,942.38,157.06,United Kingdom,Repeat Customer,217,464,4-9 orders (Regular),Lapsed (180d+),2010-01-01,139.0,157.08
17605,2010-04-28 14:45:00,2010-04-28 14:45:00,1,160.75,160.75,United Kingdom,One-Time Customer,590,0,1 order (One-Time),Lapsed (180d+),2010-04-01,,160.75
17606,2009-12-02 13:32:00,2009-12-02 13:32:00,1,87.3,87.3,United Kingdom,One-Time Customer,737,0,1 order (One-Time),Lapsed (180d+),2009-12-01,,87.3
17607,2010-11-28 13:11:00,2010-11-28 13:11:00,1,333.81,333.81,United Kingdom,One-Time Customer,376,0,1 order (One-Time),Lapsed (180d+),2010-11-01,,333.81
17608,2010-04-11 13:37:00,2011-11-06 13:06:00,4,488.06,122.02,United Kingdom,Repeat Customer,33,573,4-9 orders (Regular),Active (0-90d),2010-04-01,158.0,155.88
17609,2010-04-09 16:54:00,2011-10-30 12:28:00,11,1875.36,170.49,United Kingdom,Repeat Customer,40,568,10+ orders (Champions),Active (0-90d),2010-04-01,27.0,370.23
17610,2009-12-06 16:07:00,2010-06-17 16:34:00,5,1511.94,302.39,United Kingdom,Repeat Customer,540,193,4-9 orders (Regular),Lapsed (180d+),2009-12-01,4.0,368.15
17611,2009-12-01 13:29:00,2011-12-02 13:29:00,28,8287.53,295.98,United Kingdom,Repeat Customer,7,731,10+ orders (Champions),Active (0-90d),2009-12-01,54.0,507.49
17612,2009-12-17 11:59:00,2011-10-17 14:59:00,18,5394.86,299.71,United Kingdom,Repeat Customer,53,669,10+ orders (Champions),Active (0-90d),2009-12-01,42.0,233.4
17613,2011-02-07 11:20:00,2011-11-17 10:51:00,14,4544.55,324.61,United Kingdom,Repeat Customer,22,282,10+ orders (Champions),Active (0-90d),2011-02-01,16.0,586.8
17614,2011-10-13 16:01:00,2011-10-13 16:01:00,1,386.32,386.32,United Kingdom,One-Time Customer,57,0,1 order (One-Time),Active (0-90d),2011-10-01,,386.32
17615,2010-08-11 12:54:00,2011-08-01 14:06:00,6,721.8,120.3,United Kingdom,Repeat Customer,130,355,4-9 orders (Regular),At Risk (91-180d),2010-08-01,33.0,122.7
17616,2010-09-14 10:43:00,2011-06-19 10:11:00,4,734.4,183.6,United Kingdom,Repeat Customer,173,277,4-9 orders (Regular),At Risk (91-180d),2010-09-01,83.0,163.2
17617,2010-05-30 12:48:00,2010-05-30 12:48:00,1,385.19,385.19,United Kingdom,One-Time Customer,558,0,1 order (One-Time),Lapsed (180d+),2010-05-01,,385.19
17618,2010-01-24 11:03:00,2011-12-04 11:50:00,11,4001.64,363.79,United Kingdom,Repeat Customer,5,679,10+ orders (Champions),Active (0-90d),2010-01-01,126.0,436.35
17619,2011-01-31 14:18:00,2011-01-31 14:18:00,1,214.37,214.37,United Kingdom,One-Time Customer,312,0,1 order (One-Time),Lapsed (180d+),2011-01-01,,214.37
17620,2011-10-11 12:08:00,2011-10-11 12:08:00,1,81.44,81.44,United Kingdom,One-Time Customer,59,0,1 order (One-Time),Active (0-90d),2011-10-01,,81.44
17621,2010-10-04 09:37:00,2011-11-18 17:11:00,6,3175.12,529.19,United Kingdom,Repeat Customer,21,410,4-9 orders (Regular),Active (0-90d),2010-10-01,14.0,1281.82
17622,2010-04-20 13:38:00,2010-04-21 12:36:00,2,1130.21,565.1,United Kingdom,Repeat Customer,597,0,2-3 orders (Occasional),Lapsed (180d+),2010-04-01,0.0,736.88
17623,2009-12-14 14:36:00,2011-11-07 11:32:00,7,2365.77,337.97,United Kingdom,Repeat Customer,32,692,4-9 orders (Regular),Active (0-90d),2009-12-01,155.0,197.05
17624,2009-12-20 12:35:00,2011-11-25 10:52:00,4,1568.63,392.16,United Kingdom,Repeat Customer,14,704,4-9 orders (Regular),Active (0-90d),2009-12-01,282.0,316.83
17625,2009-12-15 11:49:00,2011-11-21 13:36:00,8,5978.9,747.36,United Kingdom,Repeat Customer,18,706,4-9 orders (Regular),Active (0-90d),2009-12-01,47.0,675.12
17626,2010-04-16 12:15:00,2010-04-16 12:15:00,1,254.0,254.0,United Kingdom,One-Time Customer,602,0,1 order (One-Time),Lapsed (180d+),2010-04-01,,254.0
17627,2010-08-18 11:27:00,2010-08-18 11:27:00,1,296.36,296.36,United Kingdom,One-Time Customer,478,0,1 order (One-Time),Lapsed (180d+),2010-08-01,,296.36
17628,2011-09-19 15:21:00,2011-09-19 15:21:00,1,75.75,75.75,United Kingdom,One-Time Customer,81,0,1 order (One-Time),Active (0-90d),2011-09-01,,75.75
17629,2010-10-14 13:35:00,2011-12-04 10:56:00,10,2455.52,245.55,United Kingdom,Repeat Customer,5,415,10+ orders (Champions),Active (0-90d),2010-10-01,33.0,339.95
17630,2011-04-21 14:03:00,2011-06-23 11:58:00,2,503.6,251.8,United Kingdom,Repeat Customer,169,62,2-3 orders (Occasional),At Risk (91-180d),2011-04-01,62.0,335.5
17631,2009-12-09 14:15:00,2011-12-08 09:47:00,7,998.49,142.64,United Kingdom,Repeat Customer,1,728,4-9 orders (Regular),Active (0-90d),2009-12-01,8.0,63.5
17633,2010-11-15 14:55:00,2011-11-08 13:25:00,7,2057.39,293.91,United Kingdom,Repeat Customer,31,357,4-9 orders (Regular),Active (0-90d),2010-11-01,8.0,364.4
17634,2011-01-06 12:45:00,2011-11-03 13:09:00,9,2358.59,262.07,United Kingdom,Repeat Customer,36,301,4-9 orders (Regular),Active (0-90d),2011-01-01,60.0,785.65
17635,2010-04-28 10:51:00,2010-10-11 15:12:00,3,1265.58,421.86,United Kingdom,Repeat Customer,424,166,2-3 orders (Occasional),Lapsed (180d+),2010-04-01,64.0,538.8
17636,2011-11-20 14:40:00,2011-11-20 14:40:00,1,285.56,285.56,United Kingdom,One-Time Customer,19,0,1 order (One-Time),Active (0-90d),2011-11-01,,285.56
17637,2011-08-16 13:25:00,2011-11-08 12:51:00,2,547.06,273.53,United Kingdom,Repeat Customer,31,83,2-3 orders (Occasional),Active (0-90d),2011-08-01,83.0,338.95
17638,2009-12-18 09:58:00,2010-03-02 14:32:00,2,842.4,421.2,United Kingdom,Repeat Customer,647,74,2-3 orders (Occasional),Lapsed (180d+),2009-12-01,74.0,608.4
17639,2010-08-13 11:59:00,2011-03-08 15:22:00,6,615.17,102.53,United Kingdom,Repeat Customer,276,207,4-9 orders (Regular),Lapsed (180d+),2010-08-01,0.0,167.28
17640,2010-03-23 09:15:00,2011-09-14 09:13:00,6,3168.94,528.16,United Kingdom,Repeat Customer,86,539,4-9 orders (Regular),Active (0-90d),2010-03-01,1.0,473.98
17642,2009-12-05 16:01:00,2011-08-12 09:11:00,5,1824.49,364.9,United Kingdom,Repeat Customer,119,614,4-9 orders (Regular),At Risk (91-180d),2009-12-01,113.0,281.02
17643,2010-07-22 13:07:00,2010-12-01 14:38:00,2,439.7,219.85,United Kingdom,Repeat Customer,373,132,2-3 orders (Occasional),Lapsed (180d+),2010-07-01,132.0,338.15
17644,2010-02-16 08:44:00,2011-12-08 13:43:00,20,6028.6,301.43,United Kingdom,Repeat Customer,1,660,10+ orders (Champions),Active (0-90d),2010-02-01,40.0,623.93
17646,2009-12-16 09:37:00,2011-05-04 13:17:00,12,3898.79,324.9,United Kingdom,Repeat Customer,219,504,10+ orders (Champions),Lapsed (180d+),2009-12-01,43.0,435.5
17647,2010-02-08 14:39:00,2011-10-05 15:38:00,3,331.66,110.55,United Kingdom,Repeat Customer,65,604,2-3 orders (Occasional),Active (0-90d),2010-02-01,0.0,99.9
17648,2010-11-19 16:41:00,2011-10-10 09:41:00,5,2216.37,443.27,United Kingdom,Repeat Customer,60,324,4-9 orders (Regular),Active (0-90d),2010-11-01,135.0,418.87
17649,2010-08-24 13:01:00,2011-07-24 15:53:00,3,1578.89,526.3,United Kingdom,Repeat Customer,138,334,2-3 orders (Occasional),At Risk (91-180d),2010-08-01,2.0,695.55
17650,2011-11-18 14:52:00,2011-11-18 14:52:00,1,166.08,166.08,United Kingdom,One-Time Customer,21,0,1 order (One-Time),Active (0-90d),2011-11-01,,166.08
17651,2010-07-01 12:17:00,2011-11-28 10:29:00,16,5703.52,356.47,United Kingdom,Repeat Customer,11,514,10+ orders (Champions),Active (0-90d),2010-07-01,5.0,312.85
17652,2011-03-03 14:05:00,2011-11-14 12:55:00,12,4867.72,405.64,United Kingdom,Repeat Customer,25,255,10+ orders (Champions),Active (0-90d),2011-03-01,47.0,222.3
17653,2011-08-11 15:24:00,2011-11-03 12:46:00,4,1207.56,301.89,United Kingdom,Repeat Customer,36,83,4-9 orders (Regular),Active (0-90d),2011-08-01,20.0,163.24
17654,2011-03-07 13:17:00,2011-03-07 13:17:00,1,117.55,117.55,United Kingdom,One-Time Customer,277,0,1 order (One-Time),Lapsed (180d+),2011-03-01,,117.55
17655,2010-10-19 10:20:00,2011-11-29 11:34:00,9,2976.38,330.71,United Kingdom,Repeat Customer,10,406,4-9 orders (Regular),Active (0-90d),2010-10-01,34.0,313.64
17656,2011-08-03 10:45:00,2011-09-27 13:04:00,5,1674.69,334.94,United Kingdom,Repeat Customer,73,55,4-9 orders (Regular),Active (0-90d),2011-08-01,14.0,341.58
17657,2010-10-05 14:52:00,2010-10-05 14:52:00,1,126.0,126.0,United Kingdom,One-Time Customer,430,0,1 order (One-Time),Lapsed (180d+),2010-10-01,,126.0
17658,2011-05-12 15:23:00,2011-11-14 12:07:00,2,595.42,297.71,United Kingdom,Repeat Customer,25,185,2-3 orders (Occasional),Active (0-90d),2011-05-01,185.0,317.6
17659,2010-11-18 14:20:00,2011-11-22 13:29:00,14,3586.99,256.21,United Kingdom,Repeat Customer,17,368,10+ orders (Champions),Active (0-90d),2010-11-01,1.0,565.03
17660,2009-12-02 16:02:00,2011-07-21 13:37:00,2,342.22,171.11,United Kingdom,Repeat Customer,141,595,2-3 orders (Occasional),At Risk (91-180d),2009-12-01,595.0,163.47
17662,2009-12-17 09:54:00,2010-02-16 09:38:00,2,412.92,206.46,United Kingdom,Repeat Customer,661,60,2-3 orders (Occasional),Lapsed (180d+),2009-12-01,60.0,353.0
17663,2010-03-04 11:42:00,2011-11-14 08:56:00,17,5175.83,304.46,United Kingdom,Repeat Customer,25,619,10+ orders (Champions),Active (0-90d),2010-03-01,4.0,547.2
17664,2010-03-29 17:17:00,2011-11-21 11:29:00,4,1166.23,291.56,United Kingdom,Repeat Customer,18,601,4-9 orders (Regular),Active (0-90d),2010-03-01,145.0,308.85
17665,2010-08-03 13:12:00,2010-08-03 13:12:00,1,563.1,563.1,United Kingdom,One-Time Customer,493,0,1 order (One-Time),Lapsed (180d+),2010-08-01,,563.1
17666,2010-06-30 12:03:00,2011-12-06 09:06:00,5,2047.8,409.56,United Kingdom,Repeat Customer,3,523,4-9 orders (Regular),Active (0-90d),2010-06-01,33.0,311.4
17667,2010-02-23 09:57:00,2011-10-04 14:32:00,9,3950.7,438.97,United Kingdom,Repeat Customer,66,588,4-9 orders (Regular),Active (0-90d),2010-02-01,125.0,454.7
17668,2011-11-01 14:45:00,2011-12-08 13:25:00,2,347.75,173.88,United Kingdom,Repeat Customer,1,36,2-3 orders (Occasional),Active (0-90d),2011-11-01,36.0,161.85
17669,2010-04-01 18:48:00,2011-10-28 08:53:00,10,6142.35,614.24,United Kingdom,Repeat Customer,42,574,10+ orders (Champions),Active (0-90d),2010-04-01,87.0,1505.89
17670,2011-04-26 09:12:00,2011-04-26 09:12:00,1,205.7,205.7,United Kingdom,One-Time Customer,227,0,1 order (One-Time),Lapsed (180d+),2011-04-01,,205.7
17671,2010-11-29 11:53:00,2011-11-24 12:21:00,5,2009.16,401.83,United Kingdom,Repeat Customer,15,360,4-9 orders (Regular),Active (0-90d),2010-11-01,10.0,436.45
17672,2010-03-08 13:17:00,2011-10-20 14:18:00,6,5663.74,943.96,United Kingdom,Repeat Customer,50,591,4-9 orders (Regular),Active (0-90d),2010-03-01,202.0,1334.27
17673,2010-03-19 14:02:00,2011-12-08 12:50:00,13,4173.88,321.07,United Kingdom,Repeat Customer,1,628,10+ orders (Champions),Active (0-90d),2010-03-01,37.0,583.94
17674,2010-12-06 10:20:00,2011-09-26 13:35:00,2,551.04,275.52,United Kingdom,Repeat Customer,74,294,2-3 orders (Occasional),Active (0-90d),2010-12-01,294.0,300.66
17675,2009-12-10 16:10:00,2011-12-08 18:03:00,70,37642.48,537.75,United Kingdom,Repeat Customer,1,728,10+ orders (Champions),Active (0-90d),2009-12-01,4.0,328.7
17676,2010-03-30 10:49:00,2011-12-05 15:16:00,10,2448.64,244.86,United Kingdom,Repeat Customer,4,615,10+ orders (Champions),Active (0-90d),2010-03-01,92.0,369.3
17677,2009-12-16 11:23:00,2011-12-08 09:56:00,54,35058.46,649.23,United Kingdom,Repeat Customer,1,721,10+ orders (Champions),Active (0-90d),2009-12-01,0.0,855.45
17678,2010-04-15 13:54:00,2011-03-21 11:52:00,2,599.76,299.88,United Kingdom,Repeat Customer,263,339,2-3 orders (Occasional),Lapsed (180d+),2010-04-01,339.0,301.65
17679,2009-12-03 17:32:00,2011-10-18 07:43:00,7,3577.61,511.09,United Kingdom,Repeat Customer,52,683,4-9 orders (Regular),Active (0-90d),2009-12-01,0.0,342.6
17680,2010-07-16 16:07:00,2011-11-16 12:42:00,3,497.45,165.82,United Kingdom,Repeat Customer,23,487,2-3 orders (Occasional),Active (0-90d),2010-07-01,127.0,226.05
17681,2010-01-15 11:53:00,2010-04-21 17:22:00,5,731.2,146.24,United Kingdom,Repeat Customer,597,96,4-9 orders (Regular),Lapsed (180d+),2010-01-01,10.0,347.0
17682,2010-03-08 09:49:00,2011-11-29 15:59:00,11,4065.28,369.57,United Kingdom,Repeat Customer,10,631,10+ orders (Champions),Active (0-90d),2010-03-01,37.0,373.5
17683,2010-06-03 17:15:00,2010-11-19 10:11:00,3,819.01,273.0,United Kingdom,Repeat Customer,385,168,2-3 orders (Occasional),Lapsed (180d+),2010-06-01,42.0,506.19
17684,2011-10-27 11:10:00,2011-10-27 11:10:00,1,239.41,239.41,United Kingdom,One-Time Customer,43,0,1 order (One-Time),Active (0-90d),2011-10-01,,239.41
17685,2010-02-11 13:44:00,2011-11-23 11:36:00,12,5454.95,454.58,United Kingdom,Repeat Customer,16,649,10+ orders (Champions),Active (0-90d),2010-02-01,103.0,636.9
17686,2010-06-24 09:49:00,2011-12-02 15:39:00,9,8296.81,921.87,United Kingdom,Repeat Customer,7,526,4-9 orders (Regular),Active (0-90d),2010-06-01,110.0,1294.87
17687,2010-10-15 12:30:00,2010-10-15 12:30:00,1,432.68,432.68,United Kingdom,One-Time Customer,420,0,1 order (One-Time),Lapsed (180d+),2010-10-01,,432.68
17688,2010-11-11 10:41:00,2010-11-11 10:41:00,1,304.2,304.2,United Kingdom,One-Time Customer,393,0,1 order (One-Time),Lapsed (180d+),2010-11-01,,304.2
17689,2010-08-22 13:54:00,2010-11-16 13:22:00,2,317.08,158.54,United Kingdom,Repeat Customer,388,85,2-3 orders (Occasional),Lapsed (180d+),2010-08-01,85.0,166.0
17690,2010-02-03 14:26:00,2011-11-09 15:17:00,20,6963.8,348.19,United Kingdom,Repeat Customer,30,644,10+ orders (Champions),Active (0-90d),2010-02-01,41.0,294.65
17691,2010-06-11 11:50:00,2010-12-16 17:20:00,4,637.55,159.39,United Kingdom,Repeat Customer,358,188,4-9 orders (Regular),Lapsed (180d+),2010-06-01,147.0,172.65
17692,2010-06-17 11:14:00,2011-08-04 14:01:00,12,2960.44,246.7,United Kingdom,Repeat Customer,127,413,10+ orders (Champions),At Risk (91-180d),2010-06-01,39.0,343.6
17693,2011-07-25 15:48:00,2011-07-25 15:48:00,1,200.47,200.47,United Kingdom,One-Time Customer,137,0,1 order (One-Time),At Risk (91-180d),2011-07-01,,200.47
17694,2010-05-26 08:27:00,2011-07-21 12:00:00,3,1695.97,565.32,United Kingdom,Repeat Customer,141,421,2-3 orders (Occasional),At Risk (91-180d),2010-05-01,51.0,610.87
17695,2010-01-28 09:27:00,2011-07-31 10:40:00,5,1746.04,349.21,United Kingdom,Repeat Customer,131,549,4-9 orders (Regular),At Risk (91-180d),2010-01-01,217.0,303.9
17696,2009-12-10 17:09:00,2011-11-01 13:43:00,27,7679.59,284.43,United Kingdom,Repeat Customer,38,690,10+ orders (Champions),Active (0-90d),2009-12-01,10.0,427.52
17697,2011-04-17 15:40:00,2011-04-17 15:40:00,1,338.95,338.95,United Kingdom,One-Time Customer,236,0,1 order (One-Time),Lapsed (180d+),2011-04-01,,338.95
17698,2011-03-24 11:34:00,2011-03-24 11:34:00,1,154.95,154.95,United Kingdom,One-Time Customer,260,0,1 order (One-Time),Lapsed (180d+),2011-03-01,,154.95
17699,2010-05-27 11:53:00,2010-08-20 09:39:00,2,442.0,221.0,United Kingdom,Repeat Customer,476,84,2-3 orders (Occasional),Lapsed (180d+),2010-05-01,84.0,182.7
17700,2009-12-01 11:37:00,2011-11-23 11:51:00,14,6679.97,477.14,United Kingdom,Repeat Customer,16,722,10+ orders (Champions),Active (0-90d),2009-12-01,55.0,696.73
17701,2011-04-01 12:25:00,2011-04-01 12:25:00,1,417.95,417.95,United Kingdom,One-Time Customer,252,0,1 order (One-Time),Lapsed (180d+),2011-04-01,,417.95
17702,2010-11-04 12:09:00,2011-11-09 16:03:00,6,3144.04,524.01,United Kingdom,Repeat Customer,30,370,4-9 orders (Regular),Active (0-90d),2010-11-01,17.0,829.18
17703,2010-10-17 16:16:00,2011-11-04 15:51:00,4,1094.84,273.71,United Kingdom,Repeat Customer,35,382,4-9 orders (Regular),Active (0-90d),2010-10-01,279.0,296.1
17704,2011-04-14 09:28:00,2011-06-24 09:40:00,2,885.19,442.6,United Kingdom,Repeat Customer,168,71,2-3 orders (Occasional),At Risk (91-180d),2011-04-01,71.0,387.29
17705,2010-05-12 09:47:00,2011-12-06 13:45:00,11,2083.9,189.45,United Kingdom,Repeat Customer,3,573,10+ orders (Champions),Active (0-90d),2010-05-01,121.0,88.7
17706,2010-01-19 12:13:00,2011-12-05 13:34:00,31,20272.15,653.94,United Kingdom,Repeat Customer,4,685,10+ orders (Champions),Active (0-90d),2010-01-01,0.0,1537.31
17707,2009-12-07 12:19:00,2011-06-07 15:03:00,8,609.3,76.16,United Kingdom,Repeat Customer,185,547,4-9 orders (Regular),Lapsed (180d+),2009-12-01,88.0,51.0
17708,2010-10-12 12:13:00,2011-06-05 10:12:00,4,884.18,221.04,United Kingdom,Repeat Customer,187,235,4-9 orders (Regular),Lapsed (180d+),2010-10-01,20.0,306.55
17709,2010-04-15 14:48:00,2011-06-23 11:55:00,5,671.01,134.2,United Kingdom,Repeat Customer,169,433,4-9 orders (Regular),At Risk (91-180d),2010-04-01,11.0,251.47
17710,2010-10-12 07:49:00,2010-10-12 07:49:00,1,293.5,293.5,United Kingdom,One-Time Customer,423,0,1 order (One-Time),Lapsed (180d+),2010-10-01,,293.5
17711,2011-02-23 11:32:00,2011-11-29 11:40:00,2,385.1,192.55,United Kingdom,Repeat Customer,10,279,2-3 orders (Occasional),Active (0-90d),2011-02-01,279.0,220.53
17712,2011-10-26 12:28:00,2011-10-26 12:28:00,1,522.91,522.91,United Kingdom,One-Time Customer,44,0,1 order (One-Time),Active (0-90d),2011-10-01,,522.91
17713,2010-06-09 09:33:00,2010-11-22 16:50:00,4,1198.09,299.52,United Kingdom,Repeat Customer,382,166,4-9 orders (Regular),Lapsed (180d+),2010-06-01,69.0,302.93
17714,2010-07-14 10:41:00,2011-01-23 10:32:00,5,1410.18,282.04,United Kingdom,Repeat Customer,320,192,4-9 orders (Regular),Lapsed (180d+),2010-07-01,14.0,343.61
17715,2010-04-26 12:17:00,2011-05-23 12:32:00,2,489.6,244.8,United Kingdom,Repeat Customer,200,392,2-3 orders (Occasional),Lapsed (180d+),2010-04-01,392.0,163.2
17716,2009-12-02 17:18:00,2011-11-17 12:00:00,24,15956.97,664.87,United Kingdom,Repeat Customer,22,714,10+ orders (Champions),Active (0-90d),2009-12-01,92.0,520.2
17717,2010-10-14 12:54:00,2010-10-14 12:54:00,1,376.92,376.92,United Kingdom,One-Time Customer,421,0,1 order (One-Time),Lapsed (180d+),2010-10-01,,376.92
17718,2010-03-05 08:01:00,2011-04-21 13:39:00,2,439.18,219.59,United Kingdom,Repeat Customer,232,412,2-3 orders (Occasional),Lapsed (180d+),2010-03-01,412.0,299.83
17719,2011-03-29 11:29:00,2011-11-02 10:36:00,15,5396.04,359.74,United Kingdom,Repeat Customer,37,217,10+ orders (Champions),Active (0-90d),2011-03-01,7.0,579.83
17720,2010-05-10 09:58:00,2011-11-13 15:04:00,10,2666.91,266.69,United Kingdom,Repeat Customer,26,552,10+ orders (Champions),Active (0-90d),2010-05-01,66.0,132.62
17721,2010-02-18 15:18:00,2010-02-18 15:18:00,1,307.21,307.21,United Kingdom,One-Time Customer,659,0,1 order (One-Time),Lapsed (180d+),2010-02-01,,307.21
17722,2010-11-29 09:44:00,2011-09-04 15:22:00,5,3520.22,704.04,United Kingdom,Repeat Customer,96,279,4-9 orders (Regular),At Risk (91-180d),2010-11-01,9.0,1096.18
17723,2010-11-29 10:35:00,2011-08-04 18:37:00,7,3378.4,482.63,United Kingdom,Repeat Customer,127,248,4-9 orders (Regular),At Risk (91-180d),2010-11-01,161.0,102.0
17724,2011-07-24 13:26:00,2011-09-29 15:26:00,3,1033.0,344.33,United Kingdom,Repeat Customer,71,67,2-3 orders (Occasional),Active (0-90d),2011-07-01,58.0,373.1
17725,2011-03-17 19:47:00,2011-11-23 16:34:00,11,3439.08,312.64,United Kingdom,Repeat Customer,16,250,10+ orders (Champions),Active (0-90d),2011-03-01,17.0,337.71
17726,2010-01-26 14:58:00,2010-11-09 13:37:00,7,1092.06,156.01,United Kingdom,Repeat Customer,395,286,4-9 orders (Regular),Lapsed (180d+),2010-01-01,30.0,108.84
17727,2011-11-24 17:06:00,2011-11-24 17:06:00,1,1060.25,1060.25,United Kingdom,One-Time Customer,15,0,1 order (One-Time),Active (0-90d),2011-11-01,,1060.25
17728,2010-09-12 14:58:00,2011-12-06 08:52:00,5,4238.76,847.75,United Kingdom,Repeat Customer,3,449,4-9 orders (Regular),Active (0-90d),2010-09-01,49.0,990.2
17729,2010-04-22 15:03:00,2010-04-22 15:03:00,1,438.65,438.65,United Kingdom,One-Time Customer,596,0,1 order (One-Time),Lapsed (180d+),2010-04-01,,438.65
17730,2010-04-29 11:48:00,2011-12-06 15:43:00,20,7773.8,388.69,United Kingdom,Repeat Customer,3,586,10+ orders (Champions),Active (0-90d),2010-04-01,34.0,347.34
17731,2010-02-09 12:37:00,2011-09-21 15:02:00,6,1708.99,284.83,United Kingdom,Repeat Customer,79,589,4-9 orders (Regular),Active (0-90d),2010-02-01,47.0,373.1
17732,2010-08-09 08:41:00,2010-12-02 09:29:00,8,2166.42,270.8,United Kingdom,Repeat Customer,372,115,4-9 orders (Regular),Lapsed (180d+),2010-08-01,18.0,382.93
17733,2011-03-23 09:54:00,2011-11-01 08:16:00,2,692.19,346.1,United Kingdom,Repeat Customer,38,222,2-3 orders (Occasional),Active (0-90d),2011-03-01,222.0,216.95
17734,2010-03-07 13:55:00,2011-10-17 12:33:00,6,1442.32,240.39,United Kingdom,Repeat Customer,53,588,4-9 orders (Regular),Active (0-90d),2010-03-01,34.0,321.7
17735,2010-07-30 13:25:00,2011-12-07 16:47:00,26,16790.33,645.78,United Kingdom,Repeat Customer,2,495,10+ orders (Champions),Active (0-90d),2010-07-01,33.0,271.02
17736,2011-08-18 14:33:00,2011-11-30 15:36:00,3,377.44,125.81,United Kingdom,Repeat Customer,9,104,2-3 orders (Occasional),Active (0-90d),2011-08-01,70.0,307.49
17737,2011-10-12 14:42:00,2011-11-30 15:16:00,2,168.24,84.12,United Kingdom,Repeat Customer,9,49,2-3 orders (Occasional),Active (0-90d),2011-10-01,49.0,87.39
17738,2010-03-19 10:07:00,2011-11-20 15:05:00,13,4183.56,321.81,United Kingdom,Repeat Customer,19,611,10+ orders (Champions),Active (0-90d),2010-03-01,19.0,453.17
17739,2009-12-07 10:48:00,2011-11-28 09:12:00,18,7730.59,429.48,United Kingdom,Repeat Customer,11,720,10+ orders (Champions),Active (0-90d),2009-12-01,10.0,411.2
17740,2010-01-11 13:11:00,2010-11-15 16:33:00,6,426.9,71.15,United Kingdom,Repeat Customer,389,308,4-9 orders (Regular),Lapsed (180d+),2010-01-01,55.0,60.3
17741,2010-05-28 12:11:00,2010-10-29 11:59:00,2,101.1,50.55,United Kingdom,Repeat Customer,406,153,2-3 orders (Occasional),Lapsed (180d+),2010-05-01,153.0,41.4
17742,2009-12-01 13:16:00,2011-08-18 15:28:00,11,2098.48,190.77,United Kingdom,Repeat Customer,113,625,10+ orders (Champions),At Risk (91-180d),2009-12-01,69.0,218.55
17743,2010-09-17 14:54:00,2010-09-17 14:54:00,1,229.2,229.2,United Kingdom,One-Time Customer,448,0,1 order (One-Time),Lapsed (180d+),2010-09-01,,229.2
17744,2010-11-24 09:34:00,2011-12-06 12:11:00,7,2649.14,378.45,United Kingdom,Repeat Customer,3,377,4-9 orders (Regular),Active (0-90d),2010-11-01,22.0,326.74
17745,2010-06-02 09:03:00,2010-08-19 12:30:00,2,600.34,300.17,United Kingdom,Repeat Customer,477,78,2-3 orders (Occasional),Lapsed (180d+),2010-06-01,78.0,489.23
17746,2010-04-08 12:54:00,2011-04-13 14:31:00,4,904.18,226.04,United Kingdom,Repeat Customer,240,370,4-9 orders (Regular),Lapsed (180d+),2010-04-01,139.0,404.58
17747,2011-08-19 08:13:00,2011-08-19 08:13:00,1,71.4,71.4,United Kingdom,One-Time Customer,112,0,1 order (One-Time),At Risk (91-180d),2011-08-01,,71.4
17748,2010-06-30 13:49:00,2010-06-30 13:49:00,1,358.15,358.15,United Kingdom,One-Time Customer,527,0,1 order (One-Time),Lapsed (180d+),2010-06-01,,358.15
17749,2010-06-11 14:56:00,2011-06-14 15:45:00,3,1026.18,342.06,United Kingdom,Repeat Customer,178,368,2-3 orders (Occasional),At Risk (91-180d),2010-06-01,289.0,351.66
17750,2011-06-28 15:44:00,2011-12-04 14:09:00,9,1694.16,188.24,United Kingdom,Repeat Customer,5,158,4-9 orders (Regular),Active (0-90d),2011-06-01,17.0,288.08
17751,2010-10-14 13:57:00,2010-10-14 13:57:00,1,157.86,157.86,United Kingdom,One-Time Customer,421,0,1 order (One-Time),Lapsed (180d+),2010-10-01,,157.86
17752,2010-12-15 16:19:00,2010-12-15 16:19:00,1,80.64,80.64,United Kingdom,One-Time Customer,359,0,1 order (One-Time),Lapsed (180d+),2010-12-01,,80.64
17753,2010-01-06 14:20:00,2010-09-01 15:49:00,4,382.06,95.51,United Kingdom,Repeat Customer,464,238,4-9 orders (Regular),Lapsed (180d+),2010-01-01,222.0,30.45
17754,2009-12-11 15:52:00,2011-12-09 11:20:00,13,4451.22,342.4,United Kingdom,Repeat Customer,0,727,10+ orders (Champions),Active (0-90d),2009-12-01,25.0,270.18
17756,2010-11-10 12:54:00,2010-11-29 12:20:00,3,728.75,242.92,United Kingdom,Repeat Customer,375,18,2-3 orders (Occasional),Lapsed (180d+),2010-11-01,8.0,175.9
17757,2010-01-13 15:56:00,2011-12-08 15:31:00,56,9070.1,161.97,United Kingdom,Repeat Customer,1,693,10+ orders (Champions),Active (0-90d),2010-01-01,34.0,117.28
17758,2010-05-20 13:18:00,2011-11-20 14:45:00,12,4964.03,413.67,United Kingdom,Repeat Customer,19,549,10+ orders (Champions),Active (0-90d),2010-05-01,138.0,434.96
17759,2010-05-05 11:40:00,2011-11-22 16:02:00,5,1260.63,252.13,United Kingdom,Repeat Customer,17,566,4-9 orders (Regular),Active (0-90d),2010-05-01,190.0,132.15
17760,2010-02-28 12:15:00,2011-11-18 10:56:00,6,746.39,124.4,United Kingdom,Repeat Customer,21,627,4-9 orders (Regular),Active (0-90d),2010-02-01,21.0,141.54
17761,2011-11-07 10:23:00,2011-11-07 10:23:00,1,712.78,712.78,United Kingdom,One-Time Customer,32,0,1 order (One-Time),Active (0-90d),2011-11-01,,712.78
17762,2010-09-09 17:40:00,2010-09-09 17:40:00,1,129.75,129.75,United Kingdom,One-Time Customer,456,0,1 order (One-Time),Lapsed (180d+),2010-09-01,,129.75
17763,2010-02-18 14:32:00,2011-03-21 14:25:00,4,86.15,21.54,United Kingdom,Repeat Customer,263,395,4-9 orders (Regular),Lapsed (180d+),2010-02-01,5.0,18.05
17764,2009-12-03 14:28:00,2011-10-20 11:03:00,5,1513.57,302.71,United Kingdom,Repeat Customer,50,685,4-9 orders (Regular),Active (0-90d),2009-12-01,196.0,187.15
17765,2010-09-17 12:45:00,2011-07-04 12:41:00,4,524.0,131.0,United Kingdom,Repeat Customer,158,289,4-9 orders (Regular),At Risk (91-180d),2010-09-01,191.0,156.37
17766,2010-11-23 14:17:00,2010-11-23 14:29:00,2,299.61,149.8,United Kingdom,Repeat Customer,381,0,2-3 orders (Occasional),Lapsed (180d+),2010-11-01,0.0,252.11
17767,2010-10-25 16:22:00,2011-11-24 14:42:00,2,413.05,206.52,United Kingdom,Repeat Customer,15,394,2-3 orders (Occasional),Active (0-90d),2010-10-01,394.0,141.85
17768,2009-12-02 12:26:00,2011-12-01 13:22:00,7,3292.73,470.39,United Kingdom,Repeat Customer,8,729,4-9 orders (Regular),Active (0-90d),2009-12-01,57.0,382.57
17769,2010-01-19 11:33:00,2011-11-27 11:18:00,17,7053.38,414.9,United Kingdom,Repeat Customer,12,676,10+ orders (Champions),Active (0-90d),2010-01-01,46.0,270.8
17770,2011-03-02 13:35:00,2011-05-25 12:34:00,5,1143.27,228.65,United Kingdom,Repeat Customer,198,83,4-9 orders (Regular),Lapsed (180d+),2011-03-01,6.0,603.17
17771,2010-04-29 13:21:00,2011-10-14 11:43:00,4,386.93,96.73,United Kingdom,Repeat Customer,56,532,4-9 orders (Regular),Active (0-90d),2010-04-01,153.0,16.0
17772,2010-11-12 11:31:00,2011-11-29 11:05:00,3,360.75,120.25,United Kingdom,Repeat Customer,10,381,2-3 orders (Occasional),Active (0-90d),2010-11-01,381.0,187.3
17773,2010-01-18 14:32:00,2010-07-13 14:07:00,2,575.37,287.68,United Kingdom,Repeat Customer,514,175,2-3 orders (Occasional),Lapsed (180d+),2010-01-01,175.0,366.35
17774,2010-02-08 16:06:00,2011-09-04 12:49:00,9,3272.83,363.65,United Kingdom,Repeat Customer,96,572,4-9 orders (Regular),At Risk (91-180d),2010-02-01,35.0,541.66
17775,2011-03-30 10:50:00,2011-03-30 10:50:00,1,56.4,56.4,United Kingdom,One-Time Customer,254,0,1 order (One-Time),Lapsed (180d+),2011-03-01,,56.4
17776,2009-12-16 14:59:00,2010-11-18 12:14:00,2,329.3,164.65,United Kingdom,Repeat Customer,386,336,2-3 orders (Occasional),Lapsed (180d+),2009-12-01,336.0,207.75
17777,2011-08-31 14:35:00,2011-11-15 12:02:00,3,647.56,215.85,United Kingdom,Repeat Customer,24,75,2-3 orders (Occasional),Active (0-90d),2011-08-01,60.0,189.8
17778,2010-02-16 12:44:00,2010-02-16 12:44:00,1,197.7,197.7,United Kingdom,One-Time Customer,661,0,1 order (One-Time),Lapsed (180d+),2010-02-01,,197.7
17779,2011-07-19 12:19:00,2011-11-18 14:15:00,3,650.32,216.77,United Kingdom,Repeat Customer,21,122,2-3 orders (Occasional),Active (0-90d),2011-07-01,55.0,323.09
17780,2010-01-24 11:21:00,2010-02-10 13:43:00,3,346.56,115.52,United Kingdom,Repeat Customer,667,17,2-3 orders (Occasional),Lapsed (180d+),2010-01-01,17.0,152.75
17781,2011-03-31 19:54:00,2011-07-03 16:00:00,2,188.02,94.01,United Kingdom,Repeat Customer,159,93,2-3 orders (Occasional),At Risk (91-180d),2011-03-01,93.0,102.0
17782,2010-11-22 10:03:00,2010-11-22 11:15:00,2,679.02,339.51,United Kingdom,Repeat Customer,382,0,2-3 orders (Occasional),Lapsed (180d+),2010-11-01,0.0,641.52
17783,2010-07-15 12:50:00,2011-09-28 16:07:00,3,376.96,125.65,United Kingdom,Repeat Customer,72,440,2-3 orders (Occasional),Active (0-90d),2010-07-01,264.0,93.49
17784,2010-06-07 16:08:00,2010-06-07 16:08:00,1,112.86,112.86,United Kingdom,One-Time Customer,550,0,1 order (One-Time),Lapsed (180d+),2010-06-01,,112.86
17785,2010-05-23 13:01:00,2011-10-17 13:43:00,3,403.38,134.46,United Kingdom,Repeat Customer,53,512,2-3 orders (Occasional),Active (0-90d),2010-05-01,120.0,115.25
17786,2011-01-26 14:35:00,2011-09-15 12:51:00,2,266.85,133.43,United Kingdom,Repeat Customer,85,231,2-3 orders (Occasional),Active (0-90d),2011-01-01,231.0,103.35
17787,2010-12-03 13:43:00,2011-07-10 11:24:00,4,1817.54,454.38,United Kingdom,Repeat Customer,152,218,4-9 orders (Regular),At Risk (91-180d),2010-12-01,47.0,736.28
17788,2011-08-02 10:38:00,2011-09-27 10:09:00,2,1112.95,556.48,United Kingdom,Repeat Customer,73,55,2-3 orders (Occasional),Active (0-90d),2011-08-01,55.0,11.75
17789,2010-02-16 13:16:00,2011-03-03 13:14:00,2,397.15,198.58,United Kingdom,Repeat Customer,281,379,2-3 orders (Occasional),Lapsed (180d+),2010-02-01,379.0,171.25
17790,2010-06-13 13:30:00,2011-11-13 11:30:00,20,2779.41,138.97,United Kingdom,Repeat Customer,26,517,10+ orders (Champions),Active (0-90d),2010-06-01,27.0,205.74
17791,2011-11-10 12:09:00,2011-11-10 12:09:00,1,106.1,106.1,United Kingdom,One-Time Customer,29,0,1 order (One-Time),Active (0-90d),2011-11-01,,106.1
17792,2010-08-18 13:08:00,2010-08-29 14:30:00,2,368.35,184.18,United Kingdom,Repeat Customer,467,11,2-3 orders (Occasional),Lapsed (180d+),2010-08-01,11.0,251.04
17793,2011-11-14 14:24:00,2011-11-14 14:24:00,1,300.34,300.34,United Kingdom,One-Time Customer,25,0,1 order (One-Time),Active (0-90d),2011-11-01,,300.34
17794,2010-01-20 12:17:00,2010-01-22 10:18:00,2,147.3,73.65,United Kingdom,Repeat Customer,686,1,2-3 orders (Occasional),Lapsed (180d+),2010-01-01,1.0,133.8
17795,2011-03-20 12:02:00,2011-06-13 12:36:00,2,342.83,171.42,United Kingdom,Repeat Customer,179,85,2-3 orders (Occasional),At Risk (91-180d),2011-03-01,85.0,155.69
17796,2010-10-14 13:37:00,2011-10-30 15:38:00,7,1236.39,176.63,United Kingdom,Repeat Customer,40,381,4-9 orders (Regular),Active (0-90d),2010-10-01,37.0,141.29
17797,2009-12-15 14:30:00,2011-11-17 13:21:00,8,1971.87,246.48,United Kingdom,Repeat Customer,22,701,4-9 orders (Regular),Active (0-90d),2009-12-01,42.0,205.73
17798,2010-05-07 11:42:00,2010-05-07 11:42:00,1,172.17,172.17,United Kingdom,One-Time Customer,581,0,1 order (One-Time),Lapsed (180d+),2010-05-01,,172.17
17799,2009-12-13 16:03:00,2011-11-17 15:16:00,20,6246.93,312.35,United Kingdom,Repeat Customer,22,703,10+ orders (Champions),Active (0-90d),2009-12-01,40.0,334.46
17800,2011-01-09 13:50:00,2011-11-02 12:57:00,9,1186.21,131.8,United Kingdom,Repeat Customer,37,296,4-9 orders (Regular),Active (0-90d),2011-01-01,61.0,136.05
17801,2010-01-17 11:31:00,2010-09-14 14:32:00,3,770.03,256.68,United Kingdom,Repeat Customer,451,240,2-3 orders (Occasional),Lapsed (180d+),2010-01-01,142.0,382.44
17802,2009-12-13 13:39:00,2011-09-18 14:56:00,10,4946.22,494.62,United Kingdom,Repeat Customer,82,644,10+ orders (Champions),Active (0-90d),2009-12-01,0.0,507.65
17803,2010-11-12 13:53:00,2010-11-12 13:53:00,1,184.66,184.66,United Kingdom,One-Time Customer,392,0,1 order (One-Time),Lapsed (180d+),2010-11-01,,184.66
17804,2009-12-01 12:22:00,2010-11-28 14:01:00,3,383.78,127.93,United Kingdom,Repeat Customer,376,362,2-3 orders (Occasional),Lapsed (180d+),2009-12-01,206.0,124.95
17805,2010-04-08 14:36:00,2011-09-27 11:49:00,2,927.03,463.52,United Kingdom,Repeat Customer,73,536,2-3 orders (Occasional),Active (0-90d),2010-04-01,536.0,414.72
17806,2011-11-28 14:12:00,2011-11-28 14:12:00,1,546.04,546.04,United Kingdom,One-Time Customer,11,0,1 order (One-Time),Active (0-90d),2011-11-01,,546.04
17807,2010-01-04 14:00:00,2010-11-09 16:21:00,3,437.87,145.96,United Kingdom,Repeat Customer,395,309,2-3 orders (Occasional),Lapsed (180d+),2010-01-01,125.0,189.68
17808,2010-05-07 16:26:00,2010-06-09 10:44:00,4,262.64,65.66,United Kingdom,Repeat Customer,548,32,4-9 orders (Regular),Lapsed (180d+),2010-05-01,22.0,121.8
17809,2009-12-02 14:52:00,2011-11-23 12:59:00,20,10085.89,504.29,United Kingdom,Repeat Customer,16,720,10+ orders (Champions),Active (0-90d),2009-12-01,12.0,734.7
17810,2010-01-25 10:26:00,2010-02-09 10:47:00,2,343.21,171.6,United Kingdom,Repeat Customer,668,15,2-3 orders (Occasional),Lapsed (180d+),2010-01-01,15.0,279.07
17811,2010-09-20 11:24:00,2011-12-05 13:46:00,47,9513.1,202.41,United Kingdom,Repeat Customer,4,441,10+ orders (Champions),Active (0-90d),2010-09-01,3.0,227.01
17812,2010-06-27 13:34:00,2011-11-27 11:47:00,7,911.99,130.28,United Kingdom,Repeat Customer,12,517,4-9 orders (Regular),Active (0-90d),2010-06-01,105.0,101.4
17813,2011-09-29 15:57:00,2011-11-25 16:13:00,5,1698.07,339.61,United Kingdom,Repeat Customer,14,57,4-9 orders (Regular),Active (0-90d),2011-09-01,7.0,306.61
17814,2010-10-13 14:03:00,2010-11-29 14:21:00,2,1609.37,804.68,United Kingdom,Repeat Customer,375,47,2-3 orders (Occasional),Lapsed (180d+),2010-10-01,47.0,800.62
17815,2010-11-11 14:39:00,2010-11-11 14:39:00,1,591.96,591.96,United Kingdom,One-Time Customer,393,0,1 order (One-Time),Lapsed (180d+),2010-11-01,,591.96
17816,2009-12-15 15:27:00,2011-11-03 11:34:00,6,96.11,16.02,United Kingdom,Repeat Customer,36,687,4-9 orders (Regular),Active (0-90d),2009-12-01,65.0,24.63
17817,2010-10-13 15:07:00,2011-12-05 14:39:00,6,788.15,131.36,United Kingdom,Repeat Customer,4,417,4-9 orders (Regular),Active (0-90d),2010-10-01,7.0,104.15
17818,2009-12-02 11:34:00,2009-12-02 11:34:00,1,124.78,124.78,United Kingdom,One-Time Customer,737,0,1 order (One-Time),Lapsed (180d+),2009-12-01,,124.78
17819,2009-12-13 15:24:00,2011-09-29 10:52:00,12,6021.05,501.75,United Kingdom,Repeat Customer,71,654,10+ orders (Champions),Active (0-90d),2009-12-01,10.0,545.1
17820,2010-11-30 17:43:00,2010-11-30 17:43:00,1,180.61,180.61,United Kingdom,One-Time Customer,374,0,1 order (One-Time),Lapsed (180d+),2010-11-01,,180.61
17821,2010-10-29 13:20:00,2010-10-29 13:20:00,1,334.62,334.62,United Kingdom,One-Time Customer,406,0,1 order (One-Time),Lapsed (180d+),2010-10-01,,334.62
17822,2010-05-28 12:15:00,2010-10-15 13:47:00,5,2154.08,430.82,United Kingdom,Repeat Customer,420,140,4-9 orders (Regular),Lapsed (180d+),2010-05-01,0.0,183.53
17823,2010-10-14 16:14:00,2010-10-14 16:24:00,2,449.25,224.62,United Kingdom,Repeat Customer,421,0,2-3 orders (Occasional),Lapsed (180d+),2010-10-01,0.0,307.7
17824,2011-10-19 14:14:00,2011-10-19 14:14:00,1,298.4,298.4,United Kingdom,One-Time Customer,51,0,1 order (One-Time),Active (0-90d),2011-10-01,,298.4
17825,2009-12-14 12:09:00,2010-04-20 12:01:00,4,701.96,175.49,United Kingdom,Repeat Customer,598,126,4-9 orders (Regular),Lapsed (180d+),2009-12-01,0.0,318.85
17826,2010-11-30 13:23:00,2010-11-30 13:23:00,1,133.34,133.34,United Kingdom,One-Time Customer,374,0,1 order (One-Time),Lapsed (180d+),2010-11-01,,133.34
17827,2010-03-28 12:20:00,2011-12-04 15:00:00,6,2376.17,396.03,United Kingdom,Repeat Customer,5,616,4-9 orders (Regular),Active (0-90d),2010-03-01,256.0,388.84
17828,2011-06-08 08:31:00,2011-11-17 08:41:00,4,1165.09,291.27,Malta,Repeat Customer,22,162,4-9 orders (Regular),Active (0-90d),2011-06-01,14.0,673.16
17829,2010-02-22 15:39:00,2011-02-14 12:46:00,5,4756.74,951.35,United Arab Emirates,Repeat Customer,298,356,4-9 orders (Regular),Lapsed (180d+),2010-02-01,178.0,1310.3
17830,2011-02-24 10:15:00,2011-12-08 12:28:00,3,398.7,132.9,United Kingdom,Repeat Customer,1,287,2-3 orders (Occasional),Active (0-90d),2011-02-01,27.0,188.5
17831,2011-11-06 15:09:00,2011-11-06 15:09:00,1,35.4,35.4,United Kingdom,One-Time Customer,33,0,1 order (One-Time),Active (0-90d),2011-11-01,,35.4
17832,2011-10-21 11:43:00,2011-10-21 11:43:00,1,155.37,155.37,United Kingdom,One-Time Customer,49,0,1 order (One-Time),Active (0-90d),2011-10-01,,155.37
17833,2009-12-16 13:40:00,2009-12-16 13:40:00,1,338.46,338.46,United Kingdom,One-Time Customer,723,0,1 order (One-Time),Lapsed (180d+),2009-12-01,,338.46
17834,2010-09-20 15:32:00,2010-10-21 12:09:00,2,689.67,344.84,United Kingdom,Repeat Customer,414,30,2-3 orders (Occasional),Lapsed (180d+),2010-09-01,30.0,412.68
17835,2011-11-16 16:30:00,2011-12-07 11:48:00,3,342.24,114.08,United Kingdom,Repeat Customer,2,20,2-3 orders (Occasional),Active (0-90d),2011-11-01,13.0,109.84
17836,2011-10-23 16:13:00,2011-10-23 16:13:00,1,109.83,109.83,United Kingdom,One-Time Customer,47,0,1 order (One-Time),Active (0-90d),2011-10-01,,109.83
17837,2011-06-29 16:44:00,2011-10-28 16:13:00,8,1535.33,191.92,United Kingdom,Repeat Customer,42,120,4-9 orders (Regular),Active (0-90d),2011-06-01,8.0,113.9
17838,2010-03-19 09:53:00,2011-11-13 11:20:00,13,5604.64,431.13,United Kingdom,Repeat Customer,26,604,10+ orders (Champions),Active (0-90d),2010-03-01,0.0,430.72
17839,2011-10-28 17:27:00,2011-10-28 17:27:00,1,318.15,318.15,United Kingdom,One-Time Customer,42,0,1 order (One-Time),Active (0-90d),2011-10-01,,318.15
17840,2010-09-22 12:24:00,2010-09-22 12:24:00,1,175.9,175.9,United Kingdom,One-Time Customer,443,0,1 order (One-Time),Lapsed (180d+),2010-09-01,,175.9
17841,2009-12-02 15:41:00,2011-12-08 12:07:00,211,68519.95,324.74,United Kingdom,Repeat Customer,1,735,10+ orders (Champions),Active (0-90d),2009-12-01,1.0,525.71
17842,2010-04-16 14:23:00,2010-04-16 14:23:00,1,430.69,430.69,United Kingdom,One-Time Customer,602,0,1 order (One-Time),Lapsed (180d+),2010-04-01,,430.69
17843,2010-10-24 10:56:00,2011-02-09 15:33:00,2,312.65,156.32,United Kingdom,Repeat Customer,303,108,2-3 orders (Occasional),Lapsed (180d+),2010-10-01,108.0,114.92
17844,2011-08-25 11:27:00,2011-08-25 11:27:00,1,51.56,51.56,Canada,One-Time Customer,106,0,1 order (One-Time),At Risk (91-180d),2011-08-01,,51.56
17845,2010-05-12 13:04:00,2010-06-02 15:20:00,4,596.09,149.02,United Kingdom,Repeat Customer,555,21,4-9 orders (Regular),Lapsed (180d+),2010-05-01,0.0,309.45
17847,2010-03-04 12:57:00,2010-07-12 10:00:00,2,125.74,62.87,United Kingdom,Repeat Customer,515,129,2-3 orders (Occasional),Lapsed (180d+),2010-03-01,129.0,36.7
17848,2009-12-06 13:19:00,2011-09-19 16:49:00,30,3538.46,117.95,United Kingdom,Repeat Customer,81,652,10+ orders (Champions),Active (0-90d),2009-12-01,39.0,175.2
17849,2010-03-14 15:17:00,2011-05-05 13:46:00,8,1063.76,132.97,United Kingdom,Repeat Customer,218,416,4-9 orders (Regular),Lapsed (180d+),2010-03-01,0.0,111.18
17850,2009-12-05 12:28:00,2010-12-02 15:27:00,155,51208.87,330.38,United Kingdom,Repeat Customer,372,362,10+ orders (Champions),Lapsed (180d+),2009-12-01,0.0,502.54
17851,2009-12-03 17:46:00,2010-10-13 15:13:00,6,1552.35,258.72,United Kingdom,Repeat Customer,422,313,4-9 orders (Regular),Lapsed (180d+),2009-12-01,7.0,317.04
17852,2009-12-08 12:51:00,2011-11-28 12:36:00,5,657.81,131.56,United Kingdom,Repeat Customer,11,719,4-9 orders (Regular),Active (0-90d),2009-12-01,6.0,88.05
17853,2009-12-03 15:09:00,2010-10-28 15:29:00,3,1596.29,532.1,United Kingdom,Repeat Customer,407,329,2-3 orders (Occasional),Lapsed (180d+),2009-12-01,259.0,584.35
17854,2009-12-08 11:13:00,2011-06-07 16:21:00,6,1068.5,178.08,United Kingdom,Repeat Customer,185,546,4-9 orders (Regular),Lapsed (180d+),2009-12-01,217.0,135.94
17855,2010-12-02 09:44:00,2010-12-02 09:44:00,1,208.97,208.97,United Kingdom,One-Time Customer,372,0,1 order (One-Time),Lapsed (180d+),2010-12-01,,208.97
17856,2011-03-03 11:40:00,2011-12-08 09:40:00,4,1418.03,354.51,United Kingdom,Repeat Customer,1,279,4-9 orders (Regular),Active (0-90d),2011-03-01,16.0,482.81
17857,2010-03-08 12:09:00,2011-12-05 13:13:00,23,25769.54,1120.41,United Kingdom,Repeat Customer,4,637,10+ orders (Champions),Active (0-90d),2010-03-01,275.0,468.0
17858,2009-12-06 15:41:00,2011-12-04 11:56:00,30,12518.65,417.29,United Kingdom,Repeat Customer,5,727,10+ orders (Champions),Active (0-90d),2009-12-01,13.0,533.97
17859,2011-02-08 10:32:00,2011-02-08 10:32:00,1,141.92,141.92,United Kingdom,One-Time Customer,304,0,1 order (One-Time),Lapsed (180d+),2011-02-01,,141.92
17860,2009-12-11 16:48:00,2010-12-06 12:41:00,4,717.39,179.35,United Kingdom,Repeat Customer,368,359,4-9 orders (Regular),Lapsed (180d+),2009-12-01,0.0,100.55
17861,2009-12-10 11:27:00,2011-12-06 16:21:00,18,5088.29,282.68,United Kingdom,Repeat Customer,3,726,10+ orders (Champions),Active (0-90d),2009-12-01,26.0,328.99
17862,2010-05-25 17:22:00,2011-01-20 12:23:00,4,1254.89,313.72,United Kingdom,Repeat Customer,323,239,4-9 orders (Regular),Lapsed (180d+),2010-05-01,170.0,150.83
17863,2010-02-25 12:01:00,2011-10-11 13:45:00,12,5360.48,446.71,United Kingdom,Repeat Customer,59,593,10+ orders (Champions),Active (0-90d),2010-02-01,87.0,335.58
17864,2010-10-08 11:49:00,2011-11-27 11:15:00,5,876.57,175.31,United Kingdom,Repeat Customer,12,414,4-9 orders (Regular),Active (0-90d),2010-10-01,42.0,207.01
17865,2009-12-01 10:49:00,2011-11-09 12:08:00,46,26310.09,571.96,United Kingdom,Repeat Customer,30,708,10+ orders (Champions),Active (0-90d),2009-12-01,6.0,589.33
17866,2009-12-14 16:01:00,2011-07-20 11:07:00,3,1134.95,378.32,United Kingdom,Repeat Customer,142,582,2-3 orders (Occasional),At Risk (91-180d),2009-12-01,240.0,149.5
17867,2009-12-02 13:39:00,2011-11-09 14:15:00,14,1560.72,111.48,United Kingdom,Repeat Customer,30,707,10+ orders (Champions),Active (0-90d),2009-12-01,21.0,85.95
17868,2010-11-18 18:55:00,2010-11-18 18:55:00,1,227.15,227.15,United Kingdom,One-Time Customer,386,0,1 order (One-Time),Lapsed (180d+),2010-11-01,,227.15
17869,2010-06-10 13:47:00,2011-08-24 16:16:00,7,813.64,116.23,United Kingdom,Repeat Customer,107,440,4-9 orders (Regular),At Risk (91-180d),2010-06-01,77.0,155.19
17870,2010-11-23 11:39:00,2011-12-07 15:07:00,13,2753.29,211.79,United Kingdom,Repeat Customer,2,379,10+ orders (Champions),Active (0-90d),2010-11-01,14.0,887.4
17871,2010-01-15 14:48:00,2011-05-19 11:32:00,5,1068.95,213.79,United Kingdom,Repeat Customer,204,488,4-9 orders (Regular),Lapsed (180d+),2010-01-01,115.0,230.48
17872,2010-11-23 12:02:00,2010-11-23 12:02:00,1,235.87,235.87,United Kingdom,One-Time Customer,381,0,1 order (One-Time),Lapsed (180d+),2010-11-01,,235.87
17873,2009-12-16 15:11:00,2011-09-20 16:41:00,18,6135.95,340.89,United Kingdom,Repeat Customer,80,643,10+ orders (Champions),Active (0-90d),2009-12-01,0.0,542.36
17874,2011-03-29 11:25:00,2011-06-07 12:54:00,6,683.46,113.91,United Kingdom,Repeat Customer,185,70,4-9 orders (Regular),Lapsed (180d+),2011-03-01,30.0,65.16
17875,2010-01-20 15:30:00,2010-01-20 15:30:00,1,167.1,167.1,United Kingdom,One-Time Customer,688,0,1 order (One-Time),Lapsed (180d+),2010-01-01,,167.1
17876,2010-02-02 13:00:00,2010-11-05 10:52:00,3,3424.02,1141.34,United Kingdom,Repeat Customer,399,275,2-3 orders (Occasional),Lapsed (180d+),2010-02-01,72.0,777.4
17877,2011-06-22 13:00:00,2011-06-22 13:00:00,1,237.61,237.61,United Kingdom,One-Time Customer,170,0,1 order (One-Time),At Risk (91-180d),2011-06-01,,237.61
17878,2010-11-09 13:50:00,2011-10-27 11:24:00,3,1378.93,459.64,United Kingdom,Repeat Customer,43,351,2-3 orders (Occasional),Active (0-90d),2010-11-01,0.0,969.48
17879,2011-06-19 12:36:00,2011-06-19 12:36:00,1,178.52,178.52,United Kingdom,One-Time Customer,173,0,1 order (One-Time),At Risk (91-180d),2011-06-01,,178.52
17880,2009-12-09 16:13:00,2010-12-10 10:21:00,3,824.92,274.97,United Kingdom,Repeat Customer,364,365,2-3 orders (Occasional),Lapsed (180d+),2009-12-01,90.0,171.6
17881,2011-02-08 17:16:00,2011-02-08 17:16:00,1,133.35,133.35,United Kingdom,One-Time Customer,304,0,1 order (One-Time),Lapsed (180d+),2011-02-01,,133.35
17882,2010-11-25 14:35:00,2010-11-25 14:40:00,2,291.56,145.78,United Kingdom,Repeat Customer,379,0,2-3 orders (Occasional),Lapsed (180d+),2010-11-01,0.0,155.7
17883,2010-02-25 20:07:00,2011-12-06 17:49:00,7,988.42,141.2,United Kingdom,Repeat Customer,3,648,4-9 orders (Regular),Active (0-90d),2010-02-01,112.0,168.48
17884,2009-12-04 16:23:00,2011-12-06 11:33:00,20,2693.47,134.67,United Kingdom,Repeat Customer,3,731,10+ orders (Champions),Active (0-90d),2009-12-01,0.0,32.25
17885,2011-11-27 14:40:00,2011-11-27 14:40:00,1,156.34,156.34,United Kingdom,One-Time Customer,12,0,1 order (One-Time),Active (0-90d),2011-11-01,,156.34
17886,2010-04-29 11:10:00,2011-11-08 10:09:00,6,1572.55,262.09,United Kingdom,Repeat Customer,31,557,4-9 orders (Regular),Active (0-90d),2010-04-01,119.0,144.2
17887,2011-08-02 17:29:00,2011-08-02 17:29:00,1,111.35,111.35,United Kingdom,One-Time Customer,129,0,1 order (One-Time),At Risk (91-180d),2011-08-01,,111.35
17888,2009-12-21 16:34:00,2011-11-18 13:45:00,25,1807.44,72.3,United Kingdom,Repeat Customer,21,696,10+ orders (Champions),Active (0-90d),2009-12-01,31.0,63.25
17889,2010-03-31 10:54:00,2011-05-11 16:26:00,7,746.42,106.63,United Kingdom,Repeat Customer,212,406,4-9 orders (Regular),Lapsed (180d+),2010-03-01,229.0,16.44
17890,2010-12-13 15:12:00,2011-01-21 11:19:00,2,586.89,293.44,United Kingdom,Repeat Customer,322,38,2-3 orders (Occasional),Lapsed (180d+),2010-12-01,38.0,463.01
17891,2011-06-30 20:08:00,2011-06-30 20:08:00,1,203.86,203.86,United Kingdom,One-Time Customer,162,0,1 order (One-Time),At Risk (91-180d),2011-06-01,,203.86
17892,2011-07-07 12:56:00,2011-10-14 16:49:00,3,244.1,81.37,United Kingdom,Repeat Customer,56,99,2-3 orders (Occasional),Active (0-90d),2011-07-01,98.0,142.1
17893,2011-04-28 13:50:00,2011-04-28 13:50:00,1,107.21,107.21,United Kingdom,One-Time Customer,225,0,1 order (One-Time),Lapsed (180d+),2011-04-01,,107.21
17894,2010-08-27 14:13:00,2011-09-29 09:23:00,18,2304.16,128.01,United Kingdom,Repeat Customer,71,397,10+ orders (Champions),Active (0-90d),2010-08-01,39.0,132.34
17895,2011-10-26 17:00:00,2011-10-26 17:00:00,1,95.45,95.45,United Kingdom,One-Time Customer,44,0,1 order (One-Time),Active (0-90d),2011-10-01,,95.45
17896,2011-11-16 13:59:00,2011-11-16 13:59:00,1,256.32,256.32,United Kingdom,One-Time Customer,23,0,1 order (One-Time),Active (0-90d),2011-11-01,,256.32
17897,2010-05-12 16:03:00,2011-06-20 11:23:00,9,2053.04,228.12,United Kingdom,Repeat Customer,172,403,4-9 orders (Regular),At Risk (91-180d),2010-05-01,6.0,220.74
17898,2010-05-21 17:22:00,2011-09-15 14:56:00,4,299.18,74.8,United Kingdom,Repeat Customer,85,481,4-9 orders (Regular),Active (0-90d),2010-05-01,114.0,114.88
17899,2011-07-03 14:58:00,2011-07-03 14:58:00,1,154.55,154.55,United Kingdom,One-Time Customer,159,0,1 order (One-Time),At Risk (91-180d),2011-07-01,,154.55
17900,2011-06-02 14:28:00,2011-06-02 14:38:00,2,112.2,56.1,United Kingdom,Repeat Customer,190,0,2-3 orders (Occasional),Lapsed (180d+),2011-06-01,0.0,79.8
17901,2010-07-06 10:54:00,2011-11-10 17:29:00,3,260.08,86.69,United Kingdom,Repeat Customer,29,492,2-3 orders (Occasional),Active (0-90d),2010-07-01,0.0,119.7
17902,2010-06-11 12:25:00,2010-06-11 12:25:00,1,216.4,216.4,United Kingdom,One-Time Customer,546,0,1 order (One-Time),Lapsed (180d+),2010-06-01,,216.4
17903,2010-11-10 15:39:00,2010-11-10 15:39:00,1,381.09,381.09,United Kingdom,One-Time Customer,394,0,1 order (One-Time),Lapsed (180d+),2010-11-01,,381.09
17904,2011-11-18 12:57:00,2011-11-18 12:57:00,1,181.07,181.07,United Kingdom,One-Time Customer,21,0,1 order (One-Time),Active (0-90d),2011-11-01,,181.07
17905,2010-01-28 17:54:00,2011-09-29 17:33:00,13,2168.37,166.8,United Kingdom,Repeat Customer,71,608,10+ orders (Champions),Active (0-90d),2010-01-01,0.0,171.33
17906,2011-04-06 17:25:00,2011-04-06 17:25:00,1,72.9,72.9,United Kingdom,One-Time Customer,247,0,1 order (One-Time),Lapsed (180d+),2011-04-01,,72.9
17907,2010-03-09 12:33:00,2010-03-09 12:33:00,1,291.76,291.76,United Kingdom,One-Time Customer,640,0,1 order (One-Time),Lapsed (180d+),2010-03-01,,291.76
17908,2009-12-14 12:24:00,2010-12-01 11:45:00,5,1142.47,228.49,United Kingdom,Repeat Customer,373,351,4-9 orders (Regular),Lapsed (180d+),2009-12-01,126.0,398.96
17909,2009-12-02 13:10:00,2009-12-02 13:10:00,1,110.05,110.05,United Kingdom,One-Time Customer,737,0,1 order (One-Time),Lapsed (180d+),2009-12-01,,110.05
17910,2009-12-13 16:04:00,2009-12-13 16:04:00,1,261.7,261.7,United Kingdom,One-Time Customer,726,0,1 order (One-Time),Lapsed (180d+),2009-12-01,,261.7
17911,2011-11-30 14:52:00,2011-11-30 14:52:00,1,366.23,366.23,United Kingdom,One-Time Customer,9,0,1 order (One-Time),Active (0-90d),2011-11-01,,366.23
17912,2010-11-29 13:53:00,2011-02-02 14:25:00,6,371.6,61.93,United Kingdom,Repeat Customer,310,65,4-9 orders (Regular),Lapsed (180d+),2010-11-01,10.0,61.54
17913,2009-12-03 13:02:00,2011-10-12 10:45:00,14,3425.09,244.65,United Kingdom,Repeat Customer,58,677,10+ orders (Champions),Active (0-90d),2009-12-01,0.0,263.85
17914,2011-12-06 11:58:00,2011-12-06 11:58:00,1,329.36,329.36,United Kingdom,One-Time Customer,3,0,1 order (One-Time),Active (0-90d),2011-12-01,,329.36
17915,2010-06-06 13:22:00,2010-06-06 13:22:00,1,225.78,225.78,United Kingdom,One-Time Customer,551,0,1 order (One-Time),Lapsed (180d+),2010-06-01,,225.78
17916,2009-12-06 14:10:00,2010-03-21 12:26:00,2,43.87,21.94,United Kingdom,Repeat Customer,628,104,2-3 orders (Occasional),Lapsed (180d+),2009-12-01,104.0,25.46
17917,2010-12-12 12:08:00,2011-10-25 13:20:00,3,335.03,111.68,United Kingdom,Repeat Customer,45,317,2-3 orders (Occasional),Active (0-90d),2010-12-01,106.0,107.16
17918,2010-07-22 14:20:00,2010-07-27 11:51:00,3,388.44,129.48,United Kingdom,Repeat Customer,500,4,2-3 orders (Occasional),Lapsed (180d+),2010-07-01,4.0,117.98
17919,2010-09-27 10:40:00,2011-09-12 13:41:00,2,1840.32,920.16,United Kingdom,Repeat Customer,88,350,2-3 orders (Occasional),Active (0-90d),2010-09-01,350.0,536.28
17920,2009-12-06 10:37:00,2011-12-05 14:29:00,54,23569.88,436.48,United Kingdom,Repeat Customer,4,729,10+ orders (Champions),Active (0-90d),2009-12-01,0.0,567.71
17921,2010-07-15 20:05:00,2011-10-06 18:56:00,10,2394.36,239.44,United Kingdom,Repeat Customer,64,447,10+ orders (Champions),Active (0-90d),2010-07-01,13.0,165.6
17922,2010-06-14 16:32:00,2010-06-14 16:32:00,1,170.4,170.4,United Kingdom,One-Time Customer,543,0,1 order (One-Time),Lapsed (180d+),2010-06-01,,170.4
17923,2010-06-13 13:58:00,2011-03-02 15:15:00,3,497.0,165.67,United Kingdom,Repeat Customer,282,262,2-3 orders (Occasional),Lapsed (180d+),2010-06-01,16.0,187.5
17924,2010-10-21 12:17:00,2011-11-28 09:11:00,8,3257.7,407.21,United Kingdom,Repeat Customer,11,402,4-9 orders (Regular),Active (0-90d),2010-10-01,40.0,295.2
17925,2010-12-02 10:10:00,2010-12-02 10:10:00,1,244.08,244.08,United Kingdom,One-Time Customer,372,0,1 order (One-Time),Lapsed (180d+),2010-12-01,,244.08
17926,2010-05-09 14:07:00,2011-07-29 14:39:00,5,1035.49,207.1,United Kingdom,Repeat Customer,133,446,4-9 orders (Regular),At Risk (91-180d),2010-05-01,114.0,178.3
17927,2009-12-18 11:03:00,2009-12-18 11:03:00,1,294.0,294.0,United Kingdom,One-Time Customer,721,0,1 order (One-Time),Lapsed (180d+),2009-12-01,,294.0
17928,2010-05-17 15:30:00,2011-10-25 13:52:00,3,313.16,104.39,United Kingdom,Repeat Customer,45,525,2-3 orders (Occasional),Active (0-90d),2010-05-01,325.0,128.7
17929,2009-12-09 11:40:00,2011-11-28 16:01:00,12,3082.1,256.84,United Kingdom,Repeat Customer,11,719,10+ orders (Champions),Active (0-90d),2009-12-01,81.0,392.4
17930,2010-03-04 10:41:00,2011-11-04 10:23:00,13,4275.22,328.86,United Kingdom,Repeat Customer,35,609,10+ orders (Champions),Active (0-90d),2010-03-01,14.0,243.36
17931,2010-02-16 15:47:00,2011-07-28 18:33:00,14,3402.24,243.02,United Kingdom,Repeat Customer,134,527,10+ orders (Champions),At Risk (91-180d),2010-02-01,16.0,357.39
17932,2011-05-12 13:58:00,2011-11-10 19:49:00,3,1331.57,443.86,United Kingdom,Repeat Customer,29,182,2-3 orders (Occasional),Active (0-90d),2011-05-01,37.0,589.01
17933,2010-03-17 15:11:00,2010-03-17 15:11:00,1,105.99,105.99,United Kingdom,One-Time Customer,632,0,1 order (One-Time),Lapsed (180d+),2010-03-01,,105.99
17934,2010-10-29 12:23:00,2011-10-19 11:16:00,3,1049.15,349.72,United Kingdom,Repeat Customer,51,354,2-3 orders (Occasional),Active (0-90d),2010-10-01,347.0,344.9
17935,2009-12-04 14:33:00,2011-07-24 13:18:00,7,683.24,97.61,United Kingdom,Repeat Customer,138,596,4-9 orders (Regular),At Risk (91-180d),2009-12-01,109.0,106.25
17936,2011-12-04 13:32:00,2011-12-04 13:32:00,1,380.13,380.13,United Kingdom,One-Time Customer,5,0,1 order (One-Time),Active (0-90d),2011-12-01,,380.13
17937,2010-12-12 14:43:00,2011-12-01 11:45:00,7,4301.22,614.46,United Kingdom,Repeat Customer,8,353,4-9 orders (Regular),Active (0-90d),2010-12-01,1.0,1393.56
17938,2010-10-15 14:27:00,2010-10-15 14:27:00,1,144.29,144.29,United Kingdom,One-Time Customer,420,0,1 order (One-Time),Lapsed (180d+),2010-10-01,,144.29
17939,2011-07-03 12:27:00,2011-07-03 12:27:00,1,99.14,99.14,United Kingdom,One-Time Customer,159,0,1 order (One-Time),At Risk (91-180d),2011-07-01,,99.14
17940,2009-12-03 12:31:00,2011-10-21 13:27:00,14,28389.58,2027.83,United Kingdom,Repeat Customer,49,687,10+ orders (Champions),Active (0-90d),2009-12-01,110.0,4380.0
17941,2010-01-06 15:37:00,2011-08-01 08:30:00,4,1433.28,358.32,United Kingdom,Repeat Customer,130,571,4-9 orders (Regular),At Risk (91-180d),2010-01-01,43.0,414.72
17942,2011-12-02 10:45:00,2011-12-02 10:45:00,1,77.5,77.5,United Kingdom,One-Time Customer,7,0,1 order (One-Time),Active (0-90d),2011-12-01,,77.5
17944,2010-10-12 16:25:00,2010-10-12 16:25:00,1,74.99,74.99,United Kingdom,One-Time Customer,423,0,1 order (One-Time),Lapsed (180d+),2010-10-01,,74.99
17945,2010-01-12 11:33:00,2010-01-12 11:40:00,3,359.5,119.83,United Kingdom,Repeat Customer,696,0,2-3 orders (Occasional),Lapsed (180d+),2010-01-01,0.0,137.7
17946,2011-03-25 14:34:00,2011-04-20 17:00:00,2,149.58,74.79,United Kingdom,Repeat Customer,233,26,2-3 orders (Occasional),Lapsed (180d+),2011-03-01,26.0,17.55
17947,2011-11-02 13:05:00,2011-11-02 13:05:00,1,176.68,176.68,United Kingdom,One-Time Customer,37,0,1 order (One-Time),Active (0-90d),2011-11-01,,176.68
17948,2011-07-15 12:58:00,2011-07-15 12:58:00,1,358.56,358.56,United Kingdom,One-Time Customer,147,0,1 order (One-Time),At Risk (91-180d),2011-07-01,,358.56
17949,2009-12-02 11:07:00,2011-12-08 18:46:00,116,107833.48,929.6,United Kingdom,Repeat Customer,1,736,10+ orders (Champions),Active (0-90d),2009-12-01,0.0,216.0
17950,2010-01-04 17:39:00,2011-09-28 15:18:00,7,1166.29,166.61,United Kingdom,Repeat Customer,72,631,4-9 orders (Regular),Active (0-90d),2010-01-01,134.0,131.95
17951,2010-10-31 15:15:00,2011-10-31 12:30:00,4,1340.58,335.14,United Kingdom,Repeat Customer,39,364,4-9 orders (Regular),Active (0-90d),2010-10-01,30.0,332.04
17952,2010-06-16 11:54:00,2010-11-26 13:54:00,4,788.46,197.11,United Kingdom,Repeat Customer,378,163,4-9 orders (Regular),Lapsed (180d+),2010-06-01,0.0,250.06
17953,2010-06-17 15:08:00,2010-06-17 15:08:00,1,148.67,148.67,United Kingdom,One-Time Customer,540,0,1 order (One-Time),Lapsed (180d+),2010-06-01,,148.67
17954,2009-12-09 13:22:00,2011-12-04 14:15:00,19,3801.83,200.1,United Kingdom,Repeat Customer,5,725,10+ orders (Champions),Active (0-90d),2009-12-01,6.0,322.98
17955,2010-02-12 16:27:00,2011-05-25 12:00:00,6,949.9,158.32,United Kingdom,Repeat Customer,198,466,4-9 orders (Regular),Lapsed (180d+),2010-02-01,9.0,25.0
17956,2011-04-04 13:47:00,2011-04-04 13:47:00,1,12.75,12.75,United Kingdom,One-Time Customer,249,0,1 order (One-Time),Lapsed (180d+),2011-04-01,,12.75
17957,2011-10-04 14:58:00,2011-10-04 14:58:00,1,110.72,110.72,United Kingdom,One-Time Customer,66,0,1 order (One-Time),Active (0-90d),2011-10-01,,110.72
17958,2009-12-11 15:37:00,2011-08-15 12:19:00,2,973.88,486.94,United Kingdom,Repeat Customer,116,611,2-3 orders (Occasional),At Risk (91-180d),2009-12-01,611.0,465.42
17959,2010-04-26 14:12:00,2010-04-26 14:12:00,1,140.75,140.75,United Kingdom,One-Time Customer,592,0,1 order (One-Time),Lapsed (180d+),2010-04-01,,140.75
17960,2010-03-08 12:22:00,2011-06-21 14:15:00,3,135.08,45.03,United Kingdom,Repeat Customer,171,470,2-3 orders (Occasional),At Risk (91-180d),2010-03-01,118.0,10.9
17961,2009-12-01 14:48:00,2011-11-18 16:55:00,100,2866.74,28.67,United Kingdom,Repeat Customer,21,717,10+ orders (Champions),Active (0-90d),2009-12-01,3.0,2.1
17962,2010-01-13 15:24:00,2011-07-20 14:16:00,4,665.91,166.48,United Kingdom,Repeat Customer,142,552,4-9 orders (Regular),At Risk (91-180d),2010-01-01,146.0,366.23
17963,2010-01-19 17:25:00,2010-08-25 15:58:00,4,643.16,160.79,United Kingdom,Repeat Customer,471,217,4-9 orders (Regular),Lapsed (180d+),2010-01-01,142.0,171.17
17964,2010-12-02 13:32:00,2011-11-08 10:44:00,2,463.21,231.6,United Kingdom,Repeat Customer,31,340,2-3 orders (Occasional),Active (0-90d),2010-12-01,340.0,261.76
17965,2009-12-14 13:19:00,2011-11-02 09:31:00,29,7002.9,241.48,United Kingdom,Repeat Customer,37,687,10+ orders (Champions),Active (0-90d),2009-12-01,23.0,266.98
17966,2010-01-18 13:24:00,2011-11-02 10:26:00,10,1963.92,196.39,United Kingdom,Repeat Customer,37,652,10+ orders (Champions),Active (0-90d),2010-01-01,0.0,370.02
17967,2010-10-19 13:19:00,2010-12-03 11:19:00,2,223.42,111.71,United Kingdom,Repeat Customer,371,44,2-3 orders (Occasional),Lapsed (180d+),2010-10-01,44.0,111.15
17968,2010-07-15 15:01:00,2010-12-01 12:23:00,4,590.44,147.61,United Kingdom,Repeat Customer,373,138,4-9 orders (Regular),Lapsed (180d+),2010-07-01,123.0,128.54
17969,2009-12-06 13:53:00,2011-06-26 13:00:00,20,2354.29,117.71,United Kingdom,Repeat Customer,166,566,10+ orders (Champions),At Risk (91-180d),2009-12-01,7.0,101.4
17970,2011-05-12 20:03:00,2011-05-12 20:03:00,1,562.79,562.79,United Kingdom,One-Time Customer,211,0,1 order (One-Time),Lapsed (180d+),2011-05-01,,562.79
17971,2010-06-09 14:04:00,2010-06-09 14:04:00,1,161.94,161.94,United Kingdom,One-Time Customer,548,0,1 order (One-Time),Lapsed (180d+),2010-06-01,,161.94
17972,2011-04-12 12:16:00,2011-04-12 12:16:00,1,135.19,135.19,United Kingdom,One-Time Customer,241,0,1 order (One-Time),Lapsed (180d+),2011-04-01,,135.19
17973,2011-10-19 10:34:00,2011-10-19 10:34:00,1,337.04,337.04,United Kingdom,One-Time Customer,51,0,1 order (One-Time),Active (0-90d),2011-10-01,,337.04
17974,2010-10-28 20:03:00,2011-11-15 11:37:00,6,1739.09,289.85,United Kingdom,Repeat Customer,24,382,4-9 orders (Regular),Active (0-90d),2010-10-01,12.0,207.25
17975,2010-08-06 11:24:00,2011-11-24 13:27:00,24,6693.03,278.88,United Kingdom,Repeat Customer,15,475,10+ orders (Champions),Active (0-90d),2010-08-01,31.0,108.6
17976,2010-12-02 13:49:00,2010-12-02 13:49:00,1,321.79,321.79,United Kingdom,One-Time Customer,372,0,1 order (One-Time),Lapsed (180d+),2010-12-01,,321.79
17977,2010-11-04 14:26:00,2011-11-10 13:28:00,2,1511.45,755.72,United Kingdom,Repeat Customer,29,370,2-3 orders (Occasional),Active (0-90d),2010-11-01,370.0,1223.31
17978,2009-12-08 13:27:00,2010-12-09 14:05:00,4,1159.99,290.0,United Kingdom,Repeat Customer,365,366,4-9 orders (Regular),Lapsed (180d+),2009-12-01,34.0,123.1
17979,2011-03-25 11:34:00,2011-11-04 12:05:00,4,729.01,182.25,United Kingdom,Repeat Customer,35,224,4-9 orders (Regular),Active (0-90d),2011-03-01,0.0,221.77
17980,2010-11-11 14:42:00,2011-06-27 12:01:00,4,1012.72,253.18,United Kingdom,Repeat Customer,165,227,4-9 orders (Regular),At Risk (91-180d),2010-11-01,34.0,201.27
17981,2010-10-25 10:40:00,2010-10-25 10:40:00,1,239.12,239.12,United Kingdom,One-Time Customer,410,0,1 order (One-Time),Lapsed (180d+),2010-10-01,,239.12
17982,2010-01-28 09:38:00,2010-01-28 09:38:00,1,138.18,138.18,United Kingdom,One-Time Customer,680,0,1 order (One-Time),Lapsed (180d+),2010-01-01,,138.18
17983,2010-11-09 13:23:00,2010-11-09 13:23:00,1,171.71,171.71,United Kingdom,One-Time Customer,395,0,1 order (One-Time),Lapsed (180d+),2010-11-01,,171.71
17984,2009-12-01 11:51:00,2011-07-17 15:59:00,5,1148.69,229.74,United Kingdom,Repeat Customer,145,593,4-9 orders (Regular),At Risk (91-180d),2009-12-01,243.0,212.63
17985,2011-11-17 14:24:00,2011-11-17 14:24:00,1,631.35,631.35,United Kingdom,One-Time Customer,22,0,1 order (One-Time),Active (0-90d),2011-11-01,,631.35
17986,2011-10-14 14:22:00,2011-10-14 14:22:00,1,20.8,20.8,United Kingdom,One-Time Customer,56,0,1 order (One-Time),Active (0-90d),2011-10-01,,20.8
17987,2010-06-07 11:23:00,2011-06-07 14:22:00,5,965.44,193.09,United Kingdom,Repeat Customer,185,365,4-9 orders (Regular),Lapsed (180d+),2010-06-01,150.0,173.98
17988,2009-12-07 13:35:00,2011-11-28 11:00:00,13,485.69,37.36,United Kingdom,Repeat Customer,11,720,10+ orders (Champions),Active (0-90d),2009-12-01,0.0,164.75
17989,2010-11-25 13:49:00,2010-11-25 13:49:00,1,207.33,207.33,United Kingdom,One-Time Customer,379,0,1 order (One-Time),Lapsed (180d+),2010-11-01,,207.33
17990,2009-12-07 15:19:00,2011-04-17 11:44:00,6,1527.61,254.6,United Kingdom,Repeat Customer,236,495,4-9 orders (Regular),Lapsed (180d+),2009-12-01,190.0,332.7
17991,2010-04-27 12:46:00,2011-04-28 15:58:00,3,298.65,99.55,United Kingdom,Repeat Customer,225,366,2-3 orders (Occasional),Lapsed (180d+),2010-04-01,365.0,205.3
17992,2010-11-15 13:04:00,2010-11-15 13:04:00,1,252.88,252.88,United Kingdom,One-Time Customer,389,0,1 order (One-Time),Lapsed (180d+),2010-11-01,,252.88
17993,2010-04-01 14:23:00,2010-04-01 14:23:00,1,225.99,225.99,United Kingdom,One-Time Customer,617,0,1 order (One-Time),Lapsed (180d+),2010-04-01,,225.99
17994,2010-03-29 10:37:00,2011-08-10 11:41:00,11,2264.03,205.82,United Kingdom,Repeat Customer,121,499,10+ orders (Champions),At Risk (91-180d),2010-03-01,41.0,573.34
17995,2010-11-17 17:01:00,2011-03-03 12:30:00,3,495.48,165.16,United Kingdom,Repeat Customer,281,105,2-3 orders (Occasional),Lapsed (180d+),2010-11-01,4.0,333.13
17996,2010-06-11 11:48:00,2010-11-25 11:00:00,3,469.73,156.58,United Kingdom,Repeat Customer,379,166,2-3 orders (Occasional),Lapsed (180d+),2010-06-01,0.0,101.35
17997,2011-06-28 17:28:00,2011-09-26 16:13:00,8,1962.46,245.31,United Kingdom,Repeat Customer,74,89,4-9 orders (Regular),Active (0-90d),2011-06-01,7.0,322.53
17998,2009-12-01 13:07:00,2010-11-24 15:31:00,3,639.24,213.08,United Kingdom,Repeat Customer,380,358,2-3 orders (Occasional),Lapsed (180d+),2009-12-01,0.0,229.6
17999,2010-11-26 13:16:00,2011-11-02 15:56:00,3,528.46,176.15,United Kingdom,Repeat Customer,37,341,2-3 orders (Occasional),Active (0-90d),2010-11-01,12.0,148.07
18000,2010-05-24 17:34:00,2010-05-24 17:34:00,1,124.25,124.25,United Kingdom,One-Time Customer,564,0,1 order (One-Time),Lapsed (180d+),2010-05-01,,124.25
18001,2009-12-02 15:38:00,2011-11-27 16:02:00,6,924.14,154.02,United Kingdom,Repeat Customer,12,725,4-9 orders (Regular),Active (0-90d),2009-12-01,190.0,176.6
18002,2009-12-08 11:07:00,2010-11-29 10:57:00,4,237.62,59.4,United Kingdom,Repeat Customer,375,355,4-9 orders (Regular),Lapsed (180d+),2009-12-01,112.0,44.32
18003,2010-11-28 15:09:00,2010-11-28 15:09:00,1,353.51,353.51,United Kingdom,One-Time Customer,376,0,1 order (One-Time),Lapsed (180d+),2010-11-01,,353.51
18004,2010-12-12 13:47:00,2010-12-12 13:47:00,1,157.92,157.92,United Kingdom,One-Time Customer,362,0,1 order (One-Time),Lapsed (180d+),2010-12-01,,157.92
18005,2011-10-23 14:40:00,2011-12-06 11:51:00,2,226.47,113.24,United Kingdom,Repeat Customer,3,43,2-3 orders (Occasional),Active (0-90d),2011-10-01,43.0,132.07
18006,2009-12-17 12:27:00,2011-11-16 16:52:00,4,969.51,242.38,United Kingdom,Repeat Customer,23,699,4-9 orders (Regular),Active (0-90d),2009-12-01,105.0,53.55
18007,2010-11-12 11:08:00,2010-11-12 11:08:00,1,215.22,215.22,United Kingdom,One-Time Customer,392,0,1 order (One-Time),Lapsed (180d+),2010-11-01,,215.22
18008,2010-01-06 12:35:00,2011-09-30 15:17:00,23,19759.08,859.09,United Kingdom,Repeat Customer,70,632,10+ orders (Champions),Active (0-90d),2010-01-01,20.0,57.6
18009,2010-02-25 11:49:00,2011-04-18 13:36:00,8,2144.23,268.03,United Kingdom,Repeat Customer,235,417,4-9 orders (Regular),Lapsed (180d+),2010-02-01,26.0,252.26
18010,2011-03-28 12:27:00,2011-03-28 12:27:00,1,174.8,174.8,United Kingdom,One-Time Customer,256,0,1 order (One-Time),Lapsed (180d+),2011-03-01,,174.8
18011,2010-05-21 13:28:00,2010-12-01 17:35:00,2,410.79,205.4,United Kingdom,Repeat Customer,373,194,2-3 orders (Occasional),Lapsed (180d+),2010-05-01,194.0,308.0
18012,2009-12-16 13:16:00,2009-12-16 13:16:00,1,115.3,115.3,United Kingdom,One-Time Customer,723,0,1 order (One-Time),Lapsed (180d+),2009-12-01,,115.3
18013,2011-07-07 14:08:00,2011-07-07 14:11:00,2,187.29,93.65,United Kingdom,Repeat Customer,155,0,2-3 orders (Occasional),At Risk (91-180d),2011-07-01,0.0,177.21
18014,2011-11-11 15:28:00,2011-11-11 15:28:00,1,154.27,154.27,United Kingdom,One-Time Customer,28,0,1 order (One-Time),Active (0-90d),2011-11-01,,154.27
18015,2011-12-05 14:49:00,2011-12-05 14:49:00,1,120.03,120.03,United Kingdom,One-Time Customer,4,0,1 order (One-Time),Active (0-90d),2011-12-01,,120.03
18016,2010-01-27 16:00:00,2011-11-07 13:25:00,7,1954.56,279.22,United Kingdom,Repeat Customer,32,648,4-9 orders (Regular),Active (0-90d),2010-01-01,270.0,201.2
18017,2010-10-04 15:11:00,2011-09-19 16:15:00,4,688.0,172.0,United Kingdom,Repeat Customer,81,350,4-9 orders (Regular),Active (0-90d),2010-10-01,120.0,165.0
18018,2010-10-15 11:05:00,2011-08-23 17:37:00,4,297.99,74.5,United Kingdom,Repeat Customer,108,312,4-9 orders (Regular),At Risk (91-180d),2010-10-01,21.0,141.3
18019,2011-10-19 12:10:00,2011-10-19 12:10:00,1,38.45,38.45,United Kingdom,One-Time Customer,51,0,1 order (One-Time),Active (0-90d),2011-10-01,,38.45
18020,2010-06-14 12:31:00,2010-06-14 12:31:00,1,190.48,190.48,United Kingdom,One-Time Customer,543,0,1 order (One-Time),Lapsed (180d+),2010-06-01,,190.48
18021,2010-07-15 18:47:00,2010-07-18 10:52:00,2,216.41,108.2,United Kingdom,Repeat Customer,509,2,2-3 orders (Occasional),Lapsed (180d+),2010-07-01,2.0,100.0
18022,2010-06-11 13:59:00,2011-11-04 12:45:00,5,1506.62,301.32,United Kingdom,Repeat Customer,35,510,4-9 orders (Regular),Active (0-90d),2010-06-01,132.0,172.51
18024,2011-07-10 12:28:00,2011-07-10 12:40:00,2,389.78,194.89,United Kingdom,Repeat Customer,152,0,2-3 orders (Occasional),At Risk (91-180d),2011-07-01,0.0,337.58
18025,2010-03-30 17:33:00,2010-11-25 12:37:00,6,1177.72,196.29,United Kingdom,Repeat Customer,379,239,4-9 orders (Regular),Lapsed (180d+),2010-03-01,55.0,258.45
18026,2010-07-22 16:21:00,2010-07-27 10:37:00,2,2074.07,1037.04,United Kingdom,Repeat Customer,500,4,2-3 orders (Occasional),Lapsed (180d+),2010-07-01,4.0,745.42
18027,2011-09-02 10:38:00,2011-09-02 10:38:00,1,115.31,115.31,United Kingdom,One-Time Customer,98,0,1 order (One-Time),At Risk (91-180d),2011-09-01,,115.31
18028,2010-05-05 13:28:00,2010-05-05 13:28:00,1,192.05,192.05,United Kingdom,One-Time Customer,583,0,1 order (One-Time),Lapsed (180d+),2010-05-01,,192.05
18029,2010-03-07 15:30:00,2010-03-07 15:30:00,1,433.77,433.77,United Kingdom,One-Time Customer,642,0,1 order (One-Time),Lapsed (180d+),2010-03-01,,433.77
18030,2011-10-28 13:55:00,2011-12-05 16:37:00,2,230.65,115.32,United Kingdom,Repeat Customer,4,38,2-3 orders (Occasional),Active (0-90d),2011-10-01,38.0,121.1
18031,2010-11-26 11:00:00,2010-11-26 11:00:00,1,451.3,451.3,United Kingdom,One-Time Customer,378,0,1 order (One-Time),Lapsed (180d+),2010-11-01,,451.3
18032,2011-01-09 15:32:00,2011-01-09 15:32:00,1,73.5,73.5,United Kingdom,One-Time Customer,334,0,1 order (One-Time),Lapsed (180d+),2011-01-01,,73.5
18033,2011-10-05 17:28:00,2011-10-05 17:28:00,1,93.82,93.82,United Kingdom,One-Time Customer,65,0,1 order (One-Time),Active (0-90d),2011-10-01,,93.82
18034,2010-11-29 12:36:00,2011-11-18 12:22:00,3,753.35,251.12,United Kingdom,Repeat Customer,21,353,2-3 orders (Occasional),Active (0-90d),2010-11-01,353.0,334.67
18035,2010-11-19 13:42:00,2011-11-04 12:39:00,5,1260.23,252.05,United Kingdom,Repeat Customer,35,349,4-9 orders (Regular),Active (0-90d),2010-11-01,0.0,540.04
18036,2009-12-18 12:04:00,2011-11-07 14:40:00,11,1545.49,140.5,United Kingdom,Repeat Customer,32,689,10+ orders (Champions),Active (0-90d),2009-12-01,31.0,70.8
18037,2009-12-01 13:48:00,2011-07-08 13:39:00,15,167.42,11.16,United Kingdom,Repeat Customer,154,583,10+ orders (Champions),At Risk (91-180d),2009-12-01,16.0,21.95
18038,2010-06-01 15:59:00,2010-06-01 15:59:00,1,141.48,141.48,United Kingdom,One-Time Customer,556,0,1 order (One-Time),Lapsed (180d+),2010-06-01,,141.48
18039,2010-03-09 11:19:00,2010-11-30 13:07:00,4,548.22,137.06,United Kingdom,Repeat Customer,374,266,4-9 orders (Regular),Lapsed (180d+),2010-03-01,68.0,120.97
18040,2011-04-08 08:27:00,2011-11-20 14:20:00,2,357.2,178.6,United Kingdom,Repeat Customer,19,226,2-3 orders (Occasional),Active (0-90d),2011-04-01,226.0,239.0
18041,2010-01-14 10:04:00,2011-11-28 11:39:00,38,8018.77,211.02,United Kingdom,Repeat Customer,11,683,10+ orders (Champions),Active (0-90d),2010-01-01,4.0,520.24
18042,2010-06-16 10:53:00,2011-10-17 11:49:00,2,281.15,140.58,United Kingdom,Repeat Customer,53,488,2-3 orders (Occasional),Active (0-90d),2010-06-01,488.0,116.1
18043,2010-12-08 12:35:00,2011-11-15 12:48:00,3,529.29,176.43,United Kingdom,Repeat Customer,24,342,2-3 orders (Occasional),Active (0-90d),2010-12-01,160.0,287.91
18044,2010-05-28 15:31:00,2011-12-05 14:26:00,18,3505.61,194.76,United Kingdom,Repeat Customer,4,555,10+ orders (Champions),Active (0-90d),2010-05-01,18.0,53.86
18045,2011-10-25 13:07:00,2011-10-25 13:07:00,1,178.34,178.34,United Kingdom,One-Time Customer,45,0,1 order (One-Time),Active (0-90d),2011-10-01,,178.34
18046,2010-02-28 11:36:00,2010-02-28 11:36:00,1,189.63,189.63,United Kingdom,One-Time Customer,649,0,1 order (One-Time),Lapsed (180d+),2010-02-01,,189.63
18047,2010-11-23 12:57:00,2010-11-23 13:11:00,2,326.09,163.05,United Kingdom,Repeat Customer,381,0,2-3 orders (Occasional),Lapsed (180d+),2010-11-01,0.0,314.29
18048,2010-08-03 13:03:00,2011-05-20 14:58:00,3,394.93,131.64,United Kingdom,Repeat Customer,203,290,2-3 orders (Occasional),Lapsed (180d+),2010-08-01,290.0,222.64
18049,2010-04-28 13:24:00,2010-09-28 14:26:00,2,500.5,250.25,United Kingdom,Repeat Customer,437,153,2-3 orders (Occasional),Lapsed (180d+),2010-04-01,153.0,261.93
18050,2010-11-11 15:51:00,2010-12-15 14:25:00,2,412.06,206.03,United Kingdom,Repeat Customer,359,33,2-3 orders (Occasional),Lapsed (180d+),2010-11-01,33.0,337.66
18051,2009-12-09 12:17:00,2010-03-15 13:58:00,7,2282.28,326.04,United Kingdom,Repeat Customer,634,96,4-9 orders (Regular),Lapsed (180d+),2009-12-01,11.0,333.3
18052,2010-05-24 11:11:00,2010-05-24 11:11:00,1,10877.18,10877.18,United Kingdom,One-Time Customer,564,0,1 order (One-Time),Lapsed (180d+),2010-05-01,,10877.18
18053,2010-06-30 12:36:00,2011-09-30 09:05:00,3,571.07,190.36,United Kingdom,Repeat Customer,70,456,2-3 orders (Occasional),Active (0-90d),2010-06-01,1.0,241.2
18054,2010-11-12 08:18:00,2010-11-12 08:18:00,1,176.5,176.5,United Kingdom,One-Time Customer,392,0,1 order (One-Time),Lapsed (180d+),2010-11-01,,176.5
18055,2010-10-22 13:27:00,2011-12-02 14:25:00,14,10142.64,724.47,United Kingdom,Repeat Customer,7,406,10+ orders (Champions),Active (0-90d),2010-10-01,26.0,1391.51
18056,2010-03-31 12:29:00,2011-02-24 14:27:00,2,554.6,277.3,United Kingdom,Repeat Customer,288,330,2-3 orders (Occasional),Lapsed (180d+),2010-03-01,330.0,190.95
18057,2010-01-18 12:42:00,2010-11-11 16:55:00,3,1168.14,389.38,United Kingdom,Repeat Customer,393,297,2-3 orders (Occasional),Lapsed (180d+),2010-01-01,86.0,297.32
18058,2010-02-10 09:38:00,2011-11-30 08:38:00,3,774.06,258.02,United Kingdom,Repeat Customer,9,657,2-3 orders (Occasional),Active (0-90d),2010-02-01,126.0,301.2
18059,2011-10-03 09:30:00,2011-11-16 16:49:00,3,306.46,102.15,United Kingdom,Repeat Customer,23,44,2-3 orders (Occasional),Active (0-90d),2011-10-01,23.0,124.08
18060,2010-05-24 08:34:00,2010-10-27 16:41:00,2,1185.46,592.73,United Kingdom,Repeat Customer,408,156,2-3 orders (Occasional),Lapsed (180d+),2010-05-01,156.0,464.4
18061,2009-12-04 11:36:00,2011-11-18 11:20:00,28,6083.81,217.28,United Kingdom,Repeat Customer,21,713,10+ orders (Champions),Active (0-90d),2009-12-01,13.0,312.21
18062,2010-04-21 08:55:00,2011-06-19 14:47:00,6,1632.67,272.11,United Kingdom,Repeat Customer,173,424,4-9 orders (Regular),At Risk (91-180d),2010-04-01,189.0,422.75
18063,2010-03-16 13:05:00,2010-11-14 10:46:00,2,186.6,93.3,United Kingdom,Repeat Customer,390,242,2-3 orders (Occasional),Lapsed (180d+),2010-03-01,242.0,102.0
18064,2010-02-01 15:01:00,2011-07-29 16:39:00,11,4481.83,407.44,United Kingdom,Repeat Customer,133,543,10+ orders (Champions),At Risk (91-180d),2010-02-01,30.0,452.4
18065,2009-12-09 16:00:00,2011-12-04 10:30:00,28,5846.63,208.81,United Kingdom,Repeat Customer,5,724,10+ orders (Champions),Active (0-90d),2009-12-01,0.0,256.2
18066,2010-10-20 11:42:00,2011-09-25 15:30:00,3,1440.4,480.13,United Kingdom,Repeat Customer,75,340,2-3 orders (Occasional),Active (0-90d),2010-10-01,28.0,751.3
18067,2011-10-30 15:58:00,2011-10-30 15:58:00,1,396.33,396.33,United Kingdom,One-Time Customer,40,0,1 order (One-Time),Active (0-90d),2011-10-01,,396.33
18068,2011-02-23 14:50:00,2011-02-23 14:50:00,1,101.7,101.7,United Kingdom,One-Time Customer,289,0,1 order (One-Time),Lapsed (180d+),2011-02-01,,101.7
18069,2010-02-28 16:14:00,2011-11-13 16:03:00,11,4449.02,404.46,United Kingdom,Repeat Customer,26,622,10+ orders (Champions),Active (0-90d),2010-02-01,0.0,345.59
18070,2010-02-08 13:28:00,2010-02-08 13:28:00,1,314.1,314.1,United Kingdom,One-Time Customer,669,0,1 order (One-Time),Lapsed (180d+),2010-02-01,,314.1
18071,2009-12-05 10:31:00,2011-03-27 11:59:00,6,1169.68,194.95,United Kingdom,Repeat Customer,257,477,4-9 orders (Regular),Lapsed (180d+),2009-12-01,13.0,227.25
18072,2011-06-07 10:44:00,2011-06-07 10:44:00,1,247.44,247.44,United Kingdom,One-Time Customer,185,0,1 order (One-Time),Lapsed (180d+),2011-06-01,,247.44
18073,2011-05-26 19:38:00,2011-08-17 14:02:00,12,3859.82,321.65,United Kingdom,Repeat Customer,114,82,10+ orders (Champions),At Risk (91-180d),2011-05-01,0.0,63.0
18074,2010-07-22 10:31:00,2010-12-01 09:53:00,2,1019.44,509.72,United Kingdom,Repeat Customer,373,131,2-3 orders (Occasional),Lapsed (180d+),2010-07-01,131.0,529.84
18075,2010-07-29 11:47:00,2011-11-16 15:21:00,20,5783.29,289.16,United Kingdom,Repeat Customer,23,475,10+ orders (Champions),Active (0-90d),2010-07-01,41.0,627.62
18076,2010-11-24 14:02:00,2010-11-24 14:02:00,1,151.49,151.49,United Kingdom,One-Time Customer,380,0,1 order (One-Time),Lapsed (180d+),2010-11-01,,151.49
18077,2009-12-07 11:40:00,2011-12-01 13:32:00,18,4078.79,226.6,United Kingdom,Repeat Customer,8,724,10+ orders (Champions),Active (0-90d),2009-12-01,5.0,211.62
18078,2010-03-21 15:50:00,2011-05-06 14:32:00,4,725.53,181.38,United Kingdom,Repeat Customer,217,410,4-9 orders (Regular),Lapsed (180d+),2010-03-01,203.0,256.22
18079,2010-08-05 12:19:00,2011-10-25 15:27:00,5,4203.93,840.79,United Kingdom,Repeat Customer,45,446,4-9 orders (Regular),Active (0-90d),2010-08-01,252.0,590.78
18080,2011-04-11 10:10:00,2011-11-21 08:02:00,2,1231.5,615.75,United Kingdom,Repeat Customer,18,223,2-3 orders (Occasional),Active (0-90d),2011-04-01,223.0,841.5
18081,2011-07-29 11:56:00,2011-11-03 16:30:00,3,343.45,114.48,United Kingdom,Repeat Customer,36,97,2-3 orders (Occasional),Active (0-90d),2011-07-01,21.0,113.25
18082,2011-11-14 12:45:00,2011-11-14 12:45:00,1,680.84,680.84,United Kingdom,One-Time Customer,25,0,1 order (One-Time),Active (0-90d),2011-11-01,,680.84
18083,2010-11-07 11:44:00,2010-11-07 11:44:00,1,463.53,463.53,United Kingdom,One-Time Customer,397,0,1 order (One-Time),Lapsed (180d+),2010-11-01,,463.53
18084,2010-11-16 08:09:00,2011-11-23 13:57:00,3,795.23,265.08,United Kingdom,Repeat Customer,16,372,2-3 orders (Occasional),Active (0-90d),2010-11-01,5.0,616.25
18085,2010-03-21 11:57:00,2011-01-13 15:17:00,4,1341.85,335.46,United Kingdom,Repeat Customer,330,298,4-9 orders (Regular),Lapsed (180d+),2010-03-01,235.0,258.75
18086,2011-03-10 13:34:00,2011-03-10 13:34:00,1,101.34,101.34,United Kingdom,One-Time Customer,274,0,1 order (One-Time),Lapsed (180d+),2011-03-01,,101.34
18087,2009-12-01 09:43:00,2011-02-22 10:43:00,16,13908.72,869.3,United Kingdom,Repeat Customer,290,448,10+ orders (Champions),Lapsed (180d+),2009-12-01,0.0,50.4
18088,2011-10-09 13:41:00,2011-10-09 13:41:00,1,166.03,166.03,United Kingdom,One-Time Customer,61,0,1 order (One-Time),Active (0-90d),2011-10-01,,166.03
18089,2010-09-19 11:57:00,2010-09-19 11:57:00,1,428.45,428.45,United Kingdom,One-Time Customer,446,0,1 order (One-Time),Lapsed (180d+),2010-09-01,,428.45
18090,2010-10-14 12:32:00,2010-10-14 12:32:00,1,321.9,321.9,United Kingdom,One-Time Customer,421,0,1 order (One-Time),Lapsed (180d+),2010-10-01,,321.9
18091,2010-04-25 13:18:00,2010-04-25 13:18:00,1,360.85,360.85,United Kingdom,One-Time Customer,593,0,1 order (One-Time),Lapsed (180d+),2010-04-01,,360.85
18092,2009-12-04 12:37:00,2011-12-07 13:14:00,18,14693.72,816.32,United Kingdom,Repeat Customer,2,733,10+ orders (Champions),Active (0-90d),2009-12-01,17.0,1077.6
18093,2010-03-31 10:27:00,2011-09-07 15:43:00,8,4452.71,556.59,United Kingdom,Repeat Customer,93,525,4-9 orders (Regular),At Risk (91-180d),2010-03-01,22.0,349.2
18094,2010-01-07 11:16:00,2011-09-19 09:28:00,13,6391.52,491.66,United Kingdom,Repeat Customer,81,619,10+ orders (Champions),Active (0-90d),2010-01-01,120.0,854.72
18095,2010-04-19 14:09:00,2011-01-31 12:50:00,5,2303.09,460.62,United Kingdom,Repeat Customer,312,286,4-9 orders (Regular),Lapsed (180d+),2010-04-01,20.0,1021.04
18096,2010-07-14 14:30:00,2011-11-28 12:44:00,6,1638.16,273.03,United Kingdom,Repeat Customer,11,501,4-9 orders (Regular),Active (0-90d),2010-07-01,5.0,214.33
18097,2009-12-17 11:06:00,2011-12-02 11:16:00,11,4627.92,420.72,United Kingdom,Repeat Customer,7,715,10+ orders (Champions),Active (0-90d),2009-12-01,213.0,171.26
18098,2010-11-08 16:31:00,2010-11-08 16:31:00,1,527.94,527.94,United Kingdom,One-Time Customer,396,0,1 order (One-Time),Lapsed (180d+),2010-11-01,,527.94
18099,2011-08-04 15:52:00,2011-08-04 15:52:00,1,168.31,168.31,United Kingdom,One-Time Customer,127,0,1 order (One-Time),At Risk (91-180d),2011-08-01,,168.31
18100,2010-06-07 14:19:00,2010-06-07 14:19:00,1,451.56,451.56,United Kingdom,One-Time Customer,550,0,1 order (One-Time),Lapsed (180d+),2010-06-01,,451.56
18101,2010-02-03 13:52:00,2011-11-28 13:37:00,5,622.01,124.4,United Kingdom,Repeat Customer,11,662,4-9 orders (Regular),Active (0-90d),2010-02-01,286.0,112.5
18102,2009-12-01 09:24:00,2011-12-09 11:50:00,145,580987.04,4006.81,United Kingdom,Repeat Customer,0,738,10+ orders (Champions),Active (0-90d),2009-12-01,2.0,2286.24
18103,2010-06-08 13:36:00,2010-06-08 13:36:00,1,105.8,105.8,United Kingdom,One-Time Customer,549,0,1 order (One-Time),Lapsed (180d+),2010-06-01,,105.8
18104,2011-11-02 14:07:00,2011-11-02 14:07:00,1,754.64,754.64,United Kingdom,One-Time Customer,37,0,1 order (One-Time),Active (0-90d),2011-11-01,,754.64
18105,2011-11-02 12:04:00,2011-11-02 12:04:00,1,113.48,113.48,United Kingdom,One-Time Customer,37,0,1 order (One-Time),Active (0-90d),2011-11-01,,113.48
18106,2010-01-15 11:36:00,2011-01-14 12:23:00,6,1441.06,240.18,United Kingdom,Repeat Customer,329,364,4-9 orders (Regular),Lapsed (180d+),2010-01-01,0.0,244.19
18107,2010-09-23 13:03:00,2010-09-23 13:03:00,1,165.88,165.88,United Kingdom,One-Time Customer,442,0,1 order (One-Time),Lapsed (180d+),2010-09-01,,165.88
18108,2009-12-02 12:47:00,2011-03-30 13:56:00,3,848.81,282.94,United Kingdom,Repeat Customer,254,483,2-3 orders (Occasional),Lapsed (180d+),2009-12-01,140.0,493.25
18109,2010-07-01 12:13:00,2011-12-08 11:36:00,38,9555.71,251.47,United Kingdom,Repeat Customer,1,524,10+ orders (Champions),Active (0-90d),2010-07-01,46.0,221.3
18110,2010-10-24 14:21:00,2011-11-20 12:34:00,2,392.28,196.14,United Kingdom,Repeat Customer,19,391,2-3 orders (Occasional),Active (0-90d),2010-10-01,391.0,193.48
18111,2010-04-29 12:58:00,2010-04-29 12:58:00,1,405.85,405.85,United Kingdom,One-Time Customer,589,0,1 order (One-Time),Lapsed (180d+),2010-04-01,,405.85
18112,2010-06-06 12:40:00,2011-11-27 14:43:00,4,773.36,193.34,United Kingdom,Repeat Customer,12,539,4-9 orders (Regular),Active (0-90d),2010-06-01,133.0,152.0
18113,2010-12-06 12:31:00,2010-12-06 12:31:00,1,76.32,76.32,United Kingdom,One-Time Customer,368,0,1 order (One-Time),Lapsed (180d+),2010-12-01,,76.32
18114,2011-02-22 13:20:00,2011-02-22 13:20:00,1,220.1,220.1,United Kingdom,One-Time Customer,290,0,1 order (One-Time),Lapsed (180d+),2011-02-01,,220.1
18115,2010-01-11 11:57:00,2010-01-11 11:57:00,1,9.7,9.7,United Kingdom,One-Time Customer,697,0,1 order (One-Time),Lapsed (180d+),2010-01-01,,9.7
18116,2010-10-24 15:29:00,2011-10-03 11:00:00,13,2130.89,163.91,United Kingdom,Repeat Customer,67,343,10+ orders (Champions),Active (0-90d),2010-10-01,7.0,226.46
18117,2011-11-14 12:47:00,2011-11-14 12:47:00,1,314.4,314.4,United Kingdom,One-Time Customer,25,0,1 order (One-Time),Active (0-90d),2011-11-01,,314.4
18118,2010-11-23 13:36:00,2011-11-29 11:32:00,29,6218.62,214.44,United Kingdom,Repeat Customer,10,370,10+ orders (Champions),Active (0-90d),2010-11-01,2.0,127.65
18119,2010-12-07 11:59:00,2010-12-07 11:59:00,1,180.7,180.7,United Kingdom,One-Time Customer,367,0,1 order (One-Time),Lapsed (180d+),2010-12-01,,180.7
18120,2011-05-09 13:45:00,2011-05-09 13:45:00,1,111.15,111.15,United Kingdom,One-Time Customer,214,0,1 order (One-Time),Lapsed (180d+),2011-05-01,,111.15
18121,2011-07-08 12:14:00,2011-07-13 12:53:00,2,653.3,326.65,United Kingdom,Repeat Customer,149,5,2-3 orders (Occasional),At Risk (91-180d),2011-07-01,5.0,630.05
18122,2011-07-12 11:37:00,2011-12-01 13:08:00,6,1791.84,298.64,United Kingdom,Repeat Customer,8,142,4-9 orders (Regular),Active (0-90d),2011-07-01,66.0,119.19
18123,2010-07-14 12:47:00,2011-11-15 14:23:00,3,666.64,222.21,United Kingdom,Repeat Customer,24,489,2-3 orders (Occasional),Active (0-90d),2010-07-01,482.0,92.2
18124,2010-08-24 17:21:00,2010-08-24 17:21:00,1,102.65,102.65,United Kingdom,One-Time Customer,472,0,1 order (One-Time),Lapsed (180d+),2010-08-01,,102.65
18125,2011-01-27 15:02:00,2011-11-10 12:29:00,4,1131.75,282.94,United Kingdom,Repeat Customer,29,286,4-9 orders (Regular),Active (0-90d),2011-01-01,20.0,545.22
18126,2011-10-10 12:19:00,2011-10-10 12:19:00,1,198.58,198.58,United Kingdom,One-Time Customer,60,0,1 order (One-Time),Active (0-90d),2011-10-01,,198.58
18127,2010-11-01 13:56:00,2011-11-20 14:05:00,4,556.13,139.03,United Kingdom,Repeat Customer,19,384,4-9 orders (Regular),Active (0-90d),2010-11-01,269.0,209.05
18128,2010-06-20 13:19:00,2010-06-20 13:19:00,1,399.29,399.29,United Kingdom,One-Time Customer,537,0,1 order (One-Time),Lapsed (180d+),2010-06-01,,399.29
18129,2011-04-10 14:16:00,2011-04-10 14:16:00,1,112.55,112.55,United Kingdom,One-Time Customer,243,0,1 order (One-Time),Lapsed (180d+),2011-04-01,,112.55
18130,2011-10-13 15:58:00,2011-11-24 14:40:00,3,1059.39,353.13,United Kingdom,Repeat Customer,15,41,2-3 orders (Occasional),Active (0-90d),2011-10-01,28.0,313.86
18131,2010-03-18 08:48:00,2010-03-18 08:48:00,1,222.96,222.96,United Kingdom,One-Time Customer,631,0,1 order (One-Time),Lapsed (180d+),2010-03-01,,222.96
18132,2010-07-23 16:54:00,2010-07-23 16:54:00,1,220.13,220.13,United Kingdom,One-Time Customer,504,0,1 order (One-Time),Lapsed (180d+),2010-07-01,,220.13
18133,2011-05-11 14:14:00,2011-05-11 14:14:00,1,931.5,931.5,United Kingdom,One-Time Customer,212,0,1 order (One-Time),Lapsed (180d+),2011-05-01,,931.5
18134,2010-01-14 11:59:00,2010-04-20 14:02:00,2,445.0,222.5,United Kingdom,Repeat Customer,598,96,2-3 orders (Occasional),Lapsed (180d+),2010-01-01,96.0,302.15
18135,2010-03-15 13:55:00,2011-11-10 19:32:00,10,1249.62,124.96,United Kingdom,Repeat Customer,29,605,10+ orders (Champions),Active (0-90d),2010-03-01,43.0,190.9
18136,2010-09-14 15:50:00,2011-10-07 15:40:00,5,1631.36,326.27,United Kingdom,Repeat Customer,63,387,4-9 orders (Regular),Active (0-90d),2010-09-01,42.0,682.78
18137,2010-06-06 13:45:00,2010-06-06 14:18:00,2,145.99,73.0,United Kingdom,Repeat Customer,551,0,2-3 orders (Occasional),Lapsed (180d+),2010-06-01,0.0,137.59
18138,2011-02-17 14:51:00,2011-02-17 14:51:00,1,152.65,152.65,United Kingdom,One-Time Customer,295,0,1 order (One-Time),Lapsed (180d+),2011-02-01,,152.65
18139,2011-11-21 14:06:00,2011-11-22 10:44:00,6,8438.34,1406.39,United Kingdom,Repeat Customer,17,0,4-9 orders (Regular),Active (0-90d),2011-11-01,0.0,461.4
18140,2010-08-23 11:58:00,2010-08-23 11:58:00,1,536.41,536.41,West Indies,One-Time Customer,473,0,1 order (One-Time),Lapsed (180d+),2010-08-01,,536.41
18141,2010-04-29 15:32:00,2010-11-03 11:44:00,2,882.47,441.24,United Kingdom,Repeat Customer,401,187,2-3 orders (Occasional),Lapsed (180d+),2010-04-01,187.0,458.27
18142,2011-05-08 12:31:00,2011-07-05 13:19:00,2,1019.52,509.76,United Kingdom,Repeat Customer,157,58,2-3 orders (Occasional),At Risk (91-180d),2011-05-01,58.0,282.48
18143,2011-07-21 10:44:00,2011-08-15 12:07:00,2,1000.16,500.08,United Kingdom,Repeat Customer,116,25,2-3 orders (Occasional),At Risk (91-180d),2011-07-01,25.0,480.18
18144,2009-12-16 15:57:00,2011-12-02 12:46:00,19,4892.95,257.52,United Kingdom,Repeat Customer,7,715,10+ orders (Champions),Active (0-90d),2009-12-01,117.0,597.5
18145,2009-12-08 12:30:00,2011-11-27 11:22:00,11,5609.74,509.98,United Kingdom,Repeat Customer,12,718,10+ orders (Champions),Active (0-90d),2009-12-01,27.0,309.7
18146,2011-05-03 16:35:00,2011-07-22 12:08:00,2,160.35,80.18,United Kingdom,Repeat Customer,140,79,2-3 orders (Occasional),At Risk (91-180d),2011-05-01,79.0,76.65
18147,2011-08-23 12:22:00,2011-10-25 11:46:00,2,179.34,89.67,United Kingdom,Repeat Customer,45,62,2-3 orders (Occasional),Active (0-90d),2011-08-01,62.0,98.88
18148,2010-03-03 11:40:00,2010-03-03 11:40:00,1,112.85,112.85,United Kingdom,One-Time Customer,646,0,1 order (One-Time),Lapsed (180d+),2010-03-01,,112.85
18149,2010-03-14 12:41:00,2011-10-20 12:04:00,7,1553.96,221.99,United Kingdom,Repeat Customer,50,584,4-9 orders (Regular),Active (0-90d),2010-03-01,83.0,361.34
18150,2011-05-22 10:47:00,2011-11-07 16:49:00,3,566.58,188.86,United Kingdom,Repeat Customer,32,169,2-3 orders (Occasional),Active (0-90d),2011-05-01,61.0,227.58
18151,2010-03-04 10:47:00,2011-07-28 11:35:00,6,1879.44,313.24,United Kingdom,Repeat Customer,134,511,4-9 orders (Regular),At Risk (91-180d),2010-03-01,42.0,564.2
18152,2010-03-03 15:26:00,2010-03-03 15:26:00,1,426.69,426.69,United Kingdom,One-Time Customer,646,0,1 order (One-Time),Lapsed (180d+),2010-03-01,,426.69
18153,2010-02-18 15:50:00,2010-02-18 15:50:00,1,246.22,246.22,United Kingdom,One-Time Customer,659,0,1 order (One-Time),Lapsed (180d+),2010-02-01,,246.22
18154,2010-08-06 09:18:00,2011-12-06 16:41:00,5,932.6,186.52,United Kingdom,Repeat Customer,3,487,4-9 orders (Regular),Active (0-90d),2010-08-01,86.0,189.3
18155,2011-02-21 10:36:00,2011-09-25 13:32:00,3,371.62,123.87,United Kingdom,Repeat Customer,75,216,2-3 orders (Occasional),Active (0-90d),2011-02-01,121.0,113.93
18156,2010-12-05 12:29:00,2011-11-27 12:24:00,2,675.64,337.82,United Kingdom,Repeat Customer,12,356,2-3 orders (Occasional),Active (0-90d),2010-12-01,356.0,186.88
18157,2010-05-17 14:09:00,2010-05-17 14:09:00,1,213.9,213.9,United Kingdom,One-Time Customer,571,0,1 order (One-Time),Lapsed (180d+),2010-05-01,,213.9
18158,2011-09-12 09:03:00,2011-11-30 16:19:00,2,453.4,226.7,United Kingdom,Repeat Customer,9,79,2-3 orders (Occasional),Active (0-90d),2011-09-01,79.0,343.8
18159,2011-02-11 14:26:00,2011-02-11 14:26:00,1,530.15,530.15,United Kingdom,One-Time Customer,301,0,1 order (One-Time),Lapsed (180d+),2011-02-01,,530.15
18160,2010-11-18 16:33:00,2011-10-13 15:50:00,3,1003.88,334.63,United Kingdom,Repeat Customer,57,328,2-3 orders (Occasional),Active (0-90d),2010-11-01,185.0,365.82
18161,2010-11-25 15:55:00,2011-11-24 16:40:00,6,1803.1,300.52,United Kingdom,Repeat Customer,15,364,4-9 orders (Regular),Active (0-90d),2010-11-01,59.0,184.41
18162,2009-12-07 13:24:00,2009-12-07 13:24:00,1,371.51,371.51,United Kingdom,One-Time Customer,732,0,1 order (One-Time),Lapsed (180d+),2009-12-01,,371.51
18163,2010-05-04 14:51:00,2010-05-04 14:51:00,1,728.84,728.84,United Kingdom,One-Time Customer,584,0,1 order (One-Time),Lapsed (180d+),2010-05-01,,728.84
18164,2011-11-02 12:56:00,2011-11-02 12:56:00,1,399.65,399.65,United Kingdom,One-Time Customer,37,0,1 order (One-Time),Active (0-90d),2011-11-01,,399.65
18165,2011-06-15 13:23:00,2011-06-15 13:23:00,1,302.46,302.46,United Kingdom,One-Time Customer,177,0,1 order (One-Time),At Risk (91-180d),2011-06-01,,302.46
18166,2010-03-26 12:26:00,2010-03-26 12:26:00,1,175.5,175.5,United Kingdom,One-Time Customer,623,0,1 order (One-Time),Lapsed (180d+),2010-03-01,,175.5
18167,2011-08-26 11:40:00,2011-11-16 15:56:00,3,1384.86,461.62,United Kingdom,Repeat Customer,23,82,2-3 orders (Occasional),Active (0-90d),2011-08-01,70.0,498.48
18168,2009-12-03 17:29:00,2011-06-16 19:21:00,16,3435.5,214.72,United Kingdom,Repeat Customer,176,560,10+ orders (Champions),At Risk (91-180d),2009-12-01,11.0,257.62
18169,2011-10-10 12:18:00,2011-10-10 12:18:00,1,202.65,202.65,United Kingdom,One-Time Customer,60,0,1 order (One-Time),Active (0-90d),2011-10-01,,202.65
18170,2010-01-08 14:10:00,2011-11-06 14:35:00,9,2878.0,319.78,United Kingdom,Repeat Customer,33,667,4-9 orders (Regular),Active (0-90d),2010-01-01,27.0,258.39
18171,2010-01-05 10:46:00,2011-10-12 09:13:00,9,2437.31,270.81,United Kingdom,Repeat Customer,58,644,4-9 orders (Regular),Active (0-90d),2010-01-01,72.0,302.2
18172,2009-12-11 09:58:00,2011-11-25 11:12:00,52,17467.24,335.91,United Kingdom,Repeat Customer,14,714,10+ orders (Champions),Active (0-90d),2009-12-01,67.0,233.1
18173,2010-04-06 10:43:00,2011-09-14 11:26:00,5,2696.36,539.27,United Kingdom,Repeat Customer,86,526,4-9 orders (Regular),Active (0-90d),2010-04-01,338.0,589.52
18174,2010-04-15 12:17:00,2011-12-02 16:56:00,2,162.5,81.25,United Kingdom,Repeat Customer,7,596,2-3 orders (Occasional),Active (0-90d),2010-04-01,596.0,58.5
18175,2010-02-02 10:25:00,2010-02-02 10:25:00,1,176.1,176.1,United Kingdom,One-Time Customer,675,0,1 order (One-Time),Lapsed (180d+),2010-02-01,,176.1
18176,2010-12-16 15:45:00,2010-12-16 15:45:00,1,476.35,476.35,United Kingdom,One-Time Customer,358,0,1 order (One-Time),Lapsed (180d+),2010-12-01,,476.35
18177,2009-12-15 18:57:00,2011-11-08 14:44:00,9,2216.32,246.26,United Kingdom,Repeat Customer,31,692,4-9 orders (Regular),Active (0-90d),2009-12-01,95.0,334.5
18178,2010-02-18 14:25:00,2011-08-03 09:30:00,11,6103.74,554.89,United Kingdom,Repeat Customer,128,530,10+ orders (Champions),At Risk (91-180d),2010-02-01,22.0,485.67
18179,2010-02-14 15:51:00,2011-11-30 16:23:00,8,2547.55,318.44,United Kingdom,Repeat Customer,9,654,4-9 orders (Regular),Active (0-90d),2010-02-01,140.0,304.38
18180,2011-07-20 08:59:00,2011-12-05 08:39:00,6,1843.75,307.29,United Kingdom,Repeat Customer,4,137,4-9 orders (Regular),Active (0-90d),2011-07-01,5.0,300.65
18181,2009-12-04 15:30:00,2011-11-15 15:08:00,5,1188.34,237.67,United Kingdom,Repeat Customer,24,710,4-9 orders (Regular),Active (0-90d),2009-12-01,172.0,298.99
18182,2010-09-02 14:25:00,2010-09-02 14:25:00,1,291.13,291.13,United Kingdom,One-Time Customer,463,0,1 order (One-Time),Lapsed (180d+),2010-09-01,,291.13
18183,2011-03-10 10:08:00,2011-04-26 15:26:00,2,632.07,316.03,United Kingdom,Repeat Customer,227,47,2-3 orders (Occasional),Lapsed (180d+),2011-03-01,47.0,312.8
18184,2011-11-24 15:28:00,2011-11-24 15:28:00,1,49.8,49.8,United Kingdom,One-Time Customer,15,0,1 order (One-Time),Active (0-90d),2011-11-01,,49.8
18185,2011-04-04 13:42:00,2011-04-04 13:42:00,1,304.25,304.25,United Kingdom,One-Time Customer,249,0,1 order (One-Time),Lapsed (180d+),2011-04-01,,304.25
18186,2009-12-17 10:22:00,2009-12-17 10:22:00,1,329.58,329.58,United Kingdom,One-Time Customer,722,0,1 order (One-Time),Lapsed (180d+),2009-12-01,,329.58
18187,2010-03-18 09:49:00,2010-03-18 09:49:00,1,724.89,724.89,United Kingdom,One-Time Customer,631,0,1 order (One-Time),Lapsed (180d+),2010-03-01,,724.89
18188,2010-03-26 11:37:00,2011-11-24 16:46:00,6,3280.59,546.76,United Kingdom,Repeat Customer,15,608,4-9 orders (Regular),Active (0-90d),2010-03-01,26.0,299.75
18189,2010-03-24 09:57:00,2011-09-23 12:40:00,3,1403.73,467.91,United Kingdom,Repeat Customer,77,548,2-3 orders (Occasional),Active (0-90d),2010-03-01,357.0,313.49
18190,2009-12-22 12:05:00,2011-05-31 14:48:00,5,745.62,149.12,United Kingdom,Repeat Customer,192,525,4-9 orders (Regular),Lapsed (180d+),2009-12-01,38.0,192.42
18191,2010-08-19 17:42:00,2011-03-23 12:08:00,2,529.4,264.7,United Kingdom,Repeat Customer,261,215,2-3 orders (Occasional),Lapsed (180d+),2010-08-01,215.0,321.6
18192,2011-09-29 09:53:00,2011-09-29 09:53:00,1,957.97,957.97,United Kingdom,One-Time Customer,71,0,1 order (One-Time),Active (0-90d),2011-09-01,,957.97
18193,2010-09-23 13:33:00,2011-06-27 13:58:00,3,1207.35,402.45,United Kingdom,Repeat Customer,165,277,2-3 orders (Occasional),At Risk (91-180d),2010-09-01,61.0,684.15
18194,2010-01-28 15:30:00,2011-09-18 13:29:00,6,4162.04,693.67,United Kingdom,Repeat Customer,82,597,4-9 orders (Regular),Active (0-90d),2010-01-01,69.0,630.32
18195,2010-11-17 15:03:00,2010-11-17 15:03:00,1,101.16,101.16,United Kingdom,One-Time Customer,387,0,1 order (One-Time),Lapsed (180d+),2010-11-01,,101.16
18196,2010-03-17 14:55:00,2011-09-05 16:22:00,4,1455.27,363.82,United Kingdom,Repeat Customer,95,537,4-9 orders (Regular),At Risk (91-180d),2010-03-01,161.0,291.43
18197,2010-05-13 10:46:00,2010-05-13 10:46:00,1,230.1,230.1,United Kingdom,One-Time Customer,575,0,1 order (One-Time),Lapsed (180d+),2010-05-01,,230.1
18198,2011-01-07 13:39:00,2011-12-05 14:49:00,17,5425.56,319.15,United Kingdom,Repeat Customer,4,332,10+ orders (Champions),Active (0-90d),2011-01-01,25.0,300.54
18199,2010-01-25 11:32:00,2010-01-25 11:32:00,1,344.75,344.75,United Kingdom,One-Time Customer,683,0,1 order (One-Time),Lapsed (180d+),2010-01-01,,344.75
18200,2011-08-25 18:45:00,2011-08-25 18:45:00,1,150.35,150.35,United Kingdom,One-Time Customer,106,0,1 order (One-Time),At Risk (91-180d),2011-08-01,,150.35
18201,2009-12-17 08:55:00,2009-12-17 08:55:00,1,447.53,447.53,United Kingdom,One-Time Customer,722,0,1 order (One-Time),Lapsed (180d+),2009-12-01,,447.53
18202,2011-02-01 13:36:00,2011-05-24 12:12:00,3,1396.99,465.66,United Kingdom,Repeat Customer,199,111,2-3 orders (Occasional),Lapsed (180d+),2011-02-01,111.0,485.73
18203,2009-12-08 13:19:00,2011-07-05 13:07:00,4,482.52,120.63,United Kingdom,Repeat Customer,157,573,4-9 orders (Regular),At Risk (91-180d),2009-12-01,180.0,109.08
18204,2011-05-31 15:26:00,2011-09-29 16:44:00,3,1975.35,658.45,United Kingdom,Repeat Customer,71,121,2-3 orders (Occasional),Active (0-90d),2011-05-01,82.0,540.98
18205,2011-09-26 12:02:00,2011-11-03 13:22:00,2,517.36,258.68,United Kingdom,Repeat Customer,36,38,2-3 orders (Occasional),Active (0-90d),2011-09-01,38.0,225.76
18206,2010-06-04 13:47:00,2010-06-04 13:47:00,1,314.66,314.66,United Kingdom,One-Time Customer,553,0,1 order (One-Time),Lapsed (180d+),2010-06-01,,314.66
18207,2010-07-28 14:26:00,2010-07-28 14:26:00,1,544.47,544.47,United Kingdom,One-Time Customer,499,0,1 order (One-Time),Lapsed (180d+),2010-07-01,,544.47
18208,2010-05-23 11:54:00,2010-05-23 11:54:00,1,360.08,360.08,United Kingdom,One-Time Customer,565,0,1 order (One-Time),Lapsed (180d+),2010-05-01,,360.08
18209,2011-11-11 12:07:00,2011-11-11 12:07:00,1,139.1,139.1,United Kingdom,One-Time Customer,28,0,1 order (One-Time),Active (0-90d),2011-11-01,,139.1
18210,2010-11-22 09:39:00,2011-12-08 11:02:00,7,2768.83,395.55,United Kingdom,Repeat Customer,1,381,4-9 orders (Regular),Active (0-90d),2010-11-01,115.0,147.45
18211,2011-03-06 12:09:00,2011-11-14 08:10:00,5,600.07,120.01,United Kingdom,Repeat Customer,25,252,4-9 orders (Regular),Active (0-90d),2011-03-01,142.0,137.9
18212,2010-01-31 14:42:00,2011-01-17 16:14:00,2,514.37,257.18,United Kingdom,Repeat Customer,326,351,2-3 orders (Occasional),Lapsed (180d+),2010-01-01,351.0,298.3
18213,2011-04-17 10:21:00,2011-04-17 10:21:00,1,232.48,232.48,United Kingdom,One-Time Customer,236,0,1 order (One-Time),Lapsed (180d+),2011-04-01,,232.48
18214,2010-06-03 19:47:00,2010-06-27 11:21:00,4,1780.34,445.08,United Kingdom,Repeat Customer,530,23,4-9 orders (Regular),Lapsed (180d+),2010-06-01,4.0,723.55
18215,2010-03-26 13:03:00,2011-09-11 16:05:00,5,2232.49,446.5,United Kingdom,Repeat Customer,89,534,4-9 orders (Regular),Active (0-90d),2010-03-01,96.0,783.55
18216,2011-11-08 16:55:00,2011-11-08 16:55:00,1,481.75,481.75,United Kingdom,One-Time Customer,31,0,1 order (One-Time),Active (0-90d),2011-11-01,,481.75
18217,2010-07-01 15:39:00,2011-11-10 13:18:00,4,945.04,236.26,United Kingdom,Repeat Customer,29,496,4-9 orders (Regular),Active (0-90d),2010-07-01,12.0,300.84
18218,2010-02-17 15:11:00,2011-05-12 12:53:00,4,1121.84,280.46,United Kingdom,Repeat Customer,211,448,4-9 orders (Regular),Lapsed (180d+),2010-02-01,63.0,301.92
18219,2009-12-07 13:17:00,2011-12-07 11:43:00,17,3352.7,197.22,United Kingdom,Repeat Customer,2,729,10+ orders (Champions),Active (0-90d),2009-12-01,91.0,151.72
18220,2009-12-15 11:42:00,2011-04-27 09:03:00,6,1921.76,320.29,United Kingdom,Repeat Customer,226,497,4-9 orders (Regular),Lapsed (180d+),2009-12-01,141.0,253.64
18221,2010-11-14 15:46:00,2011-11-17 14:40:00,6,1424.94,237.49,United Kingdom,Repeat Customer,22,367,4-9 orders (Regular),Active (0-90d),2010-11-01,178.0,383.33
18222,2011-09-08 10:45:00,2011-09-08 10:45:00,1,443.0,443.0,United Kingdom,One-Time Customer,92,0,1 order (One-Time),At Risk (91-180d),2011-09-01,,443.0
18223,2009-12-04 12:20:00,2011-12-05 09:11:00,26,14000.85,538.49,United Kingdom,Repeat Customer,4,730,10+ orders (Champions),Active (0-90d),2009-12-01,13.0,1185.16
18224,2011-03-21 10:30:00,2011-03-21 10:30:00,1,158.95,158.95,United Kingdom,One-Time Customer,263,0,1 order (One-Time),Lapsed (180d+),2011-03-01,,158.95
18225,2009-12-04 16:52:00,2011-12-06 13:27:00,26,13014.8,500.57,United Kingdom,Repeat Customer,3,731,10+ orders (Champions),Active (0-90d),2009-12-01,55.0,59.5
18226,2010-03-05 10:05:00,2011-10-26 13:36:00,26,11878.88,456.88,United Kingdom,Repeat Customer,44,600,10+ orders (Champions),Active (0-90d),2010-03-01,88.0,421.45
18227,2010-08-12 16:45:00,2011-05-06 12:23:00,2,388.75,194.38,United Kingdom,Repeat Customer,217,266,2-3 orders (Occasional),Lapsed (180d+),2010-08-01,266.0,295.0
18228,2011-09-21 10:48:00,2011-10-14 09:21:00,2,779.9,389.95,United Kingdom,Repeat Customer,56,22,2-3 orders (Occasional),Active (0-90d),2011-09-01,22.0,420.39
18229,2009-12-03 14:42:00,2011-11-28 09:48:00,28,10150.51,362.52,United Kingdom,Repeat Customer,11,724,10+ orders (Champions),Active (0-90d),2009-12-01,46.0,381.0
18230,2010-07-02 10:01:00,2011-11-30 13:22:00,9,4291.06,476.78,United Kingdom,Repeat Customer,9,516,4-9 orders (Regular),Active (0-90d),2010-07-01,147.0,288.0
18231,2010-01-10 12:13:00,2011-05-31 14:18:00,28,6848.27,244.58,United Kingdom,Repeat Customer,192,506,10+ orders (Champions),Lapsed (180d+),2010-01-01,22.0,268.3
18232,2011-05-26 16:30:00,2011-09-19 11:49:00,4,592.97,148.24,United Kingdom,Repeat Customer,81,115,4-9 orders (Regular),Active (0-90d),2011-05-01,4.0,107.85
18233,2011-01-18 08:44:00,2011-01-18 08:44:00,1,440.0,440.0,United Kingdom,One-Time Customer,325,0,1 order (One-Time),Lapsed (180d+),2011-01-01,,440.0
18234,2010-06-06 11:22:00,2010-06-06 11:22:00,1,179.6,179.6,United Kingdom,One-Time Customer,551,0,1 order (One-Time),Lapsed (180d+),2010-06-01,,179.6
18235,2011-05-06 13:35:00,2011-09-29 08:27:00,3,1796.48,598.83,United Kingdom,Repeat Customer,71,145,2-3 orders (Occasional),Active (0-90d),2011-05-01,97.0,430.46
18236,2010-04-15 13:39:00,2011-11-10 08:06:00,12,1795.35,149.61,United Kingdom,Repeat Customer,29,573,10+ orders (Champions),Active (0-90d),2010-04-01,121.0,236.64
18237,2011-07-28 13:05:00,2011-12-07 12:49:00,5,987.1,197.42,United Kingdom,Repeat Customer,2,131,4-9 orders (Regular),Active (0-90d),2011-07-01,14.0,323.38
18238,2010-07-12 12:51:00,2010-07-12 12:51:00,1,270.92,270.92,United Kingdom,One-Time Customer,515,0,1 order (One-Time),Lapsed (180d+),2010-07-01,,270.92
18239,2010-10-13 10:11:00,2011-05-05 12:38:00,6,1712.26,285.38,United Kingdom,Repeat Customer,218,204,4-9 orders (Regular),Lapsed (180d+),2010-10-01,50.0,150.65
18240,2011-10-24 13:06:00,2011-10-24 13:06:00,1,422.58,422.58,United Kingdom,One-Time Customer,46,0,1 order (One-Time),Active (0-90d),2011-10-01,,422.58
18241,2010-04-01 11:55:00,2011-11-30 12:10:00,21,2986.99,142.24,United Kingdom,Repeat Customer,9,608,10+ orders (Champions),Active (0-90d),2010-04-01,139.0,216.3
18242,2010-01-11 08:49:00,2011-09-28 13:43:00,8,3605.21,450.65,United Kingdom,Repeat Customer,72,625,4-9 orders (Regular),Active (0-90d),2010-01-01,78.0,326.54
18243,2010-10-21 14:29:00,2010-10-21 14:29:00,1,515.78,515.78,United Kingdom,One-Time Customer,414,0,1 order (One-Time),Lapsed (180d+),2010-10-01,,515.78
18244,2010-07-25 10:30:00,2010-10-05 11:15:00,2,568.64,284.32,United Kingdom,Repeat Customer,430,72,2-3 orders (Occasional),Lapsed (180d+),2010-07-01,72.0,302.8
18245,2010-03-08 15:26:00,2011-12-02 14:48:00,20,6324.98,316.25,United Kingdom,Repeat Customer,7,633,10+ orders (Champions),Active (0-90d),2010-03-01,17.0,310.77
18246,2010-04-09 10:19:00,2011-11-16 11:49:00,3,758.82,252.94,United Kingdom,Repeat Customer,23,586,2-3 orders (Occasional),Active (0-90d),2010-04-01,376.0,162.72
18247,2010-03-18 15:52:00,2010-10-21 09:49:00,3,839.73,279.91,United Kingdom,Repeat Customer,414,216,2-3 orders (Occasional),Lapsed (180d+),2010-03-01,81.0,186.0
18248,2011-06-06 13:18:00,2011-08-09 10:19:00,2,804.02,402.01,United Kingdom,Repeat Customer,122,63,2-3 orders (Occasional),At Risk (91-180d),2011-06-01,63.0,496.46
18249,2011-11-22 15:07:00,2011-11-22 15:07:00,1,95.34,95.34,United Kingdom,One-Time Customer,17,0,1 order (One-Time),Active (0-90d),2011-11-01,,95.34
18250,2011-02-02 13:16:00,2011-02-02 13:16:00,1,349.27,349.27,United Kingdom,One-Time Customer,310,0,1 order (One-Time),Lapsed (180d+),2011-02-01,,349.27
18251,2009-12-22 12:01:00,2011-09-13 15:03:00,9,26278.86,2919.87,United Kingdom,Repeat Customer,87,630,4-9 orders (Regular),Active (0-90d),2009-12-01,78.0,3284.88
18252,2009-12-18 16:13:00,2011-10-20 12:43:00,7,1533.69,219.1,United Kingdom,Repeat Customer,50,670,4-9 orders (Regular),Active (0-90d),2009-12-01,4.0,376.85
18253,2010-03-07 12:38:00,2010-03-07 12:38:00,1,317.88,317.88,United Kingdom,One-Time Customer,642,0,1 order (One-Time),Lapsed (180d+),2010-03-01,,317.88
18254,2010-05-07 14:37:00,2010-05-07 14:37:00,1,267.9,267.9,United Kingdom,One-Time Customer,581,0,1 order (One-Time),Lapsed (180d+),2010-05-01,,267.9
18255,2010-09-09 16:31:00,2011-09-11 13:16:00,2,303.15,151.57,United Kingdom,Repeat Customer,89,366,2-3 orders (Occasional),Active (0-90d),2010-09-01,366.0,199.85
18256,2010-11-17 08:53:00,2010-11-17 08:53:00,1,110.7,110.7,United Kingdom,One-Time Customer,387,0,1 order (One-Time),Lapsed (180d+),2010-11-01,,110.7
18257,2010-02-18 16:20:00,2011-10-31 14:48:00,12,4585.15,382.1,United Kingdom,Repeat Customer,39,619,10+ orders (Champions),Active (0-90d),2010-02-01,97.0,360.38
18258,2010-05-16 11:35:00,2010-09-01 14:20:00,6,2059.67,343.28,United Kingdom,Repeat Customer,464,108,4-9 orders (Regular),Lapsed (180d+),2010-05-01,0.0,788.63
18259,2009-12-08 08:38:00,2011-11-15 12:34:00,7,3941.9,563.13,United Kingdom,Repeat Customer,24,707,4-9 orders (Regular),Active (0-90d),2009-12-01,51.0,356.4
18260,2009-12-15 13:50:00,2011-06-20 12:37:00,23,9947.26,432.49,United Kingdom,Repeat Customer,172,551,10+ orders (Champions),At Risk (91-180d),2009-12-01,134.0,308.38
18261,2011-09-05 09:34:00,2011-10-27 15:36:00,2,324.24,162.12,United Kingdom,Repeat Customer,43,52,2-3 orders (Occasional),Active (0-90d),2011-09-01,52.0,224.8
18262,2010-04-16 09:05:00,2011-07-22 16:04:00,3,577.54,192.51,United Kingdom,Repeat Customer,140,462,2-3 orders (Occasional),At Risk (91-180d),2010-04-01,209.0,202.06
18263,2011-04-01 11:48:00,2011-11-14 09:00:00,3,1213.16,404.39,United Kingdom,Repeat Customer,25,226,2-3 orders (Occasional),Active (0-90d),2011-04-01,96.0,307.6
18264,2010-07-29 10:02:00,2010-07-29 10:02:00,1,603.25,603.25,United Kingdom,One-Time Customer,498,0,1 order (One-Time),Lapsed (180d+),2010-07-01,,603.25
18265,2011-07-04 15:26:00,2011-09-28 14:10:00,2,801.51,400.76,United Kingdom,Repeat Customer,72,85,2-3 orders (Occasional),Active (0-90d),2011-07-01,85.0,488.55
18266,2010-10-01 15:33:00,2010-10-01 15:33:00,1,251.1,251.1,United Kingdom,One-Time Customer,434,0,1 order (One-Time),Lapsed (180d+),2010-10-01,,251.1
18267,2010-02-05 08:43:00,2010-02-05 08:43:00,1,269.37,269.37,United Kingdom,One-Time Customer,672,0,1 order (One-Time),Lapsed (180d+),2010-02-01,,269.37
18268,2009-12-11 10:27:00,2011-07-28 19:13:00,6,1490.23,248.37,United Kingdom,Repeat Customer,134,594,4-9 orders (Regular),At Risk (91-180d),2009-12-01,33.0,375.18
18269,2010-12-08 13:53:00,2010-12-08 13:53:00,1,168.6,168.6,United Kingdom,One-Time Customer,366,0,1 order (One-Time),Lapsed (180d+),2010-12-01,,168.6
18270,2010-10-03 10:49:00,2011-11-01 13:57:00,3,444.55,148.18,United Kingdom,Repeat Customer,38,394,2-3 orders (Occasional),Active (0-90d),2010-10-01,166.0,161.4
18271,2009-12-08 11:27:00,2010-04-09 09:26:00,2,680.85,340.42,United Kingdom,Repeat Customer,609,121,2-3 orders (Occasional),Lapsed (180d+),2009-12-01,121.0,192.55
18272,2010-03-04 12:53:00,2011-12-07 12:43:00,9,4385.98,487.33,United Kingdom,Repeat Customer,2,642,4-9 orders (Regular),Active (0-90d),2010-03-01,49.0,635.0
18273,2010-04-28 12:24:00,2011-12-07 13:16:00,4,357.0,89.25,United Kingdom,Repeat Customer,2,588,4-9 orders (Regular),Active (0-90d),2010-04-01,332.0,153.0
18274,2011-11-09 17:03:00,2011-11-09 17:03:00,1,175.92,175.92,United Kingdom,One-Time Customer,30,0,1 order (One-Time),Active (0-90d),2011-11-01,,175.92
18275,2009-12-08 16:23:00,2010-05-10 15:46:00,2,741.85,370.92,United Kingdom,Repeat Customer,578,152,2-3 orders (Occasional),Lapsed (180d+),2009-12-01,152.0,372.64
18276,2009-12-10 17:14:00,2011-10-27 10:54:00,6,1656.52,276.09,United Kingdom,Repeat Customer,43,685,4-9 orders (Regular),Active (0-90d),2009-12-01,130.0,218.05
18277,2010-08-02 10:26:00,2011-10-12 15:22:00,5,1180.05,236.01,United Kingdom,Repeat Customer,58,436,4-9 orders (Regular),Active (0-90d),2010-08-01,0.0,189.09
18278,2010-10-31 12:13:00,2011-09-27 11:58:00,2,414.2,207.1,United Kingdom,Repeat Customer,73,330,2-3 orders (Occasional),Active (0-90d),2010-10-01,330.0,240.3
18279,2010-07-08 14:48:00,2010-07-08 14:48:00,1,231.34,231.34,United Kingdom,One-Time Customer,519,0,1 order (One-Time),Lapsed (180d+),2010-07-01,,231.34
18280,2010-11-10 15:51:00,2011-03-07 09:52:00,2,488.15,244.08,United Kingdom,Repeat Customer,277,116,2-3 orders (Occasional),Lapsed (180d+),2010-11-01,116.0,307.55
18281,2010-05-11 10:49:00,2011-06-12 10:53:00,2,201.14,100.57,United Kingdom,Repeat Customer,180,397,2-3 orders (Occasional),At Risk (91-180d),2010-05-01,397.0,120.32
18282,2011-08-05 13:35:00,2011-12-02 11:43:00,2,178.05,89.02,United Kingdom,Repeat Customer,7,118,2-3 orders (Occasional),Active (0-90d),2011-08-01,118.0,100.21
18283,2010-02-19 17:16:00,2011-12-06 12:02:00,22,2658.95,120.86,United Kingdom,Repeat Customer,3,654,10+ orders (Champions),Active (0-90d),2010-02-01,10.0,96.9
18284,2010-10-04 11:33:00,2010-10-04 11:33:00,1,461.68,461.68,United Kingdom,One-Time Customer,431,0,1 order (One-Time),Lapsed (180d+),2010-10-01,,461.68
18285,2010-02-17 10:24:00,2010-02-17 10:24:00,1,427.0,427.0,United Kingdom,One-Time Customer,660,0,1 order (One-Time),Lapsed (180d+),2010-02-01,,427.0
18286,2009-12-16 10:45:00,2010-08-20 11:57:00,2,1296.43,648.22,United Kingdom,Repeat Customer,476,247,2-3 orders (Occasional),Lapsed (180d+),2009-12-01,247.0,462.95
18287,2010-05-17 11:55:00,2011-10-28 09:29:00,7,4182.99,597.57,United Kingdom,Repeat Customer,42,528,4-9 orders (Regular),Active (0-90d),2010-05-01,127.0,1071.61
